utc_time,station,city,temp_f,obs_time_utc
2026-09-15T19:04:00+00:00,KNYC,New York City,71.06,2026-09-15T17:51:00+00:00
2026-09-15T19:04:00+00:00,KNYC,New York City,69.98,2026-09-15T16:51:00+00:00
2026-09-15T19:04:00+00:00,KNYC,New York City,68.0,2026-09-15T15:51:00+00:00
2026-09-15T19:04:00+00:00,KNYC,New York City,66.92,2026-09-15T14:51:00+00:00
2026-09-15T19:04:00+00:00,KNYC,New York City,66.02,2026-09-15T13:51:00+00:00
2026-09-15T19:04:00+00:00,KNYC,New York City,62.05,2026-09-15T12:51:00+00:00
2026-09-15T19:04:00+00:00,KNYC,New York City,60.08,2026-09-15T11:51:00+00:00
2026-09-15T19:04:00+00:00,KNYC,New York City,57.02,2026-09-15T10:51:00+00:00
2026-09-15T19:04:00+00:00,KNYC,New York City,57.92,2026-09-15T09:51:00+00:00
2026-09-15T19:04:00+00:00,KNYC,New York City,60.08,2026-09-15T08:51:00+00:00
2026-09-15T19:04:00+00:00,KNYC,New York City,60.98,2026-09-15T07:51:00+00:00
2026-09-15T19:04:00+00:00,KNYC,New York City,60.98,2026-09-15T06:51:00+00:00
2026-09-15T19:04:00+00:00,KNYC,New York City,62.95,2026-09-15T05:51:00+00:00
2026-09-15T19:04:00+00:00,KNYC,New York City,64.04,2026-09-15T04:51:00+00:00
2026-09-15T19:04:00+00:00,KNYC,New York City,64.04,2026-09-15T03:51:00+00:00
2026-09-15T19:04:00+00:00,KMIA,Miami,91.4,2026-09-15T18:40:00+00:00
2026-09-15T19:04:00+00:00,KMIA,Miami,91.4,2026-09-15T18:35:00+00:00
2026-09-15T19:04:00+00:00,KMIA,Miami,91.4,2026-09-15T18:30:00+00:00
2026-09-15T19:04:00+00:00,KMIA,Miami,91.4,2026-09-15T18:25:00+00:00
2026-09-15T19:04:00+00:00,KMIA,Miami,91.4,2026-09-15T18:20:00+00:00
2026-09-15T19:04:00+00:00,KMIA,Miami,91.4,2026-09-15T18:15:00+00:00
2026-09-15T19:04:00+00:00,KMIA,Miami,91.4,2026-09-15T18:10:00+00:00
2026-09-15T19:04:00+00:00,KMIA,Miami,91.4,2026-09-15T18:05:00+00:00
2026-09-15T19:04:00+00:00,KMIA,Miami,91.4,2026-09-15T18:00:00+00:00
2026-09-15T19:04:00+00:00,KMIA,Miami,93.2,2026-09-15T17:55:00+00:00
2026-09-15T19:04:00+00:00,KMIA,Miami,91.94,2026-09-15T17:53:00+00:00
2026-09-15T19:04:00+00:00,KMIA,Miami,91.4,2026-09-15T17:50:00+00:00
2026-09-15T19:04:00+00:00,KMIA,Miami,91.4,2026-09-15T17:45:00+00:00
2026-09-15T19:04:00+00:00,KMIA,Miami,91.4,2026-09-15T17:40:00+00:00
2026-09-15T19:04:00+00:00,KMIA,Miami,91.4,2026-09-15T17:35:00+00:00
2026-09-15T19:04:00+00:00,KDEN,Denver,64.4,2026-09-15T18:45:00+00:00
2026-09-15T19:04:00+00:00,KDEN,Denver,64.4,2026-09-15T18:40:00+00:00
2026-09-15T19:04:00+00:00,KDEN,Denver,64.4,2026-09-15T18:35:00+00:00
2026-09-15T19:04:00+00:00,KDEN,Denver,64.4,2026-09-15T18:30:00+00:00
2026-09-15T19:04:00+00:00,KDEN,Denver,62.95,2026-09-15T17:53:00+00:00
2026-09-15T19:04:00+00:00,KDEN,Denver,60.98,2026-09-15T17:25:00+00:00
2026-09-15T19:04:00+00:00,KDEN,Denver,60.98,2026-09-15T16:53:00+00:00
2026-09-15T19:04:00+00:00,KDEN,Denver,57.92,2026-09-15T15:53:00+00:00
2026-09-15T19:04:00+00:00,KDEN,Denver,57.02,2026-09-15T14:53:00+00:00
2026-09-15T19:04:00+00:00,KDEN,Denver,55.94,2026-09-15T13:53:00+00:00
2026-09-15T19:04:00+00:00,KDEN,Denver,55.94,2026-09-15T12:53:00+00:00
2026-09-15T19:04:00+00:00,KDEN,Denver,55.94,2026-09-15T11:53:00+00:00
2026-09-15T19:04:00+00:00,KDEN,Denver,57.02,2026-09-15T10:53:00+00:00
2026-09-15T19:04:00+00:00,KDEN,Denver,57.02,2026-09-15T09:53:00+00:00
2026-09-15T19:04:00+00:00,KDEN,Denver,59.0,2026-09-15T08:53:00+00:00
2026-09-15T19:04:00+00:00,KLAX,Los Angeles,75.2,2026-09-15T18:45:00+00:00
2026-09-15T19:04:00+00:00,KLAX,Los Angeles,78.8,2026-09-15T18:40:00+00:00
2026-09-15T19:04:00+00:00,KLAX,Los Angeles,78.8,2026-09-15T18:35:00+00:00
2026-09-15T19:04:00+00:00,KLAX,Los Angeles,75.2,2026-09-15T18:30:00+00:00
2026-09-15T19:04:00+00:00,KLAX,Los Angeles,75.2,2026-09-15T18:25:00+00:00
2026-09-15T19:04:00+00:00,KLAX,Los Angeles,77.0,2026-09-15T18:20:00+00:00
2026-09-15T19:04:00+00:00,KLAX,Los Angeles,75.2,2026-09-15T18:15:00+00:00
2026-09-15T19:04:00+00:00,KLAX,Los Angeles,75.2,2026-09-15T18:10:00+00:00
2026-09-15T19:04:00+00:00,KLAX,Los Angeles,75.2,2026-09-15T18:05:00+00:00
2026-09-15T19:04:00+00:00,KLAX,Los Angeles,75.2,2026-09-15T18:00:00+00:00
2026-09-15T19:04:00+00:00,KLAX,Los Angeles,75.2,2026-09-15T17:55:00+00:00
2026-09-15T19:04:00+00:00,KLAX,Los Angeles,75.92,2026-09-15T17:53:00+00:00
2026-09-15T19:04:00+00:00,KLAX,Los Angeles,75.2,2026-09-15T17:50:00+00:00
2026-09-15T19:04:00+00:00,KLAX,Los Angeles,75.2,2026-09-15T17:45:00+00:00
2026-09-15T19:04:00+00:00,KLAX,Los Angeles,75.2,2026-09-15T17:40:00+00:00
2026-09-15T19:04:00+00:00,KPHL,Philadelphia,75.2,2026-09-15T18:40:00+00:00
2026-09-15T19:04:00+00:00,KPHL,Philadelphia,75.2,2026-09-15T18:35:00+00:00
2026-09-15T19:04:00+00:00,KPHL,Philadelphia,75.2,2026-09-15T18:30:00+00:00
2026-09-15T19:04:00+00:00,KPHL,Philadelphia,75.2,2026-09-15T18:25:00+00:00
2026-09-15T19:04:00+00:00,KPHL,Philadelphia,75.2,2026-09-15T18:20:00+00:00
2026-09-15T19:04:00+00:00,KPHL,Philadelphia,77.0,2026-09-15T18:15:00+00:00
2026-09-15T19:04:00+00:00,KPHL,Philadelphia,75.2,2026-09-15T18:10:00+00:00
2026-09-15T19:04:00+00:00,KPHL,Philadelphia,75.2,2026-09-15T18:05:00+00:00
2026-09-15T19:04:00+00:00,KPHL,Philadelphia,75.2,2026-09-15T18:00:00+00:00
2026-09-15T19:04:00+00:00,KPHL,Philadelphia,75.2,2026-09-15T17:55:00+00:00
2026-09-15T19:04:00+00:00,KPHL,Philadelphia,75.92,2026-09-15T17:54:00+00:00
2026-09-15T19:04:00+00:00,KPHL,Philadelphia,75.2,2026-09-15T17:50:00+00:00
2026-09-15T19:04:00+00:00,KPHL,Philadelphia,75.2,2026-09-15T17:45:00+00:00
2026-09-15T19:04:00+00:00,KPHL,Philadelphia,75.2,2026-09-15T17:40:00+00:00
2026-09-15T19:04:00+00:00,KPHL,Philadelphia,75.2,2026-09-15T17:35:00+00:00
2026-09-15T19:04:00+00:00,KAUS,Austin,98.6,2026-09-15T18:45:00+00:00
2026-09-15T19:04:00+00:00,KAUS,Austin,98.6,2026-09-15T18:40:00+00:00
2026-09-15T19:04:00+00:00,KAUS,Austin,98.6,2026-09-15T18:35:00+00:00
2026-09-15T19:04:00+00:00,KAUS,Austin,100.4,2026-09-15T18:30:00+00:00
2026-09-15T19:04:00+00:00,KAUS,Austin,98.6,2026-09-15T18:25:00+00:00
2026-09-15T19:04:00+00:00,KAUS,Austin,98.6,2026-09-15T18:20:00+00:00
2026-09-15T19:04:00+00:00,KAUS,Austin,96.8,2026-09-15T18:15:00+00:00
2026-09-15T19:04:00+00:00,KAUS,Austin,98.6,2026-09-15T18:10:00+00:00
2026-09-15T19:04:00+00:00,KAUS,Austin,98.6,2026-09-15T18:05:00+00:00
2026-09-15T19:04:00+00:00,KAUS,Austin,96.8,2026-09-15T18:00:00+00:00
2026-09-15T19:04:00+00:00,KAUS,Austin,98.6,2026-09-15T17:55:00+00:00
2026-09-15T19:04:00+00:00,KAUS,Austin,98.06,2026-09-15T17:53:00+00:00
2026-09-15T19:04:00+00:00,KAUS,Austin,98.6,2026-09-15T17:50:00+00:00
2026-09-15T19:04:00+00:00,KAUS,Austin,96.8,2026-09-15T17:45:00+00:00
2026-09-15T19:04:00+00:00,KAUS,Austin,96.8,2026-09-15T17:40:00+00:00
2026-09-15T19:04:00+00:00,KMDW,Chicago,78.8,2026-09-15T18:45:00+00:00
2026-09-15T19:04:00+00:00,KMDW,Chicago,78.8,2026-09-15T18:40:00+00:00
2026-09-15T19:04:00+00:00,KMDW,Chicago,78.8,2026-09-15T18:35:00+00:00
2026-09-15T19:04:00+00:00,KMDW,Chicago,78.8,2026-09-15T18:30:00+00:00
2026-09-15T19:04:00+00:00,KMDW,Chicago,78.8,2026-09-15T18:25:00+00:00
2026-09-15T19:04:00+00:00,KMDW,Chicago,80.59,2026-09-15T18:20:00+00:00
2026-09-15T19:04:00+00:00,KMDW,Chicago,80.59,2026-09-15T18:15:00+00:00
2026-09-15T19:04:00+00:00,KMDW,Chicago,82.4,2026-09-15T18:10:00+00:00
2026-09-15T19:04:00+00:00,KMDW,Chicago,80.59,2026-09-15T18:05:00+00:00
2026-09-15T19:04:00+00:00,KMDW,Chicago,80.59,2026-09-15T18:00:00+00:00
2026-09-15T19:04:00+00:00,KMDW,Chicago,80.59,2026-09-15T17:55:00+00:00
2026-09-15T19:04:00+00:00,KMDW,Chicago,80.06,2026-09-15T17:53:00+00:00
2026-09-15T19:04:00+00:00,KMDW,Chicago,80.59,2026-09-15T17:50:00+00:00
2026-09-15T19:04:00+00:00,KMDW,Chicago,80.59,2026-09-15T17:45:00+00:00
2026-09-15T19:04:00+00:00,KMDW,Chicago,78.8,2026-09-15T17:40:00+00:00
2026-09-15T19:04:00+00:00,KSFO,San Francisco,69.8,2026-09-15T18:40:00+00:00
2026-09-15T19:04:00+00:00,KSFO,San Francisco,68.0,2026-09-15T18:35:00+00:00
2026-09-15T19:04:00+00:00,KSFO,San Francisco,68.0,2026-09-15T18:30:00+00:00
2026-09-15T19:04:00+00:00,KSFO,San Francisco,68.0,2026-09-15T18:25:00+00:00
2026-09-15T19:04:00+00:00,KSFO,San Francisco,68.0,2026-09-15T18:20:00+00:00
2026-09-15T19:04:00+00:00,KSFO,San Francisco,66.2,2026-09-15T18:15:00+00:00
2026-09-15T19:04:00+00:00,KSFO,San Francisco,66.2,2026-09-15T18:10:00+00:00
2026-09-15T19:04:00+00:00,KSFO,San Francisco,66.2,2026-09-15T18:05:00+00:00
2026-09-15T19:04:00+00:00,KSFO,San Francisco,66.2,2026-09-15T18:00:00+00:00
2026-09-15T19:04:00+00:00,KSFO,San Francisco,66.02,2026-09-15T17:56:00+00:00
2026-09-15T19:04:00+00:00,KSFO,San Francisco,66.2,2026-09-15T17:55:00+00:00
2026-09-15T19:04:00+00:00,KSFO,San Francisco,66.2,2026-09-15T17:50:00+00:00
2026-09-15T19:04:00+00:00,KSFO,San Francisco,66.2,2026-09-15T17:45:00+00:00
2026-09-15T19:04:00+00:00,KSFO,San Francisco,66.2,2026-09-15T17:40:00+00:00
2026-09-15T19:04:00+00:00,KSFO,San Francisco,66.2,2026-09-15T17:35:00+00:00
2026-09-15T19:04:00+00:00,KPHX,Phoenix,95.0,2026-09-15T18:45:00+00:00
2026-09-15T19:04:00+00:00,KPHX,Phoenix,95.0,2026-09-15T18:40:00+00:00
2026-09-15T19:04:00+00:00,KPHX,Phoenix,95.0,2026-09-15T18:35:00+00:00
2026-09-15T19:04:00+00:00,KPHX,Phoenix,96.8,2026-09-15T18:30:00+00:00
2026-09-15T19:04:00+00:00,KPHX,Phoenix,95.0,2026-09-15T18:25:00+00:00
2026-09-15T19:04:00+00:00,KPHX,Phoenix,95.0,2026-09-15T18:20:00+00:00
2026-09-15T19:04:00+00:00,KPHX,Phoenix,93.2,2026-09-15T18:15:00+00:00
2026-09-15T19:04:00+00:00,KPHX,Phoenix,95.0,2026-09-15T18:10:00+00:00
2026-09-15T19:04:00+00:00,KPHX,Phoenix,95.0,2026-09-15T18:05:00+00:00
2026-09-15T19:04:00+00:00,KPHX,Phoenix,93.2,2026-09-15T18:00:00+00:00
2026-09-15T19:04:00+00:00,KPHX,Phoenix,93.2,2026-09-15T17:55:00+00:00
2026-09-15T19:04:00+00:00,KPHX,Phoenix,95.0,2026-09-15T17:51:00+00:00
2026-09-15T19:04:00+00:00,KPHX,Phoenix,95.0,2026-09-15T17:50:00+00:00
2026-09-15T19:04:00+00:00,KPHX,Phoenix,91.4,2026-09-15T17:45:00+00:00
2026-09-15T19:04:00+00:00,KPHX,Phoenix,93.2,2026-09-15T17:40:00+00:00
2026-09-15T19:04:00+00:00,KDCA,Washington DC,75.2,2026-09-15T18:40:00+00:00
2026-09-15T19:04:00+00:00,KDCA,Washington DC,77.0,2026-09-15T18:35:00+00:00
2026-09-15T19:04:00+00:00,KDCA,Washington DC,75.2,2026-09-15T18:30:00+00:00
2026-09-15T19:04:00+00:00,KDCA,Washington DC,75.2,2026-09-15T18:25:00+00:00
2026-09-15T19:04:00+00:00,KDCA,Washington DC,75.2,2026-09-15T18:20:00+00:00
2026-09-15T19:04:00+00:00,KDCA,Washington DC,75.2,2026-09-15T18:15:00+00:00
2026-09-15T19:04:00+00:00,KDCA,Washington DC,75.2,2026-09-15T18:10:00+00:00
2026-09-15T19:04:00+00:00,KDCA,Washington DC,75.2,2026-09-15T18:05:00+00:00
2026-09-15T19:04:00+00:00,KDCA,Washington DC,75.2,2026-09-15T18:00:00+00:00
2026-09-15T19:04:00+00:00,KDCA,Washington DC,73.4,2026-09-15T17:55:00+00:00
2026-09-15T19:04:00+00:00,KDCA,Washington DC,73.94,2026-09-15T17:52:00+00:00
2026-09-15T19:04:00+00:00,KDCA,Washington DC,73.4,2026-09-15T17:50:00+00:00
2026-09-15T19:04:00+00:00,KDCA,Washington DC,75.2,2026-09-15T17:45:00+00:00
2026-09-15T19:04:00+00:00,KDCA,Washington DC,75.2,2026-09-15T17:40:00+00:00
2026-09-15T19:04:00+00:00,KDCA,Washington DC,75.2,2026-09-15T17:35:00+00:00
2026-09-15T19:04:00+00:00,KATL,Atlanta,87.8,2026-09-15T18:40:00+00:00
2026-09-15T19:04:00+00:00,KATL,Atlanta,87.8,2026-09-15T18:35:00+00:00
2026-09-15T19:04:00+00:00,KATL,Atlanta,87.8,2026-09-15T18:30:00+00:00
2026-09-15T19:04:00+00:00,KATL,Atlanta,89.6,2026-09-15T18:25:00+00:00
2026-09-15T19:04:00+00:00,KATL,Atlanta,87.8,2026-09-15T18:20:00+00:00
2026-09-15T19:04:00+00:00,KATL,Atlanta,87.8,2026-09-15T18:15:00+00:00
2026-09-15T19:04:00+00:00,KATL,Atlanta,87.8,2026-09-15T18:10:00+00:00
2026-09-15T19:04:00+00:00,KATL,Atlanta,89.6,2026-09-15T18:05:00+00:00
2026-09-15T19:04:00+00:00,KATL,Atlanta,87.8,2026-09-15T18:00:00+00:00
2026-09-15T19:04:00+00:00,KATL,Atlanta,87.8,2026-09-15T17:55:00+00:00
2026-09-15T19:04:00+00:00,KATL,Atlanta,89.06,2026-09-15T17:52:00+00:00
2026-09-15T19:04:00+00:00,KATL,Atlanta,89.6,2026-09-15T17:50:00+00:00
2026-09-15T19:04:00+00:00,KATL,Atlanta,89.6,2026-09-15T17:45:00+00:00
2026-09-15T19:04:00+00:00,KATL,Atlanta,89.6,2026-09-15T17:40:00+00:00
2026-09-15T19:04:00+00:00,KATL,Atlanta,87.8,2026-09-15T17:35:00+00:00
2026-09-15T19:04:00+00:00,KDFW,Dallas,98.6,2026-09-15T18:45:00+00:00
2026-09-15T19:04:00+00:00,KDFW,Dallas,98.6,2026-09-15T18:40:00+00:00
2026-09-15T19:04:00+00:00,KDFW,Dallas,96.8,2026-09-15T18:35:00+00:00
2026-09-15T19:04:00+00:00,KDFW,Dallas,96.8,2026-09-15T18:30:00+00:00
2026-09-15T19:04:00+00:00,KDFW,Dallas,96.8,2026-09-15T18:25:00+00:00
2026-09-15T19:04:00+00:00,KDFW,Dallas,96.8,2026-09-15T18:20:00+00:00
2026-09-15T19:04:00+00:00,KDFW,Dallas,96.8,2026-09-15T18:15:00+00:00
2026-09-15T19:04:00+00:00,KDFW,Dallas,96.8,2026-09-15T18:10:00+00:00
2026-09-15T19:04:00+00:00,KDFW,Dallas,96.8,2026-09-15T18:05:00+00:00
2026-09-15T19:04:00+00:00,KDFW,Dallas,96.8,2026-09-15T18:00:00+00:00
2026-09-15T19:04:00+00:00,KDFW,Dallas,95.0,2026-09-15T17:55:00+00:00
2026-09-15T19:04:00+00:00,KDFW,Dallas,96.08,2026-09-15T17:53:00+00:00
2026-09-15T19:04:00+00:00,KDFW,Dallas,96.8,2026-09-15T17:50:00+00:00
2026-09-15T19:04:00+00:00,KDFW,Dallas,95.0,2026-09-15T17:45:00+00:00
2026-09-15T19:04:00+00:00,KDFW,Dallas,95.0,2026-09-15T17:40:00+00:00
2026-09-15T19:04:00+00:00,KSEA,Seattle,60.8,2026-09-15T18:40:00+00:00
2026-09-15T19:04:00+00:00,KSEA,Seattle,60.8,2026-09-15T18:35:00+00:00
2026-09-15T19:04:00+00:00,KSEA,Seattle,60.8,2026-09-15T18:30:00+00:00
2026-09-15T19:04:00+00:00,KSEA,Seattle,60.8,2026-09-15T18:25:00+00:00
2026-09-15T19:04:00+00:00,KSEA,Seattle,60.8,2026-09-15T18:15:00+00:00
2026-09-15T19:04:00+00:00,KSEA,Seattle,60.8,2026-09-15T18:05:00+00:00
2026-09-15T19:04:00+00:00,KSEA,Seattle,60.8,2026-09-15T18:00:00+00:00
2026-09-15T19:04:00+00:00,KSEA,Seattle,60.8,2026-09-15T17:55:00+00:00
2026-09-15T19:04:00+00:00,KSEA,Seattle,60.08,2026-09-15T17:53:00+00:00
2026-09-15T19:04:00+00:00,KSEA,Seattle,60.8,2026-09-15T17:50:00+00:00
2026-09-15T19:04:00+00:00,KSEA,Seattle,60.8,2026-09-15T17:45:00+00:00
2026-09-15T19:04:00+00:00,KSEA,Seattle,60.8,2026-09-15T17:40:00+00:00
2026-09-15T19:04:00+00:00,KSEA,Seattle,60.8,2026-09-15T17:35:00+00:00
2026-09-15T19:04:00+00:00,KSEA,Seattle,59.0,2026-09-15T17:30:00+00:00
2026-09-15T19:04:00+00:00,KSEA,Seattle,60.8,2026-09-15T17:20:00+00:00
2026-09-15T19:04:00+00:00,KLAS,Las Vegas,93.2,2026-09-15T18:40:00+00:00
2026-09-15T19:04:00+00:00,KLAS,Las Vegas,91.4,2026-09-15T18:35:00+00:00
2026-09-15T19:04:00+00:00,KLAS,Las Vegas,91.4,2026-09-15T18:30:00+00:00
2026-09-15T19:04:00+00:00,KLAS,Las Vegas,91.4,2026-09-15T18:25:00+00:00
2026-09-15T19:04:00+00:00,KLAS,Las Vegas,91.4,2026-09-15T18:20:00+00:00
2026-09-15T19:04:00+00:00,KLAS,Las Vegas,91.4,2026-09-15T18:15:00+00:00
2026-09-15T19:04:00+00:00,KLAS,Las Vegas,91.4,2026-09-15T18:10:00+00:00
2026-09-15T19:04:00+00:00,KLAS,Las Vegas,91.4,2026-09-15T18:05:00+00:00
2026-09-15T19:04:00+00:00,KLAS,Las Vegas,91.4,2026-09-15T18:00:00+00:00
2026-09-15T19:04:00+00:00,KLAS,Las Vegas,91.04,2026-09-15T17:56:00+00:00
2026-09-15T19:04:00+00:00,KLAS,Las Vegas,91.4,2026-09-15T17:55:00+00:00
2026-09-15T19:04:00+00:00,KLAS,Las Vegas,89.6,2026-09-15T17:50:00+00:00
2026-09-15T19:04:00+00:00,KLAS,Las Vegas,91.4,2026-09-15T17:45:00+00:00
2026-09-15T19:04:00+00:00,KLAS,Las Vegas,91.4,2026-09-15T17:40:00+00:00
2026-09-15T19:04:00+00:00,KLAS,Las Vegas,89.6,2026-09-15T17:35:00+00:00
2026-09-15T19:04:00+00:00,KOKC,Oklahoma City,100.4,2026-09-15T18:45:00+00:00
2026-09-15T19:04:00+00:00,KOKC,Oklahoma City,98.6,2026-09-15T18:40:00+00:00
2026-09-15T19:04:00+00:00,KOKC,Oklahoma City,98.6,2026-09-15T18:35:00+00:00
2026-09-15T19:04:00+00:00,KOKC,Oklahoma City,98.6,2026-09-15T18:30:00+00:00
2026-09-15T19:04:00+00:00,KOKC,Oklahoma City,100.4,2026-09-15T18:25:00+00:00
2026-09-15T19:04:00+00:00,KOKC,Oklahoma City,98.6,2026-09-15T18:20:00+00:00
2026-09-15T19:04:00+00:00,KOKC,Oklahoma City,96.8,2026-09-15T18:15:00+00:00
2026-09-15T19:04:00+00:00,KOKC,Oklahoma City,96.8,2026-09-15T18:10:00+00:00
2026-09-15T19:04:00+00:00,KOKC,Oklahoma City,98.6,2026-09-15T18:05:00+00:00
2026-09-15T19:04:00+00:00,KOKC,Oklahoma City,98.6,2026-09-15T18:00:00+00:00
2026-09-15T19:04:00+00:00,KOKC,Oklahoma City,96.8,2026-09-15T17:55:00+00:00
2026-09-15T19:04:00+00:00,KOKC,Oklahoma City,96.98,2026-09-15T17:52:00+00:00
2026-09-15T19:04:00+00:00,KOKC,Oklahoma City,96.8,2026-09-15T17:50:00+00:00
2026-09-15T19:04:00+00:00,KOKC,Oklahoma City,96.8,2026-09-15T17:45:00+00:00
2026-09-15T19:04:00+00:00,KOKC,Oklahoma City,98.6,2026-09-15T17:40:00+00:00
2026-09-15T19:04:00+00:00,KBOS,Boston,64.4,2026-09-15T18:45:00+00:00
2026-09-15T19:04:00+00:00,KBOS,Boston,64.4,2026-09-15T18:40:00+00:00
2026-09-15T19:04:00+00:00,KBOS,Boston,64.4,2026-09-15T18:35:00+00:00
2026-09-15T19:04:00+00:00,KBOS,Boston,64.4,2026-09-15T18:30:00+00:00
2026-09-15T19:04:00+00:00,KBOS,Boston,64.4,2026-09-15T18:25:00+00:00
2026-09-15T19:04:00+00:00,KBOS,Boston,64.4,2026-09-15T18:20:00+00:00
2026-09-15T19:04:00+00:00,KBOS,Boston,64.4,2026-09-15T18:15:00+00:00
2026-09-15T19:04:00+00:00,KBOS,Boston,64.4,2026-09-15T18:10:00+00:00
2026-09-15T19:04:00+00:00,KBOS,Boston,64.4,2026-09-15T18:05:00+00:00
2026-09-15T19:04:00+00:00,KBOS,Boston,64.4,2026-09-15T18:00:00+00:00
2026-09-15T19:04:00+00:00,KBOS,Boston,64.4,2026-09-15T17:55:00+00:00
2026-09-15T19:04:00+00:00,KBOS,Boston,64.04,2026-09-15T17:54:00+00:00
2026-09-15T19:04:00+00:00,KBOS,Boston,64.4,2026-09-15T17:50:00+00:00
2026-09-15T19:04:00+00:00,KBOS,Boston,64.4,2026-09-15T17:40:00+00:00
2026-09-15T19:04:00+00:00,KBOS,Boston,64.4,2026-09-15T17:35:00+00:00
2026-09-15T19:04:00+00:00,KMSP,Minneapolis,68.0,2026-09-15T18:40:00+00:00
2026-09-15T19:04:00+00:00,KMSP,Minneapolis,66.2,2026-09-15T18:35:00+00:00
2026-09-15T19:04:00+00:00,KMSP,Minneapolis,66.2,2026-09-15T18:25:00+00:00
2026-09-15T19:04:00+00:00,KMSP,Minneapolis,66.2,2026-09-15T18:20:00+00:00
2026-09-15T19:04:00+00:00,KMSP,Minneapolis,66.2,2026-09-15T18:15:00+00:00
2026-09-15T19:04:00+00:00,KMSP,Minneapolis,66.2,2026-09-15T18:10:00+00:00
2026-09-15T19:04:00+00:00,KMSP,Minneapolis,66.2,2026-09-15T18:05:00+00:00
2026-09-15T19:04:00+00:00,KMSP,Minneapolis,64.4,2026-09-15T18:00:00+00:00
2026-09-15T19:04:00+00:00,KMSP,Minneapolis,64.4,2026-09-15T17:55:00+00:00
2026-09-15T19:04:00+00:00,KMSP,Minneapolis,64.94,2026-09-15T17:53:00+00:00
2026-09-15T19:04:00+00:00,KMSP,Minneapolis,64.4,2026-09-15T17:45:00+00:00
2026-09-15T19:04:00+00:00,KMSP,Minneapolis,64.4,2026-09-15T17:40:00+00:00
2026-09-15T19:04:00+00:00,KMSP,Minneapolis,64.4,2026-09-15T17:35:00+00:00
2026-09-15T19:04:00+00:00,KMSP,Minneapolis,64.4,2026-09-15T17:30:00+00:00
2026-09-15T19:04:00+00:00,KMSP,Minneapolis,66.2,2026-09-15T17:25:00+00:00
2026-09-15T19:04:00+00:00,KSAT,San Antonio,96.8,2026-09-15T18:45:00+00:00
2026-09-15T19:04:00+00:00,KSAT,San Antonio,96.8,2026-09-15T18:40:00+00:00
2026-09-15T19:04:00+00:00,KSAT,San Antonio,96.8,2026-09-15T18:35:00+00:00
2026-09-15T19:04:00+00:00,KSAT,San Antonio,96.8,2026-09-15T18:30:00+00:00
2026-09-15T19:04:00+00:00,KSAT,San Antonio,96.8,2026-09-15T18:25:00+00:00
2026-09-15T19:04:00+00:00,KSAT,San Antonio,96.8,2026-09-15T18:20:00+00:00
2026-09-15T19:04:00+00:00,KSAT,San Antonio,96.8,2026-09-15T18:15:00+00:00
2026-09-15T19:04:00+00:00,KSAT,San Antonio,96.8,2026-09-15T18:10:00+00:00
2026-09-15T19:04:00+00:00,KSAT,San Antonio,96.8,2026-09-15T18:05:00+00:00
2026-09-15T19:04:00+00:00,KSAT,San Antonio,95.0,2026-09-15T18:00:00+00:00
2026-09-15T19:04:00+00:00,KSAT,San Antonio,95.0,2026-09-15T17:55:00+00:00
2026-09-15T19:04:00+00:00,KSAT,San Antonio,95.0,2026-09-15T17:51:00+00:00
2026-09-15T19:04:00+00:00,KSAT,San Antonio,95.0,2026-09-15T17:50:00+00:00
2026-09-15T19:04:00+00:00,KSAT,San Antonio,95.0,2026-09-15T17:45:00+00:00
2026-09-15T19:04:00+00:00,KSAT,San Antonio,95.0,2026-09-15T17:40:00+00:00
2026-09-15T19:04:00+00:00,KMSY,New Orleans,91.4,2026-09-15T18:45:00+00:00
2026-09-15T19:04:00+00:00,KMSY,New Orleans,91.4,2026-09-15T18:40:00+00:00
2026-09-15T19:04:00+00:00,KMSY,New Orleans,91.4,2026-09-15T18:35:00+00:00
2026-09-15T19:04:00+00:00,KMSY,New Orleans,91.4,2026-09-15T18:30:00+00:00
2026-09-15T19:04:00+00:00,KMSY,New Orleans,91.4,2026-09-15T18:25:00+00:00
2026-09-15T19:04:00+00:00,KMSY,New Orleans,91.4,2026-09-15T18:20:00+00:00
2026-09-15T19:04:00+00:00,KMSY,New Orleans,91.4,2026-09-15T18:15:00+00:00
2026-09-15T19:04:00+00:00,KMSY,New Orleans,91.4,2026-09-15T18:10:00+00:00
2026-09-15T19:04:00+00:00,KMSY,New Orleans,89.6,2026-09-15T18:05:00+00:00
2026-09-15T19:04:00+00:00,KMSY,New Orleans,89.6,2026-09-15T18:00:00+00:00
2026-09-15T19:04:00+00:00,KMSY,New Orleans,91.4,2026-09-15T17:55:00+00:00
2026-09-15T19:04:00+00:00,KMSY,New Orleans,91.04,2026-09-15T17:53:00+00:00
2026-09-15T19:04:00+00:00,KMSY,New Orleans,89.6,2026-09-15T17:50:00+00:00
2026-09-15T19:04:00+00:00,KMSY,New Orleans,89.6,2026-09-15T17:45:00+00:00
2026-09-15T19:04:00+00:00,KMSY,New Orleans,89.6,2026-09-15T17:40:00+00:00
2026-09-15T19:04:00+00:00,KHOU,Houston,93.2,2026-09-15T18:40:00+00:00
2026-09-15T19:04:00+00:00,KHOU,Houston,93.2,2026-09-15T18:35:00+00:00
2026-09-15T19:04:00+00:00,KHOU,Houston,93.2,2026-09-15T18:30:00+00:00
2026-09-15T19:04:00+00:00,KHOU,Houston,93.2,2026-09-15T18:25:00+00:00
2026-09-15T19:04:00+00:00,KHOU,Houston,93.2,2026-09-15T18:20:00+00:00
2026-09-15T19:04:00+00:00,KHOU,Houston,93.2,2026-09-15T18:15:00+00:00
2026-09-15T19:04:00+00:00,KHOU,Houston,93.2,2026-09-15T18:10:00+00:00
2026-09-15T19:04:00+00:00,KHOU,Houston,93.2,2026-09-15T18:05:00+00:00
2026-09-15T19:04:00+00:00,KHOU,Houston,93.2,2026-09-15T18:00:00+00:00
2026-09-15T19:04:00+00:00,KHOU,Houston,93.2,2026-09-15T17:55:00+00:00
2026-09-15T19:04:00+00:00,KHOU,Houston,93.02,2026-09-15T17:53:00+00:00
2026-09-15T19:04:00+00:00,KHOU,Houston,93.2,2026-09-15T17:50:00+00:00
2026-09-15T19:04:00+00:00,KHOU,Houston,93.2,2026-09-15T17:45:00+00:00
2026-09-15T19:04:00+00:00,KHOU,Houston,93.2,2026-09-15T17:40:00+00:00
2026-09-15T19:04:00+00:00,KHOU,Houston,93.2,2026-09-15T17:35:00+00:00
2026-09-15T19:19:00+00:00,KNYC,New York City,71.06,2026-09-15T18:51:00+00:00
2026-09-15T19:19:00+00:00,KMIA,Miami,91.4,2026-09-15T19:00:00+00:00
2026-09-15T19:19:00+00:00,KMIA,Miami,91.4,2026-09-15T18:55:00+00:00
2026-09-15T19:19:00+00:00,KMIA,Miami,91.04,2026-09-15T18:53:00+00:00
2026-09-15T19:19:00+00:00,KMIA,Miami,91.4,2026-09-15T18:50:00+00:00
2026-09-15T19:19:00+00:00,KMIA,Miami,91.4,2026-09-15T18:45:00+00:00
2026-09-15T19:19:00+00:00,KDEN,Denver,66.2,2026-09-15T19:00:00+00:00
2026-09-15T19:19:00+00:00,KDEN,Denver,66.2,2026-09-15T18:55:00+00:00
2026-09-15T19:19:00+00:00,KDEN,Denver,66.92,2026-09-15T18:53:00+00:00
2026-09-15T19:19:00+00:00,KDEN,Denver,66.2,2026-09-15T18:50:00+00:00
2026-09-15T19:19:00+00:00,KLAX,Los Angeles,77.0,2026-09-15T19:00:00+00:00
2026-09-15T19:19:00+00:00,KLAX,Los Angeles,75.2,2026-09-15T18:55:00+00:00
2026-09-15T19:19:00+00:00,KLAX,Los Angeles,75.92,2026-09-15T18:53:00+00:00
2026-09-15T19:19:00+00:00,KLAX,Los Angeles,77.0,2026-09-15T18:50:00+00:00
2026-09-15T19:19:00+00:00,KPHL,Philadelphia,75.2,2026-09-15T19:00:00+00:00
2026-09-15T19:19:00+00:00,KPHL,Philadelphia,75.2,2026-09-15T18:55:00+00:00
2026-09-15T19:19:00+00:00,KPHL,Philadelphia,75.92,2026-09-15T18:54:00+00:00
2026-09-15T19:19:00+00:00,KPHL,Philadelphia,75.2,2026-09-15T18:50:00+00:00
2026-09-15T19:19:00+00:00,KPHL,Philadelphia,75.2,2026-09-15T18:45:00+00:00
2026-09-15T19:19:00+00:00,KAUS,Austin,98.6,2026-09-15T19:05:00+00:00
2026-09-15T19:19:00+00:00,KAUS,Austin,100.4,2026-09-15T19:00:00+00:00
2026-09-15T19:19:00+00:00,KAUS,Austin,100.4,2026-09-15T18:55:00+00:00
2026-09-15T19:19:00+00:00,KAUS,Austin,98.96,2026-09-15T18:53:00+00:00
2026-09-15T19:19:00+00:00,KAUS,Austin,98.6,2026-09-15T18:50:00+00:00
2026-09-15T19:19:00+00:00,KMDW,Chicago,78.8,2026-09-15T19:00:00+00:00
2026-09-15T19:19:00+00:00,KMDW,Chicago,78.8,2026-09-15T18:55:00+00:00
2026-09-15T19:19:00+00:00,KMDW,Chicago,78.98,2026-09-15T18:53:00+00:00
2026-09-15T19:19:00+00:00,KMDW,Chicago,78.8,2026-09-15T18:50:00+00:00
2026-09-15T19:19:00+00:00,KSFO,San Francisco,71.59,2026-09-15T19:00:00+00:00
2026-09-15T19:19:00+00:00,KSFO,San Francisco,71.06,2026-09-15T18:56:00+00:00
2026-09-15T19:19:00+00:00,KSFO,San Francisco,71.59,2026-09-15T18:55:00+00:00
2026-09-15T19:19:00+00:00,KSFO,San Francisco,69.8,2026-09-15T18:50:00+00:00
2026-09-15T19:19:00+00:00,KSFO,San Francisco,69.8,2026-09-15T18:45:00+00:00
2026-09-15T19:19:00+00:00,KPHX,Phoenix,98.6,2026-09-15T19:00:00+00:00
2026-09-15T19:19:00+00:00,KPHX,Phoenix,96.8,2026-09-15T18:55:00+00:00
2026-09-15T19:19:00+00:00,KPHX,Phoenix,96.98,2026-09-15T18:51:00+00:00
2026-09-15T19:19:00+00:00,KPHX,Phoenix,96.8,2026-09-15T18:50:00+00:00
2026-09-15T19:19:00+00:00,KDCA,Washington DC,77.0,2026-09-15T19:00:00+00:00
2026-09-15T19:19:00+00:00,KDCA,Washington DC,75.2,2026-09-15T18:55:00+00:00
2026-09-15T19:19:00+00:00,KDCA,Washington DC,75.92,2026-09-15T18:52:00+00:00
2026-09-15T19:19:00+00:00,KDCA,Washington DC,77.0,2026-09-15T18:50:00+00:00
2026-09-15T19:19:00+00:00,KDCA,Washington DC,75.2,2026-09-15T18:45:00+00:00
2026-09-15T19:19:00+00:00,KATL,Atlanta,89.6,2026-09-15T19:00:00+00:00
2026-09-15T19:19:00+00:00,KATL,Atlanta,87.98,2026-09-15T18:52:00+00:00
2026-09-15T19:19:00+00:00,KATL,Atlanta,87.8,2026-09-15T18:50:00+00:00
2026-09-15T19:19:00+00:00,KATL,Atlanta,87.8,2026-09-15T18:45:00+00:00
2026-09-15T19:19:00+00:00,KDFW,Dallas,98.6,2026-09-15T19:05:00+00:00
2026-09-15T19:19:00+00:00,KDFW,Dallas,98.6,2026-09-15T19:00:00+00:00
2026-09-15T19:19:00+00:00,KDFW,Dallas,98.6,2026-09-15T18:55:00+00:00
2026-09-15T19:19:00+00:00,KDFW,Dallas,98.06,2026-09-15T18:53:00+00:00
2026-09-15T19:19:00+00:00,KDFW,Dallas,98.6,2026-09-15T18:50:00+00:00
2026-09-15T19:19:00+00:00,KSEA,Seattle,62.6,2026-09-15T19:00:00+00:00
2026-09-15T19:19:00+00:00,KSEA,Seattle,60.98,2026-09-15T18:53:00+00:00
2026-09-15T19:19:00+00:00,KSEA,Seattle,60.8,2026-09-15T18:50:00+00:00
2026-09-15T19:19:00+00:00,KSEA,Seattle,62.6,2026-09-15T18:45:00+00:00
2026-09-15T19:19:00+00:00,KLAS,Las Vegas,93.2,2026-09-15T19:00:00+00:00
2026-09-15T19:19:00+00:00,KLAS,Las Vegas,93.02,2026-09-15T18:56:00+00:00
2026-09-15T19:19:00+00:00,KLAS,Las Vegas,93.2,2026-09-15T18:55:00+00:00
2026-09-15T19:19:00+00:00,KLAS,Las Vegas,91.4,2026-09-15T18:50:00+00:00
2026-09-15T19:19:00+00:00,KLAS,Las Vegas,91.4,2026-09-15T18:45:00+00:00
2026-09-15T19:19:00+00:00,KOKC,Oklahoma City,100.4,2026-09-15T19:05:00+00:00
2026-09-15T19:19:00+00:00,KOKC,Oklahoma City,98.6,2026-09-15T19:00:00+00:00
2026-09-15T19:19:00+00:00,KOKC,Oklahoma City,98.6,2026-09-15T18:55:00+00:00
2026-09-15T19:19:00+00:00,KOKC,Oklahoma City,98.96,2026-09-15T18:52:00+00:00
2026-09-15T19:19:00+00:00,KOKC,Oklahoma City,98.6,2026-09-15T18:50:00+00:00
2026-09-15T19:19:00+00:00,KBOS,Boston,64.4,2026-09-15T19:00:00+00:00
2026-09-15T19:19:00+00:00,KBOS,Boston,64.4,2026-09-15T18:55:00+00:00
2026-09-15T19:19:00+00:00,KBOS,Boston,64.04,2026-09-15T18:54:00+00:00
2026-09-15T19:19:00+00:00,KBOS,Boston,64.4,2026-09-15T18:50:00+00:00
2026-09-15T19:19:00+00:00,KMSP,Minneapolis,69.8,2026-09-15T19:05:00+00:00
2026-09-15T19:19:00+00:00,KMSP,Minneapolis,69.8,2026-09-15T19:00:00+00:00
2026-09-15T19:19:00+00:00,KMSP,Minneapolis,68.0,2026-09-15T18:55:00+00:00
2026-09-15T19:19:00+00:00,KMSP,Minneapolis,68.0,2026-09-15T18:53:00+00:00
2026-09-15T19:19:00+00:00,KMSP,Minneapolis,68.0,2026-09-15T18:50:00+00:00
2026-09-15T19:19:00+00:00,KSAT,San Antonio,98.6,2026-09-15T19:05:00+00:00
2026-09-15T19:19:00+00:00,KSAT,San Antonio,98.6,2026-09-15T19:00:00+00:00
2026-09-15T19:19:00+00:00,KSAT,San Antonio,96.8,2026-09-15T18:55:00+00:00
2026-09-15T19:19:00+00:00,KSAT,San Antonio,98.06,2026-09-15T18:51:00+00:00
2026-09-15T19:19:00+00:00,KSAT,San Antonio,98.6,2026-09-15T18:50:00+00:00
2026-09-15T19:19:00+00:00,KMSY,New Orleans,91.4,2026-09-15T19:05:00+00:00
2026-09-15T19:19:00+00:00,KMSY,New Orleans,91.4,2026-09-15T19:00:00+00:00
2026-09-15T19:19:00+00:00,KMSY,New Orleans,91.4,2026-09-15T18:55:00+00:00
2026-09-15T19:19:00+00:00,KMSY,New Orleans,91.94,2026-09-15T18:53:00+00:00
2026-09-15T19:19:00+00:00,KMSY,New Orleans,91.4,2026-09-15T18:50:00+00:00
2026-09-15T19:19:00+00:00,KHOU,Houston,95.0,2026-09-15T19:05:00+00:00
2026-09-15T19:19:00+00:00,KHOU,Houston,95.0,2026-09-15T19:00:00+00:00
2026-09-15T19:19:00+00:00,KHOU,Houston,93.2,2026-09-15T18:55:00+00:00
2026-09-15T19:19:00+00:00,KHOU,Houston,93.02,2026-09-15T18:53:00+00:00
2026-09-15T19:19:00+00:00,KHOU,Houston,93.2,2026-09-15T18:50:00+00:00
2026-09-15T19:19:00+00:00,KHOU,Houston,95.0,2026-09-15T18:45:00+00:00
2026-09-15T19:34:00+00:00,KMIA,Miami,91.4,2026-09-15T19:25:00+00:00
2026-09-15T19:34:00+00:00,KMIA,Miami,91.4,2026-09-15T19:20:00+00:00
2026-09-15T19:34:00+00:00,KMIA,Miami,91.4,2026-09-15T19:15:00+00:00
2026-09-15T19:34:00+00:00,KMIA,Miami,91.4,2026-09-15T19:10:00+00:00
2026-09-15T19:34:00+00:00,KMIA,Miami,91.4,2026-09-15T19:05:00+00:00
2026-09-15T19:34:00+00:00,KDEN,Denver,66.2,2026-09-15T19:25:00+00:00
2026-09-15T19:34:00+00:00,KDEN,Denver,66.2,2026-09-15T19:20:00+00:00
2026-09-15T19:34:00+00:00,KDEN,Denver,66.2,2026-09-15T19:15:00+00:00
2026-09-15T19:34:00+00:00,KDEN,Denver,64.4,2026-09-15T19:10:00+00:00
2026-09-15T19:34:00+00:00,KDEN,Denver,66.2,2026-09-15T19:05:00+00:00
2026-09-15T19:34:00+00:00,KLAX,Los Angeles,78.8,2026-09-15T19:20:00+00:00
2026-09-15T19:34:00+00:00,KLAX,Los Angeles,78.8,2026-09-15T19:15:00+00:00
2026-09-15T19:34:00+00:00,KLAX,Los Angeles,78.8,2026-09-15T19:10:00+00:00
2026-09-15T19:34:00+00:00,KLAX,Los Angeles,78.8,2026-09-15T19:05:00+00:00
2026-09-15T19:34:00+00:00,KPHL,Philadelphia,77.0,2026-09-15T19:20:00+00:00
2026-09-15T19:34:00+00:00,KPHL,Philadelphia,77.0,2026-09-15T19:15:00+00:00
2026-09-15T19:34:00+00:00,KPHL,Philadelphia,77.0,2026-09-15T19:10:00+00:00
2026-09-15T19:34:00+00:00,KPHL,Philadelphia,75.2,2026-09-15T19:05:00+00:00
2026-09-15T19:34:00+00:00,KAUS,Austin,100.4,2026-09-15T19:15:00+00:00
2026-09-15T19:34:00+00:00,KAUS,Austin,100.4,2026-09-15T19:10:00+00:00
2026-09-15T19:34:00+00:00,KMDW,Chicago,80.59,2026-09-15T19:15:00+00:00
2026-09-15T19:34:00+00:00,KMDW,Chicago,80.59,2026-09-15T19:10:00+00:00
2026-09-15T19:34:00+00:00,KMDW,Chicago,78.8,2026-09-15T19:05:00+00:00
2026-09-15T19:34:00+00:00,KSFO,San Francisco,71.59,2026-09-15T19:20:00+00:00
2026-09-15T19:34:00+00:00,KSFO,San Francisco,71.59,2026-09-15T19:15:00+00:00
2026-09-15T19:34:00+00:00,KSFO,San Francisco,71.59,2026-09-15T19:10:00+00:00
2026-09-15T19:34:00+00:00,KSFO,San Francisco,71.59,2026-09-15T19:05:00+00:00
2026-09-15T19:34:00+00:00,KPHX,Phoenix,98.6,2026-09-15T19:20:00+00:00
2026-09-15T19:34:00+00:00,KPHX,Phoenix,98.6,2026-09-15T19:15:00+00:00
2026-09-15T19:34:00+00:00,KPHX,Phoenix,96.8,2026-09-15T19:10:00+00:00
2026-09-15T19:34:00+00:00,KPHX,Phoenix,98.6,2026-09-15T19:05:00+00:00
2026-09-15T19:34:00+00:00,KDCA,Washington DC,77.0,2026-09-15T19:20:00+00:00
2026-09-15T19:34:00+00:00,KDCA,Washington DC,77.0,2026-09-15T19:15:00+00:00
2026-09-15T19:34:00+00:00,KDCA,Washington DC,75.2,2026-09-15T19:10:00+00:00
2026-09-15T19:34:00+00:00,KDCA,Washington DC,75.2,2026-09-15T19:05:00+00:00
2026-09-15T19:34:00+00:00,KATL,Atlanta,89.6,2026-09-15T19:20:00+00:00
2026-09-15T19:34:00+00:00,KATL,Atlanta,89.6,2026-09-15T19:15:00+00:00
2026-09-15T19:34:00+00:00,KATL,Atlanta,89.6,2026-09-15T19:10:00+00:00
2026-09-15T19:34:00+00:00,KATL,Atlanta,89.6,2026-09-15T19:05:00+00:00
2026-09-15T19:34:00+00:00,KATL,Atlanta,87.8,2026-09-15T18:55:00+00:00
2026-09-15T19:34:00+00:00,KDFW,Dallas,98.6,2026-09-15T19:20:00+00:00
2026-09-15T19:34:00+00:00,KDFW,Dallas,98.6,2026-09-15T19:15:00+00:00
2026-09-15T19:34:00+00:00,KDFW,Dallas,96.8,2026-09-15T19:10:00+00:00
2026-09-15T19:34:00+00:00,KSEA,Seattle,62.6,2026-09-15T19:20:00+00:00
2026-09-15T19:34:00+00:00,KSEA,Seattle,62.6,2026-09-15T19:15:00+00:00
2026-09-15T19:34:00+00:00,KSEA,Seattle,62.6,2026-09-15T19:10:00+00:00
2026-09-15T19:34:00+00:00,KSEA,Seattle,62.6,2026-09-15T19:05:00+00:00
2026-09-15T19:34:00+00:00,KLAS,Las Vegas,93.2,2026-09-15T19:25:00+00:00
2026-09-15T19:34:00+00:00,KLAS,Las Vegas,93.2,2026-09-15T19:20:00+00:00
2026-09-15T19:34:00+00:00,KLAS,Las Vegas,93.2,2026-09-15T19:15:00+00:00
2026-09-15T19:34:00+00:00,KLAS,Las Vegas,93.2,2026-09-15T19:10:00+00:00
2026-09-15T19:34:00+00:00,KLAS,Las Vegas,93.2,2026-09-15T19:05:00+00:00
2026-09-15T19:34:00+00:00,KOKC,Oklahoma City,100.4,2026-09-15T19:20:00+00:00
2026-09-15T19:34:00+00:00,KOKC,Oklahoma City,98.6,2026-09-15T19:15:00+00:00
2026-09-15T19:34:00+00:00,KOKC,Oklahoma City,98.6,2026-09-15T19:10:00+00:00
2026-09-15T19:34:00+00:00,KBOS,Boston,64.4,2026-09-15T19:20:00+00:00
2026-09-15T19:34:00+00:00,KBOS,Boston,64.4,2026-09-15T19:15:00+00:00
2026-09-15T19:34:00+00:00,KBOS,Boston,64.4,2026-09-15T19:10:00+00:00
2026-09-15T19:34:00+00:00,KBOS,Boston,64.4,2026-09-15T19:05:00+00:00
2026-09-15T19:34:00+00:00,KMSP,Minneapolis,69.8,2026-09-15T19:10:00+00:00
2026-09-15T19:34:00+00:00,KSAT,San Antonio,98.6,2026-09-15T19:15:00+00:00
2026-09-15T19:34:00+00:00,KSAT,San Antonio,98.6,2026-09-15T19:10:00+00:00
2026-09-15T19:34:00+00:00,KMSY,New Orleans,91.4,2026-09-15T19:20:00+00:00
2026-09-15T19:34:00+00:00,KMSY,New Orleans,91.4,2026-09-15T19:15:00+00:00
2026-09-15T19:34:00+00:00,KMSY,New Orleans,93.2,2026-09-15T19:10:00+00:00
2026-09-15T19:34:00+00:00,KHOU,Houston,95.0,2026-09-15T19:20:00+00:00
2026-09-15T19:34:00+00:00,KHOU,Houston,95.0,2026-09-15T19:15:00+00:00
2026-09-15T19:34:00+00:00,KHOU,Houston,93.2,2026-09-15T19:10:00+00:00
2026-09-15T19:49:01+00:00,KMIA,Miami,91.4,2026-09-15T19:35:00+00:00
2026-09-15T19:49:01+00:00,KMIA,Miami,91.4,2026-09-15T19:30:00+00:00
2026-09-15T19:49:01+00:00,KDEN,Denver,66.2,2026-09-15T19:30:00+00:00
2026-09-15T19:49:01+00:00,KLAX,Los Angeles,77.0,2026-09-15T19:30:00+00:00
2026-09-15T19:49:01+00:00,KLAX,Los Angeles,78.8,2026-09-15T19:25:00+00:00
2026-09-15T19:49:01+00:00,KPHL,Philadelphia,77.0,2026-09-15T19:35:00+00:00
2026-09-15T19:49:01+00:00,KPHL,Philadelphia,77.0,2026-09-15T19:30:00+00:00
2026-09-15T19:49:01+00:00,KPHL,Philadelphia,78.8,2026-09-15T19:25:00+00:00
2026-09-15T19:49:01+00:00,KAUS,Austin,100.4,2026-09-15T19:30:00+00:00
2026-09-15T19:49:01+00:00,KAUS,Austin,100.4,2026-09-15T19:25:00+00:00
2026-09-15T19:49:01+00:00,KAUS,Austin,100.4,2026-09-15T19:20:00+00:00
2026-09-15T19:49:01+00:00,KMDW,Chicago,80.59,2026-09-15T19:30:00+00:00
2026-09-15T19:49:01+00:00,KMDW,Chicago,80.59,2026-09-15T19:25:00+00:00
2026-09-15T19:49:01+00:00,KMDW,Chicago,80.59,2026-09-15T19:20:00+00:00
2026-09-15T19:49:01+00:00,KSFO,San Francisco,71.59,2026-09-15T19:30:00+00:00
2026-09-15T19:49:01+00:00,KSFO,San Francisco,71.59,2026-09-15T19:25:00+00:00
2026-09-15T19:49:01+00:00,KPHX,Phoenix,98.6,2026-09-15T19:30:00+00:00
2026-09-15T19:49:01+00:00,KPHX,Phoenix,98.6,2026-09-15T19:25:00+00:00
2026-09-15T19:49:01+00:00,KDCA,Washington DC,77.0,2026-09-15T19:30:00+00:00
2026-09-15T19:49:01+00:00,KDCA,Washington DC,77.0,2026-09-15T19:25:00+00:00
2026-09-15T19:49:01+00:00,KATL,Atlanta,87.8,2026-09-15T19:30:00+00:00
2026-09-15T19:49:01+00:00,KATL,Atlanta,89.6,2026-09-15T19:25:00+00:00
2026-09-15T19:49:01+00:00,KDFW,Dallas,100.4,2026-09-15T19:30:00+00:00
2026-09-15T19:49:01+00:00,KDFW,Dallas,96.8,2026-09-15T19:25:00+00:00
2026-09-15T19:49:01+00:00,KSEA,Seattle,62.6,2026-09-15T19:30:00+00:00
2026-09-15T19:49:01+00:00,KSEA,Seattle,62.6,2026-09-15T19:25:00+00:00
2026-09-15T19:49:01+00:00,KLAS,Las Vegas,93.2,2026-09-15T19:30:00+00:00
2026-09-15T19:49:01+00:00,KOKC,Oklahoma City,96.8,2026-09-15T19:25:00+00:00
2026-09-15T19:49:01+00:00,KBOS,Boston,64.4,2026-09-15T19:35:00+00:00
2026-09-15T19:49:01+00:00,KBOS,Boston,62.6,2026-09-15T19:30:00+00:00
2026-09-15T19:49:01+00:00,KBOS,Boston,64.4,2026-09-15T19:25:00+00:00
2026-09-15T19:49:01+00:00,KMSP,Minneapolis,69.8,2026-09-15T19:30:00+00:00
2026-09-15T19:49:01+00:00,KMSP,Minneapolis,69.8,2026-09-15T19:25:00+00:00
2026-09-15T19:49:01+00:00,KMSP,Minneapolis,69.8,2026-09-15T19:20:00+00:00
2026-09-15T19:49:01+00:00,KMSP,Minneapolis,69.8,2026-09-15T19:15:00+00:00
2026-09-15T19:49:01+00:00,KSAT,San Antonio,98.6,2026-09-15T19:30:00+00:00
2026-09-15T19:49:01+00:00,KSAT,San Antonio,98.6,2026-09-15T19:25:00+00:00
2026-09-15T19:49:01+00:00,KSAT,San Antonio,98.6,2026-09-15T19:20:00+00:00
2026-09-15T19:49:01+00:00,KMSY,New Orleans,93.2,2026-09-15T19:35:00+00:00
2026-09-15T19:49:01+00:00,KMSY,New Orleans,91.4,2026-09-15T19:30:00+00:00
2026-09-15T19:49:01+00:00,KMSY,New Orleans,91.4,2026-09-15T19:25:00+00:00
2026-09-15T19:49:01+00:00,KHOU,Houston,96.8,2026-09-15T19:30:00+00:00
2026-09-15T19:49:01+00:00,KHOU,Houston,95.0,2026-09-15T19:25:00+00:00
2026-09-15T20:04:00+00:00,KMIA,Miami,91.4,2026-09-15T19:40:00+00:00
2026-09-15T20:04:00+00:00,KDEN,Denver,66.2,2026-09-15T19:45:00+00:00
2026-09-15T20:04:00+00:00,KDEN,Denver,66.2,2026-09-15T19:40:00+00:00
2026-09-15T20:04:00+00:00,KDEN,Denver,66.2,2026-09-15T19:35:00+00:00
2026-09-15T20:04:00+00:00,KLAX,Los Angeles,78.8,2026-09-15T19:45:00+00:00
2026-09-15T20:04:00+00:00,KLAX,Los Angeles,78.8,2026-09-15T19:40:00+00:00
2026-09-15T20:04:00+00:00,KLAX,Los Angeles,78.8,2026-09-15T19:35:00+00:00
2026-09-15T20:04:00+00:00,KPHL,Philadelphia,77.0,2026-09-15T19:40:00+00:00
2026-09-15T20:04:00+00:00,KAUS,Austin,100.4,2026-09-15T19:45:00+00:00
2026-09-15T20:04:00+00:00,KAUS,Austin,100.4,2026-09-15T19:40:00+00:00
2026-09-15T20:04:00+00:00,KAUS,Austin,98.6,2026-09-15T19:35:00+00:00
2026-09-15T20:04:00+00:00,KMDW,Chicago,82.4,2026-09-15T19:45:00+00:00
2026-09-15T20:04:00+00:00,KMDW,Chicago,82.4,2026-09-15T19:40:00+00:00
2026-09-15T20:04:00+00:00,KMDW,Chicago,80.59,2026-09-15T19:35:00+00:00
2026-09-15T20:04:00+00:00,KSFO,San Francisco,71.59,2026-09-15T19:45:00+00:00
2026-09-15T20:04:00+00:00,KSFO,San Francisco,71.59,2026-09-15T19:40:00+00:00
2026-09-15T20:04:00+00:00,KSFO,San Francisco,71.59,2026-09-15T19:35:00+00:00
2026-09-15T20:04:00+00:00,KPHX,Phoenix,96.8,2026-09-15T19:45:00+00:00
2026-09-15T20:04:00+00:00,KPHX,Phoenix,96.8,2026-09-15T19:40:00+00:00
2026-09-15T20:04:00+00:00,KPHX,Phoenix,98.6,2026-09-15T19:35:00+00:00
2026-09-15T20:04:00+00:00,KDCA,Washington DC,75.2,2026-09-15T19:40:00+00:00
2026-09-15T20:04:00+00:00,KDCA,Washington DC,77.0,2026-09-15T19:35:00+00:00
2026-09-15T20:04:00+00:00,KATL,Atlanta,89.6,2026-09-15T19:45:00+00:00
2026-09-15T20:04:00+00:00,KATL,Atlanta,89.6,2026-09-15T19:40:00+00:00
2026-09-15T20:04:00+00:00,KATL,Atlanta,89.6,2026-09-15T19:35:00+00:00
2026-09-15T20:04:00+00:00,KDFW,Dallas,98.6,2026-09-15T19:45:00+00:00
2026-09-15T20:04:00+00:00,KDFW,Dallas,98.6,2026-09-15T19:40:00+00:00
2026-09-15T20:04:00+00:00,KDFW,Dallas,98.6,2026-09-15T19:35:00+00:00
2026-09-15T20:04:00+00:00,KSEA,Seattle,62.6,2026-09-15T19:40:00+00:00
2026-09-15T20:04:00+00:00,KSEA,Seattle,62.6,2026-09-15T19:35:00+00:00
2026-09-15T20:04:00+00:00,KLAS,Las Vegas,93.2,2026-09-15T19:45:00+00:00
2026-09-15T20:04:00+00:00,KLAS,Las Vegas,93.2,2026-09-15T19:40:00+00:00
2026-09-15T20:04:00+00:00,KLAS,Las Vegas,93.2,2026-09-15T19:35:00+00:00
2026-09-15T20:04:00+00:00,KOKC,Oklahoma City,98.6,2026-09-15T19:40:00+00:00
2026-09-15T20:04:00+00:00,KOKC,Oklahoma City,100.4,2026-09-15T19:35:00+00:00
2026-09-15T20:04:00+00:00,KOKC,Oklahoma City,98.6,2026-09-15T19:30:00+00:00
2026-09-15T20:04:00+00:00,KBOS,Boston,62.6,2026-09-15T19:45:00+00:00
2026-09-15T20:04:00+00:00,KBOS,Boston,64.4,2026-09-15T19:40:00+00:00
2026-09-15T20:04:00+00:00,KMSP,Minneapolis,69.8,2026-09-15T19:45:00+00:00
2026-09-15T20:04:00+00:00,KMSP,Minneapolis,69.8,2026-09-15T19:40:00+00:00
2026-09-15T20:04:00+00:00,KMSP,Minneapolis,69.8,2026-09-15T19:35:00+00:00
2026-09-15T20:04:00+00:00,KSAT,San Antonio,98.6,2026-09-15T19:40:00+00:00
2026-09-15T20:04:00+00:00,KSAT,San Antonio,98.6,2026-09-15T19:35:00+00:00
2026-09-15T20:04:00+00:00,KMSY,New Orleans,93.2,2026-09-15T19:45:00+00:00
2026-09-15T20:04:00+00:00,KMSY,New Orleans,91.4,2026-09-15T19:40:00+00:00
2026-09-15T20:04:00+00:00,KHOU,Houston,95.0,2026-09-15T19:45:00+00:00
2026-09-15T20:04:00+00:00,KHOU,Houston,95.0,2026-09-15T19:40:00+00:00
2026-09-15T20:04:00+00:00,KHOU,Houston,96.8,2026-09-15T19:35:00+00:00
2026-09-15T20:19:00+00:00,KNYC,New York City,71.06,2026-09-15T19:51:00+00:00
2026-09-15T20:19:00+00:00,KMIA,Miami,91.4,2026-09-15T20:00:00+00:00
2026-09-15T20:19:00+00:00,KMIA,Miami,91.4,2026-09-15T19:55:00+00:00
2026-09-15T20:19:00+00:00,KMIA,Miami,91.94,2026-09-15T19:53:00+00:00
2026-09-15T20:19:00+00:00,KMIA,Miami,91.4,2026-09-15T19:50:00+00:00
2026-09-15T20:19:00+00:00,KMIA,Miami,91.4,2026-09-15T19:45:00+00:00
2026-09-15T20:19:00+00:00,KDEN,Denver,68.0,2026-09-15T20:05:00+00:00
2026-09-15T20:19:00+00:00,KDEN,Denver,66.2,2026-09-15T20:00:00+00:00
2026-09-15T20:19:00+00:00,KDEN,Denver,68.0,2026-09-15T19:55:00+00:00
2026-09-15T20:19:00+00:00,KDEN,Denver,68.0,2026-09-15T19:53:00+00:00
2026-09-15T20:19:00+00:00,KDEN,Denver,66.2,2026-09-15T19:50:00+00:00
2026-09-15T20:19:00+00:00,KLAX,Los Angeles,78.8,2026-09-15T20:05:00+00:00
2026-09-15T20:19:00+00:00,KLAX,Los Angeles,78.8,2026-09-15T20:00:00+00:00
2026-09-15T20:19:00+00:00,KLAX,Los Angeles,78.8,2026-09-15T19:55:00+00:00
2026-09-15T20:19:00+00:00,KLAX,Los Angeles,78.08,2026-09-15T19:53:00+00:00
2026-09-15T20:19:00+00:00,KLAX,Los Angeles,78.8,2026-09-15T19:50:00+00:00
2026-09-15T20:19:00+00:00,KPHL,Philadelphia,78.8,2026-09-15T20:00:00+00:00
2026-09-15T20:19:00+00:00,KPHL,Philadelphia,77.0,2026-09-15T19:55:00+00:00
2026-09-15T20:19:00+00:00,KPHL,Philadelphia,77.0,2026-09-15T19:54:00+00:00
2026-09-15T20:19:00+00:00,KPHL,Philadelphia,77.0,2026-09-15T19:50:00+00:00
2026-09-15T20:19:00+00:00,KPHL,Philadelphia,78.8,2026-09-15T19:45:00+00:00
2026-09-15T20:19:00+00:00,KAUS,Austin,100.4,2026-09-15T20:10:00+00:00
2026-09-15T20:19:00+00:00,KAUS,Austin,100.4,2026-09-15T20:05:00+00:00
2026-09-15T20:19:00+00:00,KAUS,Austin,100.4,2026-09-15T20:00:00+00:00
2026-09-15T20:19:00+00:00,KAUS,Austin,100.4,2026-09-15T19:55:00+00:00
2026-09-15T20:19:00+00:00,KAUS,Austin,100.94,2026-09-15T19:53:00+00:00
2026-09-15T20:19:00+00:00,KAUS,Austin,100.4,2026-09-15T19:50:00+00:00
2026-09-15T20:19:00+00:00,KMDW,Chicago,84.2,2026-09-15T20:05:00+00:00
2026-09-15T20:19:00+00:00,KMDW,Chicago,82.4,2026-09-15T20:00:00+00:00
2026-09-15T20:19:00+00:00,KMDW,Chicago,82.4,2026-09-15T19:55:00+00:00
2026-09-15T20:19:00+00:00,KMDW,Chicago,82.04,2026-09-15T19:53:00+00:00
2026-09-15T20:19:00+00:00,KMDW,Chicago,82.4,2026-09-15T19:50:00+00:00
2026-09-15T20:19:00+00:00,KSFO,San Francisco,71.59,2026-09-15T20:05:00+00:00
2026-09-15T20:19:00+00:00,KSFO,San Francisco,71.59,2026-09-15T20:00:00+00:00
2026-09-15T20:19:00+00:00,KSFO,San Francisco,71.06,2026-09-15T19:56:00+00:00
2026-09-15T20:19:00+00:00,KSFO,San Francisco,71.59,2026-09-15T19:55:00+00:00
2026-09-15T20:19:00+00:00,KSFO,San Francisco,71.59,2026-09-15T19:50:00+00:00
2026-09-15T20:19:00+00:00,KPHX,Phoenix,98.6,2026-09-15T20:05:00+00:00
2026-09-15T20:19:00+00:00,KPHX,Phoenix,98.6,2026-09-15T20:00:00+00:00
2026-09-15T20:19:00+00:00,KPHX,Phoenix,96.8,2026-09-15T19:55:00+00:00
2026-09-15T20:19:00+00:00,KPHX,Phoenix,98.06,2026-09-15T19:51:00+00:00
2026-09-15T20:19:00+00:00,KPHX,Phoenix,98.6,2026-09-15T19:50:00+00:00
2026-09-15T20:19:00+00:00,KDCA,Washington DC,77.0,2026-09-15T20:05:00+00:00
2026-09-15T20:19:00+00:00,KDCA,Washington DC,77.0,2026-09-15T20:00:00+00:00
2026-09-15T20:19:00+00:00,KDCA,Washington DC,77.0,2026-09-15T19:55:00+00:00
2026-09-15T20:19:00+00:00,KDCA,Washington DC,77.0,2026-09-15T19:52:00+00:00
2026-09-15T20:19:00+00:00,KDCA,Washington DC,77.0,2026-09-15T19:50:00+00:00
2026-09-15T20:19:00+00:00,KDCA,Washington DC,77.0,2026-09-15T19:45:00+00:00
2026-09-15T20:19:00+00:00,KATL,Atlanta,89.6,2026-09-15T20:05:00+00:00
2026-09-15T20:19:00+00:00,KATL,Atlanta,89.6,2026-09-15T20:00:00+00:00
2026-09-15T20:19:00+00:00,KATL,Atlanta,89.6,2026-09-15T19:55:00+00:00
2026-09-15T20:19:00+00:00,KATL,Atlanta,89.96,2026-09-15T19:52:00+00:00
2026-09-15T20:19:00+00:00,KATL,Atlanta,89.6,2026-09-15T19:50:00+00:00
2026-09-15T20:19:00+00:00,KDFW,Dallas,98.6,2026-09-15T20:00:00+00:00
2026-09-15T20:19:00+00:00,KDFW,Dallas,100.4,2026-09-15T19:55:00+00:00
2026-09-15T20:19:00+00:00,KDFW,Dallas,100.04,2026-09-15T19:53:00+00:00
2026-09-15T20:19:00+00:00,KDFW,Dallas,98.6,2026-09-15T19:50:00+00:00
2026-09-15T20:19:00+00:00,KSEA,Seattle,64.4,2026-09-15T20:05:00+00:00
2026-09-15T20:19:00+00:00,KSEA,Seattle,64.4,2026-09-15T19:55:00+00:00
2026-09-15T20:19:00+00:00,KSEA,Seattle,62.95,2026-09-15T19:53:00+00:00
2026-09-15T20:19:00+00:00,KSEA,Seattle,64.4,2026-09-15T19:50:00+00:00
2026-09-15T20:19:00+00:00,KLAS,Las Vegas,93.2,2026-09-15T20:05:00+00:00
2026-09-15T20:19:00+00:00,KLAS,Las Vegas,93.2,2026-09-15T20:00:00+00:00
2026-09-15T20:19:00+00:00,KLAS,Las Vegas,93.02,2026-09-15T19:56:00+00:00
2026-09-15T20:19:00+00:00,KLAS,Las Vegas,93.2,2026-09-15T19:55:00+00:00
2026-09-15T20:19:00+00:00,KLAS,Las Vegas,93.2,2026-09-15T19:50:00+00:00
2026-09-15T20:19:00+00:00,KOKC,Oklahoma City,100.4,2026-09-15T20:00:00+00:00
2026-09-15T20:19:00+00:00,KOKC,Oklahoma City,100.4,2026-09-15T19:55:00+00:00
2026-09-15T20:19:00+00:00,KOKC,Oklahoma City,100.94,2026-09-15T19:52:00+00:00
2026-09-15T20:19:00+00:00,KOKC,Oklahoma City,100.4,2026-09-15T19:50:00+00:00
2026-09-15T20:19:00+00:00,KOKC,Oklahoma City,98.6,2026-09-15T19:45:00+00:00
2026-09-15T20:19:00+00:00,KBOS,Boston,64.4,2026-09-15T20:05:00+00:00
2026-09-15T20:19:00+00:00,KBOS,Boston,62.6,2026-09-15T20:00:00+00:00
2026-09-15T20:19:00+00:00,KBOS,Boston,62.6,2026-09-15T19:55:00+00:00
2026-09-15T20:19:00+00:00,KBOS,Boston,64.04,2026-09-15T19:54:00+00:00
2026-09-15T20:19:00+00:00,KBOS,Boston,64.4,2026-09-15T19:50:00+00:00
2026-09-15T20:19:00+00:00,KMSP,Minneapolis,71.59,2026-09-15T20:10:00+00:00
2026-09-15T20:19:00+00:00,KMSP,Minneapolis,69.8,2026-09-15T20:05:00+00:00
2026-09-15T20:19:00+00:00,KMSP,Minneapolis,69.8,2026-09-15T20:00:00+00:00
2026-09-15T20:19:00+00:00,KMSP,Minneapolis,69.8,2026-09-15T19:55:00+00:00
2026-09-15T20:19:00+00:00,KMSP,Minneapolis,69.98,2026-09-15T19:53:00+00:00
2026-09-15T20:19:00+00:00,KMSP,Minneapolis,69.8,2026-09-15T19:50:00+00:00
2026-09-15T20:19:00+00:00,KSAT,San Antonio,98.6,2026-09-15T20:10:00+00:00
2026-09-15T20:19:00+00:00,KSAT,San Antonio,100.4,2026-09-15T20:05:00+00:00
2026-09-15T20:19:00+00:00,KSAT,San Antonio,98.6,2026-09-15T20:00:00+00:00
2026-09-15T20:19:00+00:00,KSAT,San Antonio,98.6,2026-09-15T19:55:00+00:00
2026-09-15T20:19:00+00:00,KSAT,San Antonio,98.96,2026-09-15T19:51:00+00:00
2026-09-15T20:19:00+00:00,KSAT,San Antonio,98.6,2026-09-15T19:50:00+00:00
2026-09-15T20:19:00+00:00,KSAT,San Antonio,98.6,2026-09-15T19:45:00+00:00
2026-09-15T20:19:00+00:00,KMSY,New Orleans,91.4,2026-09-15T20:10:00+00:00
2026-09-15T20:19:00+00:00,KMSY,New Orleans,91.4,2026-09-15T20:05:00+00:00
2026-09-15T20:19:00+00:00,KMSY,New Orleans,93.2,2026-09-15T20:00:00+00:00
2026-09-15T20:19:00+00:00,KMSY,New Orleans,93.2,2026-09-15T19:55:00+00:00
2026-09-15T20:19:00+00:00,KMSY,New Orleans,91.94,2026-09-15T19:53:00+00:00
2026-09-15T20:19:00+00:00,KMSY,New Orleans,93.2,2026-09-15T19:50:00+00:00
2026-09-15T20:19:00+00:00,KHOU,Houston,89.6,2026-09-15T20:10:00+00:00
2026-09-15T20:19:00+00:00,KHOU,Houston,91.4,2026-09-15T20:05:00+00:00
2026-09-15T20:19:00+00:00,KHOU,Houston,93.2,2026-09-15T20:00:00+00:00
2026-09-15T20:19:00+00:00,KHOU,Houston,93.2,2026-09-15T19:55:00+00:00
2026-09-15T20:19:00+00:00,KHOU,Houston,93.91,2026-09-15T19:53:00+00:00
2026-09-15T20:19:00+00:00,KHOU,Houston,95.0,2026-09-15T19:50:00+00:00
2026-09-15T20:25:37+00:00,KMIA,Miami,91.4,2026-09-15T20:05:00+00:00
2026-09-15T20:25:37+00:00,KDEN,Denver,69.8,2026-09-15T20:10:00+00:00
2026-09-15T20:25:37+00:00,KPHL,Philadelphia,77.0,2026-09-15T20:10:00+00:00
2026-09-15T20:25:37+00:00,KPHL,Philadelphia,78.8,2026-09-15T20:05:00+00:00
2026-09-15T20:25:37+00:00,KMDW,Chicago,84.2,2026-09-15T20:15:00+00:00
2026-09-15T20:25:37+00:00,KMDW,Chicago,84.2,2026-09-15T20:10:00+00:00
2026-09-15T20:25:37+00:00,KSFO,San Francisco,73.4,2026-09-15T20:10:00+00:00
2026-09-15T20:25:37+00:00,KPHX,Phoenix,98.6,2026-09-15T20:10:00+00:00
2026-09-15T20:25:37+00:00,KDCA,Washington DC,77.0,2026-09-15T20:10:00+00:00
2026-09-15T20:25:37+00:00,KATL,Atlanta,89.6,2026-09-15T20:15:00+00:00
2026-09-15T20:25:37+00:00,KATL,Atlanta,87.8,2026-09-15T20:10:00+00:00
2026-09-15T20:25:37+00:00,KDFW,Dallas,98.6,2026-09-15T20:10:00+00:00
2026-09-15T20:25:37+00:00,KDFW,Dallas,98.6,2026-09-15T20:05:00+00:00
2026-09-15T20:25:37+00:00,KSEA,Seattle,62.6,2026-09-15T20:10:00+00:00
2026-09-15T20:25:37+00:00,KLAS,Las Vegas,93.2,2026-09-15T20:10:00+00:00
2026-09-15T20:25:37+00:00,KOKC,Oklahoma City,100.4,2026-09-15T20:10:00+00:00
2026-09-15T20:25:37+00:00,KOKC,Oklahoma City,98.6,2026-09-15T20:05:00+00:00
2026-09-15T20:25:37+00:00,KBOS,Boston,62.6,2026-09-15T20:10:00+00:00
2026-09-15T20:34:00+00:00,KMIA,Miami,89.6,2026-09-15T20:20:00+00:00
2026-09-15T20:34:00+00:00,KMIA,Miami,89.6,2026-09-15T20:15:00+00:00
2026-09-15T20:34:00+00:00,KMIA,Miami,91.4,2026-09-15T20:10:00+00:00
2026-09-15T20:34:00+00:00,KMIA,Miami,91.4,2026-09-15T20:05:00+00:00
2026-09-15T20:34:00+00:00,KDEN,Denver,68.0,2026-09-15T20:15:00+00:00
2026-09-15T20:34:00+00:00,KDEN,Denver,69.8,2026-09-15T20:10:00+00:00
2026-09-15T20:34:00+00:00,KLAX,Los Angeles,78.8,2026-09-15T20:20:00+00:00
2026-09-15T20:34:00+00:00,KLAX,Los Angeles,78.8,2026-09-15T20:15:00+00:00
2026-09-15T20:34:00+00:00,KLAX,Los Angeles,78.8,2026-09-15T20:10:00+00:00
2026-09-15T20:34:00+00:00,KPHL,Philadelphia,77.0,2026-09-15T20:20:00+00:00
2026-09-15T20:34:00+00:00,KPHL,Philadelphia,77.0,2026-09-15T20:15:00+00:00
2026-09-15T20:34:00+00:00,KPHL,Philadelphia,77.0,2026-09-15T20:10:00+00:00
2026-09-15T20:34:00+00:00,KPHL,Philadelphia,78.8,2026-09-15T20:05:00+00:00
2026-09-15T20:34:00+00:00,KAUS,Austin,100.4,2026-09-15T20:15:00+00:00
2026-09-15T20:34:00+00:00,KMDW,Chicago,84.2,2026-09-15T20:15:00+00:00
2026-09-15T20:34:00+00:00,KMDW,Chicago,84.2,2026-09-15T20:10:00+00:00
2026-09-15T20:34:00+00:00,KSFO,San Francisco,73.4,2026-09-15T20:20:00+00:00
2026-09-15T20:34:00+00:00,KSFO,San Francisco,71.59,2026-09-15T20:15:00+00:00
2026-09-15T20:34:00+00:00,KSFO,San Francisco,73.4,2026-09-15T20:10:00+00:00
2026-09-15T20:34:00+00:00,KPHX,Phoenix,96.8,2026-09-15T20:15:00+00:00
2026-09-15T20:34:00+00:00,KPHX,Phoenix,98.6,2026-09-15T20:10:00+00:00
2026-09-15T20:34:00+00:00,KDCA,Washington DC,77.0,2026-09-15T20:15:00+00:00
2026-09-15T20:34:00+00:00,KDCA,Washington DC,77.0,2026-09-15T20:10:00+00:00
2026-09-15T20:34:00+00:00,KATL,Atlanta,89.6,2026-09-15T20:15:00+00:00
2026-09-15T20:34:00+00:00,KATL,Atlanta,87.8,2026-09-15T20:10:00+00:00
2026-09-15T20:34:00+00:00,KDFW,Dallas,100.4,2026-09-15T20:20:00+00:00
2026-09-15T20:34:00+00:00,KDFW,Dallas,98.6,2026-09-15T20:15:00+00:00
2026-09-15T20:34:00+00:00,KDFW,Dallas,98.6,2026-09-15T20:10:00+00:00
2026-09-15T20:34:00+00:00,KDFW,Dallas,98.6,2026-09-15T20:05:00+00:00
2026-09-15T20:34:00+00:00,KSEA,Seattle,64.4,2026-09-15T20:20:00+00:00
2026-09-15T20:34:00+00:00,KSEA,Seattle,64.4,2026-09-15T20:15:00+00:00
2026-09-15T20:34:00+00:00,KSEA,Seattle,62.6,2026-09-15T20:10:00+00:00
2026-09-15T20:34:00+00:00,KLAS,Las Vegas,91.4,2026-09-15T20:15:00+00:00
2026-09-15T20:34:00+00:00,KLAS,Las Vegas,93.2,2026-09-15T20:10:00+00:00
2026-09-15T20:34:00+00:00,KOKC,Oklahoma City,100.4,2026-09-15T20:20:00+00:00
2026-09-15T20:34:00+00:00,KOKC,Oklahoma City,100.4,2026-09-15T20:15:00+00:00
2026-09-15T20:34:00+00:00,KOKC,Oklahoma City,100.4,2026-09-15T20:10:00+00:00
2026-09-15T20:34:00+00:00,KOKC,Oklahoma City,98.6,2026-09-15T20:05:00+00:00
2026-09-15T20:34:00+00:00,KBOS,Boston,64.4,2026-09-15T20:20:00+00:00
2026-09-15T20:34:00+00:00,KBOS,Boston,64.4,2026-09-15T20:15:00+00:00
2026-09-15T20:34:00+00:00,KBOS,Boston,62.6,2026-09-15T20:10:00+00:00
2026-09-15T20:34:00+00:00,KMSP,Minneapolis,71.59,2026-09-15T20:20:00+00:00
2026-09-15T20:34:00+00:00,KMSP,Minneapolis,69.8,2026-09-15T20:15:00+00:00
2026-09-15T20:34:00+00:00,KSAT,San Antonio,100.4,2026-09-15T20:15:00+00:00
2026-09-15T20:34:00+00:00,KMSY,New Orleans,91.4,2026-09-15T20:20:00+00:00
2026-09-15T20:34:00+00:00,KMSY,New Orleans,91.4,2026-09-15T20:15:00+00:00
2026-09-15T20:34:00+00:00,KHOU,Houston,87.8,2026-09-15T20:15:00+00:00
2026-09-15T20:49:00+00:00,KMIA,Miami,89.6,2026-09-15T20:35:00+00:00
2026-09-15T20:49:00+00:00,KMIA,Miami,89.6,2026-09-15T20:30:00+00:00
2026-09-15T20:49:00+00:00,KMIA,Miami,89.6,2026-09-15T20:25:00+00:00
2026-09-15T20:49:00+00:00,KDEN,Denver,69.8,2026-09-15T20:35:00+00:00
2026-09-15T20:49:00+00:00,KDEN,Denver,69.8,2026-09-15T20:30:00+00:00
2026-09-15T20:49:00+00:00,KDEN,Denver,69.8,2026-09-15T20:25:00+00:00
2026-09-15T20:49:00+00:00,KDEN,Denver,68.0,2026-09-15T20:20:00+00:00
2026-09-15T20:49:00+00:00,KLAX,Los Angeles,78.8,2026-09-15T20:30:00+00:00
2026-09-15T20:49:00+00:00,KLAX,Los Angeles,80.59,2026-09-15T20:25:00+00:00
2026-09-15T20:49:00+00:00,KPHL,Philadelphia,77.0,2026-09-15T20:30:00+00:00
2026-09-15T20:49:00+00:00,KPHL,Philadelphia,77.0,2026-09-15T20:25:00+00:00
2026-09-15T20:49:00+00:00,KAUS,Austin,100.4,2026-09-15T20:35:00+00:00
2026-09-15T20:49:00+00:00,KAUS,Austin,102.2,2026-09-15T20:30:00+00:00
2026-09-15T20:49:00+00:00,KAUS,Austin,100.4,2026-09-15T20:25:00+00:00
2026-09-15T20:49:00+00:00,KAUS,Austin,100.4,2026-09-15T20:20:00+00:00
2026-09-15T20:49:00+00:00,KMDW,Chicago,84.2,2026-09-15T20:30:00+00:00
2026-09-15T20:49:00+00:00,KMDW,Chicago,84.2,2026-09-15T20:25:00+00:00
2026-09-15T20:49:00+00:00,KMDW,Chicago,84.2,2026-09-15T20:20:00+00:00
2026-09-15T20:49:00+00:00,KSFO,San Francisco,71.59,2026-09-15T20:30:00+00:00
2026-09-15T20:49:00+00:00,KSFO,San Francisco,71.59,2026-09-15T20:25:00+00:00
2026-09-15T20:49:00+00:00,KPHX,Phoenix,98.6,2026-09-15T20:35:00+00:00
2026-09-15T20:49:00+00:00,KPHX,Phoenix,98.6,2026-09-15T20:30:00+00:00
2026-09-15T20:49:00+00:00,KPHX,Phoenix,98.6,2026-09-15T20:25:00+00:00
2026-09-15T20:49:00+00:00,KPHX,Phoenix,98.6,2026-09-15T20:20:00+00:00
2026-09-15T20:49:00+00:00,KDCA,Washington DC,77.0,2026-09-15T20:25:00+00:00
2026-09-15T20:49:00+00:00,KDCA,Washington DC,78.8,2026-09-15T20:20:00+00:00
2026-09-15T20:49:00+00:00,KATL,Atlanta,89.6,2026-09-15T20:30:00+00:00
2026-09-15T20:49:00+00:00,KATL,Atlanta,89.6,2026-09-15T20:25:00+00:00
2026-09-15T20:49:00+00:00,KATL,Atlanta,89.6,2026-09-15T20:20:00+00:00
2026-09-15T20:49:00+00:00,KDFW,Dallas,98.6,2026-09-15T20:25:00+00:00
2026-09-15T20:49:00+00:00,KSEA,Seattle,64.4,2026-09-15T20:35:00+00:00
2026-09-15T20:49:00+00:00,KSEA,Seattle,66.2,2026-09-15T20:30:00+00:00
2026-09-15T20:49:00+00:00,KSEA,Seattle,64.4,2026-09-15T20:25:00+00:00
2026-09-15T20:49:00+00:00,KLAS,Las Vegas,93.2,2026-09-15T20:35:00+00:00
2026-09-15T20:49:00+00:00,KLAS,Las Vegas,93.2,2026-09-15T20:30:00+00:00
2026-09-15T20:49:00+00:00,KLAS,Las Vegas,93.2,2026-09-15T20:25:00+00:00
2026-09-15T20:49:00+00:00,KLAS,Las Vegas,93.2,2026-09-15T20:20:00+00:00
2026-09-15T20:49:00+00:00,KOKC,Oklahoma City,100.4,2026-09-15T20:30:00+00:00
2026-09-15T20:49:00+00:00,KOKC,Oklahoma City,100.4,2026-09-15T20:25:00+00:00
2026-09-15T20:49:00+00:00,KBOS,Boston,64.4,2026-09-15T20:35:00+00:00
2026-09-15T20:49:00+00:00,KBOS,Boston,62.6,2026-09-15T20:30:00+00:00
2026-09-15T20:49:00+00:00,KBOS,Boston,62.6,2026-09-15T20:25:00+00:00
2026-09-15T20:49:00+00:00,KMSP,Minneapolis,71.59,2026-09-15T20:30:00+00:00
2026-09-15T20:49:00+00:00,KMSP,Minneapolis,69.8,2026-09-15T20:25:00+00:00
2026-09-15T20:49:00+00:00,KSAT,San Antonio,100.4,2026-09-15T20:25:00+00:00
2026-09-15T20:49:00+00:00,KSAT,San Antonio,98.6,2026-09-15T20:20:00+00:00
2026-09-15T20:49:00+00:00,KMSY,New Orleans,91.4,2026-09-15T20:35:00+00:00
2026-09-15T20:49:00+00:00,KMSY,New Orleans,91.4,2026-09-15T20:30:00+00:00
2026-09-15T20:49:00+00:00,KMSY,New Orleans,91.4,2026-09-15T20:25:00+00:00
2026-09-15T20:49:00+00:00,KHOU,Houston,89.6,2026-09-15T20:30:00+00:00
2026-09-15T20:49:00+00:00,KHOU,Houston,89.06,2026-09-15T20:28:00+00:00
2026-09-15T20:49:00+00:00,KHOU,Houston,87.8,2026-09-15T20:25:00+00:00
2026-09-15T20:49:00+00:00,KHOU,Houston,87.8,2026-09-15T20:20:00+00:00
2026-09-15T20:49:00+00:00,KHOU,Houston,87.08,2026-09-15T20:17:00+00:00
2026-09-15T21:04:00+00:00,KMIA,Miami,89.6,2026-09-15T20:45:00+00:00
2026-09-15T21:04:00+00:00,KMIA,Miami,89.6,2026-09-15T20:40:00+00:00
2026-09-15T21:04:00+00:00,KDEN,Denver,69.8,2026-09-15T20:45:00+00:00
2026-09-15T21:04:00+00:00,KDEN,Denver,69.8,2026-09-15T20:40:00+00:00
2026-09-15T21:04:00+00:00,KLAX,Los Angeles,80.59,2026-09-15T20:45:00+00:00
2026-09-15T21:04:00+00:00,KLAX,Los Angeles,80.59,2026-09-15T20:40:00+00:00
2026-09-15T21:04:00+00:00,KLAX,Los Angeles,78.8,2026-09-15T20:35:00+00:00
2026-09-15T21:04:00+00:00,KPHL,Philadelphia,77.0,2026-09-15T20:40:00+00:00
2026-09-15T21:04:00+00:00,KPHL,Philadelphia,77.0,2026-09-15T20:35:00+00:00
2026-09-15T21:04:00+00:00,KAUS,Austin,100.4,2026-09-15T20:45:00+00:00
2026-09-15T21:04:00+00:00,KAUS,Austin,100.4,2026-09-15T20:40:00+00:00
2026-09-15T21:04:00+00:00,KMDW,Chicago,82.4,2026-09-15T20:40:00+00:00
2026-09-15T21:04:00+00:00,KMDW,Chicago,84.2,2026-09-15T20:35:00+00:00
2026-09-15T21:04:00+00:00,KSFO,San Francisco,71.59,2026-09-15T20:45:00+00:00
2026-09-15T21:04:00+00:00,KSFO,San Francisco,71.59,2026-09-15T20:40:00+00:00
2026-09-15T21:04:00+00:00,KSFO,San Francisco,71.59,2026-09-15T20:35:00+00:00
2026-09-15T21:04:00+00:00,KPHX,Phoenix,98.6,2026-09-15T20:45:00+00:00
2026-09-15T21:04:00+00:00,KPHX,Phoenix,98.6,2026-09-15T20:40:00+00:00
2026-09-15T21:04:00+00:00,KDCA,Washington DC,78.8,2026-09-15T20:40:00+00:00
2026-09-15T21:04:00+00:00,KDCA,Washington DC,78.8,2026-09-15T20:35:00+00:00
2026-09-15T21:04:00+00:00,KDCA,Washington DC,77.0,2026-09-15T20:30:00+00:00
2026-09-15T21:04:00+00:00,KATL,Atlanta,89.6,2026-09-15T20:45:00+00:00
2026-09-15T21:04:00+00:00,KATL,Atlanta,87.8,2026-09-15T20:40:00+00:00
2026-09-15T21:04:00+00:00,KATL,Atlanta,89.6,2026-09-15T20:35:00+00:00
2026-09-15T21:04:00+00:00,KDFW,Dallas,100.4,2026-09-15T20:45:00+00:00
2026-09-15T21:04:00+00:00,KDFW,Dallas,98.6,2026-09-15T20:40:00+00:00
2026-09-15T21:04:00+00:00,KDFW,Dallas,100.4,2026-09-15T20:35:00+00:00
2026-09-15T21:04:00+00:00,KDFW,Dallas,100.4,2026-09-15T20:30:00+00:00
2026-09-15T21:04:00+00:00,KSEA,Seattle,64.4,2026-09-15T20:45:00+00:00
2026-09-15T21:04:00+00:00,KSEA,Seattle,64.4,2026-09-15T20:40:00+00:00
2026-09-15T21:04:00+00:00,KLAS,Las Vegas,93.2,2026-09-15T20:45:00+00:00
2026-09-15T21:04:00+00:00,KLAS,Las Vegas,93.2,2026-09-15T20:40:00+00:00
2026-09-15T21:04:00+00:00,KOKC,Oklahoma City,100.4,2026-09-15T20:45:00+00:00
2026-09-15T21:04:00+00:00,KOKC,Oklahoma City,100.4,2026-09-15T20:40:00+00:00
2026-09-15T21:04:00+00:00,KOKC,Oklahoma City,100.4,2026-09-15T20:35:00+00:00
2026-09-15T21:04:00+00:00,KBOS,Boston,64.4,2026-09-15T20:45:00+00:00
2026-09-15T21:04:00+00:00,KBOS,Boston,64.4,2026-09-15T20:40:00+00:00
2026-09-15T21:04:00+00:00,KMSP,Minneapolis,71.59,2026-09-15T20:45:00+00:00
2026-09-15T21:04:00+00:00,KMSP,Minneapolis,71.59,2026-09-15T20:40:00+00:00
2026-09-15T21:04:00+00:00,KSAT,San Antonio,100.4,2026-09-15T20:40:00+00:00
2026-09-15T21:04:00+00:00,KSAT,San Antonio,98.6,2026-09-15T20:35:00+00:00
2026-09-15T21:04:00+00:00,KSAT,San Antonio,98.6,2026-09-15T20:30:00+00:00
2026-09-15T21:04:00+00:00,KMSY,New Orleans,89.6,2026-09-15T20:45:00+00:00
2026-09-15T21:04:00+00:00,KMSY,New Orleans,89.6,2026-09-15T20:40:00+00:00
2026-09-15T21:04:00+00:00,KHOU,Houston,87.8,2026-09-15T20:40:00+00:00
2026-09-15T21:04:00+00:00,KHOU,Houston,89.6,2026-09-15T20:35:00+00:00
2026-09-15T21:19:00+00:00,KMIA,Miami,89.6,2026-09-15T21:00:00+00:00
2026-09-15T21:19:00+00:00,KMIA,Miami,89.6,2026-09-15T20:55:00+00:00
2026-09-15T21:19:00+00:00,KMIA,Miami,89.6,2026-09-15T20:50:00+00:00
2026-09-15T21:19:00+00:00,KDEN,Denver,69.8,2026-09-15T21:00:00+00:00
2026-09-15T21:19:00+00:00,KDEN,Denver,69.8,2026-09-15T20:55:00+00:00
2026-09-15T21:19:00+00:00,KDEN,Denver,69.8,2026-09-15T20:50:00+00:00
2026-09-15T21:19:00+00:00,KLAX,Los Angeles,80.59,2026-09-15T21:05:00+00:00
2026-09-15T21:19:00+00:00,KLAX,Los Angeles,80.59,2026-09-15T21:00:00+00:00
2026-09-15T21:19:00+00:00,KLAX,Los Angeles,78.8,2026-09-15T20:55:00+00:00
2026-09-15T21:19:00+00:00,KLAX,Los Angeles,80.59,2026-09-15T20:50:00+00:00
2026-09-15T21:19:00+00:00,KPHL,Philadelphia,77.0,2026-09-15T21:05:00+00:00
2026-09-15T21:19:00+00:00,KPHL,Philadelphia,77.0,2026-09-15T21:00:00+00:00
2026-09-15T21:19:00+00:00,KPHL,Philadelphia,77.0,2026-09-15T20:55:00+00:00
2026-09-15T21:19:00+00:00,KPHL,Philadelphia,77.0,2026-09-15T20:50:00+00:00
2026-09-15T21:19:00+00:00,KPHL,Philadelphia,77.0,2026-09-15T20:45:00+00:00
2026-09-15T21:19:00+00:00,KAUS,Austin,100.4,2026-09-15T21:10:00+00:00
2026-09-15T21:19:00+00:00,KAUS,Austin,102.2,2026-09-15T21:05:00+00:00
2026-09-15T21:19:00+00:00,KAUS,Austin,100.4,2026-09-15T21:00:00+00:00
2026-09-15T21:19:00+00:00,KAUS,Austin,100.4,2026-09-15T20:55:00+00:00
2026-09-15T21:19:00+00:00,KAUS,Austin,102.02,2026-09-15T20:53:00+00:00
2026-09-15T21:19:00+00:00,KAUS,Austin,102.2,2026-09-15T20:50:00+00:00
2026-09-15T21:19:00+00:00,KMDW,Chicago,82.4,2026-09-15T21:05:00+00:00
2026-09-15T21:19:00+00:00,KMDW,Chicago,82.4,2026-09-15T21:00:00+00:00
2026-09-15T21:19:00+00:00,KMDW,Chicago,84.2,2026-09-15T20:55:00+00:00
2026-09-15T21:19:00+00:00,KMDW,Chicago,84.91,2026-09-15T20:53:00+00:00
2026-09-15T21:19:00+00:00,KMDW,Chicago,84.2,2026-09-15T20:50:00+00:00
2026-09-15T21:19:00+00:00,KMDW,Chicago,84.2,2026-09-15T20:45:00+00:00
2026-09-15T21:19:00+00:00,KSFO,San Francisco,69.8,2026-09-15T21:05:00+00:00
2026-09-15T21:19:00+00:00,KSFO,San Francisco,69.8,2026-09-15T21:00:00+00:00
2026-09-15T21:19:00+00:00,KSFO,San Francisco,71.59,2026-09-15T20:55:00+00:00
2026-09-15T21:19:00+00:00,KSFO,San Francisco,71.59,2026-09-15T20:50:00+00:00
2026-09-15T21:19:00+00:00,KPHX,Phoenix,100.4,2026-09-15T21:05:00+00:00
2026-09-15T21:19:00+00:00,KPHX,Phoenix,100.4,2026-09-15T21:00:00+00:00
2026-09-15T21:19:00+00:00,KPHX,Phoenix,98.6,2026-09-15T20:55:00+00:00
2026-09-15T21:19:00+00:00,KPHX,Phoenix,100.4,2026-09-15T20:50:00+00:00
2026-09-15T21:19:00+00:00,KDCA,Washington DC,78.8,2026-09-15T21:00:00+00:00
2026-09-15T21:19:00+00:00,KDCA,Washington DC,78.8,2026-09-15T20:55:00+00:00
2026-09-15T21:19:00+00:00,KDCA,Washington DC,78.8,2026-09-15T20:50:00+00:00
2026-09-15T21:19:00+00:00,KDCA,Washington DC,78.8,2026-09-15T20:45:00+00:00
2026-09-15T21:19:00+00:00,KATL,Atlanta,87.8,2026-09-15T21:10:00+00:00
2026-09-15T21:19:00+00:00,KATL,Atlanta,89.6,2026-09-15T21:05:00+00:00
2026-09-15T21:19:00+00:00,KATL,Atlanta,89.6,2026-09-15T21:00:00+00:00
2026-09-15T21:19:00+00:00,KATL,Atlanta,89.6,2026-09-15T20:55:00+00:00
2026-09-15T21:19:00+00:00,KATL,Atlanta,89.06,2026-09-15T20:52:00+00:00
2026-09-15T21:19:00+00:00,KATL,Atlanta,89.6,2026-09-15T20:50:00+00:00
2026-09-15T21:19:00+00:00,KDFW,Dallas,100.4,2026-09-15T21:10:00+00:00
2026-09-15T21:19:00+00:00,KDFW,Dallas,100.4,2026-09-15T21:05:00+00:00
2026-09-15T21:19:00+00:00,KDFW,Dallas,100.4,2026-09-15T21:00:00+00:00
2026-09-15T21:19:00+00:00,KDFW,Dallas,100.4,2026-09-15T20:55:00+00:00
2026-09-15T21:19:00+00:00,KDFW,Dallas,100.04,2026-09-15T20:53:00+00:00
2026-09-15T21:19:00+00:00,KDFW,Dallas,98.6,2026-09-15T20:50:00+00:00
2026-09-15T21:19:00+00:00,KSEA,Seattle,62.6,2026-09-15T21:05:00+00:00
2026-09-15T21:19:00+00:00,KSEA,Seattle,64.4,2026-09-15T21:00:00+00:00
2026-09-15T21:19:00+00:00,KSEA,Seattle,64.4,2026-09-15T20:55:00+00:00
2026-09-15T21:19:00+00:00,KSEA,Seattle,64.4,2026-09-15T20:50:00+00:00
2026-09-15T21:19:00+00:00,KLAS,Las Vegas,96.8,2026-09-15T21:05:00+00:00
2026-09-15T21:19:00+00:00,KLAS,Las Vegas,95.0,2026-09-15T21:00:00+00:00
2026-09-15T21:19:00+00:00,KLAS,Las Vegas,93.2,2026-09-15T20:55:00+00:00
2026-09-15T21:19:00+00:00,KLAS,Las Vegas,93.2,2026-09-15T20:50:00+00:00
2026-09-15T21:19:00+00:00,KOKC,Oklahoma City,100.4,2026-09-15T21:05:00+00:00
2026-09-15T21:19:00+00:00,KOKC,Oklahoma City,100.4,2026-09-15T21:00:00+00:00
2026-09-15T21:19:00+00:00,KOKC,Oklahoma City,100.4,2026-09-15T20:55:00+00:00
2026-09-15T21:19:00+00:00,KOKC,Oklahoma City,100.94,2026-09-15T20:52:00+00:00
2026-09-15T21:19:00+00:00,KOKC,Oklahoma City,100.4,2026-09-15T20:50:00+00:00
2026-09-15T21:19:00+00:00,KBOS,Boston,62.6,2026-09-15T21:00:00+00:00
2026-09-15T21:19:00+00:00,KBOS,Boston,62.6,2026-09-15T20:55:00+00:00
2026-09-15T21:19:00+00:00,KBOS,Boston,64.4,2026-09-15T20:50:00+00:00
2026-09-15T21:19:00+00:00,KMSP,Minneapolis,71.59,2026-09-15T21:10:00+00:00
2026-09-15T21:19:00+00:00,KMSP,Minneapolis,71.59,2026-09-15T21:05:00+00:00
2026-09-15T21:19:00+00:00,KMSP,Minneapolis,71.59,2026-09-15T21:00:00+00:00
2026-09-15T21:19:00+00:00,KMSP,Minneapolis,71.06,2026-09-15T20:53:00+00:00
2026-09-15T21:19:00+00:00,KMSP,Minneapolis,71.59,2026-09-15T20:50:00+00:00
2026-09-15T21:19:00+00:00,KSAT,San Antonio,100.4,2026-09-15T21:10:00+00:00
2026-09-15T21:19:00+00:00,KSAT,San Antonio,100.4,2026-09-15T21:05:00+00:00
2026-09-15T21:19:00+00:00,KSAT,San Antonio,98.6,2026-09-15T21:00:00+00:00
2026-09-15T21:19:00+00:00,KSAT,San Antonio,100.4,2026-09-15T20:55:00+00:00
2026-09-15T21:19:00+00:00,KSAT,San Antonio,100.04,2026-09-15T20:51:00+00:00
2026-09-15T21:19:00+00:00,KSAT,San Antonio,98.6,2026-09-15T20:50:00+00:00
2026-09-15T21:19:00+00:00,KSAT,San Antonio,100.4,2026-09-15T20:45:00+00:00
2026-09-15T21:19:00+00:00,KMSY,New Orleans,91.4,2026-09-15T21:10:00+00:00
2026-09-15T21:19:00+00:00,KMSY,New Orleans,91.4,2026-09-15T21:05:00+00:00
2026-09-15T21:19:00+00:00,KMSY,New Orleans,91.4,2026-09-15T21:00:00+00:00
2026-09-15T21:19:00+00:00,KMSY,New Orleans,91.4,2026-09-15T20:55:00+00:00
2026-09-15T21:19:00+00:00,KMSY,New Orleans,89.96,2026-09-15T20:53:00+00:00
2026-09-15T21:19:00+00:00,KMSY,New Orleans,89.6,2026-09-15T20:50:00+00:00
2026-09-15T21:19:00+00:00,KHOU,Houston,87.8,2026-09-15T21:10:00+00:00
2026-09-15T21:19:00+00:00,KHOU,Houston,87.8,2026-09-15T21:05:00+00:00
2026-09-15T21:19:00+00:00,KHOU,Houston,87.8,2026-09-15T21:00:00+00:00
2026-09-15T21:19:00+00:00,KHOU,Houston,87.8,2026-09-15T20:55:00+00:00
2026-09-15T21:19:00+00:00,KHOU,Houston,87.08,2026-09-15T20:53:00+00:00
2026-09-15T21:19:00+00:00,KHOU,Houston,87.8,2026-09-15T20:50:00+00:00
2026-09-15T21:34:00+00:00,KNYC,New York City,69.08,2026-09-15T20:51:00+00:00
2026-09-15T21:34:00+00:00,KMIA,Miami,89.6,2026-09-15T21:20:00+00:00
2026-09-15T21:34:00+00:00,KMIA,Miami,89.6,2026-09-15T21:15:00+00:00
2026-09-15T21:34:00+00:00,KMIA,Miami,89.6,2026-09-15T21:10:00+00:00
2026-09-15T21:34:00+00:00,KMIA,Miami,89.6,2026-09-15T21:05:00+00:00
2026-09-15T21:34:00+00:00,KMIA,Miami,89.06,2026-09-15T20:53:00+00:00
2026-09-15T21:34:00+00:00,KDEN,Denver,69.8,2026-09-15T21:25:00+00:00
2026-09-15T21:34:00+00:00,KDEN,Denver,69.8,2026-09-15T21:20:00+00:00
2026-09-15T21:34:00+00:00,KDEN,Denver,71.59,2026-09-15T21:15:00+00:00
2026-09-15T21:34:00+00:00,KDEN,Denver,69.8,2026-09-15T21:10:00+00:00
2026-09-15T21:34:00+00:00,KDEN,Denver,69.8,2026-09-15T21:05:00+00:00
2026-09-15T21:34:00+00:00,KDEN,Denver,69.98,2026-09-15T20:53:00+00:00
2026-09-15T21:34:00+00:00,KLAX,Los Angeles,80.59,2026-09-15T21:25:00+00:00
2026-09-15T21:34:00+00:00,KLAX,Los Angeles,78.8,2026-09-15T21:20:00+00:00
2026-09-15T21:34:00+00:00,KLAX,Los Angeles,78.8,2026-09-15T21:15:00+00:00
2026-09-15T21:34:00+00:00,KLAX,Los Angeles,80.59,2026-09-15T21:10:00+00:00
2026-09-15T21:34:00+00:00,KLAX,Los Angeles,80.06,2026-09-15T20:53:00+00:00
2026-09-15T21:34:00+00:00,KPHL,Philadelphia,77.0,2026-09-15T21:15:00+00:00
2026-09-15T21:34:00+00:00,KPHL,Philadelphia,77.0,2026-09-15T21:10:00+00:00
2026-09-15T21:34:00+00:00,KPHL,Philadelphia,77.0,2026-09-15T20:54:00+00:00
2026-09-15T21:34:00+00:00,KAUS,Austin,100.4,2026-09-15T21:20:00+00:00
2026-09-15T21:34:00+00:00,KAUS,Austin,102.2,2026-09-15T21:15:00+00:00
2026-09-15T21:34:00+00:00,KMDW,Chicago,82.4,2026-09-15T21:20:00+00:00
2026-09-15T21:34:00+00:00,KMDW,Chicago,82.4,2026-09-15T21:15:00+00:00
2026-09-15T21:34:00+00:00,KMDW,Chicago,82.4,2026-09-15T21:10:00+00:00
2026-09-15T21:34:00+00:00,KSFO,San Francisco,71.59,2026-09-15T21:20:00+00:00
2026-09-15T21:34:00+00:00,KSFO,San Francisco,71.59,2026-09-15T21:15:00+00:00
2026-09-15T21:34:00+00:00,KSFO,San Francisco,69.8,2026-09-15T21:10:00+00:00
2026-09-15T21:34:00+00:00,KSFO,San Francisco,71.95,2026-09-15T20:56:00+00:00
2026-09-15T21:34:00+00:00,KPHX,Phoenix,100.4,2026-09-15T21:25:00+00:00
2026-09-15T21:34:00+00:00,KPHX,Phoenix,100.4,2026-09-15T21:20:00+00:00
2026-09-15T21:34:00+00:00,KPHX,Phoenix,98.6,2026-09-15T21:15:00+00:00
2026-09-15T21:34:00+00:00,KPHX,Phoenix,98.6,2026-09-15T21:10:00+00:00
2026-09-15T21:34:00+00:00,KPHX,Phoenix,100.04,2026-09-15T20:51:00+00:00
2026-09-15T21:34:00+00:00,KDCA,Washington DC,77.0,2026-09-15T21:15:00+00:00
2026-09-15T21:34:00+00:00,KDCA,Washington DC,77.0,2026-09-15T21:10:00+00:00
2026-09-15T21:34:00+00:00,KDCA,Washington DC,78.8,2026-09-15T21:05:00+00:00
2026-09-15T21:34:00+00:00,KDCA,Washington DC,78.08,2026-09-15T20:52:00+00:00
2026-09-15T21:34:00+00:00,KATL,Atlanta,89.6,2026-09-15T21:20:00+00:00
2026-09-15T21:34:00+00:00,KATL,Atlanta,87.8,2026-09-15T21:15:00+00:00
2026-09-15T21:34:00+00:00,KDFW,Dallas,100.4,2026-09-15T21:20:00+00:00
2026-09-15T21:34:00+00:00,KDFW,Dallas,100.4,2026-09-15T21:15:00+00:00
2026-09-15T21:34:00+00:00,KSEA,Seattle,64.4,2026-09-15T21:15:00+00:00
2026-09-15T21:34:00+00:00,KSEA,Seattle,64.4,2026-09-15T21:10:00+00:00
2026-09-15T21:34:00+00:00,KSEA,Seattle,64.04,2026-09-15T20:53:00+00:00
2026-09-15T21:34:00+00:00,KLAS,Las Vegas,96.8,2026-09-15T21:25:00+00:00
2026-09-15T21:34:00+00:00,KLAS,Las Vegas,96.8,2026-09-15T21:20:00+00:00
2026-09-15T21:34:00+00:00,KLAS,Las Vegas,96.8,2026-09-15T21:15:00+00:00
2026-09-15T21:34:00+00:00,KLAS,Las Vegas,96.8,2026-09-15T21:10:00+00:00
2026-09-15T21:34:00+00:00,KLAS,Las Vegas,93.91,2026-09-15T20:56:00+00:00
2026-09-15T21:34:00+00:00,KOKC,Oklahoma City,100.4,2026-09-15T21:20:00+00:00
2026-09-15T21:34:00+00:00,KOKC,Oklahoma City,100.4,2026-09-15T21:15:00+00:00
2026-09-15T21:34:00+00:00,KOKC,Oklahoma City,100.4,2026-09-15T21:10:00+00:00
2026-09-15T21:34:00+00:00,KBOS,Boston,62.6,2026-09-15T21:20:00+00:00
2026-09-15T21:34:00+00:00,KBOS,Boston,62.6,2026-09-15T21:15:00+00:00
2026-09-15T21:34:00+00:00,KBOS,Boston,62.6,2026-09-15T21:10:00+00:00
2026-09-15T21:34:00+00:00,KBOS,Boston,62.95,2026-09-15T20:54:00+00:00
2026-09-15T21:34:00+00:00,KSAT,San Antonio,100.4,2026-09-15T21:15:00+00:00
2026-09-15T21:34:00+00:00,KMSY,New Orleans,91.4,2026-09-15T21:20:00+00:00
2026-09-15T21:34:00+00:00,KMSY,New Orleans,91.4,2026-09-15T21:15:00+00:00
2026-09-15T21:49:00+00:00,KMIA,Miami,89.6,2026-09-15T21:30:00+00:00
2026-09-15T21:49:00+00:00,KMIA,Miami,89.6,2026-09-15T21:25:00+00:00
2026-09-15T21:49:00+00:00,KDEN,Denver,69.8,2026-09-15T21:35:00+00:00
2026-09-15T21:49:00+00:00,KDEN,Denver,69.8,2026-09-15T21:30:00+00:00
2026-09-15T21:49:00+00:00,KLAX,Los Angeles,80.59,2026-09-15T21:30:00+00:00
2026-09-15T21:49:00+00:00,KPHL,Philadelphia,77.0,2026-09-15T21:30:00+00:00
2026-09-15T21:49:00+00:00,KPHL,Philadelphia,77.0,2026-09-15T21:25:00+00:00
2026-09-15T21:49:00+00:00,KPHL,Philadelphia,77.0,2026-09-15T21:20:00+00:00
2026-09-15T21:49:00+00:00,KAUS,Austin,100.4,2026-09-15T21:30:00+00:00
2026-09-15T21:49:00+00:00,KAUS,Austin,100.4,2026-09-15T21:25:00+00:00
2026-09-15T21:49:00+00:00,KMDW,Chicago,82.4,2026-09-15T21:30:00+00:00
2026-09-15T21:49:00+00:00,KMDW,Chicago,82.4,2026-09-15T21:25:00+00:00
2026-09-15T21:49:00+00:00,KSFO,San Francisco,69.8,2026-09-15T21:35:00+00:00
2026-09-15T21:49:00+00:00,KSFO,San Francisco,71.59,2026-09-15T21:30:00+00:00
2026-09-15T21:49:00+00:00,KSFO,San Francisco,69.8,2026-09-15T21:25:00+00:00
2026-09-15T21:49:00+00:00,KPHX,Phoenix,98.6,2026-09-15T21:35:00+00:00
2026-09-15T21:49:00+00:00,KPHX,Phoenix,98.6,2026-09-15T21:30:00+00:00
2026-09-15T21:49:00+00:00,KDCA,Washington DC,77.0,2026-09-15T21:30:00+00:00
2026-09-15T21:49:00+00:00,KDCA,Washington DC,77.0,2026-09-15T21:25:00+00:00
2026-09-15T21:49:00+00:00,KDCA,Washington DC,77.0,2026-09-15T21:20:00+00:00
2026-09-15T21:49:00+00:00,KATL,Atlanta,89.6,2026-09-15T21:30:00+00:00
2026-09-15T21:49:00+00:00,KATL,Atlanta,89.6,2026-09-15T21:25:00+00:00
2026-09-15T21:49:00+00:00,KDFW,Dallas,100.4,2026-09-15T21:35:00+00:00
2026-09-15T21:49:00+00:00,KDFW,Dallas,100.4,2026-09-15T21:30:00+00:00
2026-09-15T21:49:00+00:00,KDFW,Dallas,100.4,2026-09-15T21:25:00+00:00
2026-09-15T21:49:00+00:00,KSEA,Seattle,66.2,2026-09-15T21:35:00+00:00
2026-09-15T21:49:00+00:00,KSEA,Seattle,66.2,2026-09-15T21:30:00+00:00
2026-09-15T21:49:00+00:00,KSEA,Seattle,64.4,2026-09-15T21:25:00+00:00
2026-09-15T21:49:00+00:00,KLAS,Las Vegas,96.8,2026-09-15T21:35:00+00:00
2026-09-15T21:49:00+00:00,KLAS,Las Vegas,96.8,2026-09-15T21:30:00+00:00
2026-09-15T21:49:00+00:00,KOKC,Oklahoma City,100.4,2026-09-15T21:30:00+00:00
2026-09-15T21:49:00+00:00,KOKC,Oklahoma City,100.4,2026-09-15T21:25:00+00:00
2026-09-15T21:49:00+00:00,KBOS,Boston,62.6,2026-09-15T21:30:00+00:00
2026-09-15T21:49:00+00:00,KBOS,Boston,62.6,2026-09-15T21:25:00+00:00
2026-09-15T21:49:00+00:00,KMSP,Minneapolis,71.59,2026-09-15T21:30:00+00:00
2026-09-15T21:49:00+00:00,KMSP,Minneapolis,71.59,2026-09-15T21:25:00+00:00
2026-09-15T21:49:00+00:00,KSAT,San Antonio,100.4,2026-09-15T21:30:00+00:00
2026-09-15T21:49:00+00:00,KSAT,San Antonio,100.4,2026-09-15T21:25:00+00:00
2026-09-15T21:49:00+00:00,KSAT,San Antonio,100.4,2026-09-15T21:20:00+00:00
2026-09-15T21:49:00+00:00,KMSY,New Orleans,91.4,2026-09-15T21:35:00+00:00
2026-09-15T21:49:00+00:00,KMSY,New Orleans,91.4,2026-09-15T21:30:00+00:00
2026-09-15T21:49:00+00:00,KMSY,New Orleans,91.4,2026-09-15T21:25:00+00:00
2026-09-15T22:04:00+00:00,KMIA,Miami,87.8,2026-09-15T21:45:00+00:00
2026-09-15T22:04:00+00:00,KMIA,Miami,89.6,2026-09-15T21:40:00+00:00
2026-09-15T22:04:00+00:00,KMIA,Miami,89.6,2026-09-15T21:35:00+00:00
2026-09-15T22:04:00+00:00,KDEN,Denver,71.59,2026-09-15T21:40:00+00:00
2026-09-15T22:04:00+00:00,KLAX,Los Angeles,78.8,2026-09-15T21:45:00+00:00
2026-09-15T22:04:00+00:00,KLAX,Los Angeles,78.8,2026-09-15T21:40:00+00:00
2026-09-15T22:04:00+00:00,KLAX,Los Angeles,78.8,2026-09-15T21:35:00+00:00
2026-09-15T22:04:00+00:00,KPHL,Philadelphia,77.0,2026-09-15T21:40:00+00:00
2026-09-15T22:04:00+00:00,KPHL,Philadelphia,77.0,2026-09-15T21:35:00+00:00
2026-09-15T22:04:00+00:00,KAUS,Austin,102.2,2026-09-15T21:45:00+00:00
2026-09-15T22:04:00+00:00,KAUS,Austin,102.2,2026-09-15T21:40:00+00:00
2026-09-15T22:04:00+00:00,KAUS,Austin,102.2,2026-09-15T21:35:00+00:00
2026-09-15T22:04:00+00:00,KMDW,Chicago,80.59,2026-09-15T21:40:00+00:00
2026-09-15T22:04:00+00:00,KMDW,Chicago,80.59,2026-09-15T21:35:00+00:00
2026-09-15T22:04:00+00:00,KSFO,San Francisco,69.8,2026-09-15T21:40:00+00:00
2026-09-15T22:04:00+00:00,KPHX,Phoenix,98.6,2026-09-15T21:45:00+00:00
2026-09-15T22:04:00+00:00,KPHX,Phoenix,98.6,2026-09-15T21:40:00+00:00
2026-09-15T22:04:00+00:00,KDCA,Washington DC,77.0,2026-09-15T21:40:00+00:00
2026-09-15T22:04:00+00:00,KDCA,Washington DC,77.0,2026-09-15T21:35:00+00:00
2026-09-15T22:04:00+00:00,KATL,Atlanta,87.8,2026-09-15T21:45:00+00:00
2026-09-15T22:04:00+00:00,KATL,Atlanta,87.8,2026-09-15T21:40:00+00:00
2026-09-15T22:04:00+00:00,KATL,Atlanta,87.8,2026-09-15T21:35:00+00:00
2026-09-15T22:04:00+00:00,KDFW,Dallas,100.4,2026-09-15T21:45:00+00:00
2026-09-15T22:04:00+00:00,KDFW,Dallas,98.6,2026-09-15T21:40:00+00:00
2026-09-15T22:04:00+00:00,KSEA,Seattle,66.2,2026-09-15T21:40:00+00:00
2026-09-15T22:04:00+00:00,KLAS,Las Vegas,96.8,2026-09-15T21:45:00+00:00
2026-09-15T22:04:00+00:00,KLAS,Las Vegas,96.8,2026-09-15T21:40:00+00:00
2026-09-15T22:04:00+00:00,KOKC,Oklahoma City,100.4,2026-09-15T21:45:00+00:00
2026-09-15T22:04:00+00:00,KOKC,Oklahoma City,100.4,2026-09-15T21:40:00+00:00
2026-09-15T22:04:00+00:00,KOKC,Oklahoma City,100.4,2026-09-15T21:35:00+00:00
2026-09-15T22:04:00+00:00,KBOS,Boston,62.6,2026-09-15T21:45:00+00:00
2026-09-15T22:04:00+00:00,KBOS,Boston,62.6,2026-09-15T21:40:00+00:00
2026-09-15T22:04:00+00:00,KMSP,Minneapolis,71.59,2026-09-15T21:45:00+00:00
2026-09-15T22:04:00+00:00,KMSP,Minneapolis,71.59,2026-09-15T21:40:00+00:00
2026-09-15T22:04:00+00:00,KMSP,Minneapolis,71.59,2026-09-15T21:35:00+00:00
2026-09-15T22:04:00+00:00,KSAT,San Antonio,100.4,2026-09-15T21:45:00+00:00
2026-09-15T22:04:00+00:00,KSAT,San Antonio,100.4,2026-09-15T21:40:00+00:00
2026-09-15T22:04:00+00:00,KSAT,San Antonio,100.4,2026-09-15T21:35:00+00:00
2026-09-15T22:04:00+00:00,KMSY,New Orleans,91.4,2026-09-15T21:45:00+00:00
2026-09-15T22:04:00+00:00,KMSY,New Orleans,91.4,2026-09-15T21:40:00+00:00
2026-09-15T22:19:00+00:00,KNYC,New York City,68.0,2026-09-15T21:51:00+00:00
2026-09-15T22:19:00+00:00,KMIA,Miami,87.8,2026-09-15T22:00:00+00:00
2026-09-15T22:19:00+00:00,KMIA,Miami,87.8,2026-09-15T21:55:00+00:00
2026-09-15T22:19:00+00:00,KMIA,Miami,87.98,2026-09-15T21:53:00+00:00
2026-09-15T22:19:00+00:00,KMIA,Miami,87.8,2026-09-15T21:50:00+00:00
2026-09-15T22:19:00+00:00,KDEN,Denver,69.8,2026-09-15T22:00:00+00:00
2026-09-15T22:19:00+00:00,KDEN,Denver,69.8,2026-09-15T21:55:00+00:00
2026-09-15T22:19:00+00:00,KDEN,Denver,71.06,2026-09-15T21:53:00+00:00
2026-09-15T22:19:00+00:00,KDEN,Denver,69.8,2026-09-15T21:50:00+00:00
2026-09-15T22:19:00+00:00,KDEN,Denver,69.8,2026-09-15T21:45:00+00:00
2026-09-15T22:19:00+00:00,KLAX,Los Angeles,78.8,2026-09-15T22:00:00+00:00
2026-09-15T22:19:00+00:00,KLAX,Los Angeles,78.98,2026-09-15T21:53:00+00:00
2026-09-15T22:19:00+00:00,KLAX,Los Angeles,78.8,2026-09-15T21:50:00+00:00
2026-09-15T22:19:00+00:00,KPHL,Philadelphia,77.0,2026-09-15T22:00:00+00:00
2026-09-15T22:19:00+00:00,KPHL,Philadelphia,77.0,2026-09-15T21:55:00+00:00
2026-09-15T22:19:00+00:00,KPHL,Philadelphia,77.0,2026-09-15T21:54:00+00:00
2026-09-15T22:19:00+00:00,KPHL,Philadelphia,77.0,2026-09-15T21:50:00+00:00
2026-09-15T22:19:00+00:00,KPHL,Philadelphia,77.0,2026-09-15T21:45:00+00:00
2026-09-15T22:19:00+00:00,KAUS,Austin,100.4,2026-09-15T22:10:00+00:00
2026-09-15T22:19:00+00:00,KAUS,Austin,100.4,2026-09-15T22:05:00+00:00
2026-09-15T22:19:00+00:00,KAUS,Austin,100.4,2026-09-15T22:00:00+00:00
2026-09-15T22:19:00+00:00,KAUS,Austin,100.4,2026-09-15T21:55:00+00:00
2026-09-15T22:19:00+00:00,KAUS,Austin,100.94,2026-09-15T21:53:00+00:00
2026-09-15T22:19:00+00:00,KAUS,Austin,100.4,2026-09-15T21:50:00+00:00
2026-09-15T22:19:00+00:00,KMDW,Chicago,82.4,2026-09-15T22:05:00+00:00
2026-09-15T22:19:00+00:00,KMDW,Chicago,82.4,2026-09-15T22:00:00+00:00
2026-09-15T22:19:00+00:00,KMDW,Chicago,82.4,2026-09-15T21:55:00+00:00
2026-09-15T22:19:00+00:00,KMDW,Chicago,80.95,2026-09-15T21:53:00+00:00
2026-09-15T22:19:00+00:00,KMDW,Chicago,80.59,2026-09-15T21:50:00+00:00
2026-09-15T22:19:00+00:00,KMDW,Chicago,80.59,2026-09-15T21:45:00+00:00
2026-09-15T22:19:00+00:00,KSFO,San Francisco,69.8,2026-09-15T22:05:00+00:00
2026-09-15T22:19:00+00:00,KSFO,San Francisco,71.59,2026-09-15T22:00:00+00:00
2026-09-15T22:19:00+00:00,KSFO,San Francisco,71.06,2026-09-15T21:56:00+00:00
2026-09-15T22:19:00+00:00,KSFO,San Francisco,69.8,2026-09-15T21:55:00+00:00
2026-09-15T22:19:00+00:00,KSFO,San Francisco,69.8,2026-09-15T21:50:00+00:00
2026-09-15T22:19:00+00:00,KSFO,San Francisco,71.59,2026-09-15T21:45:00+00:00
2026-09-15T22:19:00+00:00,KPHX,Phoenix,98.6,2026-09-15T22:05:00+00:00
2026-09-15T22:19:00+00:00,KPHX,Phoenix,100.4,2026-09-15T22:00:00+00:00
2026-09-15T22:19:00+00:00,KPHX,Phoenix,100.4,2026-09-15T21:55:00+00:00
2026-09-15T22:19:00+00:00,KPHX,Phoenix,100.04,2026-09-15T21:51:00+00:00
2026-09-15T22:19:00+00:00,KPHX,Phoenix,100.4,2026-09-15T21:50:00+00:00
2026-09-15T22:19:00+00:00,KDCA,Washington DC,77.0,2026-09-15T22:00:00+00:00
2026-09-15T22:19:00+00:00,KDCA,Washington DC,77.0,2026-09-15T21:55:00+00:00
2026-09-15T22:19:00+00:00,KDCA,Washington DC,77.0,2026-09-15T21:52:00+00:00
2026-09-15T22:19:00+00:00,KDCA,Washington DC,77.0,2026-09-15T21:50:00+00:00
2026-09-15T22:19:00+00:00,KDCA,Washington DC,77.0,2026-09-15T21:45:00+00:00
2026-09-15T22:19:00+00:00,KATL,Atlanta,87.8,2026-09-15T22:05:00+00:00
2026-09-15T22:19:00+00:00,KATL,Atlanta,87.8,2026-09-15T22:00:00+00:00
2026-09-15T22:19:00+00:00,KATL,Atlanta,87.8,2026-09-15T21:55:00+00:00
2026-09-15T22:19:00+00:00,KATL,Atlanta,87.98,2026-09-15T21:52:00+00:00
2026-09-15T22:19:00+00:00,KATL,Atlanta,87.8,2026-09-15T21:50:00+00:00
2026-09-15T22:19:00+00:00,KDFW,Dallas,100.4,2026-09-15T22:10:00+00:00
2026-09-15T22:19:00+00:00,KDFW,Dallas,100.4,2026-09-15T22:05:00+00:00
2026-09-15T22:19:00+00:00,KDFW,Dallas,100.4,2026-09-15T22:00:00+00:00
2026-09-15T22:19:00+00:00,KDFW,Dallas,100.4,2026-09-15T21:55:00+00:00
2026-09-15T22:19:00+00:00,KDFW,Dallas,100.94,2026-09-15T21:53:00+00:00
2026-09-15T22:19:00+00:00,KDFW,Dallas,100.4,2026-09-15T21:50:00+00:00
2026-09-15T22:19:00+00:00,KSEA,Seattle,66.2,2026-09-15T22:00:00+00:00
2026-09-15T22:19:00+00:00,KSEA,Seattle,66.02,2026-09-15T21:53:00+00:00
2026-09-15T22:19:00+00:00,KSEA,Seattle,66.2,2026-09-15T21:50:00+00:00
2026-09-15T22:19:00+00:00,KSEA,Seattle,66.2,2026-09-15T21:45:00+00:00
2026-09-15T22:19:00+00:00,KLAS,Las Vegas,96.8,2026-09-15T22:00:00+00:00
2026-09-15T22:19:00+00:00,KLAS,Las Vegas,96.98,2026-09-15T21:56:00+00:00
2026-09-15T22:19:00+00:00,KLAS,Las Vegas,96.8,2026-09-15T21:50:00+00:00
2026-09-15T22:19:00+00:00,KLAS,Las Vegas,96.08,2026-09-15T21:46:00+00:00
2026-09-15T22:19:00+00:00,KOKC,Oklahoma City,100.4,2026-09-15T22:10:00+00:00
2026-09-15T22:19:00+00:00,KOKC,Oklahoma City,100.4,2026-09-15T22:05:00+00:00
2026-09-15T22:19:00+00:00,KOKC,Oklahoma City,100.4,2026-09-15T22:00:00+00:00
2026-09-15T22:19:00+00:00,KOKC,Oklahoma City,100.4,2026-09-15T21:55:00+00:00
2026-09-15T22:19:00+00:00,KOKC,Oklahoma City,100.04,2026-09-15T21:52:00+00:00
2026-09-15T22:19:00+00:00,KOKC,Oklahoma City,100.4,2026-09-15T21:50:00+00:00
2026-09-15T22:19:00+00:00,KBOS,Boston,62.6,2026-09-15T22:00:00+00:00
2026-09-15T22:19:00+00:00,KBOS,Boston,62.6,2026-09-15T21:55:00+00:00
2026-09-15T22:19:00+00:00,KBOS,Boston,62.05,2026-09-15T21:54:00+00:00
2026-09-15T22:19:00+00:00,KBOS,Boston,62.6,2026-09-15T21:50:00+00:00
2026-09-15T22:19:00+00:00,KMSP,Minneapolis,71.59,2026-09-15T22:05:00+00:00
2026-09-15T22:19:00+00:00,KMSP,Minneapolis,71.59,2026-09-15T22:00:00+00:00
2026-09-15T22:19:00+00:00,KMSP,Minneapolis,71.59,2026-09-15T21:55:00+00:00
2026-09-15T22:19:00+00:00,KMSP,Minneapolis,71.06,2026-09-15T21:53:00+00:00
2026-09-15T22:19:00+00:00,KMSP,Minneapolis,71.59,2026-09-15T21:50:00+00:00
2026-09-15T22:19:00+00:00,KSAT,San Antonio,100.4,2026-09-15T22:05:00+00:00
2026-09-15T22:19:00+00:00,KSAT,San Antonio,100.4,2026-09-15T22:00:00+00:00
2026-09-15T22:19:00+00:00,KSAT,San Antonio,98.6,2026-09-15T21:55:00+00:00
2026-09-15T22:19:00+00:00,KSAT,San Antonio,100.04,2026-09-15T21:51:00+00:00
2026-09-15T22:19:00+00:00,KSAT,San Antonio,100.4,2026-09-15T21:50:00+00:00
2026-09-15T22:19:00+00:00,KMSY,New Orleans,91.4,2026-09-15T22:10:00+00:00
2026-09-15T22:19:00+00:00,KMSY,New Orleans,91.4,2026-09-15T22:05:00+00:00
2026-09-15T22:19:00+00:00,KMSY,New Orleans,91.4,2026-09-15T22:00:00+00:00
2026-09-15T22:19:00+00:00,KMSY,New Orleans,91.4,2026-09-15T21:55:00+00:00
2026-09-15T22:19:00+00:00,KMSY,New Orleans,91.04,2026-09-15T21:53:00+00:00
2026-09-15T22:19:00+00:00,KMSY,New Orleans,91.4,2026-09-15T21:50:00+00:00
2026-09-15T22:19:00+00:00,KHOU,Houston,84.2,2026-09-15T21:25:00+00:00
2026-09-15T22:19:00+00:00,KHOU,Houston,84.91,2026-09-15T21:23:00+00:00
2026-09-15T22:19:00+00:00,KHOU,Houston,86.0,2026-09-15T21:20:00+00:00
2026-09-15T22:19:00+00:00,KHOU,Houston,86.0,2026-09-15T21:15:00+00:00
2026-09-15T22:34:00+00:00,KMIA,Miami,87.8,2026-09-15T22:15:00+00:00
2026-09-15T22:34:00+00:00,KMIA,Miami,87.8,2026-09-15T22:10:00+00:00
2026-09-15T22:34:00+00:00,KMIA,Miami,87.8,2026-09-15T22:05:00+00:00
2026-09-15T22:34:00+00:00,KDEN,Denver,69.8,2026-09-15T22:15:00+00:00
2026-09-15T22:34:00+00:00,KDEN,Denver,69.8,2026-09-15T22:10:00+00:00
2026-09-15T22:34:00+00:00,KDEN,Denver,71.59,2026-09-15T22:05:00+00:00
2026-09-15T22:34:00+00:00,KLAX,Los Angeles,78.8,2026-09-15T22:15:00+00:00
2026-09-15T22:34:00+00:00,KLAX,Los Angeles,78.8,2026-09-15T22:10:00+00:00
2026-09-15T22:34:00+00:00,KLAX,Los Angeles,80.59,2026-09-15T22:05:00+00:00
2026-09-15T22:34:00+00:00,KLAX,Los Angeles,78.8,2026-09-15T21:55:00+00:00
2026-09-15T22:34:00+00:00,KPHL,Philadelphia,75.2,2026-09-15T22:15:00+00:00
2026-09-15T22:34:00+00:00,KPHL,Philadelphia,77.0,2026-09-15T22:10:00+00:00
2026-09-15T22:34:00+00:00,KPHL,Philadelphia,77.0,2026-09-15T22:05:00+00:00
2026-09-15T22:34:00+00:00,KAUS,Austin,100.4,2026-09-15T22:20:00+00:00
2026-09-15T22:34:00+00:00,KAUS,Austin,100.4,2026-09-15T22:15:00+00:00
2026-09-15T22:34:00+00:00,KMDW,Chicago,80.59,2026-09-15T22:20:00+00:00
2026-09-15T22:34:00+00:00,KMDW,Chicago,82.4,2026-09-15T22:15:00+00:00
2026-09-15T22:34:00+00:00,KMDW,Chicago,82.4,2026-09-15T22:10:00+00:00
2026-09-15T22:34:00+00:00,KSFO,San Francisco,71.59,2026-09-15T22:15:00+00:00
2026-09-15T22:34:00+00:00,KSFO,San Francisco,71.59,2026-09-15T22:10:00+00:00
2026-09-15T22:34:00+00:00,KPHX,Phoenix,102.2,2026-09-15T22:25:00+00:00
2026-09-15T22:34:00+00:00,KPHX,Phoenix,100.4,2026-09-15T22:20:00+00:00
2026-09-15T22:34:00+00:00,KPHX,Phoenix,100.4,2026-09-15T22:15:00+00:00
2026-09-15T22:34:00+00:00,KPHX,Phoenix,100.4,2026-09-15T22:10:00+00:00
2026-09-15T22:34:00+00:00,KDCA,Washington DC,75.2,2026-09-15T22:15:00+00:00
2026-09-15T22:34:00+00:00,KDCA,Washington DC,75.2,2026-09-15T22:10:00+00:00
2026-09-15T22:34:00+00:00,KDCA,Washington DC,75.2,2026-09-15T22:05:00+00:00
2026-09-15T22:34:00+00:00,KATL,Atlanta,87.8,2026-09-15T22:20:00+00:00
2026-09-15T22:34:00+00:00,KATL,Atlanta,87.8,2026-09-15T22:15:00+00:00
2026-09-15T22:34:00+00:00,KATL,Atlanta,87.8,2026-09-15T22:10:00+00:00
2026-09-15T22:34:00+00:00,KDFW,Dallas,98.6,2026-09-15T22:15:00+00:00
2026-09-15T22:34:00+00:00,KSEA,Seattle,66.2,2026-09-15T22:10:00+00:00
2026-09-15T22:34:00+00:00,KSEA,Seattle,66.2,2026-09-15T22:05:00+00:00
2026-09-15T22:34:00+00:00,KSEA,Seattle,66.2,2026-09-15T21:55:00+00:00
2026-09-15T22:34:00+00:00,KLAS,Las Vegas,96.8,2026-09-15T22:15:00+00:00
2026-09-15T22:34:00+00:00,KLAS,Las Vegas,96.8,2026-09-15T22:10:00+00:00
2026-09-15T22:34:00+00:00,KLAS,Las Vegas,96.8,2026-09-15T22:05:00+00:00
2026-09-15T22:34:00+00:00,KLAS,Las Vegas,96.8,2026-09-15T21:55:00+00:00
2026-09-15T22:34:00+00:00,KOKC,Oklahoma City,100.4,2026-09-15T22:15:00+00:00
2026-09-15T22:34:00+00:00,KBOS,Boston,62.6,2026-09-15T22:15:00+00:00
2026-09-15T22:34:00+00:00,KBOS,Boston,60.8,2026-09-15T22:10:00+00:00
2026-09-15T22:34:00+00:00,KMSP,Minneapolis,71.59,2026-09-15T22:15:00+00:00
2026-09-15T22:34:00+00:00,KMSP,Minneapolis,71.59,2026-09-15T22:10:00+00:00
2026-09-15T22:34:00+00:00,KSAT,San Antonio,100.4,2026-09-15T22:15:00+00:00
2026-09-15T22:34:00+00:00,KSAT,San Antonio,100.4,2026-09-15T22:10:00+00:00
2026-09-15T22:34:00+00:00,KMSY,New Orleans,91.4,2026-09-15T22:20:00+00:00
2026-09-15T22:34:00+00:00,KMSY,New Orleans,91.4,2026-09-15T22:15:00+00:00
2026-09-15T22:34:00+00:00,KHOU,Houston,84.2,2026-09-15T22:15:00+00:00
2026-09-15T22:34:00+00:00,KHOU,Houston,84.91,2026-09-15T22:13:00+00:00
2026-09-15T22:34:00+00:00,KHOU,Houston,84.2,2026-09-15T22:10:00+00:00
2026-09-15T22:49:00+00:00,KMIA,Miami,87.8,2026-09-15T22:35:00+00:00
2026-09-15T22:49:00+00:00,KMIA,Miami,87.8,2026-09-15T22:30:00+00:00
2026-09-15T22:49:00+00:00,KMIA,Miami,87.8,2026-09-15T22:25:00+00:00
2026-09-15T22:49:00+00:00,KMIA,Miami,87.8,2026-09-15T22:20:00+00:00
2026-09-15T22:49:00+00:00,KDEN,Denver,69.8,2026-09-15T22:35:00+00:00
2026-09-15T22:49:00+00:00,KDEN,Denver,69.8,2026-09-15T22:30:00+00:00
2026-09-15T22:49:00+00:00,KDEN,Denver,69.8,2026-09-15T22:25:00+00:00
2026-09-15T22:49:00+00:00,KDEN,Denver,71.59,2026-09-15T22:20:00+00:00
2026-09-15T22:49:00+00:00,KLAX,Los Angeles,78.8,2026-09-15T22:35:00+00:00
2026-09-15T22:49:00+00:00,KLAX,Los Angeles,78.8,2026-09-15T22:30:00+00:00
2026-09-15T22:49:00+00:00,KLAX,Los Angeles,78.8,2026-09-15T22:25:00+00:00
2026-09-15T22:49:00+00:00,KLAX,Los Angeles,78.8,2026-09-15T22:20:00+00:00
2026-09-15T22:49:00+00:00,KPHL,Philadelphia,75.2,2026-09-15T22:35:00+00:00
2026-09-15T22:49:00+00:00,KPHL,Philadelphia,75.2,2026-09-15T22:30:00+00:00
2026-09-15T22:49:00+00:00,KPHL,Philadelphia,75.2,2026-09-15T22:25:00+00:00
2026-09-15T22:49:00+00:00,KPHL,Philadelphia,75.2,2026-09-15T22:20:00+00:00
2026-09-15T22:49:00+00:00,KAUS,Austin,100.4,2026-09-15T22:30:00+00:00
2026-09-15T22:49:00+00:00,KAUS,Austin,100.4,2026-09-15T22:25:00+00:00
2026-09-15T22:49:00+00:00,KMDW,Chicago,80.59,2026-09-15T22:35:00+00:00
2026-09-15T22:49:00+00:00,KMDW,Chicago,80.59,2026-09-15T22:30:00+00:00
2026-09-15T22:49:00+00:00,KMDW,Chicago,80.59,2026-09-15T22:25:00+00:00
2026-09-15T22:49:00+00:00,KSFO,San Francisco,69.8,2026-09-15T22:35:00+00:00
2026-09-15T22:49:00+00:00,KSFO,San Francisco,69.8,2026-09-15T22:30:00+00:00
2026-09-15T22:49:00+00:00,KSFO,San Francisco,69.8,2026-09-15T22:25:00+00:00
2026-09-15T22:49:00+00:00,KSFO,San Francisco,71.59,2026-09-15T22:20:00+00:00
2026-09-15T22:49:00+00:00,KPHX,Phoenix,100.4,2026-09-15T22:35:00+00:00
2026-09-15T22:49:00+00:00,KPHX,Phoenix,100.4,2026-09-15T22:30:00+00:00
2026-09-15T22:49:00+00:00,KDCA,Washington DC,75.2,2026-09-15T22:35:00+00:00
2026-09-15T22:49:00+00:00,KDCA,Washington DC,75.2,2026-09-15T22:30:00+00:00
2026-09-15T22:49:00+00:00,KDCA,Washington DC,75.2,2026-09-15T22:25:00+00:00
2026-09-15T22:49:00+00:00,KDCA,Washington DC,75.2,2026-09-15T22:20:00+00:00
2026-09-15T22:49:00+00:00,KATL,Atlanta,87.8,2026-09-15T22:35:00+00:00
2026-09-15T22:49:00+00:00,KATL,Atlanta,86.0,2026-09-15T22:30:00+00:00
2026-09-15T22:49:00+00:00,KATL,Atlanta,87.8,2026-09-15T22:25:00+00:00
2026-09-15T22:49:00+00:00,KDFW,Dallas,100.4,2026-09-15T22:30:00+00:00
2026-09-15T22:49:00+00:00,KDFW,Dallas,100.4,2026-09-15T22:25:00+00:00
2026-09-15T22:49:00+00:00,KDFW,Dallas,100.4,2026-09-15T22:20:00+00:00
2026-09-15T22:49:00+00:00,KSEA,Seattle,66.2,2026-09-15T22:30:00+00:00
2026-09-15T22:49:00+00:00,KSEA,Seattle,66.2,2026-09-15T22:20:00+00:00
2026-09-15T22:49:00+00:00,KSEA,Seattle,66.2,2026-09-15T22:15:00+00:00
2026-09-15T22:49:00+00:00,KLAS,Las Vegas,96.8,2026-09-15T22:35:00+00:00
2026-09-15T22:49:00+00:00,KLAS,Las Vegas,96.8,2026-09-15T22:30:00+00:00
2026-09-15T22:49:00+00:00,KLAS,Las Vegas,96.8,2026-09-15T22:25:00+00:00
2026-09-15T22:49:00+00:00,KLAS,Las Vegas,96.8,2026-09-15T22:20:00+00:00
2026-09-15T22:49:00+00:00,KOKC,Oklahoma City,100.4,2026-09-15T22:30:00+00:00
2026-09-15T22:49:00+00:00,KOKC,Oklahoma City,100.4,2026-09-15T22:25:00+00:00
2026-09-15T22:49:00+00:00,KOKC,Oklahoma City,100.4,2026-09-15T22:20:00+00:00
2026-09-15T22:49:00+00:00,KBOS,Boston,60.8,2026-09-15T22:35:00+00:00
2026-09-15T22:49:00+00:00,KBOS,Boston,60.8,2026-09-15T22:30:00+00:00
2026-09-15T22:49:00+00:00,KBOS,Boston,60.8,2026-09-15T22:25:00+00:00
2026-09-15T22:49:00+00:00,KBOS,Boston,62.6,2026-09-15T22:20:00+00:00
2026-09-15T22:49:00+00:00,KMSP,Minneapolis,71.59,2026-09-15T22:30:00+00:00
2026-09-15T22:49:00+00:00,KMSP,Minneapolis,71.59,2026-09-15T22:25:00+00:00
2026-09-15T22:49:00+00:00,KMSP,Minneapolis,71.59,2026-09-15T22:20:00+00:00
2026-09-15T22:49:00+00:00,KSAT,San Antonio,100.4,2026-09-15T22:30:00+00:00
2026-09-15T22:49:00+00:00,KSAT,San Antonio,100.4,2026-09-15T22:25:00+00:00
2026-09-15T22:49:00+00:00,KSAT,San Antonio,100.4,2026-09-15T22:20:00+00:00
2026-09-15T22:49:00+00:00,KMSY,New Orleans,89.6,2026-09-15T22:30:00+00:00
2026-09-15T22:49:00+00:00,KMSY,New Orleans,89.6,2026-09-15T22:25:00+00:00
2026-09-15T22:49:00+00:00,KHOU,Houston,87.8,2026-09-15T22:30:00+00:00
2026-09-15T22:49:00+00:00,KHOU,Houston,86.0,2026-09-15T22:25:00+00:00
2026-09-15T22:49:00+00:00,KHOU,Houston,86.0,2026-09-15T22:20:00+00:00
2026-09-15T23:04:00+00:00,KMIA,Miami,87.8,2026-09-15T22:40:00+00:00
2026-09-15T23:04:00+00:00,KDEN,Denver,69.8,2026-09-15T22:45:00+00:00
2026-09-15T23:04:00+00:00,KDEN,Denver,71.59,2026-09-15T22:40:00+00:00
2026-09-15T23:04:00+00:00,KLAX,Los Angeles,78.8,2026-09-15T22:45:00+00:00
2026-09-15T23:04:00+00:00,KLAX,Los Angeles,77.0,2026-09-15T22:40:00+00:00
2026-09-15T23:04:00+00:00,KPHL,Philadelphia,75.2,2026-09-15T22:40:00+00:00
2026-09-15T23:04:00+00:00,KAUS,Austin,100.4,2026-09-15T22:45:00+00:00
2026-09-15T23:04:00+00:00,KAUS,Austin,100.4,2026-09-15T22:40:00+00:00
2026-09-15T23:04:00+00:00,KAUS,Austin,100.4,2026-09-15T22:35:00+00:00
2026-09-15T23:04:00+00:00,KMDW,Chicago,80.59,2026-09-15T22:40:00+00:00
2026-09-15T23:04:00+00:00,KSFO,San Francisco,69.8,2026-09-15T22:40:00+00:00
2026-09-15T23:04:00+00:00,KPHX,Phoenix,100.4,2026-09-15T22:40:00+00:00
2026-09-15T23:04:00+00:00,KDCA,Washington DC,73.4,2026-09-15T22:45:00+00:00
2026-09-15T23:04:00+00:00,KDCA,Washington DC,75.2,2026-09-15T22:40:00+00:00
2026-09-15T23:04:00+00:00,KATL,Atlanta,87.8,2026-09-15T22:40:00+00:00
2026-09-15T23:04:00+00:00,KDFW,Dallas,100.4,2026-09-15T22:45:00+00:00
2026-09-15T23:04:00+00:00,KDFW,Dallas,98.6,2026-09-15T22:40:00+00:00
2026-09-15T23:04:00+00:00,KDFW,Dallas,100.4,2026-09-15T22:35:00+00:00
2026-09-15T23:04:00+00:00,KSEA,Seattle,66.2,2026-09-15T22:45:00+00:00
2026-09-15T23:04:00+00:00,KSEA,Seattle,66.2,2026-09-15T22:40:00+00:00
2026-09-15T23:04:00+00:00,KSEA,Seattle,66.2,2026-09-15T22:35:00+00:00
2026-09-15T23:04:00+00:00,KLAS,Las Vegas,96.8,2026-09-15T22:40:00+00:00
2026-09-15T23:04:00+00:00,KOKC,Oklahoma City,98.6,2026-09-15T22:40:00+00:00
2026-09-15T23:04:00+00:00,KOKC,Oklahoma City,98.6,2026-09-15T22:35:00+00:00
2026-09-15T23:04:00+00:00,KBOS,Boston,60.8,2026-09-15T22:45:00+00:00
2026-09-15T23:04:00+00:00,KBOS,Boston,60.8,2026-09-15T22:40:00+00:00
2026-09-15T23:04:00+00:00,KMSP,Minneapolis,71.59,2026-09-15T22:45:00+00:00
2026-09-15T23:04:00+00:00,KMSP,Minneapolis,71.59,2026-09-15T22:40:00+00:00
2026-09-15T23:04:00+00:00,KMSP,Minneapolis,71.59,2026-09-15T22:35:00+00:00
2026-09-15T23:04:00+00:00,KSAT,San Antonio,98.6,2026-09-15T22:45:00+00:00
2026-09-15T23:04:00+00:00,KSAT,San Antonio,98.6,2026-09-15T22:40:00+00:00
2026-09-15T23:04:00+00:00,KSAT,San Antonio,100.4,2026-09-15T22:35:00+00:00
2026-09-15T23:04:00+00:00,KMSY,New Orleans,89.6,2026-09-15T22:45:00+00:00
2026-09-15T23:04:00+00:00,KMSY,New Orleans,89.6,2026-09-15T22:40:00+00:00
2026-09-15T23:04:00+00:00,KMSY,New Orleans,89.6,2026-09-15T22:35:00+00:00
2026-09-15T23:04:00+00:00,KHOU,Houston,89.6,2026-09-15T22:40:00+00:00
2026-09-15T23:04:00+00:00,KHOU,Houston,87.8,2026-09-15T22:35:00+00:00
2026-09-15T23:08:22+00:00,KMIA,Miami,87.8,2026-09-15T22:50:00+00:00
2026-09-15T23:08:22+00:00,KMIA,Miami,87.8,2026-09-15T22:45:00+00:00
2026-09-15T23:08:22+00:00,KLAX,Los Angeles,77.0,2026-09-15T22:50:00+00:00
2026-09-15T23:08:22+00:00,KPHL,Philadelphia,75.2,2026-09-15T22:50:00+00:00
2026-09-15T23:08:22+00:00,KPHL,Philadelphia,75.2,2026-09-15T22:45:00+00:00
2026-09-15T23:08:22+00:00,KAUS,Austin,100.4,2026-09-15T22:50:00+00:00
2026-09-15T23:08:22+00:00,KMDW,Chicago,80.59,2026-09-15T22:50:00+00:00
2026-09-15T23:08:22+00:00,KMDW,Chicago,80.59,2026-09-15T22:45:00+00:00
2026-09-15T23:08:22+00:00,KSFO,San Francisco,68.0,2026-09-15T22:50:00+00:00
2026-09-15T23:08:22+00:00,KSFO,San Francisco,69.8,2026-09-15T22:45:00+00:00
2026-09-15T23:08:22+00:00,KPHX,Phoenix,100.4,2026-09-15T22:50:00+00:00
2026-09-15T23:08:22+00:00,KPHX,Phoenix,100.4,2026-09-15T22:45:00+00:00
2026-09-15T23:08:22+00:00,KATL,Atlanta,86.0,2026-09-15T22:50:00+00:00
2026-09-15T23:08:22+00:00,KATL,Atlanta,87.8,2026-09-15T22:45:00+00:00
2026-09-15T23:08:22+00:00,KLAS,Las Vegas,96.8,2026-09-15T22:50:00+00:00
2026-09-15T23:08:22+00:00,KLAS,Las Vegas,96.8,2026-09-15T22:45:00+00:00
2026-09-15T23:08:22+00:00,KOKC,Oklahoma City,100.4,2026-09-15T22:50:00+00:00
2026-09-15T23:08:22+00:00,KOKC,Oklahoma City,100.4,2026-09-15T22:45:00+00:00
2026-09-15T23:08:22+00:00,KMSP,Minneapolis,71.59,2026-09-15T22:50:00+00:00
2026-09-15T23:08:22+00:00,KHOU,Houston,89.6,2026-09-15T22:50:00+00:00
2026-09-15T23:08:22+00:00,KHOU,Houston,89.6,2026-09-15T22:45:00+00:00
2026-09-15T23:08:22+00:00,KHOU,Houston,82.4,2026-09-15T22:05:00+00:00
2026-09-15T23:08:22+00:00,KHOU,Houston,82.4,2026-09-15T22:00:00+00:00
2026-09-15T23:19:00+00:00,KNYC,New York City,66.02,2026-09-15T22:51:00+00:00
2026-09-15T23:19:00+00:00,KMIA,Miami,86.0,2026-09-15T23:00:00+00:00
2026-09-15T23:19:00+00:00,KMIA,Miami,86.0,2026-09-15T22:55:00+00:00
2026-09-15T23:19:00+00:00,KMIA,Miami,87.08,2026-09-15T22:53:00+00:00
2026-09-15T23:19:00+00:00,KMIA,Miami,87.8,2026-09-15T22:50:00+00:00
2026-09-15T23:19:00+00:00,KMIA,Miami,87.8,2026-09-15T22:45:00+00:00
2026-09-15T23:19:00+00:00,KDEN,Denver,71.59,2026-09-15T23:05:00+00:00
2026-09-15T23:19:00+00:00,KDEN,Denver,71.59,2026-09-15T23:00:00+00:00
2026-09-15T23:19:00+00:00,KDEN,Denver,71.59,2026-09-15T22:55:00+00:00
2026-09-15T23:19:00+00:00,KDEN,Denver,71.59,2026-09-15T22:50:00+00:00
2026-09-15T23:19:00+00:00,KLAX,Los Angeles,77.0,2026-09-15T23:05:00+00:00
2026-09-15T23:19:00+00:00,KLAX,Los Angeles,75.2,2026-09-15T23:00:00+00:00
2026-09-15T23:19:00+00:00,KLAX,Los Angeles,77.0,2026-09-15T22:55:00+00:00
2026-09-15T23:19:00+00:00,KLAX,Los Angeles,77.0,2026-09-15T22:53:00+00:00
2026-09-15T23:19:00+00:00,KLAX,Los Angeles,77.0,2026-09-15T22:50:00+00:00
2026-09-15T23:19:00+00:00,KPHL,Philadelphia,75.2,2026-09-15T23:00:00+00:00
2026-09-15T23:19:00+00:00,KPHL,Philadelphia,75.2,2026-09-15T22:55:00+00:00
2026-09-15T23:19:00+00:00,KPHL,Philadelphia,75.02,2026-09-15T22:54:00+00:00
2026-09-15T23:19:00+00:00,KPHL,Philadelphia,75.2,2026-09-15T22:50:00+00:00
2026-09-15T23:19:00+00:00,KPHL,Philadelphia,75.2,2026-09-15T22:45:00+00:00
2026-09-15T23:19:00+00:00,KAUS,Austin,98.6,2026-09-15T23:05:00+00:00
2026-09-15T23:19:00+00:00,KAUS,Austin,98.6,2026-09-15T23:00:00+00:00
2026-09-15T23:19:00+00:00,KAUS,Austin,100.4,2026-09-15T22:55:00+00:00
2026-09-15T23:19:00+00:00,KAUS,Austin,100.04,2026-09-15T22:53:00+00:00
2026-09-15T23:19:00+00:00,KAUS,Austin,100.4,2026-09-15T22:50:00+00:00
2026-09-15T23:19:00+00:00,KMDW,Chicago,80.59,2026-09-15T23:05:00+00:00
2026-09-15T23:19:00+00:00,KMDW,Chicago,80.59,2026-09-15T23:00:00+00:00
2026-09-15T23:19:00+00:00,KMDW,Chicago,80.59,2026-09-15T22:55:00+00:00
2026-09-15T23:19:00+00:00,KMDW,Chicago,80.06,2026-09-15T22:53:00+00:00
2026-09-15T23:19:00+00:00,KMDW,Chicago,80.59,2026-09-15T22:50:00+00:00
2026-09-15T23:19:00+00:00,KMDW,Chicago,80.59,2026-09-15T22:45:00+00:00
2026-09-15T23:19:00+00:00,KSFO,San Francisco,68.0,2026-09-15T23:05:00+00:00
2026-09-15T23:19:00+00:00,KSFO,San Francisco,69.8,2026-09-15T23:00:00+00:00
2026-09-15T23:19:00+00:00,KSFO,San Francisco,68.0,2026-09-15T22:56:00+00:00
2026-09-15T23:19:00+00:00,KSFO,San Francisco,68.0,2026-09-15T22:55:00+00:00
2026-09-15T23:19:00+00:00,KSFO,San Francisco,68.0,2026-09-15T22:50:00+00:00
2026-09-15T23:19:00+00:00,KSFO,San Francisco,69.8,2026-09-15T22:45:00+00:00
2026-09-15T23:19:00+00:00,KPHX,Phoenix,100.4,2026-09-15T22:50:00+00:00
2026-09-15T23:19:00+00:00,KPHX,Phoenix,100.4,2026-09-15T22:45:00+00:00
2026-09-15T23:19:00+00:00,KDCA,Washington DC,73.4,2026-09-15T23:05:00+00:00
2026-09-15T23:19:00+00:00,KDCA,Washington DC,73.4,2026-09-15T23:00:00+00:00
2026-09-15T23:19:00+00:00,KDCA,Washington DC,73.4,2026-09-15T22:55:00+00:00
2026-09-15T23:19:00+00:00,KDCA,Washington DC,73.94,2026-09-15T22:52:00+00:00
2026-09-15T23:19:00+00:00,KDCA,Washington DC,73.4,2026-09-15T22:50:00+00:00
2026-09-15T23:19:00+00:00,KATL,Atlanta,84.2,2026-09-15T23:10:00+00:00
2026-09-15T23:19:00+00:00,KATL,Atlanta,84.2,2026-09-15T23:05:00+00:00
2026-09-15T23:19:00+00:00,KATL,Atlanta,84.2,2026-09-15T23:00:00+00:00
2026-09-15T23:19:00+00:00,KATL,Atlanta,86.0,2026-09-15T22:55:00+00:00
2026-09-15T23:19:00+00:00,KATL,Atlanta,86.0,2026-09-15T22:52:00+00:00
2026-09-15T23:19:00+00:00,KATL,Atlanta,86.0,2026-09-15T22:50:00+00:00
2026-09-15T23:19:00+00:00,KATL,Atlanta,87.8,2026-09-15T22:45:00+00:00
2026-09-15T23:19:00+00:00,KDFW,Dallas,98.6,2026-09-15T23:10:00+00:00
2026-09-15T23:19:00+00:00,KDFW,Dallas,98.6,2026-09-15T23:05:00+00:00
2026-09-15T23:19:00+00:00,KDFW,Dallas,100.4,2026-09-15T23:00:00+00:00
2026-09-15T23:19:00+00:00,KDFW,Dallas,100.4,2026-09-15T22:55:00+00:00
2026-09-15T23:19:00+00:00,KDFW,Dallas,100.04,2026-09-15T22:53:00+00:00
2026-09-15T23:19:00+00:00,KDFW,Dallas,100.4,2026-09-15T22:50:00+00:00
2026-09-15T23:19:00+00:00,KSEA,Seattle,66.2,2026-09-15T23:05:00+00:00
2026-09-15T23:19:00+00:00,KSEA,Seattle,66.2,2026-09-15T23:00:00+00:00
2026-09-15T23:19:00+00:00,KSEA,Seattle,66.2,2026-09-15T22:55:00+00:00
2026-09-15T23:19:00+00:00,KSEA,Seattle,66.92,2026-09-15T22:53:00+00:00
2026-09-15T23:19:00+00:00,KSEA,Seattle,66.2,2026-09-15T22:50:00+00:00
2026-09-15T23:19:00+00:00,KLAS,Las Vegas,96.8,2026-09-15T22:50:00+00:00
2026-09-15T23:19:00+00:00,KLAS,Las Vegas,96.8,2026-09-15T22:45:00+00:00
2026-09-15T23:19:00+00:00,KOKC,Oklahoma City,98.6,2026-09-15T23:05:00+00:00
2026-09-15T23:19:00+00:00,KOKC,Oklahoma City,96.8,2026-09-15T23:00:00+00:00
2026-09-15T23:19:00+00:00,KOKC,Oklahoma City,100.4,2026-09-15T22:55:00+00:00
2026-09-15T23:19:00+00:00,KOKC,Oklahoma City,100.04,2026-09-15T22:52:00+00:00
2026-09-15T23:19:00+00:00,KOKC,Oklahoma City,100.4,2026-09-15T22:50:00+00:00
2026-09-15T23:19:00+00:00,KOKC,Oklahoma City,100.4,2026-09-15T22:45:00+00:00
2026-09-15T23:19:00+00:00,KBOS,Boston,60.8,2026-09-15T23:05:00+00:00
2026-09-15T23:19:00+00:00,KBOS,Boston,60.8,2026-09-15T23:00:00+00:00
2026-09-15T23:19:00+00:00,KBOS,Boston,60.8,2026-09-15T22:55:00+00:00
2026-09-15T23:19:00+00:00,KBOS,Boston,60.98,2026-09-15T22:54:00+00:00
2026-09-15T23:19:00+00:00,KBOS,Boston,60.8,2026-09-15T22:50:00+00:00
2026-09-15T23:19:00+00:00,KMSP,Minneapolis,71.59,2026-09-15T23:10:00+00:00
2026-09-15T23:19:00+00:00,KMSP,Minneapolis,71.59,2026-09-15T23:05:00+00:00
2026-09-15T23:19:00+00:00,KMSP,Minneapolis,71.59,2026-09-15T23:00:00+00:00
2026-09-15T23:19:00+00:00,KMSP,Minneapolis,71.59,2026-09-15T22:55:00+00:00
2026-09-15T23:19:00+00:00,KMSP,Minneapolis,71.06,2026-09-15T22:53:00+00:00
2026-09-15T23:19:00+00:00,KMSP,Minneapolis,71.59,2026-09-15T22:50:00+00:00
2026-09-15T23:19:00+00:00,KSAT,San Antonio,98.6,2026-09-15T23:10:00+00:00
2026-09-15T23:19:00+00:00,KSAT,San Antonio,98.6,2026-09-15T23:05:00+00:00
2026-09-15T23:19:00+00:00,KSAT,San Antonio,98.6,2026-09-15T23:00:00+00:00
2026-09-15T23:19:00+00:00,KSAT,San Antonio,98.6,2026-09-15T22:55:00+00:00
2026-09-15T23:19:00+00:00,KSAT,San Antonio,98.96,2026-09-15T22:51:00+00:00
2026-09-15T23:19:00+00:00,KSAT,San Antonio,98.6,2026-09-15T22:50:00+00:00
2026-09-15T23:19:00+00:00,KMSY,New Orleans,87.8,2026-09-15T23:10:00+00:00
2026-09-15T23:19:00+00:00,KMSY,New Orleans,87.8,2026-09-15T23:05:00+00:00
2026-09-15T23:19:00+00:00,KMSY,New Orleans,87.8,2026-09-15T23:00:00+00:00
2026-09-15T23:19:00+00:00,KMSY,New Orleans,87.8,2026-09-15T22:55:00+00:00
2026-09-15T23:19:00+00:00,KMSY,New Orleans,87.98,2026-09-15T22:53:00+00:00
2026-09-15T23:19:00+00:00,KMSY,New Orleans,87.8,2026-09-15T22:50:00+00:00
2026-09-15T23:19:00+00:00,KHOU,Houston,89.6,2026-09-15T23:10:00+00:00
2026-09-15T23:19:00+00:00,KHOU,Houston,89.6,2026-09-15T23:05:00+00:00
2026-09-15T23:19:00+00:00,KHOU,Houston,89.6,2026-09-15T23:00:00+00:00
2026-09-15T23:19:00+00:00,KHOU,Houston,89.6,2026-09-15T22:55:00+00:00
2026-09-15T23:19:00+00:00,KHOU,Houston,89.96,2026-09-15T22:53:00+00:00
2026-09-15T23:19:00+00:00,KHOU,Houston,89.6,2026-09-15T22:50:00+00:00
2026-09-15T23:19:00+00:00,KHOU,Houston,89.6,2026-09-15T22:45:00+00:00
2026-09-15T23:34:00+00:00,KMIA,Miami,86.0,2026-09-15T23:15:00+00:00
2026-09-15T23:34:00+00:00,KMIA,Miami,86.0,2026-09-15T23:10:00+00:00
2026-09-15T23:34:00+00:00,KMIA,Miami,86.0,2026-09-15T23:05:00+00:00
2026-09-15T23:34:00+00:00,KDEN,Denver,69.8,2026-09-15T23:20:00+00:00
2026-09-15T23:34:00+00:00,KDEN,Denver,69.8,2026-09-15T23:15:00+00:00
2026-09-15T23:34:00+00:00,KDEN,Denver,71.59,2026-09-15T23:10:00+00:00
2026-09-15T23:34:00+00:00,KDEN,Denver,71.06,2026-09-15T22:53:00+00:00
2026-09-15T23:34:00+00:00,KLAX,Los Angeles,77.0,2026-09-15T23:15:00+00:00
2026-09-15T23:34:00+00:00,KLAX,Los Angeles,77.0,2026-09-15T23:10:00+00:00
2026-09-15T23:34:00+00:00,KPHL,Philadelphia,73.4,2026-09-15T23:15:00+00:00
2026-09-15T23:34:00+00:00,KPHL,Philadelphia,73.4,2026-09-15T23:10:00+00:00
2026-09-15T23:34:00+00:00,KPHL,Philadelphia,73.4,2026-09-15T23:05:00+00:00
2026-09-15T23:34:00+00:00,KAUS,Austin,98.6,2026-09-15T23:15:00+00:00
2026-09-15T23:34:00+00:00,KAUS,Austin,98.6,2026-09-15T23:10:00+00:00
2026-09-15T23:34:00+00:00,KMDW,Chicago,80.59,2026-09-15T23:15:00+00:00
2026-09-15T23:34:00+00:00,KMDW,Chicago,78.8,2026-09-15T23:10:00+00:00
2026-09-15T23:34:00+00:00,KSFO,San Francisco,69.8,2026-09-15T23:15:00+00:00
2026-09-15T23:34:00+00:00,KSFO,San Francisco,68.0,2026-09-15T23:10:00+00:00
2026-09-15T23:34:00+00:00,KPHX,Phoenix,98.6,2026-09-15T23:20:00+00:00
2026-09-15T23:34:00+00:00,KPHX,Phoenix,98.6,2026-09-15T23:15:00+00:00
2026-09-15T23:34:00+00:00,KPHX,Phoenix,98.6,2026-09-15T23:10:00+00:00
2026-09-15T23:34:00+00:00,KPHX,Phoenix,100.4,2026-09-15T23:05:00+00:00
2026-09-15T23:34:00+00:00,KPHX,Phoenix,102.2,2026-09-15T23:00:00+00:00
2026-09-15T23:34:00+00:00,KPHX,Phoenix,102.2,2026-09-15T22:55:00+00:00
2026-09-15T23:34:00+00:00,KPHX,Phoenix,100.94,2026-09-15T22:51:00+00:00
2026-09-15T23:34:00+00:00,KDCA,Washington DC,73.4,2026-09-15T23:20:00+00:00
2026-09-15T23:34:00+00:00,KDCA,Washington DC,73.4,2026-09-15T23:15:00+00:00
2026-09-15T23:34:00+00:00,KDCA,Washington DC,73.4,2026-09-15T23:10:00+00:00
2026-09-15T23:34:00+00:00,KATL,Atlanta,84.2,2026-09-15T23:15:00+00:00
2026-09-15T23:34:00+00:00,KDFW,Dallas,98.6,2026-09-15T23:15:00+00:00
2026-09-15T23:34:00+00:00,KSEA,Seattle,66.2,2026-09-15T23:15:00+00:00
2026-09-15T23:34:00+00:00,KSEA,Seattle,68.0,2026-09-15T23:10:00+00:00
2026-09-15T23:34:00+00:00,KLAS,Las Vegas,96.8,2026-09-15T23:15:00+00:00
2026-09-15T23:34:00+00:00,KLAS,Las Vegas,96.8,2026-09-15T23:10:00+00:00
2026-09-15T23:34:00+00:00,KLAS,Las Vegas,96.8,2026-09-15T23:05:00+00:00
2026-09-15T23:34:00+00:00,KLAS,Las Vegas,96.8,2026-09-15T23:00:00+00:00
2026-09-15T23:34:00+00:00,KLAS,Las Vegas,98.06,2026-09-15T22:56:00+00:00
2026-09-15T23:34:00+00:00,KLAS,Las Vegas,98.6,2026-09-15T22:55:00+00:00
2026-09-15T23:34:00+00:00,KOKC,Oklahoma City,98.6,2026-09-15T23:15:00+00:00
2026-09-15T23:34:00+00:00,KOKC,Oklahoma City,98.6,2026-09-15T23:10:00+00:00
2026-09-15T23:34:00+00:00,KBOS,Boston,60.8,2026-09-15T23:20:00+00:00
2026-09-15T23:34:00+00:00,KBOS,Boston,60.8,2026-09-15T23:15:00+00:00
2026-09-15T23:34:00+00:00,KBOS,Boston,60.8,2026-09-15T23:10:00+00:00
2026-09-15T23:34:00+00:00,KMSP,Minneapolis,71.59,2026-09-15T23:15:00+00:00
2026-09-15T23:34:00+00:00,KSAT,San Antonio,98.6,2026-09-15T23:15:00+00:00
2026-09-15T23:34:00+00:00,KMSY,New Orleans,87.8,2026-09-15T23:15:00+00:00
2026-09-15T23:34:00+00:00,KHOU,Houston,89.6,2026-09-15T23:15:00+00:00
2026-09-15T23:49:00+00:00,KMIA,Miami,86.0,2026-09-15T23:25:00+00:00
2026-09-15T23:49:00+00:00,KMIA,Miami,86.0,2026-09-15T23:20:00+00:00
2026-09-15T23:49:00+00:00,KDEN,Denver,71.59,2026-09-15T23:30:00+00:00
2026-09-15T23:49:00+00:00,KDEN,Denver,71.59,2026-09-15T23:25:00+00:00
2026-09-15T23:49:00+00:00,KLAX,Los Angeles,75.2,2026-09-15T23:30:00+00:00
2026-09-15T23:49:00+00:00,KLAX,Los Angeles,77.0,2026-09-15T23:25:00+00:00
2026-09-15T23:49:00+00:00,KLAX,Los Angeles,77.0,2026-09-15T23:20:00+00:00
2026-09-15T23:49:00+00:00,KPHL,Philadelphia,73.4,2026-09-15T23:30:00+00:00
2026-09-15T23:49:00+00:00,KPHL,Philadelphia,73.4,2026-09-15T23:25:00+00:00
2026-09-15T23:49:00+00:00,KPHL,Philadelphia,73.4,2026-09-15T23:20:00+00:00
2026-09-15T23:49:00+00:00,KAUS,Austin,98.6,2026-09-15T23:30:00+00:00
2026-09-15T23:49:00+00:00,KAUS,Austin,98.6,2026-09-15T23:25:00+00:00
2026-09-15T23:49:00+00:00,KAUS,Austin,98.6,2026-09-15T23:20:00+00:00
2026-09-15T23:49:00+00:00,KMDW,Chicago,80.59,2026-09-15T23:30:00+00:00
2026-09-15T23:49:00+00:00,KMDW,Chicago,80.59,2026-09-15T23:25:00+00:00
2026-09-15T23:49:00+00:00,KMDW,Chicago,80.59,2026-09-15T23:20:00+00:00
2026-09-15T23:49:00+00:00,KSFO,San Francisco,66.2,2026-09-15T23:25:00+00:00
2026-09-15T23:49:00+00:00,KSFO,San Francisco,68.0,2026-09-15T23:20:00+00:00
2026-09-15T23:49:00+00:00,KPHX,Phoenix,100.4,2026-09-15T23:30:00+00:00
2026-09-15T23:49:00+00:00,KPHX,Phoenix,98.6,2026-09-15T23:25:00+00:00
2026-09-15T23:49:00+00:00,KDCA,Washington DC,73.4,2026-09-15T23:30:00+00:00
2026-09-15T23:49:00+00:00,KDCA,Washington DC,73.4,2026-09-15T23:25:00+00:00
2026-09-15T23:49:00+00:00,KATL,Atlanta,84.2,2026-09-15T23:25:00+00:00
2026-09-15T23:49:00+00:00,KATL,Atlanta,84.2,2026-09-15T23:20:00+00:00
2026-09-15T23:49:00+00:00,KDFW,Dallas,98.6,2026-09-15T23:25:00+00:00
2026-09-15T23:49:00+00:00,KDFW,Dallas,98.6,2026-09-15T23:20:00+00:00
2026-09-15T23:49:00+00:00,KSEA,Seattle,68.0,2026-09-15T23:25:00+00:00
2026-09-15T23:49:00+00:00,KSEA,Seattle,68.0,2026-09-15T23:20:00+00:00
2026-09-15T23:49:00+00:00,KLAS,Las Vegas,96.8,2026-09-15T23:30:00+00:00
2026-09-15T23:49:00+00:00,KLAS,Las Vegas,96.8,2026-09-15T23:25:00+00:00
2026-09-15T23:49:00+00:00,KLAS,Las Vegas,96.8,2026-09-15T23:20:00+00:00
2026-09-15T23:49:00+00:00,KOKC,Oklahoma City,98.6,2026-09-15T23:25:00+00:00
2026-09-15T23:49:00+00:00,KOKC,Oklahoma City,98.6,2026-09-15T23:20:00+00:00
2026-09-15T23:49:00+00:00,KBOS,Boston,60.8,2026-09-15T23:30:00+00:00
2026-09-15T23:49:00+00:00,KBOS,Boston,60.8,2026-09-15T23:25:00+00:00
2026-09-15T23:49:00+00:00,KMSP,Minneapolis,69.8,2026-09-15T23:25:00+00:00
2026-09-15T23:49:00+00:00,KMSP,Minneapolis,71.59,2026-09-15T23:20:00+00:00
2026-09-15T23:49:00+00:00,KSAT,San Antonio,96.8,2026-09-15T23:30:00+00:00
2026-09-15T23:49:00+00:00,KSAT,San Antonio,96.8,2026-09-15T23:25:00+00:00
2026-09-15T23:49:00+00:00,KSAT,San Antonio,96.8,2026-09-15T23:20:00+00:00
2026-09-15T23:49:00+00:00,KMSY,New Orleans,87.8,2026-09-15T23:30:00+00:00
2026-09-15T23:49:00+00:00,KMSY,New Orleans,87.8,2026-09-15T23:25:00+00:00
2026-09-15T23:49:00+00:00,KMSY,New Orleans,87.8,2026-09-15T23:20:00+00:00
2026-09-15T23:49:00+00:00,KHOU,Houston,89.6,2026-09-15T23:30:00+00:00
2026-09-15T23:49:00+00:00,KHOU,Houston,89.6,2026-09-15T23:25:00+00:00
2026-09-15T23:49:00+00:00,KHOU,Houston,89.6,2026-09-15T23:20:00+00:00
2026-09-16T00:04:00+00:00,KMIA,Miami,86.0,2026-09-15T23:40:00+00:00
2026-09-16T00:04:00+00:00,KMIA,Miami,86.0,2026-09-15T23:35:00+00:00
2026-09-16T00:04:00+00:00,KMIA,Miami,86.0,2026-09-15T23:30:00+00:00
2026-09-16T00:04:00+00:00,KDEN,Denver,69.8,2026-09-15T23:45:00+00:00
2026-09-16T00:04:00+00:00,KDEN,Denver,69.8,2026-09-15T23:40:00+00:00
2026-09-16T00:04:00+00:00,KDEN,Denver,71.59,2026-09-15T23:35:00+00:00
2026-09-16T00:04:00+00:00,KLAX,Los Angeles,75.2,2026-09-15T23:40:00+00:00
2026-09-16T00:04:00+00:00,KLAX,Los Angeles,77.0,2026-09-15T23:35:00+00:00
2026-09-16T00:04:00+00:00,KPHL,Philadelphia,73.4,2026-09-15T23:40:00+00:00
2026-09-16T00:04:00+00:00,KPHL,Philadelphia,73.4,2026-09-15T23:35:00+00:00
2026-09-16T00:04:00+00:00,KAUS,Austin,98.6,2026-09-15T23:40:00+00:00
2026-09-16T00:04:00+00:00,KAUS,Austin,98.6,2026-09-15T23:35:00+00:00
2026-09-16T00:04:00+00:00,KMDW,Chicago,80.59,2026-09-15T23:40:00+00:00
2026-09-16T00:04:00+00:00,KMDW,Chicago,78.8,2026-09-15T23:35:00+00:00
2026-09-16T00:04:00+00:00,KSFO,San Francisco,68.0,2026-09-15T23:45:00+00:00
2026-09-16T00:04:00+00:00,KSFO,San Francisco,68.0,2026-09-15T23:40:00+00:00
2026-09-16T00:04:00+00:00,KSFO,San Francisco,68.0,2026-09-15T23:35:00+00:00
2026-09-16T00:04:00+00:00,KSFO,San Francisco,68.0,2026-09-15T23:30:00+00:00
2026-09-16T00:04:00+00:00,KPHX,Phoenix,100.4,2026-09-15T23:45:00+00:00
2026-09-16T00:04:00+00:00,KPHX,Phoenix,100.4,2026-09-15T23:40:00+00:00
2026-09-16T00:04:00+00:00,KPHX,Phoenix,100.4,2026-09-15T23:35:00+00:00
2026-09-16T00:04:00+00:00,KDCA,Washington DC,73.4,2026-09-15T23:40:00+00:00
2026-09-16T00:04:00+00:00,KDCA,Washington DC,73.4,2026-09-15T23:35:00+00:00
2026-09-16T00:04:00+00:00,KATL,Atlanta,84.2,2026-09-15T23:45:00+00:00
2026-09-16T00:04:00+00:00,KATL,Atlanta,84.2,2026-09-15T23:40:00+00:00
2026-09-16T00:04:00+00:00,KATL,Atlanta,84.2,2026-09-15T23:35:00+00:00
2026-09-16T00:04:00+00:00,KATL,Atlanta,84.2,2026-09-15T23:30:00+00:00
2026-09-16T00:04:00+00:00,KDFW,Dallas,98.6,2026-09-15T23:45:00+00:00
2026-09-16T00:04:00+00:00,KDFW,Dallas,98.6,2026-09-15T23:40:00+00:00
2026-09-16T00:04:00+00:00,KDFW,Dallas,98.6,2026-09-15T23:35:00+00:00
2026-09-16T00:04:00+00:00,KDFW,Dallas,98.6,2026-09-15T23:30:00+00:00
2026-09-16T00:04:00+00:00,KSEA,Seattle,66.2,2026-09-15T23:45:00+00:00
2026-09-16T00:04:00+00:00,KSEA,Seattle,66.2,2026-09-15T23:40:00+00:00
2026-09-16T00:04:00+00:00,KSEA,Seattle,66.2,2026-09-15T23:35:00+00:00
2026-09-16T00:04:00+00:00,KSEA,Seattle,66.2,2026-09-15T23:30:00+00:00
2026-09-16T00:04:00+00:00,KLAS,Las Vegas,96.8,2026-09-15T23:45:00+00:00
2026-09-16T00:04:00+00:00,KLAS,Las Vegas,96.8,2026-09-15T23:40:00+00:00
2026-09-16T00:04:00+00:00,KLAS,Las Vegas,96.8,2026-09-15T23:35:00+00:00
2026-09-16T00:04:00+00:00,KOKC,Oklahoma City,96.8,2026-09-15T23:45:00+00:00
2026-09-16T00:04:00+00:00,KOKC,Oklahoma City,96.8,2026-09-15T23:40:00+00:00
2026-09-16T00:04:00+00:00,KOKC,Oklahoma City,96.8,2026-09-15T23:35:00+00:00
2026-09-16T00:04:00+00:00,KOKC,Oklahoma City,96.8,2026-09-15T23:30:00+00:00
2026-09-16T00:04:00+00:00,KBOS,Boston,60.8,2026-09-15T23:40:00+00:00
2026-09-16T00:04:00+00:00,KBOS,Boston,60.8,2026-09-15T23:35:00+00:00
2026-09-16T00:04:00+00:00,KMSP,Minneapolis,69.8,2026-09-15T23:45:00+00:00
2026-09-16T00:04:00+00:00,KMSP,Minneapolis,69.8,2026-09-15T23:40:00+00:00
2026-09-16T00:04:00+00:00,KMSP,Minneapolis,69.8,2026-09-15T23:35:00+00:00
2026-09-16T00:04:00+00:00,KMSP,Minneapolis,69.8,2026-09-15T23:30:00+00:00
2026-09-16T00:04:00+00:00,KSAT,San Antonio,96.8,2026-09-15T23:45:00+00:00
2026-09-16T00:04:00+00:00,KSAT,San Antonio,96.8,2026-09-15T23:40:00+00:00
2026-09-16T00:04:00+00:00,KSAT,San Antonio,96.8,2026-09-15T23:35:00+00:00
2026-09-16T00:04:00+00:00,KMSY,New Orleans,87.8,2026-09-15T23:45:00+00:00
2026-09-16T00:04:00+00:00,KMSY,New Orleans,87.8,2026-09-15T23:40:00+00:00
2026-09-16T00:04:00+00:00,KMSY,New Orleans,87.8,2026-09-15T23:35:00+00:00
2026-09-16T00:04:00+00:00,KHOU,Houston,89.6,2026-09-15T23:45:00+00:00
2026-09-16T00:04:00+00:00,KHOU,Houston,89.6,2026-09-15T23:40:00+00:00
2026-09-16T00:04:00+00:00,KHOU,Houston,89.6,2026-09-15T23:35:00+00:00
2026-09-16T00:19:00+00:00,KNYC,New York City,64.04,2026-09-15T23:51:00+00:00
2026-09-16T00:19:00+00:00,KMIA,Miami,86.0,2026-09-16T00:00:00+00:00
2026-09-16T00:19:00+00:00,KMIA,Miami,86.0,2026-09-15T23:55:00+00:00
2026-09-16T00:19:00+00:00,KMIA,Miami,86.0,2026-09-15T23:53:00+00:00
2026-09-16T00:19:00+00:00,KMIA,Miami,86.0,2026-09-15T23:50:00+00:00
2026-09-16T00:19:00+00:00,KMIA,Miami,86.0,2026-09-15T23:45:00+00:00
2026-09-16T00:19:00+00:00,KDEN,Denver,68.0,2026-09-16T00:00:00+00:00
2026-09-16T00:19:00+00:00,KDEN,Denver,69.8,2026-09-15T23:55:00+00:00
2026-09-16T00:19:00+00:00,KDEN,Denver,69.08,2026-09-15T23:53:00+00:00
2026-09-16T00:19:00+00:00,KDEN,Denver,69.8,2026-09-15T23:50:00+00:00
2026-09-16T00:19:00+00:00,KLAX,Los Angeles,75.2,2026-09-16T00:00:00+00:00
2026-09-16T00:19:00+00:00,KLAX,Los Angeles,75.02,2026-09-15T23:53:00+00:00
2026-09-16T00:19:00+00:00,KLAX,Los Angeles,75.2,2026-09-15T23:50:00+00:00
2026-09-16T00:19:00+00:00,KLAX,Los Angeles,75.2,2026-09-15T23:45:00+00:00
2026-09-16T00:19:00+00:00,KPHL,Philadelphia,71.59,2026-09-16T00:00:00+00:00
2026-09-16T00:19:00+00:00,KPHL,Philadelphia,71.95,2026-09-15T23:54:00+00:00
2026-09-16T00:19:00+00:00,KPHL,Philadelphia,71.59,2026-09-15T23:50:00+00:00
2026-09-16T00:19:00+00:00,KPHL,Philadelphia,73.4,2026-09-15T23:45:00+00:00
2026-09-16T00:19:00+00:00,KAUS,Austin,96.8,2026-09-16T00:05:00+00:00
2026-09-16T00:19:00+00:00,KAUS,Austin,96.8,2026-09-16T00:00:00+00:00
2026-09-16T00:19:00+00:00,KAUS,Austin,96.8,2026-09-15T23:55:00+00:00
2026-09-16T00:19:00+00:00,KAUS,Austin,96.98,2026-09-15T23:53:00+00:00
2026-09-16T00:19:00+00:00,KAUS,Austin,98.6,2026-09-15T23:50:00+00:00
2026-09-16T00:19:00+00:00,KAUS,Austin,98.6,2026-09-15T23:45:00+00:00
2026-09-16T00:19:00+00:00,KMDW,Chicago,78.8,2026-09-16T00:05:00+00:00
2026-09-16T00:19:00+00:00,KMDW,Chicago,78.8,2026-09-16T00:00:00+00:00
2026-09-16T00:19:00+00:00,KMDW,Chicago,78.8,2026-09-15T23:55:00+00:00
2026-09-16T00:19:00+00:00,KMDW,Chicago,78.98,2026-09-15T23:53:00+00:00
2026-09-16T00:19:00+00:00,KMDW,Chicago,78.8,2026-09-15T23:50:00+00:00
2026-09-16T00:19:00+00:00,KMDW,Chicago,80.59,2026-09-15T23:45:00+00:00
2026-09-16T00:19:00+00:00,KSFO,San Francisco,66.2,2026-09-16T00:00:00+00:00
2026-09-16T00:19:00+00:00,KSFO,San Francisco,66.92,2026-09-15T23:56:00+00:00
2026-09-16T00:19:00+00:00,KSFO,San Francisco,66.2,2026-09-15T23:55:00+00:00
2026-09-16T00:19:00+00:00,KSFO,San Francisco,68.0,2026-09-15T23:50:00+00:00
2026-09-16T00:19:00+00:00,KPHX,Phoenix,98.6,2026-09-16T00:00:00+00:00
2026-09-16T00:19:00+00:00,KPHX,Phoenix,98.6,2026-09-15T23:55:00+00:00
2026-09-16T00:19:00+00:00,KPHX,Phoenix,98.96,2026-09-15T23:51:00+00:00
2026-09-16T00:19:00+00:00,KPHX,Phoenix,98.6,2026-09-15T23:50:00+00:00
2026-09-16T00:19:00+00:00,KDCA,Washington DC,73.4,2026-09-16T00:00:00+00:00
2026-09-16T00:19:00+00:00,KDCA,Washington DC,73.4,2026-09-15T23:55:00+00:00
2026-09-16T00:19:00+00:00,KDCA,Washington DC,73.04,2026-09-15T23:52:00+00:00
2026-09-16T00:19:00+00:00,KDCA,Washington DC,73.4,2026-09-15T23:50:00+00:00
2026-09-16T00:19:00+00:00,KDCA,Washington DC,73.4,2026-09-15T23:45:00+00:00
2026-09-16T00:19:00+00:00,KATL,Atlanta,82.4,2026-09-16T00:05:00+00:00
2026-09-16T00:19:00+00:00,KATL,Atlanta,82.4,2026-09-16T00:00:00+00:00
2026-09-16T00:19:00+00:00,KATL,Atlanta,82.4,2026-09-15T23:55:00+00:00
2026-09-16T00:19:00+00:00,KATL,Atlanta,82.94,2026-09-15T23:52:00+00:00
2026-09-16T00:19:00+00:00,KATL,Atlanta,82.4,2026-09-15T23:50:00+00:00
2026-09-16T00:19:00+00:00,KDFW,Dallas,96.8,2026-09-16T00:05:00+00:00
2026-09-16T00:19:00+00:00,KDFW,Dallas,96.8,2026-09-16T00:00:00+00:00
2026-09-16T00:19:00+00:00,KDFW,Dallas,98.6,2026-09-15T23:55:00+00:00
2026-09-16T00:19:00+00:00,KDFW,Dallas,98.06,2026-09-15T23:53:00+00:00
2026-09-16T00:19:00+00:00,KDFW,Dallas,98.6,2026-09-15T23:50:00+00:00
2026-09-16T00:19:00+00:00,KSEA,Seattle,66.2,2026-09-16T00:00:00+00:00
2026-09-16T00:19:00+00:00,KSEA,Seattle,66.02,2026-09-15T23:53:00+00:00
2026-09-16T00:19:00+00:00,KSEA,Seattle,66.2,2026-09-15T23:50:00+00:00
2026-09-16T00:19:00+00:00,KLAS,Las Vegas,96.8,2026-09-16T00:00:00+00:00
2026-09-16T00:19:00+00:00,KLAS,Las Vegas,96.08,2026-09-15T23:56:00+00:00
2026-09-16T00:19:00+00:00,KLAS,Las Vegas,96.8,2026-09-15T23:50:00+00:00
2026-09-16T00:19:00+00:00,KOKC,Oklahoma City,95.0,2026-09-16T00:05:00+00:00
2026-09-16T00:19:00+00:00,KOKC,Oklahoma City,95.0,2026-09-16T00:00:00+00:00
2026-09-16T00:19:00+00:00,KOKC,Oklahoma City,95.0,2026-09-15T23:55:00+00:00
2026-09-16T00:19:00+00:00,KOKC,Oklahoma City,96.08,2026-09-15T23:52:00+00:00
2026-09-16T00:19:00+00:00,KOKC,Oklahoma City,96.8,2026-09-15T23:50:00+00:00
2026-09-16T00:19:00+00:00,KBOS,Boston,60.8,2026-09-16T00:00:00+00:00
2026-09-16T00:19:00+00:00,KBOS,Boston,60.8,2026-09-15T23:55:00+00:00
2026-09-16T00:19:00+00:00,KBOS,Boston,60.08,2026-09-15T23:54:00+00:00
2026-09-16T00:19:00+00:00,KBOS,Boston,60.8,2026-09-15T23:50:00+00:00
2026-09-16T00:19:00+00:00,KMSP,Minneapolis,68.0,2026-09-16T00:05:00+00:00
2026-09-16T00:19:00+00:00,KMSP,Minneapolis,68.0,2026-09-16T00:00:00+00:00
2026-09-16T00:19:00+00:00,KMSP,Minneapolis,69.8,2026-09-15T23:55:00+00:00
2026-09-16T00:19:00+00:00,KMSP,Minneapolis,69.08,2026-09-15T23:53:00+00:00
2026-09-16T00:19:00+00:00,KMSP,Minneapolis,69.8,2026-09-15T23:50:00+00:00
2026-09-16T00:19:00+00:00,KSAT,San Antonio,95.0,2026-09-16T00:05:00+00:00
2026-09-16T00:19:00+00:00,KSAT,San Antonio,95.0,2026-09-16T00:00:00+00:00
2026-09-16T00:19:00+00:00,KSAT,San Antonio,95.0,2026-09-15T23:55:00+00:00
2026-09-16T00:19:00+00:00,KSAT,San Antonio,96.08,2026-09-15T23:51:00+00:00
2026-09-16T00:19:00+00:00,KSAT,San Antonio,96.8,2026-09-15T23:50:00+00:00
2026-09-16T00:19:00+00:00,KMSY,New Orleans,86.0,2026-09-16T00:05:00+00:00
2026-09-16T00:19:00+00:00,KMSY,New Orleans,87.8,2026-09-16T00:00:00+00:00
2026-09-16T00:19:00+00:00,KMSY,New Orleans,87.8,2026-09-15T23:55:00+00:00
2026-09-16T00:19:00+00:00,KMSY,New Orleans,87.08,2026-09-15T23:53:00+00:00
2026-09-16T00:19:00+00:00,KMSY,New Orleans,87.8,2026-09-15T23:50:00+00:00
2026-09-16T00:19:00+00:00,KHOU,Houston,87.8,2026-09-16T00:05:00+00:00
2026-09-16T00:19:00+00:00,KHOU,Houston,87.8,2026-09-16T00:00:00+00:00
2026-09-16T00:19:00+00:00,KHOU,Houston,87.8,2026-09-15T23:55:00+00:00
2026-09-16T00:19:00+00:00,KHOU,Houston,87.98,2026-09-15T23:53:00+00:00
2026-09-16T00:19:00+00:00,KHOU,Houston,87.8,2026-09-15T23:50:00+00:00
2026-09-16T00:34:00+00:00,KMIA,Miami,86.0,2026-09-16T00:15:00+00:00
2026-09-16T00:34:00+00:00,KMIA,Miami,86.0,2026-09-16T00:10:00+00:00
2026-09-16T00:34:00+00:00,KMIA,Miami,86.0,2026-09-16T00:05:00+00:00
2026-09-16T00:34:00+00:00,KDEN,Denver,66.2,2026-09-16T00:20:00+00:00
2026-09-16T00:34:00+00:00,KDEN,Denver,66.2,2026-09-16T00:15:00+00:00
2026-09-16T00:34:00+00:00,KDEN,Denver,68.0,2026-09-16T00:10:00+00:00
2026-09-16T00:34:00+00:00,KDEN,Denver,68.0,2026-09-16T00:05:00+00:00
2026-09-16T00:34:00+00:00,KLAX,Los Angeles,73.4,2026-09-16T00:20:00+00:00
2026-09-16T00:34:00+00:00,KLAX,Los Angeles,73.4,2026-09-16T00:15:00+00:00
2026-09-16T00:34:00+00:00,KLAX,Los Angeles,73.4,2026-09-16T00:10:00+00:00
2026-09-16T00:34:00+00:00,KLAX,Los Angeles,73.4,2026-09-16T00:05:00+00:00
2026-09-16T00:34:00+00:00,KLAX,Los Angeles,75.2,2026-09-15T23:55:00+00:00
2026-09-16T00:34:00+00:00,KPHL,Philadelphia,69.8,2026-09-16T00:15:00+00:00
2026-09-16T00:34:00+00:00,KPHL,Philadelphia,69.8,2026-09-16T00:10:00+00:00
2026-09-16T00:34:00+00:00,KPHL,Philadelphia,71.59,2026-09-16T00:05:00+00:00
2026-09-16T00:34:00+00:00,KPHL,Philadelphia,71.59,2026-09-15T23:55:00+00:00
2026-09-16T00:34:00+00:00,KAUS,Austin,96.8,2026-09-16T00:15:00+00:00
2026-09-16T00:34:00+00:00,KAUS,Austin,96.8,2026-09-16T00:10:00+00:00
2026-09-16T00:34:00+00:00,KMDW,Chicago,78.8,2026-09-16T00:15:00+00:00
2026-09-16T00:34:00+00:00,KMDW,Chicago,78.8,2026-09-16T00:10:00+00:00
2026-09-16T00:34:00+00:00,KSFO,San Francisco,66.2,2026-09-16T00:20:00+00:00
2026-09-16T00:34:00+00:00,KSFO,San Francisco,66.2,2026-09-16T00:15:00+00:00
2026-09-16T00:34:00+00:00,KSFO,San Francisco,66.2,2026-09-16T00:10:00+00:00
2026-09-16T00:34:00+00:00,KSFO,San Francisco,66.2,2026-09-16T00:05:00+00:00
2026-09-16T00:34:00+00:00,KPHX,Phoenix,98.6,2026-09-16T00:20:00+00:00
2026-09-16T00:34:00+00:00,KPHX,Phoenix,98.6,2026-09-16T00:15:00+00:00
2026-09-16T00:34:00+00:00,KPHX,Phoenix,98.6,2026-09-16T00:10:00+00:00
2026-09-16T00:34:00+00:00,KPHX,Phoenix,98.6,2026-09-16T00:05:00+00:00
2026-09-16T00:34:00+00:00,KDCA,Washington DC,71.59,2026-09-16T00:15:00+00:00
2026-09-16T00:34:00+00:00,KDCA,Washington DC,71.59,2026-09-16T00:10:00+00:00
2026-09-16T00:34:00+00:00,KDCA,Washington DC,73.4,2026-09-16T00:05:00+00:00
2026-09-16T00:34:00+00:00,KATL,Atlanta,82.4,2026-09-16T00:15:00+00:00
2026-09-16T00:34:00+00:00,KATL,Atlanta,82.4,2026-09-16T00:10:00+00:00
2026-09-16T00:34:00+00:00,KDFW,Dallas,96.8,2026-09-16T00:15:00+00:00
2026-09-16T00:34:00+00:00,KDFW,Dallas,96.8,2026-09-16T00:10:00+00:00
2026-09-16T00:34:00+00:00,KSEA,Seattle,64.4,2026-09-16T00:25:00+00:00
2026-09-16T00:34:00+00:00,KSEA,Seattle,64.4,2026-09-16T00:20:00+00:00
2026-09-16T00:34:00+00:00,KSEA,Seattle,66.2,2026-09-16T00:15:00+00:00
2026-09-16T00:34:00+00:00,KSEA,Seattle,66.2,2026-09-16T00:10:00+00:00
2026-09-16T00:34:00+00:00,KSEA,Seattle,66.2,2026-09-16T00:05:00+00:00
2026-09-16T00:34:00+00:00,KSEA,Seattle,66.2,2026-09-15T23:55:00+00:00
2026-09-16T00:34:00+00:00,KLAS,Las Vegas,96.8,2026-09-16T00:20:00+00:00
2026-09-16T00:34:00+00:00,KLAS,Las Vegas,96.8,2026-09-16T00:15:00+00:00
2026-09-16T00:34:00+00:00,KLAS,Las Vegas,96.8,2026-09-16T00:10:00+00:00
2026-09-16T00:34:00+00:00,KLAS,Las Vegas,96.8,2026-09-16T00:05:00+00:00
2026-09-16T00:34:00+00:00,KLAS,Las Vegas,96.8,2026-09-15T23:55:00+00:00
2026-09-16T00:34:00+00:00,KOKC,Oklahoma City,93.2,2026-09-16T00:15:00+00:00
2026-09-16T00:34:00+00:00,KOKC,Oklahoma City,95.0,2026-09-16T00:10:00+00:00
2026-09-16T00:34:00+00:00,KBOS,Boston,60.8,2026-09-16T00:15:00+00:00
2026-09-16T00:34:00+00:00,KBOS,Boston,60.8,2026-09-16T00:10:00+00:00
2026-09-16T00:34:00+00:00,KBOS,Boston,60.8,2026-09-16T00:05:00+00:00
2026-09-16T00:34:00+00:00,KMSP,Minneapolis,66.2,2026-09-16T00:15:00+00:00
2026-09-16T00:34:00+00:00,KMSP,Minneapolis,68.0,2026-09-16T00:10:00+00:00
2026-09-16T00:34:00+00:00,KSAT,San Antonio,93.2,2026-09-16T00:20:00+00:00
2026-09-16T00:34:00+00:00,KSAT,San Antonio,95.0,2026-09-16T00:15:00+00:00
2026-09-16T00:34:00+00:00,KSAT,San Antonio,95.0,2026-09-16T00:10:00+00:00
2026-09-16T00:34:00+00:00,KMSY,New Orleans,86.0,2026-09-16T00:20:00+00:00
2026-09-16T00:34:00+00:00,KMSY,New Orleans,84.2,2026-09-16T00:15:00+00:00
2026-09-16T00:34:00+00:00,KMSY,New Orleans,84.2,2026-09-16T00:10:00+00:00
2026-09-16T00:34:00+00:00,KHOU,Houston,87.8,2026-09-16T00:15:00+00:00
2026-09-16T00:34:00+00:00,KHOU,Houston,87.8,2026-09-16T00:10:00+00:00
2026-09-16T00:49:00+00:00,KMIA,Miami,86.0,2026-09-16T00:35:00+00:00
2026-09-16T00:49:00+00:00,KMIA,Miami,86.0,2026-09-16T00:30:00+00:00
2026-09-16T00:49:00+00:00,KMIA,Miami,86.0,2026-09-16T00:25:00+00:00
2026-09-16T00:49:00+00:00,KMIA,Miami,86.0,2026-09-16T00:20:00+00:00
2026-09-16T00:49:00+00:00,KDEN,Denver,66.2,2026-09-16T00:30:00+00:00
2026-09-16T00:49:00+00:00,KDEN,Denver,66.2,2026-09-16T00:25:00+00:00
2026-09-16T00:49:00+00:00,KLAX,Los Angeles,73.4,2026-09-16T00:30:00+00:00
2026-09-16T00:49:00+00:00,KLAX,Los Angeles,73.4,2026-09-16T00:25:00+00:00
2026-09-16T00:49:00+00:00,KPHL,Philadelphia,69.8,2026-09-16T00:35:00+00:00
2026-09-16T00:49:00+00:00,KPHL,Philadelphia,69.8,2026-09-16T00:30:00+00:00
2026-09-16T00:49:00+00:00,KPHL,Philadelphia,69.8,2026-09-16T00:25:00+00:00
2026-09-16T00:49:00+00:00,KPHL,Philadelphia,69.8,2026-09-16T00:20:00+00:00
2026-09-16T00:49:00+00:00,KAUS,Austin,95.0,2026-09-16T00:30:00+00:00
2026-09-16T00:49:00+00:00,KAUS,Austin,95.0,2026-09-16T00:25:00+00:00
2026-09-16T00:49:00+00:00,KAUS,Austin,96.8,2026-09-16T00:20:00+00:00
2026-09-16T00:49:00+00:00,KMDW,Chicago,77.0,2026-09-16T00:30:00+00:00
2026-09-16T00:49:00+00:00,KMDW,Chicago,78.8,2026-09-16T00:25:00+00:00
2026-09-16T00:49:00+00:00,KMDW,Chicago,78.8,2026-09-16T00:20:00+00:00
2026-09-16T00:49:00+00:00,KSFO,San Francisco,66.2,2026-09-16T00:30:00+00:00
2026-09-16T00:49:00+00:00,KSFO,San Francisco,66.2,2026-09-16T00:25:00+00:00
2026-09-16T00:49:00+00:00,KPHX,Phoenix,98.6,2026-09-16T00:30:00+00:00
2026-09-16T00:49:00+00:00,KPHX,Phoenix,98.6,2026-09-16T00:25:00+00:00
2026-09-16T00:49:00+00:00,KDCA,Washington DC,71.59,2026-09-16T00:35:00+00:00
2026-09-16T00:49:00+00:00,KDCA,Washington DC,71.59,2026-09-16T00:30:00+00:00
2026-09-16T00:49:00+00:00,KDCA,Washington DC,71.59,2026-09-16T00:25:00+00:00
2026-09-16T00:49:00+00:00,KDCA,Washington DC,71.59,2026-09-16T00:20:00+00:00
2026-09-16T00:49:00+00:00,KATL,Atlanta,82.4,2026-09-16T00:30:00+00:00
2026-09-16T00:49:00+00:00,KATL,Atlanta,82.4,2026-09-16T00:25:00+00:00
2026-09-16T00:49:00+00:00,KATL,Atlanta,82.4,2026-09-16T00:20:00+00:00
2026-09-16T00:49:00+00:00,KDFW,Dallas,96.8,2026-09-16T00:30:00+00:00
2026-09-16T00:49:00+00:00,KDFW,Dallas,96.8,2026-09-16T00:25:00+00:00
2026-09-16T00:49:00+00:00,KDFW,Dallas,96.8,2026-09-16T00:20:00+00:00
2026-09-16T00:49:00+00:00,KSEA,Seattle,64.4,2026-09-16T00:30:00+00:00
2026-09-16T00:49:00+00:00,KLAS,Las Vegas,96.8,2026-09-16T00:30:00+00:00
2026-09-16T00:49:00+00:00,KLAS,Las Vegas,96.8,2026-09-16T00:25:00+00:00
2026-09-16T00:49:00+00:00,KOKC,Oklahoma City,93.2,2026-09-16T00:30:00+00:00
2026-09-16T00:49:00+00:00,KOKC,Oklahoma City,93.2,2026-09-16T00:25:00+00:00
2026-09-16T00:49:00+00:00,KOKC,Oklahoma City,93.2,2026-09-16T00:20:00+00:00
2026-09-16T00:49:00+00:00,KBOS,Boston,59.0,2026-09-16T00:35:00+00:00
2026-09-16T00:49:00+00:00,KBOS,Boston,59.0,2026-09-16T00:30:00+00:00
2026-09-16T00:49:00+00:00,KBOS,Boston,59.0,2026-09-16T00:25:00+00:00
2026-09-16T00:49:00+00:00,KBOS,Boston,60.8,2026-09-16T00:20:00+00:00
2026-09-16T00:49:00+00:00,KMSP,Minneapolis,64.4,2026-09-16T00:30:00+00:00
2026-09-16T00:49:00+00:00,KMSP,Minneapolis,66.2,2026-09-16T00:25:00+00:00
2026-09-16T00:49:00+00:00,KMSP,Minneapolis,66.2,2026-09-16T00:20:00+00:00
2026-09-16T00:49:00+00:00,KSAT,San Antonio,93.2,2026-09-16T00:35:00+00:00
2026-09-16T00:49:00+00:00,KSAT,San Antonio,93.2,2026-09-16T00:30:00+00:00
2026-09-16T00:49:00+00:00,KSAT,San Antonio,93.2,2026-09-16T00:25:00+00:00
2026-09-16T00:49:00+00:00,KMSY,New Orleans,84.2,2026-09-16T00:35:00+00:00
2026-09-16T00:49:00+00:00,KMSY,New Orleans,84.2,2026-09-16T00:30:00+00:00
2026-09-16T00:49:00+00:00,KMSY,New Orleans,84.2,2026-09-16T00:25:00+00:00
2026-09-16T00:49:00+00:00,KHOU,Houston,87.8,2026-09-16T00:35:00+00:00
2026-09-16T00:49:00+00:00,KHOU,Houston,87.8,2026-09-16T00:30:00+00:00
2026-09-16T00:49:00+00:00,KHOU,Houston,87.8,2026-09-16T00:25:00+00:00
2026-09-16T00:49:00+00:00,KHOU,Houston,87.8,2026-09-16T00:20:00+00:00
2026-09-16T01:04:00+00:00,KMIA,Miami,84.2,2026-09-16T00:45:00+00:00
2026-09-16T01:04:00+00:00,KMIA,Miami,86.0,2026-09-16T00:40:00+00:00
2026-09-16T01:04:00+00:00,KDEN,Denver,66.2,2026-09-16T00:40:00+00:00
2026-09-16T01:04:00+00:00,KDEN,Denver,66.2,2026-09-16T00:35:00+00:00
2026-09-16T01:04:00+00:00,KLAX,Los Angeles,71.59,2026-09-16T00:45:00+00:00
2026-09-16T01:04:00+00:00,KLAX,Los Angeles,73.4,2026-09-16T00:40:00+00:00
2026-09-16T01:04:00+00:00,KLAX,Los Angeles,73.4,2026-09-16T00:35:00+00:00
2026-09-16T01:04:00+00:00,KPHL,Philadelphia,69.8,2026-09-16T00:40:00+00:00
2026-09-16T01:04:00+00:00,KAUS,Austin,93.2,2026-09-16T00:45:00+00:00
2026-09-16T01:04:00+00:00,KAUS,Austin,95.0,2026-09-16T00:40:00+00:00
2026-09-16T01:04:00+00:00,KAUS,Austin,95.0,2026-09-16T00:35:00+00:00
2026-09-16T01:04:00+00:00,KMDW,Chicago,77.0,2026-09-16T00:45:00+00:00
2026-09-16T01:04:00+00:00,KMDW,Chicago,77.0,2026-09-16T00:40:00+00:00
2026-09-16T01:04:00+00:00,KMDW,Chicago,77.0,2026-09-16T00:35:00+00:00
2026-09-16T01:04:00+00:00,KSFO,San Francisco,66.2,2026-09-16T00:40:00+00:00
2026-09-16T01:04:00+00:00,KSFO,San Francisco,66.2,2026-09-16T00:35:00+00:00
2026-09-16T01:04:00+00:00,KPHX,Phoenix,98.6,2026-09-16T00:45:00+00:00
2026-09-16T01:04:00+00:00,KPHX,Phoenix,98.6,2026-09-16T00:40:00+00:00
2026-09-16T01:04:00+00:00,KPHX,Phoenix,98.6,2026-09-16T00:35:00+00:00
2026-09-16T01:04:00+00:00,KDCA,Washington DC,71.59,2026-09-16T00:40:00+00:00
2026-09-16T01:04:00+00:00,KATL,Atlanta,82.4,2026-09-16T00:40:00+00:00
2026-09-16T01:04:00+00:00,KATL,Atlanta,82.4,2026-09-16T00:35:00+00:00
2026-09-16T01:04:00+00:00,KDFW,Dallas,96.8,2026-09-16T00:40:00+00:00
2026-09-16T01:04:00+00:00,KDFW,Dallas,96.8,2026-09-16T00:35:00+00:00
2026-09-16T01:04:00+00:00,KSEA,Seattle,64.4,2026-09-16T00:40:00+00:00
2026-09-16T01:04:00+00:00,KSEA,Seattle,64.4,2026-09-16T00:35:00+00:00
2026-09-16T01:04:00+00:00,KLAS,Las Vegas,95.0,2026-09-16T00:45:00+00:00
2026-09-16T01:04:00+00:00,KLAS,Las Vegas,95.0,2026-09-16T00:40:00+00:00
2026-09-16T01:04:00+00:00,KLAS,Las Vegas,96.8,2026-09-16T00:35:00+00:00
2026-09-16T01:04:00+00:00,KOKC,Oklahoma City,93.2,2026-09-16T00:40:00+00:00
2026-09-16T01:04:00+00:00,KOKC,Oklahoma City,93.2,2026-09-16T00:35:00+00:00
2026-09-16T01:04:00+00:00,KBOS,Boston,59.0,2026-09-16T00:40:00+00:00
2026-09-16T01:04:00+00:00,KMSP,Minneapolis,64.4,2026-09-16T00:45:00+00:00
2026-09-16T01:04:00+00:00,KMSP,Minneapolis,64.4,2026-09-16T00:40:00+00:00
2026-09-16T01:04:00+00:00,KMSP,Minneapolis,64.4,2026-09-16T00:35:00+00:00
2026-09-16T01:04:00+00:00,KSAT,San Antonio,91.4,2026-09-16T00:45:00+00:00
2026-09-16T01:04:00+00:00,KSAT,San Antonio,93.2,2026-09-16T00:40:00+00:00
2026-09-16T01:04:00+00:00,KMSY,New Orleans,84.2,2026-09-16T00:45:00+00:00
2026-09-16T01:04:00+00:00,KMSY,New Orleans,84.2,2026-09-16T00:40:00+00:00
2026-09-16T01:04:00+00:00,KHOU,Houston,87.8,2026-09-16T00:40:00+00:00
2026-09-16T01:19:00+00:00,KNYC,New York City,64.94,2026-09-16T00:51:00+00:00
2026-09-16T01:19:00+00:00,KMIA,Miami,86.0,2026-09-16T01:00:00+00:00
2026-09-16T01:19:00+00:00,KMIA,Miami,86.0,2026-09-16T00:55:00+00:00
2026-09-16T01:19:00+00:00,KMIA,Miami,84.91,2026-09-16T00:53:00+00:00
2026-09-16T01:19:00+00:00,KMIA,Miami,84.2,2026-09-16T00:50:00+00:00
2026-09-16T01:19:00+00:00,KDEN,Denver,64.4,2026-09-16T01:00:00+00:00
2026-09-16T01:19:00+00:00,KDEN,Denver,64.4,2026-09-16T00:55:00+00:00
2026-09-16T01:19:00+00:00,KDEN,Denver,64.94,2026-09-16T00:53:00+00:00
2026-09-16T01:19:00+00:00,KDEN,Denver,64.4,2026-09-16T00:50:00+00:00
2026-09-16T01:19:00+00:00,KDEN,Denver,66.2,2026-09-16T00:45:00+00:00
2026-09-16T01:19:00+00:00,KLAX,Los Angeles,73.4,2026-09-16T00:50:00+00:00
2026-09-16T01:19:00+00:00,KPHL,Philadelphia,68.0,2026-09-16T01:00:00+00:00
2026-09-16T01:19:00+00:00,KPHL,Philadelphia,68.0,2026-09-16T00:55:00+00:00
2026-09-16T01:19:00+00:00,KPHL,Philadelphia,68.0,2026-09-16T00:54:00+00:00
2026-09-16T01:19:00+00:00,KPHL,Philadelphia,69.8,2026-09-16T00:50:00+00:00
2026-09-16T01:19:00+00:00,KPHL,Philadelphia,69.8,2026-09-16T00:45:00+00:00
2026-09-16T01:19:00+00:00,KAUS,Austin,93.2,2026-09-16T01:00:00+00:00
2026-09-16T01:19:00+00:00,KAUS,Austin,93.91,2026-09-16T00:53:00+00:00
2026-09-16T01:19:00+00:00,KAUS,Austin,93.2,2026-09-16T00:50:00+00:00
2026-09-16T01:19:00+00:00,KMDW,Chicago,77.0,2026-09-16T01:00:00+00:00
2026-09-16T01:19:00+00:00,KMDW,Chicago,77.0,2026-09-16T00:53:00+00:00
2026-09-16T01:19:00+00:00,KMDW,Chicago,77.0,2026-09-16T00:50:00+00:00
2026-09-16T01:19:00+00:00,KSFO,San Francisco,64.4,2026-09-16T00:50:00+00:00
2026-09-16T01:19:00+00:00,KSFO,San Francisco,64.4,2026-09-16T00:45:00+00:00
2026-09-16T01:19:00+00:00,KPHX,Phoenix,98.6,2026-09-16T00:50:00+00:00
2026-09-16T01:19:00+00:00,KDCA,Washington DC,71.59,2026-09-16T01:00:00+00:00
2026-09-16T01:19:00+00:00,KDCA,Washington DC,71.59,2026-09-16T00:55:00+00:00
2026-09-16T01:19:00+00:00,KDCA,Washington DC,71.06,2026-09-16T00:52:00+00:00
2026-09-16T01:19:00+00:00,KDCA,Washington DC,71.59,2026-09-16T00:50:00+00:00
2026-09-16T01:19:00+00:00,KDCA,Washington DC,71.59,2026-09-16T00:45:00+00:00
2026-09-16T01:19:00+00:00,KATL,Atlanta,80.59,2026-09-16T01:05:00+00:00
2026-09-16T01:19:00+00:00,KATL,Atlanta,80.59,2026-09-16T01:00:00+00:00
2026-09-16T01:19:00+00:00,KATL,Atlanta,80.59,2026-09-16T00:55:00+00:00
2026-09-16T01:19:00+00:00,KATL,Atlanta,80.95,2026-09-16T00:52:00+00:00
2026-09-16T01:19:00+00:00,KATL,Atlanta,80.59,2026-09-16T00:50:00+00:00
2026-09-16T01:19:00+00:00,KATL,Atlanta,80.59,2026-09-16T00:45:00+00:00
2026-09-16T01:19:00+00:00,KDFW,Dallas,95.0,2026-09-16T01:05:00+00:00
2026-09-16T01:19:00+00:00,KDFW,Dallas,95.0,2026-09-16T01:00:00+00:00
2026-09-16T01:19:00+00:00,KDFW,Dallas,95.0,2026-09-16T00:55:00+00:00
2026-09-16T01:19:00+00:00,KDFW,Dallas,96.08,2026-09-16T00:53:00+00:00
2026-09-16T01:19:00+00:00,KDFW,Dallas,96.8,2026-09-16T00:50:00+00:00
2026-09-16T01:19:00+00:00,KDFW,Dallas,96.8,2026-09-16T00:45:00+00:00
2026-09-16T01:19:00+00:00,KSEA,Seattle,64.4,2026-09-16T00:50:00+00:00
2026-09-16T01:19:00+00:00,KSEA,Seattle,64.4,2026-09-16T00:45:00+00:00
2026-09-16T01:19:00+00:00,KLAS,Las Vegas,95.0,2026-09-16T00:50:00+00:00
2026-09-16T01:19:00+00:00,KOKC,Oklahoma City,91.4,2026-09-16T01:05:00+00:00
2026-09-16T01:19:00+00:00,KOKC,Oklahoma City,91.4,2026-09-16T01:00:00+00:00
2026-09-16T01:19:00+00:00,KOKC,Oklahoma City,91.4,2026-09-16T00:55:00+00:00
2026-09-16T01:19:00+00:00,KOKC,Oklahoma City,91.94,2026-09-16T00:52:00+00:00
2026-09-16T01:19:00+00:00,KOKC,Oklahoma City,91.4,2026-09-16T00:50:00+00:00
2026-09-16T01:19:00+00:00,KOKC,Oklahoma City,91.4,2026-09-16T00:45:00+00:00
2026-09-16T01:19:00+00:00,KBOS,Boston,59.0,2026-09-16T01:00:00+00:00
2026-09-16T01:19:00+00:00,KBOS,Boston,59.0,2026-09-16T00:55:00+00:00
2026-09-16T01:19:00+00:00,KBOS,Boston,59.0,2026-09-16T00:54:00+00:00
2026-09-16T01:19:00+00:00,KMSP,Minneapolis,64.4,2026-09-16T01:05:00+00:00
2026-09-16T01:19:00+00:00,KMSP,Minneapolis,66.2,2026-09-16T01:00:00+00:00
2026-09-16T01:19:00+00:00,KMSP,Minneapolis,66.2,2026-09-16T00:55:00+00:00
2026-09-16T01:19:00+00:00,KMSP,Minneapolis,64.94,2026-09-16T00:53:00+00:00
2026-09-16T01:19:00+00:00,KMSP,Minneapolis,64.4,2026-09-16T00:50:00+00:00
2026-09-16T01:19:00+00:00,KSAT,San Antonio,91.4,2026-09-16T01:05:00+00:00
2026-09-16T01:19:00+00:00,KSAT,San Antonio,91.4,2026-09-16T01:00:00+00:00
2026-09-16T01:19:00+00:00,KSAT,San Antonio,91.4,2026-09-16T00:55:00+00:00
2026-09-16T01:19:00+00:00,KSAT,San Antonio,91.94,2026-09-16T00:51:00+00:00
2026-09-16T01:19:00+00:00,KSAT,San Antonio,91.4,2026-09-16T00:50:00+00:00
2026-09-16T01:19:00+00:00,KMSY,New Orleans,84.2,2026-09-16T01:05:00+00:00
2026-09-16T01:19:00+00:00,KMSY,New Orleans,84.2,2026-09-16T01:00:00+00:00
2026-09-16T01:19:00+00:00,KMSY,New Orleans,84.2,2026-09-16T00:55:00+00:00
2026-09-16T01:19:00+00:00,KMSY,New Orleans,84.91,2026-09-16T00:53:00+00:00
2026-09-16T01:19:00+00:00,KMSY,New Orleans,84.2,2026-09-16T00:50:00+00:00
2026-09-16T01:19:00+00:00,KHOU,Houston,86.0,2026-09-16T01:00:00+00:00
2026-09-16T01:19:00+00:00,KHOU,Houston,86.0,2026-09-16T00:53:00+00:00
2026-09-16T01:19:00+00:00,KHOU,Houston,86.0,2026-09-16T00:50:00+00:00
2026-09-16T01:19:00+00:00,KHOU,Houston,86.0,2026-09-16T00:45:00+00:00
2026-09-16T01:22:22+00:00,KLAS,Las Vegas,93.2,2026-09-16T01:05:00+00:00
2026-09-16T01:22:22+00:00,KLAS,Las Vegas,95.0,2026-09-16T01:00:00+00:00
2026-09-16T01:22:22+00:00,KLAS,Las Vegas,95.0,2026-09-16T00:55:00+00:00
2026-09-16T01:22:22+00:00,KOKC,Oklahoma City,91.4,2026-09-16T01:10:00+00:00
2026-09-16T01:22:22+00:00,KHOU,Houston,84.2,2026-09-16T01:10:00+00:00
2026-09-16T01:22:22+00:00,KHOU,Houston,84.2,2026-09-16T01:05:00+00:00
2026-09-16T01:22:22+00:00,KHOU,Houston,86.0,2026-09-16T00:55:00+00:00
2026-09-16T01:34:00+00:00,KMIA,Miami,84.2,2026-09-16T01:20:00+00:00
2026-09-16T01:34:00+00:00,KMIA,Miami,84.2,2026-09-16T01:15:00+00:00
2026-09-16T01:34:00+00:00,KMIA,Miami,84.2,2026-09-16T01:10:00+00:00
2026-09-16T01:34:00+00:00,KMIA,Miami,84.2,2026-09-16T01:05:00+00:00
2026-09-16T01:34:00+00:00,KDEN,Denver,64.4,2026-09-16T01:25:00+00:00
2026-09-16T01:34:00+00:00,KDEN,Denver,64.4,2026-09-16T01:20:00+00:00
2026-09-16T01:34:00+00:00,KDEN,Denver,64.4,2026-09-16T01:15:00+00:00
2026-09-16T01:34:00+00:00,KDEN,Denver,64.4,2026-09-16T01:10:00+00:00
2026-09-16T01:34:00+00:00,KDEN,Denver,64.4,2026-09-16T01:05:00+00:00
2026-09-16T01:34:00+00:00,KLAX,Los Angeles,71.59,2026-09-16T01:20:00+00:00
2026-09-16T01:34:00+00:00,KLAX,Los Angeles,71.59,2026-09-16T01:15:00+00:00
2026-09-16T01:34:00+00:00,KLAX,Los Angeles,71.59,2026-09-16T01:10:00+00:00
2026-09-16T01:34:00+00:00,KLAX,Los Angeles,73.4,2026-09-16T01:05:00+00:00
2026-09-16T01:34:00+00:00,KLAX,Los Angeles,73.4,2026-09-16T01:00:00+00:00
2026-09-16T01:34:00+00:00,KLAX,Los Angeles,73.4,2026-09-16T00:55:00+00:00
2026-09-16T01:34:00+00:00,KLAX,Los Angeles,73.04,2026-09-16T00:53:00+00:00
2026-09-16T01:34:00+00:00,KPHL,Philadelphia,66.2,2026-09-16T01:20:00+00:00
2026-09-16T01:34:00+00:00,KPHL,Philadelphia,66.2,2026-09-16T01:15:00+00:00
2026-09-16T01:34:00+00:00,KPHL,Philadelphia,66.2,2026-09-16T01:10:00+00:00
2026-09-16T01:34:00+00:00,KPHL,Philadelphia,68.0,2026-09-16T01:05:00+00:00
2026-09-16T01:34:00+00:00,KAUS,Austin,93.2,2026-09-16T01:15:00+00:00
2026-09-16T01:34:00+00:00,KAUS,Austin,93.2,2026-09-16T01:10:00+00:00
2026-09-16T01:34:00+00:00,KAUS,Austin,93.2,2026-09-16T01:05:00+00:00
2026-09-16T01:34:00+00:00,KAUS,Austin,93.2,2026-09-16T00:55:00+00:00
2026-09-16T01:34:00+00:00,KMDW,Chicago,78.8,2026-09-16T01:15:00+00:00
2026-09-16T01:34:00+00:00,KMDW,Chicago,77.0,2026-09-16T01:10:00+00:00
2026-09-16T01:34:00+00:00,KMDW,Chicago,77.0,2026-09-16T01:05:00+00:00
2026-09-16T01:34:00+00:00,KMDW,Chicago,77.0,2026-09-16T00:55:00+00:00
2026-09-16T01:34:00+00:00,KSFO,San Francisco,62.6,2026-09-16T01:20:00+00:00
2026-09-16T01:34:00+00:00,KSFO,San Francisco,62.6,2026-09-16T01:15:00+00:00
2026-09-16T01:34:00+00:00,KSFO,San Francisco,64.4,2026-09-16T01:10:00+00:00
2026-09-16T01:34:00+00:00,KSFO,San Francisco,64.4,2026-09-16T01:05:00+00:00
2026-09-16T01:34:00+00:00,KSFO,San Francisco,64.4,2026-09-16T01:00:00+00:00
2026-09-16T01:34:00+00:00,KSFO,San Francisco,64.04,2026-09-16T00:56:00+00:00
2026-09-16T01:34:00+00:00,KSFO,San Francisco,64.4,2026-09-16T00:55:00+00:00
2026-09-16T01:34:00+00:00,KPHX,Phoenix,98.6,2026-09-16T01:20:00+00:00
2026-09-16T01:34:00+00:00,KPHX,Phoenix,98.6,2026-09-16T01:15:00+00:00
2026-09-16T01:34:00+00:00,KPHX,Phoenix,98.6,2026-09-16T01:10:00+00:00
2026-09-16T01:34:00+00:00,KPHX,Phoenix,98.6,2026-09-16T01:05:00+00:00
2026-09-16T01:34:00+00:00,KPHX,Phoenix,98.6,2026-09-16T01:00:00+00:00
2026-09-16T01:34:00+00:00,KPHX,Phoenix,98.6,2026-09-16T00:55:00+00:00
2026-09-16T01:34:00+00:00,KPHX,Phoenix,98.06,2026-09-16T00:51:00+00:00
2026-09-16T01:34:00+00:00,KDCA,Washington DC,71.59,2026-09-16T01:20:00+00:00
2026-09-16T01:34:00+00:00,KDCA,Washington DC,71.59,2026-09-16T01:15:00+00:00
2026-09-16T01:34:00+00:00,KDCA,Washington DC,71.59,2026-09-16T01:10:00+00:00
2026-09-16T01:34:00+00:00,KDCA,Washington DC,69.8,2026-09-16T01:05:00+00:00
2026-09-16T01:34:00+00:00,KATL,Atlanta,80.59,2026-09-16T01:15:00+00:00
2026-09-16T01:34:00+00:00,KATL,Atlanta,80.59,2026-09-16T01:10:00+00:00
2026-09-16T01:34:00+00:00,KDFW,Dallas,93.2,2026-09-16T01:20:00+00:00
2026-09-16T01:34:00+00:00,KDFW,Dallas,95.0,2026-09-16T01:15:00+00:00
2026-09-16T01:34:00+00:00,KDFW,Dallas,95.0,2026-09-16T01:10:00+00:00
2026-09-16T01:34:00+00:00,KSEA,Seattle,64.4,2026-09-16T01:20:00+00:00
2026-09-16T01:34:00+00:00,KSEA,Seattle,64.4,2026-09-16T01:15:00+00:00
2026-09-16T01:34:00+00:00,KSEA,Seattle,64.4,2026-09-16T01:10:00+00:00
2026-09-16T01:34:00+00:00,KSEA,Seattle,66.2,2026-09-16T01:05:00+00:00
2026-09-16T01:34:00+00:00,KSEA,Seattle,64.4,2026-09-16T01:00:00+00:00
2026-09-16T01:34:00+00:00,KSEA,Seattle,64.4,2026-09-16T00:55:00+00:00
2026-09-16T01:34:00+00:00,KSEA,Seattle,64.94,2026-09-16T00:53:00+00:00
2026-09-16T01:34:00+00:00,KLAS,Las Vegas,93.2,2026-09-16T01:20:00+00:00
2026-09-16T01:34:00+00:00,KLAS,Las Vegas,93.2,2026-09-16T01:15:00+00:00
2026-09-16T01:34:00+00:00,KLAS,Las Vegas,93.2,2026-09-16T01:10:00+00:00
2026-09-16T01:34:00+00:00,KLAS,Las Vegas,93.2,2026-09-16T01:05:00+00:00
2026-09-16T01:34:00+00:00,KLAS,Las Vegas,95.0,2026-09-16T01:00:00+00:00
2026-09-16T01:34:00+00:00,KLAS,Las Vegas,95.0,2026-09-16T00:56:00+00:00
2026-09-16T01:34:00+00:00,KLAS,Las Vegas,95.0,2026-09-16T00:55:00+00:00
2026-09-16T01:34:00+00:00,KOKC,Oklahoma City,91.4,2026-09-16T01:15:00+00:00
2026-09-16T01:34:00+00:00,KOKC,Oklahoma City,91.4,2026-09-16T01:10:00+00:00
2026-09-16T01:34:00+00:00,KBOS,Boston,59.0,2026-09-16T01:25:00+00:00
2026-09-16T01:34:00+00:00,KBOS,Boston,59.0,2026-09-16T01:20:00+00:00
2026-09-16T01:34:00+00:00,KBOS,Boston,59.0,2026-09-16T01:15:00+00:00
2026-09-16T01:34:00+00:00,KBOS,Boston,59.0,2026-09-16T01:10:00+00:00
2026-09-16T01:34:00+00:00,KBOS,Boston,59.0,2026-09-16T01:05:00+00:00
2026-09-16T01:34:00+00:00,KMSP,Minneapolis,64.4,2026-09-16T01:20:00+00:00
2026-09-16T01:34:00+00:00,KMSP,Minneapolis,64.4,2026-09-16T01:15:00+00:00
2026-09-16T01:34:00+00:00,KMSP,Minneapolis,64.4,2026-09-16T01:10:00+00:00
2026-09-16T01:34:00+00:00,KSAT,San Antonio,91.4,2026-09-16T01:20:00+00:00
2026-09-16T01:34:00+00:00,KSAT,San Antonio,91.4,2026-09-16T01:15:00+00:00
2026-09-16T01:34:00+00:00,KSAT,San Antonio,91.4,2026-09-16T01:10:00+00:00
2026-09-16T01:34:00+00:00,KMSY,New Orleans,84.2,2026-09-16T01:20:00+00:00
2026-09-16T01:34:00+00:00,KMSY,New Orleans,84.2,2026-09-16T01:15:00+00:00
2026-09-16T01:34:00+00:00,KMSY,New Orleans,84.2,2026-09-16T01:10:00+00:00
2026-09-16T01:34:00+00:00,KHOU,Houston,84.2,2026-09-16T01:15:00+00:00
2026-09-16T01:34:00+00:00,KHOU,Houston,84.2,2026-09-16T01:10:00+00:00
2026-09-16T01:34:00+00:00,KHOU,Houston,84.2,2026-09-16T01:05:00+00:00
2026-09-16T01:34:00+00:00,KHOU,Houston,86.0,2026-09-16T00:55:00+00:00
2026-09-16T01:49:00+00:00,KMIA,Miami,84.2,2026-09-16T01:35:00+00:00
2026-09-16T01:49:00+00:00,KMIA,Miami,84.2,2026-09-16T01:30:00+00:00
2026-09-16T01:49:00+00:00,KMIA,Miami,84.2,2026-09-16T01:25:00+00:00
2026-09-16T01:49:00+00:00,KLAX,Los Angeles,71.59,2026-09-16T01:30:00+00:00
2026-09-16T01:49:00+00:00,KLAX,Los Angeles,71.59,2026-09-16T01:25:00+00:00
2026-09-16T01:49:00+00:00,KPHL,Philadelphia,66.2,2026-09-16T01:30:00+00:00
2026-09-16T01:49:00+00:00,KPHL,Philadelphia,66.2,2026-09-16T01:25:00+00:00
2026-09-16T01:49:00+00:00,KAUS,Austin,91.4,2026-09-16T01:30:00+00:00
2026-09-16T01:49:00+00:00,KAUS,Austin,91.4,2026-09-16T01:25:00+00:00
2026-09-16T01:49:00+00:00,KAUS,Austin,93.2,2026-09-16T01:20:00+00:00
2026-09-16T01:49:00+00:00,KMDW,Chicago,77.0,2026-09-16T01:30:00+00:00
2026-09-16T01:49:00+00:00,KMDW,Chicago,78.8,2026-09-16T01:25:00+00:00
2026-09-16T01:49:00+00:00,KMDW,Chicago,78.8,2026-09-16T01:20:00+00:00
2026-09-16T01:49:00+00:00,KSFO,San Francisco,62.6,2026-09-16T01:30:00+00:00
2026-09-16T01:49:00+00:00,KSFO,San Francisco,62.6,2026-09-16T01:25:00+00:00
2026-09-16T01:49:00+00:00,KPHX,Phoenix,96.8,2026-09-16T01:30:00+00:00
2026-09-16T01:49:00+00:00,KPHX,Phoenix,98.6,2026-09-16T01:25:00+00:00
2026-09-16T01:49:00+00:00,KDCA,Washington DC,71.59,2026-09-16T01:30:00+00:00
2026-09-16T01:49:00+00:00,KDCA,Washington DC,69.8,2026-09-16T01:25:00+00:00
2026-09-16T01:49:00+00:00,KATL,Atlanta,80.59,2026-09-16T01:30:00+00:00
2026-09-16T01:49:00+00:00,KATL,Atlanta,80.59,2026-09-16T01:25:00+00:00
2026-09-16T01:49:00+00:00,KATL,Atlanta,80.59,2026-09-16T01:20:00+00:00
2026-09-16T01:49:00+00:00,KDFW,Dallas,93.2,2026-09-16T01:25:00+00:00
2026-09-16T01:49:00+00:00,KSEA,Seattle,64.4,2026-09-16T01:25:00+00:00
2026-09-16T01:49:00+00:00,KLAS,Las Vegas,93.2,2026-09-16T01:30:00+00:00
2026-09-16T01:49:00+00:00,KLAS,Las Vegas,93.2,2026-09-16T01:25:00+00:00
2026-09-16T01:49:00+00:00,KOKC,Oklahoma City,91.4,2026-09-16T01:30:00+00:00
2026-09-16T01:49:00+00:00,KOKC,Oklahoma City,91.4,2026-09-16T01:25:00+00:00
2026-09-16T01:49:00+00:00,KOKC,Oklahoma City,91.4,2026-09-16T01:20:00+00:00
2026-09-16T01:49:00+00:00,KBOS,Boston,59.0,2026-09-16T01:35:00+00:00
2026-09-16T01:49:00+00:00,KBOS,Boston,59.0,2026-09-16T01:30:00+00:00
2026-09-16T01:49:00+00:00,KMSP,Minneapolis,64.4,2026-09-16T01:25:00+00:00
2026-09-16T01:49:00+00:00,KSAT,San Antonio,91.4,2026-09-16T01:30:00+00:00
2026-09-16T01:49:00+00:00,KSAT,San Antonio,91.4,2026-09-16T01:25:00+00:00
2026-09-16T01:49:00+00:00,KMSY,New Orleans,84.2,2026-09-16T01:30:00+00:00
2026-09-16T01:49:00+00:00,KMSY,New Orleans,84.2,2026-09-16T01:25:00+00:00
2026-09-16T01:49:00+00:00,KHOU,Houston,84.2,2026-09-16T01:25:00+00:00
2026-09-16T01:49:00+00:00,KHOU,Houston,84.2,2026-09-16T01:20:00+00:00
2026-09-16T02:04:00+00:00,KMIA,Miami,84.2,2026-09-16T01:40:00+00:00
2026-09-16T02:04:00+00:00,KDEN,Denver,62.6,2026-09-16T01:40:00+00:00
2026-09-16T02:04:00+00:00,KDEN,Denver,62.6,2026-09-16T01:35:00+00:00
2026-09-16T02:04:00+00:00,KDEN,Denver,64.4,2026-09-16T01:30:00+00:00
2026-09-16T02:04:00+00:00,KLAX,Los Angeles,71.59,2026-09-16T01:45:00+00:00
2026-09-16T02:04:00+00:00,KLAX,Los Angeles,71.59,2026-09-16T01:40:00+00:00
2026-09-16T02:04:00+00:00,KLAX,Los Angeles,71.59,2026-09-16T01:35:00+00:00
2026-09-16T02:04:00+00:00,KPHL,Philadelphia,66.2,2026-09-16T01:40:00+00:00
2026-09-16T02:04:00+00:00,KPHL,Philadelphia,66.2,2026-09-16T01:35:00+00:00
2026-09-16T02:04:00+00:00,KAUS,Austin,91.4,2026-09-16T01:45:00+00:00
2026-09-16T02:04:00+00:00,KAUS,Austin,91.4,2026-09-16T01:40:00+00:00
2026-09-16T02:04:00+00:00,KAUS,Austin,91.4,2026-09-16T01:35:00+00:00
2026-09-16T02:04:00+00:00,KMDW,Chicago,77.0,2026-09-16T01:45:00+00:00
2026-09-16T02:04:00+00:00,KMDW,Chicago,77.0,2026-09-16T01:40:00+00:00
2026-09-16T02:04:00+00:00,KMDW,Chicago,75.2,2026-09-16T01:35:00+00:00
2026-09-16T02:04:00+00:00,KSFO,San Francisco,62.6,2026-09-16T01:45:00+00:00
2026-09-16T02:04:00+00:00,KSFO,San Francisco,62.6,2026-09-16T01:40:00+00:00
2026-09-16T02:04:00+00:00,KSFO,San Francisco,62.6,2026-09-16T01:35:00+00:00
2026-09-16T02:04:00+00:00,KPHX,Phoenix,96.8,2026-09-16T01:45:00+00:00
2026-09-16T02:04:00+00:00,KPHX,Phoenix,96.8,2026-09-16T01:40:00+00:00
2026-09-16T02:04:00+00:00,KPHX,Phoenix,96.8,2026-09-16T01:35:00+00:00
2026-09-16T02:04:00+00:00,KDCA,Washington DC,69.8,2026-09-16T01:40:00+00:00
2026-09-16T02:04:00+00:00,KDCA,Washington DC,71.59,2026-09-16T01:35:00+00:00
2026-09-16T02:04:00+00:00,KATL,Atlanta,80.59,2026-09-16T01:45:00+00:00
2026-09-16T02:04:00+00:00,KATL,Atlanta,80.59,2026-09-16T01:40:00+00:00
2026-09-16T02:04:00+00:00,KATL,Atlanta,80.59,2026-09-16T01:35:00+00:00
2026-09-16T02:04:00+00:00,KDFW,Dallas,93.2,2026-09-16T01:40:00+00:00
2026-09-16T02:04:00+00:00,KDFW,Dallas,93.2,2026-09-16T01:35:00+00:00
2026-09-16T02:04:00+00:00,KDFW,Dallas,93.2,2026-09-16T01:30:00+00:00
2026-09-16T02:04:00+00:00,KSEA,Seattle,64.4,2026-09-16T01:45:00+00:00
2026-09-16T02:04:00+00:00,KSEA,Seattle,64.4,2026-09-16T01:40:00+00:00
2026-09-16T02:04:00+00:00,KSEA,Seattle,64.4,2026-09-16T01:35:00+00:00
2026-09-16T02:04:00+00:00,KLAS,Las Vegas,93.2,2026-09-16T01:45:00+00:00
2026-09-16T02:04:00+00:00,KLAS,Las Vegas,93.2,2026-09-16T01:40:00+00:00
2026-09-16T02:04:00+00:00,KLAS,Las Vegas,93.2,2026-09-16T01:35:00+00:00
2026-09-16T02:04:00+00:00,KOKC,Oklahoma City,89.6,2026-09-16T01:45:00+00:00
2026-09-16T02:04:00+00:00,KOKC,Oklahoma City,89.6,2026-09-16T01:40:00+00:00
2026-09-16T02:04:00+00:00,KOKC,Oklahoma City,91.4,2026-09-16T01:35:00+00:00
2026-09-16T02:04:00+00:00,KBOS,Boston,59.0,2026-09-16T01:45:00+00:00
2026-09-16T02:04:00+00:00,KBOS,Boston,59.0,2026-09-16T01:40:00+00:00
2026-09-16T02:04:00+00:00,KMSP,Minneapolis,64.4,2026-09-16T01:45:00+00:00
2026-09-16T02:04:00+00:00,KMSP,Minneapolis,64.4,2026-09-16T01:40:00+00:00
2026-09-16T02:04:00+00:00,KSAT,San Antonio,89.6,2026-09-16T01:45:00+00:00
2026-09-16T02:04:00+00:00,KSAT,San Antonio,89.6,2026-09-16T01:40:00+00:00
2026-09-16T02:04:00+00:00,KSAT,San Antonio,89.6,2026-09-16T01:35:00+00:00
2026-09-16T02:04:00+00:00,KMSY,New Orleans,84.2,2026-09-16T01:45:00+00:00
2026-09-16T02:04:00+00:00,KMSY,New Orleans,84.2,2026-09-16T01:40:00+00:00
2026-09-16T02:04:00+00:00,KMSY,New Orleans,84.2,2026-09-16T01:35:00+00:00
2026-09-16T02:04:00+00:00,KHOU,Houston,84.2,2026-09-16T01:45:00+00:00
2026-09-16T02:04:00+00:00,KHOU,Houston,84.2,2026-09-16T01:40:00+00:00
2026-09-16T02:04:00+00:00,KHOU,Houston,84.2,2026-09-16T01:35:00+00:00
2026-09-16T02:04:00+00:00,KHOU,Houston,84.2,2026-09-16T01:30:00+00:00
2026-09-16T02:19:00+00:00,KNYC,New York City,64.94,2026-09-16T01:51:00+00:00
2026-09-16T02:19:00+00:00,KMIA,Miami,84.2,2026-09-16T02:00:00+00:00
2026-09-16T02:19:00+00:00,KMIA,Miami,84.2,2026-09-16T01:55:00+00:00
2026-09-16T02:19:00+00:00,KMIA,Miami,84.91,2026-09-16T01:53:00+00:00
2026-09-16T02:19:00+00:00,KMIA,Miami,84.2,2026-09-16T01:50:00+00:00
2026-09-16T02:19:00+00:00,KMIA,Miami,84.2,2026-09-16T01:45:00+00:00
2026-09-16T02:19:00+00:00,KDEN,Denver,62.6,2026-09-16T01:50:00+00:00
2026-09-16T02:19:00+00:00,KDEN,Denver,62.6,2026-09-16T01:45:00+00:00
2026-09-16T02:19:00+00:00,KLAX,Los Angeles,71.59,2026-09-16T02:00:00+00:00
2026-09-16T02:19:00+00:00,KLAX,Los Angeles,71.59,2026-09-16T01:55:00+00:00
2026-09-16T02:19:00+00:00,KLAX,Los Angeles,71.06,2026-09-16T01:53:00+00:00
2026-09-16T02:19:00+00:00,KLAX,Los Angeles,71.59,2026-09-16T01:50:00+00:00
2026-09-16T02:19:00+00:00,KPHL,Philadelphia,66.2,2026-09-16T02:00:00+00:00
2026-09-16T02:19:00+00:00,KPHL,Philadelphia,66.2,2026-09-16T01:55:00+00:00
2026-09-16T02:19:00+00:00,KPHL,Philadelphia,66.02,2026-09-16T01:54:00+00:00
2026-09-16T02:19:00+00:00,KPHL,Philadelphia,66.2,2026-09-16T01:50:00+00:00
2026-09-16T02:19:00+00:00,KPHL,Philadelphia,66.2,2026-09-16T01:45:00+00:00
2026-09-16T02:19:00+00:00,KAUS,Austin,91.4,2026-09-16T02:00:00+00:00
2026-09-16T02:19:00+00:00,KAUS,Austin,91.4,2026-09-16T01:55:00+00:00
2026-09-16T02:19:00+00:00,KAUS,Austin,91.04,2026-09-16T01:53:00+00:00
2026-09-16T02:19:00+00:00,KAUS,Austin,91.4,2026-09-16T01:50:00+00:00
2026-09-16T02:19:00+00:00,KMDW,Chicago,77.0,2026-09-16T01:55:00+00:00
2026-09-16T02:19:00+00:00,KMDW,Chicago,77.0,2026-09-16T01:50:00+00:00
2026-09-16T02:19:00+00:00,KSFO,San Francisco,60.8,2026-09-16T02:00:00+00:00
2026-09-16T02:19:00+00:00,KSFO,San Francisco,62.05,2026-09-16T01:56:00+00:00
2026-09-16T02:19:00+00:00,KSFO,San Francisco,62.6,2026-09-16T01:55:00+00:00
2026-09-16T02:19:00+00:00,KSFO,San Francisco,62.6,2026-09-16T01:50:00+00:00
2026-09-16T02:19:00+00:00,KPHX,Phoenix,96.8,2026-09-16T01:50:00+00:00
2026-09-16T02:19:00+00:00,KDCA,Washington DC,69.8,2026-09-16T02:00:00+00:00
2026-09-16T02:19:00+00:00,KDCA,Washington DC,69.8,2026-09-16T01:55:00+00:00
2026-09-16T02:19:00+00:00,KDCA,Washington DC,69.98,2026-09-16T01:52:00+00:00
2026-09-16T02:19:00+00:00,KDCA,Washington DC,69.8,2026-09-16T01:50:00+00:00
2026-09-16T02:19:00+00:00,KDCA,Washington DC,69.8,2026-09-16T01:45:00+00:00
2026-09-16T02:19:00+00:00,KATL,Atlanta,80.59,2026-09-16T01:55:00+00:00
2026-09-16T02:19:00+00:00,KATL,Atlanta,80.59,2026-09-16T01:50:00+00:00
2026-09-16T02:19:00+00:00,KDFW,Dallas,93.2,2026-09-16T02:00:00+00:00
2026-09-16T02:19:00+00:00,KDFW,Dallas,93.2,2026-09-16T01:55:00+00:00
2026-09-16T02:19:00+00:00,KDFW,Dallas,93.02,2026-09-16T01:53:00+00:00
2026-09-16T02:19:00+00:00,KDFW,Dallas,93.2,2026-09-16T01:50:00+00:00
2026-09-16T02:19:00+00:00,KDFW,Dallas,93.2,2026-09-16T01:45:00+00:00
2026-09-16T02:19:00+00:00,KSEA,Seattle,62.6,2026-09-16T02:00:00+00:00
2026-09-16T02:19:00+00:00,KSEA,Seattle,62.6,2026-09-16T01:55:00+00:00
2026-09-16T02:19:00+00:00,KSEA,Seattle,62.95,2026-09-16T01:53:00+00:00
2026-09-16T02:19:00+00:00,KSEA,Seattle,62.6,2026-09-16T01:50:00+00:00
2026-09-16T02:19:00+00:00,KLAS,Las Vegas,93.2,2026-09-16T01:50:00+00:00
2026-09-16T02:19:00+00:00,KOKC,Oklahoma City,89.6,2026-09-16T02:00:00+00:00
2026-09-16T02:19:00+00:00,KOKC,Oklahoma City,89.6,2026-09-16T01:55:00+00:00
2026-09-16T02:19:00+00:00,KOKC,Oklahoma City,89.96,2026-09-16T01:52:00+00:00
2026-09-16T02:19:00+00:00,KOKC,Oklahoma City,89.6,2026-09-16T01:50:00+00:00
2026-09-16T02:19:00+00:00,KBOS,Boston,57.2,2026-09-16T02:00:00+00:00
2026-09-16T02:19:00+00:00,KBOS,Boston,59.0,2026-09-16T01:54:00+00:00
2026-09-16T02:19:00+00:00,KBOS,Boston,59.0,2026-09-16T01:50:00+00:00
2026-09-16T02:19:00+00:00,KMSP,Minneapolis,62.6,2026-09-16T02:00:00+00:00
2026-09-16T02:19:00+00:00,KMSP,Minneapolis,62.6,2026-09-16T01:55:00+00:00
2026-09-16T02:19:00+00:00,KMSP,Minneapolis,64.04,2026-09-16T01:53:00+00:00
2026-09-16T02:19:00+00:00,KMSP,Minneapolis,64.4,2026-09-16T01:50:00+00:00
2026-09-16T02:19:00+00:00,KSAT,San Antonio,87.8,2026-09-16T02:00:00+00:00
2026-09-16T02:19:00+00:00,KSAT,San Antonio,89.6,2026-09-16T01:55:00+00:00
2026-09-16T02:19:00+00:00,KSAT,San Antonio,89.06,2026-09-16T01:51:00+00:00
2026-09-16T02:19:00+00:00,KSAT,San Antonio,89.6,2026-09-16T01:50:00+00:00
2026-09-16T02:19:00+00:00,KMSY,New Orleans,84.2,2026-09-16T02:00:00+00:00
2026-09-16T02:19:00+00:00,KMSY,New Orleans,84.2,2026-09-16T01:55:00+00:00
2026-09-16T02:19:00+00:00,KMSY,New Orleans,84.91,2026-09-16T01:53:00+00:00
2026-09-16T02:19:00+00:00,KMSY,New Orleans,84.2,2026-09-16T01:50:00+00:00
2026-09-16T02:19:00+00:00,KHOU,Houston,84.2,2026-09-16T02:00:00+00:00
2026-09-16T02:19:00+00:00,KHOU,Houston,84.2,2026-09-16T01:55:00+00:00
2026-09-16T02:19:00+00:00,KHOU,Houston,84.91,2026-09-16T01:53:00+00:00
2026-09-16T02:19:00+00:00,KHOU,Houston,84.2,2026-09-16T01:50:00+00:00
2026-09-16T02:34:00+00:00,KMIA,Miami,84.2,2026-09-16T02:25:00+00:00
2026-09-16T02:34:00+00:00,KMIA,Miami,84.2,2026-09-16T02:20:00+00:00
2026-09-16T02:34:00+00:00,KMIA,Miami,84.2,2026-09-16T02:15:00+00:00
2026-09-16T02:34:00+00:00,KMIA,Miami,84.2,2026-09-16T02:10:00+00:00
2026-09-16T02:34:00+00:00,KMIA,Miami,84.2,2026-09-16T02:05:00+00:00
2026-09-16T02:34:00+00:00,KDEN,Denver,62.6,2026-09-16T02:15:00+00:00
2026-09-16T02:34:00+00:00,KDEN,Denver,62.6,2026-09-16T02:10:00+00:00
2026-09-16T02:34:00+00:00,KDEN,Denver,62.6,2026-09-16T02:05:00+00:00
2026-09-16T02:34:00+00:00,KDEN,Denver,62.6,2026-09-16T02:00:00+00:00
2026-09-16T02:34:00+00:00,KDEN,Denver,62.6,2026-09-16T01:55:00+00:00
2026-09-16T02:34:00+00:00,KDEN,Denver,62.05,2026-09-16T01:53:00+00:00
2026-09-16T02:34:00+00:00,KLAX,Los Angeles,69.8,2026-09-16T02:15:00+00:00
2026-09-16T02:34:00+00:00,KLAX,Los Angeles,71.59,2026-09-16T02:10:00+00:00
2026-09-16T02:34:00+00:00,KLAX,Los Angeles,71.59,2026-09-16T02:05:00+00:00
2026-09-16T02:34:00+00:00,KPHL,Philadelphia,66.2,2026-09-16T02:20:00+00:00
2026-09-16T02:34:00+00:00,KPHL,Philadelphia,66.2,2026-09-16T02:15:00+00:00
2026-09-16T02:34:00+00:00,KPHL,Philadelphia,66.2,2026-09-16T02:10:00+00:00
2026-09-16T02:34:00+00:00,KPHL,Philadelphia,66.2,2026-09-16T02:05:00+00:00
2026-09-16T02:34:00+00:00,KAUS,Austin,89.6,2026-09-16T02:15:00+00:00
2026-09-16T02:34:00+00:00,KAUS,Austin,89.6,2026-09-16T02:10:00+00:00
2026-09-16T02:34:00+00:00,KAUS,Austin,91.4,2026-09-16T02:05:00+00:00
2026-09-16T02:34:00+00:00,KMDW,Chicago,77.0,2026-09-16T02:20:00+00:00
2026-09-16T02:34:00+00:00,KMDW,Chicago,77.0,2026-09-16T02:15:00+00:00
2026-09-16T02:34:00+00:00,KMDW,Chicago,77.0,2026-09-16T02:10:00+00:00
2026-09-16T02:34:00+00:00,KMDW,Chicago,77.0,2026-09-16T02:05:00+00:00
2026-09-16T02:34:00+00:00,KMDW,Chicago,77.0,2026-09-16T02:00:00+00:00
2026-09-16T02:34:00+00:00,KMDW,Chicago,77.0,2026-09-16T01:53:00+00:00
2026-09-16T02:34:00+00:00,KSFO,San Francisco,60.8,2026-09-16T02:15:00+00:00
2026-09-16T02:34:00+00:00,KSFO,San Francisco,60.8,2026-09-16T02:10:00+00:00
2026-09-16T02:34:00+00:00,KSFO,San Francisco,60.8,2026-09-16T02:05:00+00:00
2026-09-16T02:34:00+00:00,KPHX,Phoenix,96.8,2026-09-16T02:15:00+00:00
2026-09-16T02:34:00+00:00,KPHX,Phoenix,96.8,2026-09-16T02:10:00+00:00
2026-09-16T02:34:00+00:00,KPHX,Phoenix,96.8,2026-09-16T02:05:00+00:00
2026-09-16T02:34:00+00:00,KPHX,Phoenix,96.8,2026-09-16T02:00:00+00:00
2026-09-16T02:34:00+00:00,KPHX,Phoenix,96.8,2026-09-16T01:55:00+00:00
2026-09-16T02:34:00+00:00,KPHX,Phoenix,96.98,2026-09-16T01:51:00+00:00
2026-09-16T02:34:00+00:00,KDCA,Washington DC,69.8,2026-09-16T02:20:00+00:00
2026-09-16T02:34:00+00:00,KDCA,Washington DC,69.8,2026-09-16T02:15:00+00:00
2026-09-16T02:34:00+00:00,KDCA,Washington DC,69.8,2026-09-16T02:10:00+00:00
2026-09-16T02:34:00+00:00,KDCA,Washington DC,69.8,2026-09-16T02:05:00+00:00
2026-09-16T02:34:00+00:00,KATL,Atlanta,78.8,2026-09-16T02:15:00+00:00
2026-09-16T02:34:00+00:00,KATL,Atlanta,78.8,2026-09-16T02:10:00+00:00
2026-09-16T02:34:00+00:00,KATL,Atlanta,78.8,2026-09-16T02:05:00+00:00
2026-09-16T02:34:00+00:00,KATL,Atlanta,78.8,2026-09-16T02:00:00+00:00
2026-09-16T02:34:00+00:00,KATL,Atlanta,80.06,2026-09-16T01:52:00+00:00
2026-09-16T02:34:00+00:00,KDFW,Dallas,93.2,2026-09-16T02:20:00+00:00
2026-09-16T02:34:00+00:00,KDFW,Dallas,93.2,2026-09-16T02:15:00+00:00
2026-09-16T02:34:00+00:00,KDFW,Dallas,93.2,2026-09-16T02:10:00+00:00
2026-09-16T02:34:00+00:00,KDFW,Dallas,93.2,2026-09-16T02:05:00+00:00
2026-09-16T02:34:00+00:00,KSEA,Seattle,62.6,2026-09-16T02:15:00+00:00
2026-09-16T02:34:00+00:00,KSEA,Seattle,62.6,2026-09-16T02:10:00+00:00
2026-09-16T02:34:00+00:00,KLAS,Las Vegas,91.4,2026-09-16T02:15:00+00:00
2026-09-16T02:34:00+00:00,KLAS,Las Vegas,91.4,2026-09-16T02:10:00+00:00
2026-09-16T02:34:00+00:00,KLAS,Las Vegas,91.4,2026-09-16T02:05:00+00:00
2026-09-16T02:34:00+00:00,KLAS,Las Vegas,93.2,2026-09-16T02:00:00+00:00
2026-09-16T02:34:00+00:00,KLAS,Las Vegas,93.02,2026-09-16T01:56:00+00:00
2026-09-16T02:34:00+00:00,KLAS,Las Vegas,93.2,2026-09-16T01:55:00+00:00
2026-09-16T02:34:00+00:00,KOKC,Oklahoma City,89.6,2026-09-16T02:20:00+00:00
2026-09-16T02:34:00+00:00,KOKC,Oklahoma City,89.6,2026-09-16T02:15:00+00:00
2026-09-16T02:34:00+00:00,KOKC,Oklahoma City,89.6,2026-09-16T02:10:00+00:00
2026-09-16T02:34:00+00:00,KOKC,Oklahoma City,89.6,2026-09-16T02:05:00+00:00
2026-09-16T02:34:00+00:00,KBOS,Boston,59.0,2026-09-16T02:25:00+00:00
2026-09-16T02:34:00+00:00,KBOS,Boston,59.0,2026-09-16T02:20:00+00:00
2026-09-16T02:34:00+00:00,KBOS,Boston,59.0,2026-09-16T02:15:00+00:00
2026-09-16T02:34:00+00:00,KBOS,Boston,57.2,2026-09-16T02:10:00+00:00
2026-09-16T02:34:00+00:00,KBOS,Boston,59.0,2026-09-16T02:05:00+00:00
2026-09-16T02:34:00+00:00,KMSP,Minneapolis,62.6,2026-09-16T02:20:00+00:00
2026-09-16T02:34:00+00:00,KMSP,Minneapolis,62.6,2026-09-16T02:15:00+00:00
2026-09-16T02:34:00+00:00,KMSP,Minneapolis,62.6,2026-09-16T02:10:00+00:00
2026-09-16T02:34:00+00:00,KMSP,Minneapolis,62.6,2026-09-16T02:05:00+00:00
2026-09-16T02:34:00+00:00,KSAT,San Antonio,87.8,2026-09-16T02:20:00+00:00
2026-09-16T02:34:00+00:00,KSAT,San Antonio,87.8,2026-09-16T02:15:00+00:00
2026-09-16T02:34:00+00:00,KSAT,San Antonio,87.8,2026-09-16T02:10:00+00:00
2026-09-16T02:34:00+00:00,KSAT,San Antonio,87.8,2026-09-16T02:05:00+00:00
2026-09-16T02:34:00+00:00,KMSY,New Orleans,84.2,2026-09-16T02:20:00+00:00
2026-09-16T02:34:00+00:00,KMSY,New Orleans,84.2,2026-09-16T02:15:00+00:00
2026-09-16T02:34:00+00:00,KMSY,New Orleans,84.2,2026-09-16T02:10:00+00:00
2026-09-16T02:34:00+00:00,KMSY,New Orleans,84.2,2026-09-16T02:05:00+00:00
2026-09-16T02:34:00+00:00,KHOU,Houston,84.2,2026-09-16T02:15:00+00:00
2026-09-16T02:34:00+00:00,KHOU,Houston,84.2,2026-09-16T02:10:00+00:00
2026-09-16T02:34:00+00:00,KHOU,Houston,84.2,2026-09-16T02:05:00+00:00
2026-09-16T02:49:00+00:00,KMIA,Miami,84.2,2026-09-16T02:30:00+00:00
2026-09-16T02:49:00+00:00,KDEN,Denver,62.6,2026-09-16T02:35:00+00:00
2026-09-16T02:49:00+00:00,KDEN,Denver,62.6,2026-09-16T02:30:00+00:00
2026-09-16T02:49:00+00:00,KDEN,Denver,62.6,2026-09-16T02:25:00+00:00
2026-09-16T02:49:00+00:00,KDEN,Denver,62.6,2026-09-16T02:20:00+00:00
2026-09-16T02:49:00+00:00,KLAX,Los Angeles,71.59,2026-09-16T02:35:00+00:00
2026-09-16T02:49:00+00:00,KLAX,Los Angeles,69.8,2026-09-16T02:30:00+00:00
2026-09-16T02:49:00+00:00,KLAX,Los Angeles,69.8,2026-09-16T02:25:00+00:00
2026-09-16T02:49:00+00:00,KLAX,Los Angeles,69.8,2026-09-16T02:20:00+00:00
2026-09-16T02:49:00+00:00,KPHL,Philadelphia,64.4,2026-09-16T02:40:00+00:00
2026-09-16T02:49:00+00:00,KPHL,Philadelphia,64.4,2026-09-16T02:35:00+00:00
2026-09-16T02:49:00+00:00,KPHL,Philadelphia,66.2,2026-09-16T02:30:00+00:00
2026-09-16T02:49:00+00:00,KPHL,Philadelphia,66.2,2026-09-16T02:25:00+00:00
2026-09-16T02:49:00+00:00,KAUS,Austin,89.6,2026-09-16T02:30:00+00:00
2026-09-16T02:49:00+00:00,KAUS,Austin,89.6,2026-09-16T02:25:00+00:00
2026-09-16T02:49:00+00:00,KAUS,Austin,89.6,2026-09-16T02:20:00+00:00
2026-09-16T02:49:00+00:00,KMDW,Chicago,75.2,2026-09-16T02:35:00+00:00
2026-09-16T02:49:00+00:00,KMDW,Chicago,77.0,2026-09-16T02:30:00+00:00
2026-09-16T02:49:00+00:00,KMDW,Chicago,77.0,2026-09-16T02:25:00+00:00
2026-09-16T02:49:00+00:00,KSFO,San Francisco,60.8,2026-09-16T02:35:00+00:00
2026-09-16T02:49:00+00:00,KSFO,San Francisco,60.8,2026-09-16T02:30:00+00:00
2026-09-16T02:49:00+00:00,KSFO,San Francisco,60.8,2026-09-16T02:25:00+00:00
2026-09-16T02:49:00+00:00,KSFO,San Francisco,60.8,2026-09-16T02:20:00+00:00
2026-09-16T02:49:00+00:00,KPHX,Phoenix,96.8,2026-09-16T02:35:00+00:00
2026-09-16T02:49:00+00:00,KPHX,Phoenix,96.8,2026-09-16T02:30:00+00:00
2026-09-16T02:49:00+00:00,KPHX,Phoenix,96.8,2026-09-16T02:25:00+00:00
2026-09-16T02:49:00+00:00,KPHX,Phoenix,96.8,2026-09-16T02:20:00+00:00
2026-09-16T02:49:00+00:00,KDCA,Washington DC,69.8,2026-09-16T02:40:00+00:00
2026-09-16T02:49:00+00:00,KDCA,Washington DC,69.8,2026-09-16T02:35:00+00:00
2026-09-16T02:49:00+00:00,KDCA,Washington DC,69.8,2026-09-16T02:30:00+00:00
2026-09-16T02:49:00+00:00,KDCA,Washington DC,69.8,2026-09-16T02:25:00+00:00
2026-09-16T02:49:00+00:00,KATL,Atlanta,78.8,2026-09-16T02:30:00+00:00
2026-09-16T02:49:00+00:00,KATL,Atlanta,78.8,2026-09-16T02:25:00+00:00
2026-09-16T02:49:00+00:00,KATL,Atlanta,78.8,2026-09-16T02:20:00+00:00
2026-09-16T02:49:00+00:00,KDFW,Dallas,91.4,2026-09-16T02:35:00+00:00
2026-09-16T02:49:00+00:00,KDFW,Dallas,93.2,2026-09-16T02:30:00+00:00
2026-09-16T02:49:00+00:00,KDFW,Dallas,93.2,2026-09-16T02:25:00+00:00
2026-09-16T02:49:00+00:00,KSEA,Seattle,60.8,2026-09-16T02:35:00+00:00
2026-09-16T02:49:00+00:00,KSEA,Seattle,60.8,2026-09-16T02:30:00+00:00
2026-09-16T02:49:00+00:00,KSEA,Seattle,60.8,2026-09-16T02:25:00+00:00
2026-09-16T02:49:00+00:00,KSEA,Seattle,60.8,2026-09-16T02:20:00+00:00
2026-09-16T02:49:00+00:00,KLAS,Las Vegas,91.4,2026-09-16T02:35:00+00:00
2026-09-16T02:49:00+00:00,KLAS,Las Vegas,91.4,2026-09-16T02:30:00+00:00
2026-09-16T02:49:00+00:00,KLAS,Las Vegas,91.4,2026-09-16T02:25:00+00:00
2026-09-16T02:49:00+00:00,KLAS,Las Vegas,91.4,2026-09-16T02:20:00+00:00
2026-09-16T02:49:00+00:00,KOKC,Oklahoma City,89.6,2026-09-16T02:35:00+00:00
2026-09-16T02:49:00+00:00,KOKC,Oklahoma City,89.6,2026-09-16T02:30:00+00:00
2026-09-16T02:49:00+00:00,KOKC,Oklahoma City,89.6,2026-09-16T02:25:00+00:00
2026-09-16T02:49:00+00:00,KBOS,Boston,57.2,2026-09-16T02:40:00+00:00
2026-09-16T02:49:00+00:00,KBOS,Boston,57.2,2026-09-16T02:35:00+00:00
2026-09-16T02:49:00+00:00,KBOS,Boston,57.2,2026-09-16T02:30:00+00:00
2026-09-16T02:49:00+00:00,KMSP,Minneapolis,62.6,2026-09-16T02:35:00+00:00
2026-09-16T02:49:00+00:00,KMSP,Minneapolis,62.6,2026-09-16T02:30:00+00:00
2026-09-16T02:49:00+00:00,KMSP,Minneapolis,62.6,2026-09-16T02:25:00+00:00
2026-09-16T02:49:00+00:00,KSAT,San Antonio,86.0,2026-09-16T02:35:00+00:00
2026-09-16T02:49:00+00:00,KSAT,San Antonio,86.0,2026-09-16T02:30:00+00:00
2026-09-16T02:49:00+00:00,KSAT,San Antonio,87.8,2026-09-16T02:25:00+00:00
2026-09-16T02:49:00+00:00,KMSY,New Orleans,84.2,2026-09-16T02:35:00+00:00
2026-09-16T02:49:00+00:00,KMSY,New Orleans,84.2,2026-09-16T02:30:00+00:00
2026-09-16T02:49:00+00:00,KMSY,New Orleans,84.2,2026-09-16T02:25:00+00:00
2026-09-16T02:49:00+00:00,KHOU,Houston,84.2,2026-09-16T02:30:00+00:00
2026-09-16T02:49:00+00:00,KHOU,Houston,84.2,2026-09-16T02:25:00+00:00
2026-09-16T02:49:00+00:00,KHOU,Houston,84.2,2026-09-16T02:20:00+00:00
2026-09-16T03:04:00+00:00,KMIA,Miami,84.2,2026-09-16T02:45:00+00:00
2026-09-16T03:04:00+00:00,KMIA,Miami,84.2,2026-09-16T02:40:00+00:00
2026-09-16T03:04:00+00:00,KMIA,Miami,84.2,2026-09-16T02:35:00+00:00
2026-09-16T03:04:00+00:00,KDEN,Denver,62.6,2026-09-16T02:45:00+00:00
2026-09-16T03:04:00+00:00,KDEN,Denver,62.6,2026-09-16T02:40:00+00:00
2026-09-16T03:04:00+00:00,KLAX,Los Angeles,69.8,2026-09-16T02:45:00+00:00
2026-09-16T03:04:00+00:00,KLAX,Los Angeles,69.8,2026-09-16T02:40:00+00:00
2026-09-16T03:04:00+00:00,KLAX,Los Angeles,69.98,2026-09-16T02:39:00+00:00
2026-09-16T03:04:00+00:00,KPHL,Philadelphia,64.4,2026-09-16T02:45:00+00:00
2026-09-16T03:04:00+00:00,KAUS,Austin,89.6,2026-09-16T02:45:00+00:00
2026-09-16T03:04:00+00:00,KAUS,Austin,89.6,2026-09-16T02:40:00+00:00
2026-09-16T03:04:00+00:00,KAUS,Austin,89.6,2026-09-16T02:35:00+00:00
2026-09-16T03:04:00+00:00,KMDW,Chicago,75.2,2026-09-16T02:45:00+00:00
2026-09-16T03:04:00+00:00,KMDW,Chicago,75.2,2026-09-16T02:40:00+00:00
2026-09-16T03:04:00+00:00,KSFO,San Francisco,60.8,2026-09-16T02:45:00+00:00
2026-09-16T03:04:00+00:00,KSFO,San Francisco,60.8,2026-09-16T02:40:00+00:00
2026-09-16T03:04:00+00:00,KPHX,Phoenix,96.8,2026-09-16T02:45:00+00:00
2026-09-16T03:04:00+00:00,KPHX,Phoenix,96.8,2026-09-16T02:40:00+00:00
2026-09-16T03:04:00+00:00,KDCA,Washington DC,69.8,2026-09-16T02:45:00+00:00
2026-09-16T03:04:00+00:00,KATL,Atlanta,78.8,2026-09-16T02:45:00+00:00
2026-09-16T03:04:00+00:00,KATL,Atlanta,78.8,2026-09-16T02:40:00+00:00
2026-09-16T03:04:00+00:00,KATL,Atlanta,78.8,2026-09-16T02:35:00+00:00
2026-09-16T03:04:00+00:00,KDFW,Dallas,91.4,2026-09-16T02:50:00+00:00
2026-09-16T03:04:00+00:00,KDFW,Dallas,91.4,2026-09-16T02:45:00+00:00
2026-09-16T03:04:00+00:00,KDFW,Dallas,91.4,2026-09-16T02:40:00+00:00
2026-09-16T03:04:00+00:00,KLAS,Las Vegas,91.4,2026-09-16T02:45:00+00:00
2026-09-16T03:04:00+00:00,KLAS,Las Vegas,91.4,2026-09-16T02:40:00+00:00
2026-09-16T03:04:00+00:00,KOKC,Oklahoma City,87.8,2026-09-16T02:50:00+00:00
2026-09-16T03:04:00+00:00,KOKC,Oklahoma City,89.6,2026-09-16T02:45:00+00:00
2026-09-16T03:04:00+00:00,KOKC,Oklahoma City,89.6,2026-09-16T02:40:00+00:00
2026-09-16T03:04:00+00:00,KBOS,Boston,57.2,2026-09-16T02:45:00+00:00
2026-09-16T03:04:00+00:00,KMSP,Minneapolis,62.6,2026-09-16T02:50:00+00:00
2026-09-16T03:04:00+00:00,KMSP,Minneapolis,64.4,2026-09-16T02:45:00+00:00
2026-09-16T03:04:00+00:00,KMSP,Minneapolis,64.4,2026-09-16T02:40:00+00:00
2026-09-16T03:04:00+00:00,KSAT,San Antonio,84.2,2026-09-16T02:50:00+00:00
2026-09-16T03:04:00+00:00,KSAT,San Antonio,86.0,2026-09-16T02:45:00+00:00
2026-09-16T03:04:00+00:00,KSAT,San Antonio,86.0,2026-09-16T02:40:00+00:00
2026-09-16T03:04:00+00:00,KMSY,New Orleans,84.2,2026-09-16T02:50:00+00:00
2026-09-16T03:04:00+00:00,KMSY,New Orleans,84.2,2026-09-16T02:45:00+00:00
2026-09-16T03:04:00+00:00,KMSY,New Orleans,84.2,2026-09-16T02:40:00+00:00
2026-09-16T03:04:00+00:00,KHOU,Houston,82.4,2026-09-16T02:45:00+00:00
2026-09-16T03:04:00+00:00,KHOU,Houston,84.2,2026-09-16T02:40:00+00:00
2026-09-16T03:04:00+00:00,KHOU,Houston,84.2,2026-09-16T02:35:00+00:00
2026-09-16T03:19:01+00:00,KMIA,Miami,84.2,2026-09-16T03:00:00+00:00
2026-09-16T03:19:01+00:00,KMIA,Miami,84.2,2026-09-16T02:55:00+00:00
2026-09-16T03:19:01+00:00,KMIA,Miami,84.2,2026-09-16T02:50:00+00:00
2026-09-16T03:19:01+00:00,KDEN,Denver,62.6,2026-09-16T03:00:00+00:00
2026-09-16T03:19:01+00:00,KDEN,Denver,62.6,2026-09-16T02:55:00+00:00
2026-09-16T03:19:01+00:00,KDEN,Denver,62.6,2026-09-16T02:50:00+00:00
2026-09-16T03:19:01+00:00,KLAX,Los Angeles,69.8,2026-09-16T03:00:00+00:00
2026-09-16T03:19:01+00:00,KLAX,Los Angeles,69.8,2026-09-16T02:55:00+00:00
2026-09-16T03:19:01+00:00,KLAX,Los Angeles,69.8,2026-09-16T02:50:00+00:00
2026-09-16T03:19:01+00:00,KPHL,Philadelphia,64.4,2026-09-16T03:00:00+00:00
2026-09-16T03:19:01+00:00,KPHL,Philadelphia,64.4,2026-09-16T02:55:00+00:00
2026-09-16T03:19:01+00:00,KPHL,Philadelphia,64.4,2026-09-16T02:50:00+00:00
2026-09-16T03:19:01+00:00,KAUS,Austin,87.8,2026-09-16T03:00:00+00:00
2026-09-16T03:19:01+00:00,KAUS,Austin,87.8,2026-09-16T02:55:00+00:00
2026-09-16T03:19:01+00:00,KAUS,Austin,89.6,2026-09-16T02:50:00+00:00
2026-09-16T03:19:01+00:00,KMDW,Chicago,75.2,2026-09-16T03:00:00+00:00
2026-09-16T03:19:01+00:00,KMDW,Chicago,75.2,2026-09-16T02:55:00+00:00
2026-09-16T03:19:01+00:00,KMDW,Chicago,75.2,2026-09-16T02:50:00+00:00
2026-09-16T03:19:01+00:00,KSFO,San Francisco,60.8,2026-09-16T03:00:00+00:00
2026-09-16T03:19:01+00:00,KSFO,San Francisco,60.8,2026-09-16T02:55:00+00:00
2026-09-16T03:19:01+00:00,KSFO,San Francisco,60.8,2026-09-16T02:50:00+00:00
2026-09-16T03:19:01+00:00,KPHX,Phoenix,96.8,2026-09-16T03:00:00+00:00
2026-09-16T03:19:01+00:00,KPHX,Phoenix,96.8,2026-09-16T02:55:00+00:00
2026-09-16T03:19:01+00:00,KPHX,Phoenix,96.8,2026-09-16T02:50:00+00:00
2026-09-16T03:19:01+00:00,KDCA,Washington DC,69.8,2026-09-16T03:00:00+00:00
2026-09-16T03:19:01+00:00,KDCA,Washington DC,69.8,2026-09-16T02:55:00+00:00
2026-09-16T03:19:01+00:00,KDCA,Washington DC,69.8,2026-09-16T02:50:00+00:00
2026-09-16T03:19:01+00:00,KATL,Atlanta,78.8,2026-09-16T03:00:00+00:00
2026-09-16T03:19:01+00:00,KATL,Atlanta,78.8,2026-09-16T02:55:00+00:00
2026-09-16T03:19:01+00:00,KATL,Atlanta,78.8,2026-09-16T02:50:00+00:00
2026-09-16T03:19:01+00:00,KDFW,Dallas,91.4,2026-09-16T03:00:00+00:00
2026-09-16T03:19:01+00:00,KDFW,Dallas,91.4,2026-09-16T02:55:00+00:00
2026-09-16T03:19:01+00:00,KSEA,Seattle,60.8,2026-09-16T03:00:00+00:00
2026-09-16T03:19:01+00:00,KSEA,Seattle,60.8,2026-09-16T02:55:00+00:00
2026-09-16T03:19:01+00:00,KSEA,Seattle,60.8,2026-09-16T02:50:00+00:00
2026-09-16T03:19:01+00:00,KLAS,Las Vegas,91.4,2026-09-16T03:00:00+00:00
2026-09-16T03:19:01+00:00,KLAS,Las Vegas,91.4,2026-09-16T02:55:00+00:00
2026-09-16T03:19:01+00:00,KLAS,Las Vegas,91.4,2026-09-16T02:50:00+00:00
2026-09-16T03:19:01+00:00,KOKC,Oklahoma City,87.8,2026-09-16T03:00:00+00:00
2026-09-16T03:19:01+00:00,KOKC,Oklahoma City,87.8,2026-09-16T02:55:00+00:00
2026-09-16T03:19:01+00:00,KBOS,Boston,57.2,2026-09-16T03:00:00+00:00
2026-09-16T03:19:01+00:00,KBOS,Boston,57.2,2026-09-16T02:55:00+00:00
2026-09-16T03:19:01+00:00,KBOS,Boston,59.0,2026-09-16T02:50:00+00:00
2026-09-16T03:19:01+00:00,KMSP,Minneapolis,62.6,2026-09-16T02:55:00+00:00
2026-09-16T03:19:01+00:00,KSAT,San Antonio,84.2,2026-09-16T03:00:00+00:00
2026-09-16T03:19:01+00:00,KSAT,San Antonio,86.0,2026-09-16T02:55:00+00:00
2026-09-16T03:19:01+00:00,KMSY,New Orleans,84.2,2026-09-16T03:00:00+00:00
2026-09-16T03:19:01+00:00,KMSY,New Orleans,84.2,2026-09-16T02:55:00+00:00
2026-09-16T03:19:01+00:00,KHOU,Houston,82.4,2026-09-16T03:00:00+00:00
2026-09-16T03:19:01+00:00,KHOU,Houston,82.4,2026-09-16T02:55:00+00:00
2026-09-16T03:19:01+00:00,KHOU,Houston,82.4,2026-09-16T02:50:00+00:00
2026-09-16T03:34:00+00:00,KNYC,New York City,64.04,2026-09-16T02:51:00+00:00
2026-09-16T03:34:00+00:00,KMIA,Miami,86.0,2026-09-16T03:25:00+00:00
2026-09-16T03:34:00+00:00,KMIA,Miami,86.0,2026-09-16T03:20:00+00:00
2026-09-16T03:34:00+00:00,KMIA,Miami,84.2,2026-09-16T03:15:00+00:00
2026-09-16T03:34:00+00:00,KMIA,Miami,84.2,2026-09-16T03:10:00+00:00
2026-09-16T03:34:00+00:00,KMIA,Miami,84.2,2026-09-16T03:05:00+00:00
2026-09-16T03:34:00+00:00,KMIA,Miami,84.91,2026-09-16T02:53:00+00:00
2026-09-16T03:34:00+00:00,KDEN,Denver,60.8,2026-09-16T03:20:00+00:00
2026-09-16T03:34:00+00:00,KDEN,Denver,60.8,2026-09-16T03:15:00+00:00
2026-09-16T03:34:00+00:00,KDEN,Denver,62.6,2026-09-16T03:10:00+00:00
2026-09-16T03:34:00+00:00,KDEN,Denver,62.6,2026-09-16T03:05:00+00:00
2026-09-16T03:34:00+00:00,KDEN,Denver,62.05,2026-09-16T02:53:00+00:00
2026-09-16T03:34:00+00:00,KLAX,Los Angeles,71.59,2026-09-16T03:15:00+00:00
2026-09-16T03:34:00+00:00,KLAX,Los Angeles,71.59,2026-09-16T03:10:00+00:00
2026-09-16T03:34:00+00:00,KLAX,Los Angeles,69.8,2026-09-16T03:05:00+00:00
2026-09-16T03:34:00+00:00,KLAX,Los Angeles,69.98,2026-09-16T02:53:00+00:00
2026-09-16T03:34:00+00:00,KPHL,Philadelphia,64.4,2026-09-16T03:20:00+00:00
2026-09-16T03:34:00+00:00,KPHL,Philadelphia,64.4,2026-09-16T03:15:00+00:00
2026-09-16T03:34:00+00:00,KPHL,Philadelphia,64.4,2026-09-16T03:10:00+00:00
2026-09-16T03:34:00+00:00,KPHL,Philadelphia,64.4,2026-09-16T03:05:00+00:00
2026-09-16T03:34:00+00:00,KPHL,Philadelphia,64.94,2026-09-16T02:54:00+00:00
2026-09-16T03:34:00+00:00,KAUS,Austin,87.8,2026-09-16T03:20:00+00:00
2026-09-16T03:34:00+00:00,KAUS,Austin,87.8,2026-09-16T03:15:00+00:00
2026-09-16T03:34:00+00:00,KAUS,Austin,87.8,2026-09-16T03:10:00+00:00
2026-09-16T03:34:00+00:00,KAUS,Austin,87.8,2026-09-16T03:05:00+00:00
2026-09-16T03:34:00+00:00,KAUS,Austin,87.98,2026-09-16T02:53:00+00:00
2026-09-16T03:34:00+00:00,KMDW,Chicago,73.4,2026-09-16T03:20:00+00:00
2026-09-16T03:34:00+00:00,KMDW,Chicago,75.2,2026-09-16T03:15:00+00:00
2026-09-16T03:34:00+00:00,KMDW,Chicago,75.2,2026-09-16T03:10:00+00:00
2026-09-16T03:34:00+00:00,KMDW,Chicago,75.2,2026-09-16T03:05:00+00:00
2026-09-16T03:34:00+00:00,KMDW,Chicago,75.92,2026-09-16T02:53:00+00:00
2026-09-16T03:34:00+00:00,KSFO,San Francisco,60.8,2026-09-16T03:15:00+00:00
2026-09-16T03:34:00+00:00,KSFO,San Francisco,60.8,2026-09-16T03:10:00+00:00
2026-09-16T03:34:00+00:00,KSFO,San Francisco,60.8,2026-09-16T03:05:00+00:00
2026-09-16T03:34:00+00:00,KSFO,San Francisco,60.08,2026-09-16T02:56:00+00:00
2026-09-16T03:34:00+00:00,KPHX,Phoenix,96.8,2026-09-16T03:15:00+00:00
2026-09-16T03:34:00+00:00,KPHX,Phoenix,96.8,2026-09-16T03:10:00+00:00
2026-09-16T03:34:00+00:00,KPHX,Phoenix,96.8,2026-09-16T03:05:00+00:00
2026-09-16T03:34:00+00:00,KPHX,Phoenix,96.08,2026-09-16T02:51:00+00:00
2026-09-16T03:34:00+00:00,KDCA,Washington DC,69.8,2026-09-16T03:20:00+00:00
2026-09-16T03:34:00+00:00,KDCA,Washington DC,69.8,2026-09-16T03:15:00+00:00
2026-09-16T03:34:00+00:00,KDCA,Washington DC,69.8,2026-09-16T03:10:00+00:00
2026-09-16T03:34:00+00:00,KDCA,Washington DC,69.8,2026-09-16T03:05:00+00:00
2026-09-16T03:34:00+00:00,KDCA,Washington DC,69.08,2026-09-16T02:52:00+00:00
2026-09-16T03:34:00+00:00,KATL,Atlanta,78.8,2026-09-16T03:20:00+00:00
2026-09-16T03:34:00+00:00,KATL,Atlanta,78.8,2026-09-16T03:15:00+00:00
2026-09-16T03:34:00+00:00,KATL,Atlanta,78.8,2026-09-16T03:10:00+00:00
2026-09-16T03:34:00+00:00,KATL,Atlanta,78.8,2026-09-16T03:05:00+00:00
2026-09-16T03:34:00+00:00,KATL,Atlanta,78.08,2026-09-16T02:52:00+00:00
2026-09-16T03:34:00+00:00,KDFW,Dallas,91.4,2026-09-16T03:20:00+00:00
2026-09-16T03:34:00+00:00,KDFW,Dallas,91.4,2026-09-16T03:15:00+00:00
2026-09-16T03:34:00+00:00,KDFW,Dallas,91.4,2026-09-16T03:10:00+00:00
2026-09-16T03:34:00+00:00,KDFW,Dallas,91.4,2026-09-16T03:05:00+00:00
2026-09-16T03:34:00+00:00,KDFW,Dallas,91.94,2026-09-16T02:53:00+00:00
2026-09-16T03:34:00+00:00,KSEA,Seattle,60.8,2026-09-16T03:20:00+00:00
2026-09-16T03:34:00+00:00,KSEA,Seattle,60.8,2026-09-16T03:15:00+00:00
2026-09-16T03:34:00+00:00,KSEA,Seattle,60.8,2026-09-16T03:10:00+00:00
2026-09-16T03:34:00+00:00,KSEA,Seattle,60.8,2026-09-16T03:05:00+00:00
2026-09-16T03:34:00+00:00,KSEA,Seattle,60.08,2026-09-16T02:53:00+00:00
2026-09-16T03:34:00+00:00,KLAS,Las Vegas,89.6,2026-09-16T03:20:00+00:00
2026-09-16T03:34:00+00:00,KLAS,Las Vegas,91.4,2026-09-16T03:15:00+00:00
2026-09-16T03:34:00+00:00,KLAS,Las Vegas,91.4,2026-09-16T03:10:00+00:00
2026-09-16T03:34:00+00:00,KLAS,Las Vegas,91.4,2026-09-16T03:05:00+00:00
2026-09-16T03:34:00+00:00,KLAS,Las Vegas,91.04,2026-09-16T02:56:00+00:00
2026-09-16T03:34:00+00:00,KOKC,Oklahoma City,87.8,2026-09-16T03:20:00+00:00
2026-09-16T03:34:00+00:00,KOKC,Oklahoma City,87.8,2026-09-16T03:15:00+00:00
2026-09-16T03:34:00+00:00,KOKC,Oklahoma City,87.8,2026-09-16T03:10:00+00:00
2026-09-16T03:34:00+00:00,KOKC,Oklahoma City,87.8,2026-09-16T03:05:00+00:00
2026-09-16T03:34:00+00:00,KOKC,Oklahoma City,87.98,2026-09-16T02:52:00+00:00
2026-09-16T03:34:00+00:00,KBOS,Boston,57.2,2026-09-16T03:20:00+00:00
2026-09-16T03:34:00+00:00,KBOS,Boston,57.2,2026-09-16T03:15:00+00:00
2026-09-16T03:34:00+00:00,KBOS,Boston,57.2,2026-09-16T03:10:00+00:00
2026-09-16T03:34:00+00:00,KBOS,Boston,57.2,2026-09-16T03:05:00+00:00
2026-09-16T03:34:00+00:00,KBOS,Boston,57.92,2026-09-16T02:54:00+00:00
2026-09-16T03:34:00+00:00,KMSP,Minneapolis,60.8,2026-09-16T03:20:00+00:00
2026-09-16T03:34:00+00:00,KMSP,Minneapolis,60.8,2026-09-16T03:15:00+00:00
2026-09-16T03:34:00+00:00,KMSP,Minneapolis,60.8,2026-09-16T03:10:00+00:00
2026-09-16T03:34:00+00:00,KMSP,Minneapolis,60.8,2026-09-16T03:05:00+00:00
2026-09-16T03:34:00+00:00,KMSP,Minneapolis,62.95,2026-09-16T02:53:00+00:00
2026-09-16T03:34:00+00:00,KSAT,San Antonio,84.2,2026-09-16T03:20:00+00:00
2026-09-16T03:34:00+00:00,KSAT,San Antonio,84.2,2026-09-16T03:15:00+00:00
2026-09-16T03:34:00+00:00,KSAT,San Antonio,84.2,2026-09-16T03:10:00+00:00
2026-09-16T03:34:00+00:00,KSAT,San Antonio,84.2,2026-09-16T03:05:00+00:00
2026-09-16T03:34:00+00:00,KSAT,San Antonio,84.91,2026-09-16T02:51:00+00:00
2026-09-16T03:34:00+00:00,KMSY,New Orleans,84.2,2026-09-16T03:25:00+00:00
2026-09-16T03:34:00+00:00,KMSY,New Orleans,84.2,2026-09-16T03:20:00+00:00
2026-09-16T03:34:00+00:00,KMSY,New Orleans,84.2,2026-09-16T03:15:00+00:00
2026-09-16T03:34:00+00:00,KMSY,New Orleans,84.2,2026-09-16T03:10:00+00:00
2026-09-16T03:34:00+00:00,KMSY,New Orleans,84.2,2026-09-16T03:05:00+00:00
2026-09-16T03:34:00+00:00,KMSY,New Orleans,84.91,2026-09-16T02:53:00+00:00
2026-09-16T03:34:00+00:00,KHOU,Houston,82.4,2026-09-16T03:20:00+00:00
2026-09-16T03:34:00+00:00,KHOU,Houston,82.4,2026-09-16T03:15:00+00:00
2026-09-16T03:34:00+00:00,KHOU,Houston,82.4,2026-09-16T03:10:00+00:00
2026-09-16T03:34:00+00:00,KHOU,Houston,82.4,2026-09-16T03:05:00+00:00
2026-09-16T03:34:00+00:00,KHOU,Houston,82.94,2026-09-16T02:53:00+00:00
2026-09-16T03:49:00+00:00,KMIA,Miami,84.2,2026-09-16T03:30:00+00:00
2026-09-16T03:49:00+00:00,KDEN,Denver,60.8,2026-09-16T03:30:00+00:00
2026-09-16T03:49:00+00:00,KDEN,Denver,60.8,2026-09-16T03:25:00+00:00
2026-09-16T03:49:00+00:00,KLAX,Los Angeles,69.8,2026-09-16T03:35:00+00:00
2026-09-16T03:49:00+00:00,KLAX,Los Angeles,69.8,2026-09-16T03:30:00+00:00
2026-09-16T03:49:00+00:00,KLAX,Los Angeles,69.8,2026-09-16T03:25:00+00:00
2026-09-16T03:49:00+00:00,KLAX,Los Angeles,71.59,2026-09-16T03:20:00+00:00
2026-09-16T03:49:00+00:00,KPHL,Philadelphia,64.4,2026-09-16T03:30:00+00:00
2026-09-16T03:49:00+00:00,KPHL,Philadelphia,64.4,2026-09-16T03:25:00+00:00
2026-09-16T03:49:00+00:00,KAUS,Austin,87.8,2026-09-16T03:30:00+00:00
2026-09-16T03:49:00+00:00,KAUS,Austin,87.8,2026-09-16T03:25:00+00:00
2026-09-16T03:49:00+00:00,KMDW,Chicago,75.2,2026-09-16T03:30:00+00:00
2026-09-16T03:49:00+00:00,KMDW,Chicago,73.4,2026-09-16T03:25:00+00:00
2026-09-16T03:49:00+00:00,KSFO,San Francisco,60.8,2026-09-16T03:30:00+00:00
2026-09-16T03:49:00+00:00,KSFO,San Francisco,60.8,2026-09-16T03:25:00+00:00
2026-09-16T03:49:00+00:00,KSFO,San Francisco,60.8,2026-09-16T03:20:00+00:00
2026-09-16T03:49:00+00:00,KPHX,Phoenix,95.0,2026-09-16T03:35:00+00:00
2026-09-16T03:49:00+00:00,KPHX,Phoenix,96.8,2026-09-16T03:30:00+00:00
2026-09-16T03:49:00+00:00,KPHX,Phoenix,96.8,2026-09-16T03:25:00+00:00
2026-09-16T03:49:00+00:00,KPHX,Phoenix,96.8,2026-09-16T03:20:00+00:00
2026-09-16T03:49:00+00:00,KDCA,Washington DC,69.8,2026-09-16T03:30:00+00:00
2026-09-16T03:49:00+00:00,KDCA,Washington DC,69.8,2026-09-16T03:25:00+00:00
2026-09-16T03:49:00+00:00,KATL,Atlanta,77.0,2026-09-16T03:30:00+00:00
2026-09-16T03:49:00+00:00,KATL,Atlanta,77.0,2026-09-16T03:25:00+00:00
2026-09-16T03:49:00+00:00,KDFW,Dallas,91.4,2026-09-16T03:30:00+00:00
2026-09-16T03:49:00+00:00,KDFW,Dallas,91.4,2026-09-16T03:25:00+00:00
2026-09-16T03:49:00+00:00,KSEA,Seattle,60.8,2026-09-16T03:35:00+00:00
2026-09-16T03:49:00+00:00,KSEA,Seattle,59.0,2026-09-16T03:25:00+00:00
2026-09-16T03:49:00+00:00,KLAS,Las Vegas,89.6,2026-09-16T03:35:00+00:00
2026-09-16T03:49:00+00:00,KLAS,Las Vegas,89.6,2026-09-16T03:30:00+00:00
2026-09-16T03:49:00+00:00,KLAS,Las Vegas,89.6,2026-09-16T03:25:00+00:00
2026-09-16T03:49:00+00:00,KOKC,Oklahoma City,87.8,2026-09-16T03:30:00+00:00
2026-09-16T03:49:00+00:00,KOKC,Oklahoma City,87.8,2026-09-16T03:25:00+00:00
2026-09-16T03:49:00+00:00,KBOS,Boston,57.2,2026-09-16T03:30:00+00:00
2026-09-16T03:49:00+00:00,KBOS,Boston,57.2,2026-09-16T03:25:00+00:00
2026-09-16T03:49:00+00:00,KMSP,Minneapolis,60.8,2026-09-16T03:30:00+00:00
2026-09-16T03:49:00+00:00,KMSP,Minneapolis,60.8,2026-09-16T03:25:00+00:00
2026-09-16T03:49:00+00:00,KSAT,San Antonio,84.2,2026-09-16T03:30:00+00:00
2026-09-16T03:49:00+00:00,KSAT,San Antonio,84.2,2026-09-16T03:25:00+00:00
2026-09-16T03:49:00+00:00,KMSY,New Orleans,84.2,2026-09-16T03:35:00+00:00
2026-09-16T03:49:00+00:00,KMSY,New Orleans,84.2,2026-09-16T03:30:00+00:00
2026-09-16T03:49:00+00:00,KHOU,Houston,82.4,2026-09-16T03:30:00+00:00
2026-09-16T03:49:00+00:00,KHOU,Houston,82.4,2026-09-16T03:25:00+00:00
2026-09-16T04:04:00+00:00,KMIA,Miami,86.0,2026-09-16T03:45:00+00:00
2026-09-16T04:04:00+00:00,KMIA,Miami,86.0,2026-09-16T03:40:00+00:00
2026-09-16T04:04:00+00:00,KMIA,Miami,86.0,2026-09-16T03:35:00+00:00
2026-09-16T04:04:00+00:00,KDEN,Denver,60.8,2026-09-16T03:45:00+00:00
2026-09-16T04:04:00+00:00,KDEN,Denver,60.8,2026-09-16T03:40:00+00:00
2026-09-16T04:04:00+00:00,KDEN,Denver,60.8,2026-09-16T03:35:00+00:00
2026-09-16T04:04:00+00:00,KLAX,Los Angeles,69.8,2026-09-16T03:40:00+00:00
2026-09-16T04:04:00+00:00,KPHL,Philadelphia,64.4,2026-09-16T03:40:00+00:00
2026-09-16T04:04:00+00:00,KPHL,Philadelphia,64.4,2026-09-16T03:35:00+00:00
2026-09-16T04:04:00+00:00,KAUS,Austin,86.0,2026-09-16T03:40:00+00:00
2026-09-16T04:04:00+00:00,KAUS,Austin,87.8,2026-09-16T03:35:00+00:00
2026-09-16T04:04:00+00:00,KMDW,Chicago,75.2,2026-09-16T03:40:00+00:00
2026-09-16T04:04:00+00:00,KMDW,Chicago,75.2,2026-09-16T03:35:00+00:00
2026-09-16T04:04:00+00:00,KSFO,San Francisco,60.8,2026-09-16T03:40:00+00:00
2026-09-16T04:04:00+00:00,KSFO,San Francisco,60.8,2026-09-16T03:35:00+00:00
2026-09-16T04:04:00+00:00,KPHX,Phoenix,95.0,2026-09-16T03:40:00+00:00
2026-09-16T04:04:00+00:00,KDCA,Washington DC,68.0,2026-09-16T03:45:00+00:00
2026-09-16T04:04:00+00:00,KDCA,Washington DC,68.0,2026-09-16T03:40:00+00:00
2026-09-16T04:04:00+00:00,KDCA,Washington DC,69.8,2026-09-16T03:35:00+00:00
2026-09-16T04:04:00+00:00,KATL,Atlanta,77.0,2026-09-16T03:40:00+00:00
2026-09-16T04:04:00+00:00,KATL,Atlanta,77.0,2026-09-16T03:35:00+00:00
2026-09-16T04:04:00+00:00,KDFW,Dallas,91.4,2026-09-16T03:45:00+00:00
2026-09-16T04:04:00+00:00,KDFW,Dallas,91.4,2026-09-16T03:40:00+00:00
2026-09-16T04:04:00+00:00,KDFW,Dallas,91.4,2026-09-16T03:35:00+00:00
2026-09-16T04:04:00+00:00,KSEA,Seattle,60.8,2026-09-16T03:40:00+00:00
2026-09-16T04:04:00+00:00,KLAS,Las Vegas,89.6,2026-09-16T03:40:00+00:00
2026-09-16T04:04:00+00:00,KOKC,Oklahoma City,86.0,2026-09-16T03:45:00+00:00
2026-09-16T04:04:00+00:00,KOKC,Oklahoma City,87.8,2026-09-16T03:40:00+00:00
2026-09-16T04:04:00+00:00,KOKC,Oklahoma City,86.0,2026-09-16T03:35:00+00:00
2026-09-16T04:04:00+00:00,KBOS,Boston,57.2,2026-09-16T03:45:00+00:00
2026-09-16T04:04:00+00:00,KBOS,Boston,57.2,2026-09-16T03:40:00+00:00
2026-09-16T04:04:00+00:00,KBOS,Boston,57.2,2026-09-16T03:35:00+00:00
2026-09-16T04:04:00+00:00,KMSP,Minneapolis,60.8,2026-09-16T03:45:00+00:00
2026-09-16T04:04:00+00:00,KMSP,Minneapolis,60.8,2026-09-16T03:35:00+00:00
2026-09-16T04:04:00+00:00,KSAT,San Antonio,84.2,2026-09-16T03:45:00+00:00
2026-09-16T04:04:00+00:00,KSAT,San Antonio,84.2,2026-09-16T03:40:00+00:00
2026-09-16T04:04:00+00:00,KSAT,San Antonio,84.2,2026-09-16T03:35:00+00:00
2026-09-16T04:04:00+00:00,KMSY,New Orleans,84.2,2026-09-16T03:45:00+00:00
2026-09-16T04:04:00+00:00,KMSY,New Orleans,84.2,2026-09-16T03:40:00+00:00
2026-09-16T04:04:00+00:00,KHOU,Houston,82.4,2026-09-16T03:40:00+00:00
2026-09-16T04:04:00+00:00,KHOU,Houston,82.4,2026-09-16T03:35:00+00:00
2026-09-16T04:19:00+00:00,KNYC,New York City,62.95,2026-09-16T03:51:00+00:00
2026-09-16T04:19:00+00:00,KMIA,Miami,84.2,2026-09-16T04:05:00+00:00
2026-09-16T04:19:00+00:00,KMIA,Miami,84.2,2026-09-16T04:00:00+00:00
2026-09-16T04:19:00+00:00,KMIA,Miami,84.2,2026-09-16T03:55:00+00:00
2026-09-16T04:19:00+00:00,KMIA,Miami,84.91,2026-09-16T03:53:00+00:00
2026-09-16T04:19:00+00:00,KMIA,Miami,86.0,2026-09-16T03:50:00+00:00
2026-09-16T04:19:00+00:00,KDEN,Denver,60.8,2026-09-16T04:05:00+00:00
2026-09-16T04:19:00+00:00,KDEN,Denver,60.8,2026-09-16T04:00:00+00:00
2026-09-16T04:19:00+00:00,KDEN,Denver,60.8,2026-09-16T03:55:00+00:00
2026-09-16T04:19:00+00:00,KDEN,Denver,60.08,2026-09-16T03:53:00+00:00
2026-09-16T04:19:00+00:00,KDEN,Denver,60.8,2026-09-16T03:50:00+00:00
2026-09-16T04:19:00+00:00,KLAX,Los Angeles,69.8,2026-09-16T04:00:00+00:00
2026-09-16T04:19:00+00:00,KLAX,Los Angeles,69.98,2026-09-16T03:53:00+00:00
2026-09-16T04:19:00+00:00,KLAX,Los Angeles,69.8,2026-09-16T03:50:00+00:00
2026-09-16T04:19:00+00:00,KLAX,Los Angeles,69.8,2026-09-16T03:45:00+00:00
2026-09-16T04:19:00+00:00,KPHL,Philadelphia,64.4,2026-09-16T04:00:00+00:00
2026-09-16T04:19:00+00:00,KPHL,Philadelphia,64.4,2026-09-16T03:55:00+00:00
2026-09-16T04:19:00+00:00,KPHL,Philadelphia,64.94,2026-09-16T03:54:00+00:00
2026-09-16T04:19:00+00:00,KPHL,Philadelphia,64.4,2026-09-16T03:50:00+00:00
2026-09-16T04:19:00+00:00,KPHL,Philadelphia,64.4,2026-09-16T03:45:00+00:00
2026-09-16T04:19:00+00:00,KAUS,Austin,84.2,2026-09-16T04:05:00+00:00
2026-09-16T04:19:00+00:00,KAUS,Austin,84.2,2026-09-16T04:00:00+00:00
2026-09-16T04:19:00+00:00,KAUS,Austin,86.0,2026-09-16T03:55:00+00:00
2026-09-16T04:19:00+00:00,KAUS,Austin,86.0,2026-09-16T03:50:00+00:00
2026-09-16T04:19:00+00:00,KAUS,Austin,86.0,2026-09-16T03:45:00+00:00
2026-09-16T04:19:00+00:00,KMDW,Chicago,73.4,2026-09-16T04:05:00+00:00
2026-09-16T04:19:00+00:00,KMDW,Chicago,75.2,2026-09-16T04:00:00+00:00
2026-09-16T04:19:00+00:00,KMDW,Chicago,75.2,2026-09-16T03:55:00+00:00
2026-09-16T04:19:00+00:00,KMDW,Chicago,73.4,2026-09-16T03:50:00+00:00
2026-09-16T04:19:00+00:00,KMDW,Chicago,73.4,2026-09-16T03:45:00+00:00
2026-09-16T04:19:00+00:00,KSFO,San Francisco,60.8,2026-09-16T04:05:00+00:00
2026-09-16T04:19:00+00:00,KSFO,San Francisco,60.8,2026-09-16T04:00:00+00:00
2026-09-16T04:19:00+00:00,KSFO,San Francisco,60.08,2026-09-16T03:56:00+00:00
2026-09-16T04:19:00+00:00,KSFO,San Francisco,60.8,2026-09-16T03:55:00+00:00
2026-09-16T04:19:00+00:00,KSFO,San Francisco,60.8,2026-09-16T03:50:00+00:00
2026-09-16T04:19:00+00:00,KSFO,San Francisco,60.8,2026-09-16T03:45:00+00:00
2026-09-16T04:19:00+00:00,KPHX,Phoenix,95.0,2026-09-16T04:05:00+00:00
2026-09-16T04:19:00+00:00,KPHX,Phoenix,95.0,2026-09-16T04:00:00+00:00
2026-09-16T04:19:00+00:00,KPHX,Phoenix,95.0,2026-09-16T03:55:00+00:00
2026-09-16T04:19:00+00:00,KPHX,Phoenix,95.0,2026-09-16T03:51:00+00:00
2026-09-16T04:19:00+00:00,KPHX,Phoenix,95.0,2026-09-16T03:50:00+00:00
2026-09-16T04:19:00+00:00,KPHX,Phoenix,95.0,2026-09-16T03:45:00+00:00
2026-09-16T04:19:00+00:00,KDCA,Washington DC,68.0,2026-09-16T04:00:00+00:00
2026-09-16T04:19:00+00:00,KDCA,Washington DC,69.8,2026-09-16T03:55:00+00:00
2026-09-16T04:19:00+00:00,KDCA,Washington DC,68.0,2026-09-16T03:52:00+00:00
2026-09-16T04:19:00+00:00,KDCA,Washington DC,68.0,2026-09-16T03:50:00+00:00
2026-09-16T04:19:00+00:00,KATL,Atlanta,77.0,2026-09-16T04:05:00+00:00
2026-09-16T04:19:00+00:00,KATL,Atlanta,77.0,2026-09-16T04:00:00+00:00
2026-09-16T04:19:00+00:00,KATL,Atlanta,77.0,2026-09-16T03:55:00+00:00
2026-09-16T04:19:00+00:00,KATL,Atlanta,77.0,2026-09-16T03:50:00+00:00
2026-09-16T04:19:00+00:00,KATL,Atlanta,77.0,2026-09-16T03:45:00+00:00
2026-09-16T04:19:00+00:00,KDFW,Dallas,91.4,2026-09-16T04:05:00+00:00
2026-09-16T04:19:00+00:00,KDFW,Dallas,91.4,2026-09-16T04:00:00+00:00
2026-09-16T04:19:00+00:00,KDFW,Dallas,91.4,2026-09-16T03:55:00+00:00
2026-09-16T04:19:00+00:00,KDFW,Dallas,91.4,2026-09-16T03:50:00+00:00
2026-09-16T04:19:00+00:00,KSEA,Seattle,59.0,2026-09-16T04:05:00+00:00
2026-09-16T04:19:00+00:00,KSEA,Seattle,59.0,2026-09-16T04:00:00+00:00
2026-09-16T04:19:00+00:00,KSEA,Seattle,60.8,2026-09-16T03:55:00+00:00
2026-09-16T04:19:00+00:00,KSEA,Seattle,60.08,2026-09-16T03:53:00+00:00
2026-09-16T04:19:00+00:00,KSEA,Seattle,60.8,2026-09-16T03:50:00+00:00
2026-09-16T04:19:00+00:00,KSEA,Seattle,62.6,2026-09-16T03:45:00+00:00
2026-09-16T04:19:00+00:00,KLAS,Las Vegas,89.6,2026-09-16T04:05:00+00:00
2026-09-16T04:19:00+00:00,KLAS,Las Vegas,89.6,2026-09-16T04:00:00+00:00
2026-09-16T04:19:00+00:00,KLAS,Las Vegas,89.96,2026-09-16T03:56:00+00:00
2026-09-16T04:19:00+00:00,KLAS,Las Vegas,89.6,2026-09-16T03:55:00+00:00
2026-09-16T04:19:00+00:00,KLAS,Las Vegas,89.6,2026-09-16T03:50:00+00:00
2026-09-16T04:19:00+00:00,KLAS,Las Vegas,89.6,2026-09-16T03:45:00+00:00
2026-09-16T04:19:00+00:00,KOKC,Oklahoma City,87.8,2026-09-16T04:05:00+00:00
2026-09-16T04:19:00+00:00,KOKC,Oklahoma City,86.0,2026-09-16T04:00:00+00:00
2026-09-16T04:19:00+00:00,KOKC,Oklahoma City,86.0,2026-09-16T03:55:00+00:00
2026-09-16T04:19:00+00:00,KOKC,Oklahoma City,86.0,2026-09-16T03:50:00+00:00
2026-09-16T04:19:00+00:00,KBOS,Boston,57.2,2026-09-16T04:05:00+00:00
2026-09-16T04:19:00+00:00,KBOS,Boston,57.2,2026-09-16T04:00:00+00:00
2026-09-16T04:19:00+00:00,KBOS,Boston,57.2,2026-09-16T03:55:00+00:00
2026-09-16T04:19:00+00:00,KBOS,Boston,57.02,2026-09-16T03:54:00+00:00
2026-09-16T04:19:00+00:00,KBOS,Boston,57.2,2026-09-16T03:50:00+00:00
2026-09-16T04:19:00+00:00,KMSP,Minneapolis,60.8,2026-09-16T04:05:00+00:00
2026-09-16T04:19:00+00:00,KMSP,Minneapolis,60.8,2026-09-16T04:00:00+00:00
2026-09-16T04:19:00+00:00,KMSP,Minneapolis,60.8,2026-09-16T03:55:00+00:00
2026-09-16T04:19:00+00:00,KMSP,Minneapolis,60.8,2026-09-16T03:50:00+00:00
2026-09-16T04:19:00+00:00,KSAT,San Antonio,82.4,2026-09-16T04:05:00+00:00
2026-09-16T04:19:00+00:00,KSAT,San Antonio,82.4,2026-09-16T04:00:00+00:00
2026-09-16T04:19:00+00:00,KSAT,San Antonio,82.4,2026-09-16T03:55:00+00:00
2026-09-16T04:19:00+00:00,KSAT,San Antonio,82.4,2026-09-16T03:50:00+00:00
2026-09-16T04:19:00+00:00,KMSY,New Orleans,82.4,2026-09-16T04:05:00+00:00
2026-09-16T04:19:00+00:00,KMSY,New Orleans,84.2,2026-09-16T04:00:00+00:00
2026-09-16T04:19:00+00:00,KMSY,New Orleans,84.2,2026-09-16T03:55:00+00:00
2026-09-16T04:19:00+00:00,KMSY,New Orleans,84.2,2026-09-16T03:50:00+00:00
2026-09-16T04:19:00+00:00,KHOU,Houston,82.4,2026-09-16T04:05:00+00:00
2026-09-16T04:19:00+00:00,KHOU,Houston,82.4,2026-09-16T04:00:00+00:00
2026-09-16T04:19:00+00:00,KHOU,Houston,82.4,2026-09-16T03:55:00+00:00
2026-09-16T04:19:00+00:00,KHOU,Houston,82.4,2026-09-16T03:50:00+00:00
2026-09-16T04:19:00+00:00,KHOU,Houston,82.4,2026-09-16T03:45:00+00:00
2026-09-16T04:34:00+00:00,KMIA,Miami,84.2,2026-09-16T04:15:00+00:00
2026-09-16T04:34:00+00:00,KMIA,Miami,84.2,2026-09-16T04:10:00+00:00
2026-09-16T04:34:00+00:00,KDEN,Denver,60.8,2026-09-16T04:15:00+00:00
2026-09-16T04:34:00+00:00,KDEN,Denver,60.8,2026-09-16T04:10:00+00:00
2026-09-16T04:34:00+00:00,KLAX,Los Angeles,71.59,2026-09-16T04:15:00+00:00
2026-09-16T04:34:00+00:00,KLAX,Los Angeles,69.8,2026-09-16T04:10:00+00:00
2026-09-16T04:34:00+00:00,KLAX,Los Angeles,69.8,2026-09-16T04:05:00+00:00
2026-09-16T04:34:00+00:00,KLAX,Los Angeles,69.8,2026-09-16T03:55:00+00:00
2026-09-16T04:34:00+00:00,KPHL,Philadelphia,64.4,2026-09-16T04:15:00+00:00
2026-09-16T04:34:00+00:00,KPHL,Philadelphia,64.4,2026-09-16T04:10:00+00:00
2026-09-16T04:34:00+00:00,KPHL,Philadelphia,64.4,2026-09-16T04:05:00+00:00
2026-09-16T04:34:00+00:00,KAUS,Austin,84.2,2026-09-16T04:20:00+00:00
2026-09-16T04:34:00+00:00,KAUS,Austin,84.2,2026-09-16T04:15:00+00:00
2026-09-16T04:34:00+00:00,KAUS,Austin,84.2,2026-09-16T04:10:00+00:00
2026-09-16T04:34:00+00:00,KAUS,Austin,86.0,2026-09-16T03:53:00+00:00
2026-09-16T04:34:00+00:00,KMDW,Chicago,73.4,2026-09-16T04:20:00+00:00
2026-09-16T04:34:00+00:00,KMDW,Chicago,73.4,2026-09-16T04:15:00+00:00
2026-09-16T04:34:00+00:00,KMDW,Chicago,73.4,2026-09-16T04:10:00+00:00
2026-09-16T04:34:00+00:00,KMDW,Chicago,75.02,2026-09-16T03:53:00+00:00
2026-09-16T04:34:00+00:00,KSFO,San Francisco,60.8,2026-09-16T04:15:00+00:00
2026-09-16T04:34:00+00:00,KSFO,San Francisco,60.8,2026-09-16T04:10:00+00:00
2026-09-16T04:34:00+00:00,KSFO,San Francisco,60.08,2026-09-16T04:08:00+00:00
2026-09-16T04:34:00+00:00,KPHX,Phoenix,95.0,2026-09-16T04:15:00+00:00
2026-09-16T04:34:00+00:00,KPHX,Phoenix,95.0,2026-09-16T04:10:00+00:00
2026-09-16T04:34:00+00:00,KDCA,Washington DC,68.0,2026-09-16T04:15:00+00:00
2026-09-16T04:34:00+00:00,KDCA,Washington DC,68.0,2026-09-16T04:10:00+00:00
2026-09-16T04:34:00+00:00,KDCA,Washington DC,68.0,2026-09-16T04:05:00+00:00
2026-09-16T04:34:00+00:00,KATL,Atlanta,75.2,2026-09-16T04:20:00+00:00
2026-09-16T04:34:00+00:00,KATL,Atlanta,75.2,2026-09-16T04:15:00+00:00
2026-09-16T04:34:00+00:00,KATL,Atlanta,77.0,2026-09-16T04:10:00+00:00
2026-09-16T04:34:00+00:00,KATL,Atlanta,77.0,2026-09-16T03:52:00+00:00
2026-09-16T04:34:00+00:00,KDFW,Dallas,89.6,2026-09-16T04:20:00+00:00
2026-09-16T04:34:00+00:00,KDFW,Dallas,89.6,2026-09-16T04:15:00+00:00
2026-09-16T04:34:00+00:00,KDFW,Dallas,89.6,2026-09-16T04:10:00+00:00
2026-09-16T04:34:00+00:00,KDFW,Dallas,91.04,2026-09-16T03:53:00+00:00
2026-09-16T04:34:00+00:00,KSEA,Seattle,60.8,2026-09-16T04:15:00+00:00
2026-09-16T04:34:00+00:00,KSEA,Seattle,59.0,2026-09-16T04:10:00+00:00
2026-09-16T04:34:00+00:00,KLAS,Las Vegas,89.6,2026-09-16T04:15:00+00:00
2026-09-16T04:34:00+00:00,KLAS,Las Vegas,89.6,2026-09-16T04:10:00+00:00
2026-09-16T04:34:00+00:00,KOKC,Oklahoma City,86.0,2026-09-16T04:20:00+00:00
2026-09-16T04:34:00+00:00,KOKC,Oklahoma City,86.0,2026-09-16T04:15:00+00:00
2026-09-16T04:34:00+00:00,KOKC,Oklahoma City,86.0,2026-09-16T04:10:00+00:00
2026-09-16T04:34:00+00:00,KOKC,Oklahoma City,86.0,2026-09-16T03:52:00+00:00
2026-09-16T04:34:00+00:00,KBOS,Boston,57.2,2026-09-16T04:15:00+00:00
2026-09-16T04:34:00+00:00,KBOS,Boston,57.2,2026-09-16T04:10:00+00:00
2026-09-16T04:34:00+00:00,KMSP,Minneapolis,60.8,2026-09-16T04:20:00+00:00
2026-09-16T04:34:00+00:00,KMSP,Minneapolis,60.8,2026-09-16T04:15:00+00:00
2026-09-16T04:34:00+00:00,KMSP,Minneapolis,60.8,2026-09-16T04:10:00+00:00
2026-09-16T04:34:00+00:00,KMSP,Minneapolis,60.08,2026-09-16T03:53:00+00:00
2026-09-16T04:34:00+00:00,KSAT,San Antonio,82.4,2026-09-16T04:20:00+00:00
2026-09-16T04:34:00+00:00,KSAT,San Antonio,82.4,2026-09-16T04:15:00+00:00
2026-09-16T04:34:00+00:00,KSAT,San Antonio,82.4,2026-09-16T04:10:00+00:00
2026-09-16T04:34:00+00:00,KSAT,San Antonio,82.94,2026-09-16T03:51:00+00:00
2026-09-16T04:34:00+00:00,KMSY,New Orleans,82.4,2026-09-16T04:20:00+00:00
2026-09-16T04:34:00+00:00,KMSY,New Orleans,82.4,2026-09-16T04:15:00+00:00
2026-09-16T04:34:00+00:00,KMSY,New Orleans,82.4,2026-09-16T04:10:00+00:00
2026-09-16T04:34:00+00:00,KMSY,New Orleans,84.02,2026-09-16T03:53:00+00:00
2026-09-16T04:34:00+00:00,KHOU,Houston,82.4,2026-09-16T04:20:00+00:00
2026-09-16T04:34:00+00:00,KHOU,Houston,82.4,2026-09-16T04:15:00+00:00
2026-09-16T04:34:00+00:00,KHOU,Houston,82.4,2026-09-16T04:10:00+00:00
2026-09-16T04:34:00+00:00,KHOU,Houston,82.04,2026-09-16T03:53:00+00:00
2026-09-16T04:45:00+00:00,KMIA,Miami,84.2,2026-09-16T04:25:00+00:00
2026-09-16T04:45:00+00:00,KMIA,Miami,84.2,2026-09-16T04:20:00+00:00
2026-09-16T04:45:00+00:00,KDEN,Denver,60.8,2026-09-16T04:30:00+00:00
2026-09-16T04:45:00+00:00,KDEN,Denver,60.8,2026-09-16T04:25:00+00:00
2026-09-16T04:45:00+00:00,KDEN,Denver,60.8,2026-09-16T04:20:00+00:00
2026-09-16T04:45:00+00:00,KLAX,Los Angeles,69.8,2026-09-16T04:25:00+00:00
2026-09-16T04:45:00+00:00,KLAX,Los Angeles,69.8,2026-09-16T04:20:00+00:00
2026-09-16T04:45:00+00:00,KPHL,Philadelphia,64.4,2026-09-16T04:25:00+00:00
2026-09-16T04:45:00+00:00,KPHL,Philadelphia,64.4,2026-09-16T04:20:00+00:00
2026-09-16T04:45:00+00:00,KAUS,Austin,84.2,2026-09-16T04:25:00+00:00
2026-09-16T04:45:00+00:00,KMDW,Chicago,73.4,2026-09-16T04:35:00+00:00
2026-09-16T04:45:00+00:00,KMDW,Chicago,73.4,2026-09-16T04:30:00+00:00
2026-09-16T04:45:00+00:00,KMDW,Chicago,73.4,2026-09-16T04:25:00+00:00
2026-09-16T04:45:00+00:00,KSFO,San Francisco,60.8,2026-09-16T04:25:00+00:00
2026-09-16T04:45:00+00:00,KSFO,San Francisco,60.8,2026-09-16T04:20:00+00:00
2026-09-16T04:45:00+00:00,KPHX,Phoenix,95.0,2026-09-16T04:30:00+00:00
2026-09-16T04:45:00+00:00,KPHX,Phoenix,95.0,2026-09-16T04:25:00+00:00
2026-09-16T04:45:00+00:00,KPHX,Phoenix,95.0,2026-09-16T04:20:00+00:00
2026-09-16T04:45:00+00:00,KDCA,Washington DC,66.2,2026-09-16T04:30:00+00:00
2026-09-16T04:45:00+00:00,KDCA,Washington DC,66.2,2026-09-16T04:25:00+00:00
2026-09-16T04:45:00+00:00,KDCA,Washington DC,66.2,2026-09-16T04:20:00+00:00
2026-09-16T04:45:00+00:00,KATL,Atlanta,75.2,2026-09-16T04:25:00+00:00
2026-09-16T04:45:00+00:00,KDFW,Dallas,89.6,2026-09-16T04:30:00+00:00
2026-09-16T04:45:00+00:00,KDFW,Dallas,89.6,2026-09-16T04:25:00+00:00
2026-09-16T04:45:00+00:00,KSEA,Seattle,60.8,2026-09-16T04:25:00+00:00
2026-09-16T04:45:00+00:00,KSEA,Seattle,59.0,2026-09-16T04:20:00+00:00
2026-09-16T04:45:00+00:00,KLAS,Las Vegas,89.6,2026-09-16T04:25:00+00:00
2026-09-16T04:45:00+00:00,KLAS,Las Vegas,89.6,2026-09-16T04:20:00+00:00
2026-09-16T04:45:00+00:00,KOKC,Oklahoma City,86.0,2026-09-16T04:30:00+00:00
2026-09-16T04:45:00+00:00,KOKC,Oklahoma City,86.0,2026-09-16T04:25:00+00:00
2026-09-16T04:45:00+00:00,KBOS,Boston,57.2,2026-09-16T04:25:00+00:00
2026-09-16T04:45:00+00:00,KBOS,Boston,57.2,2026-09-16T04:20:00+00:00
2026-09-16T04:45:00+00:00,KMSP,Minneapolis,60.8,2026-09-16T04:25:00+00:00
2026-09-16T04:45:00+00:00,KSAT,San Antonio,82.4,2026-09-16T04:25:00+00:00
2026-09-16T04:45:00+00:00,KMSY,New Orleans,82.4,2026-09-16T04:25:00+00:00
2026-09-16T04:45:00+00:00,KHOU,Houston,80.59,2026-09-16T04:25:00+00:00
2026-09-16T04:49:00+00:00,KMIA,Miami,84.2,2026-09-16T04:25:00+00:00
2026-09-16T04:49:00+00:00,KMIA,Miami,84.2,2026-09-16T04:20:00+00:00
2026-09-16T04:49:00+00:00,KDEN,Denver,60.8,2026-09-16T04:30:00+00:00
2026-09-16T04:49:00+00:00,KDEN,Denver,60.8,2026-09-16T04:25:00+00:00
2026-09-16T04:49:00+00:00,KDEN,Denver,60.8,2026-09-16T04:20:00+00:00
2026-09-16T04:49:00+00:00,KLAX,Los Angeles,69.8,2026-09-16T04:35:00+00:00
2026-09-16T04:49:00+00:00,KLAX,Los Angeles,69.8,2026-09-16T04:30:00+00:00
2026-09-16T04:49:00+00:00,KLAX,Los Angeles,69.8,2026-09-16T04:25:00+00:00
2026-09-16T04:49:00+00:00,KLAX,Los Angeles,69.8,2026-09-16T04:20:00+00:00
2026-09-16T04:49:00+00:00,KPHL,Philadelphia,64.4,2026-09-16T04:25:00+00:00
2026-09-16T04:49:00+00:00,KPHL,Philadelphia,64.4,2026-09-16T04:20:00+00:00
2026-09-16T04:49:00+00:00,KAUS,Austin,84.2,2026-09-16T04:35:00+00:00
2026-09-16T04:49:00+00:00,KAUS,Austin,84.2,2026-09-16T04:30:00+00:00
2026-09-16T04:49:00+00:00,KAUS,Austin,84.2,2026-09-16T04:25:00+00:00
2026-09-16T04:49:00+00:00,KMDW,Chicago,73.4,2026-09-16T04:35:00+00:00
2026-09-16T04:49:00+00:00,KMDW,Chicago,73.4,2026-09-16T04:30:00+00:00
2026-09-16T04:49:00+00:00,KMDW,Chicago,73.4,2026-09-16T04:25:00+00:00
2026-09-16T04:49:00+00:00,KSFO,San Francisco,60.8,2026-09-16T04:35:00+00:00
2026-09-16T04:49:00+00:00,KSFO,San Francisco,60.8,2026-09-16T04:30:00+00:00
2026-09-16T04:49:00+00:00,KSFO,San Francisco,60.8,2026-09-16T04:25:00+00:00
2026-09-16T04:49:00+00:00,KSFO,San Francisco,60.8,2026-09-16T04:20:00+00:00
2026-09-16T04:49:00+00:00,KPHX,Phoenix,95.0,2026-09-16T04:30:00+00:00
2026-09-16T04:49:00+00:00,KPHX,Phoenix,95.0,2026-09-16T04:25:00+00:00
2026-09-16T04:49:00+00:00,KPHX,Phoenix,95.0,2026-09-16T04:20:00+00:00
2026-09-16T04:49:00+00:00,KDCA,Washington DC,66.2,2026-09-16T04:30:00+00:00
2026-09-16T04:49:00+00:00,KDCA,Washington DC,66.2,2026-09-16T04:25:00+00:00
2026-09-16T04:49:00+00:00,KDCA,Washington DC,66.2,2026-09-16T04:20:00+00:00
2026-09-16T04:49:00+00:00,KATL,Atlanta,75.2,2026-09-16T04:35:00+00:00
2026-09-16T04:49:00+00:00,KATL,Atlanta,75.2,2026-09-16T04:30:00+00:00
2026-09-16T04:49:00+00:00,KATL,Atlanta,75.2,2026-09-16T04:25:00+00:00
2026-09-16T04:49:00+00:00,KDFW,Dallas,89.6,2026-09-16T04:30:00+00:00
2026-09-16T04:49:00+00:00,KDFW,Dallas,89.6,2026-09-16T04:25:00+00:00
2026-09-16T04:49:00+00:00,KSEA,Seattle,60.8,2026-09-16T04:25:00+00:00
2026-09-16T04:49:00+00:00,KSEA,Seattle,59.0,2026-09-16T04:20:00+00:00
2026-09-16T04:49:00+00:00,KLAS,Las Vegas,89.6,2026-09-16T04:25:00+00:00
2026-09-16T04:49:00+00:00,KLAS,Las Vegas,89.6,2026-09-16T04:20:00+00:00
2026-09-16T04:49:00+00:00,KOKC,Oklahoma City,86.0,2026-09-16T04:30:00+00:00
2026-09-16T04:49:00+00:00,KOKC,Oklahoma City,86.0,2026-09-16T04:25:00+00:00
2026-09-16T04:49:00+00:00,KBOS,Boston,57.2,2026-09-16T04:25:00+00:00
2026-09-16T04:49:00+00:00,KBOS,Boston,57.2,2026-09-16T04:20:00+00:00
2026-09-16T04:49:00+00:00,KMSP,Minneapolis,60.8,2026-09-16T04:25:00+00:00
2026-09-16T04:49:00+00:00,KSAT,San Antonio,82.4,2026-09-16T04:25:00+00:00
2026-09-16T04:49:00+00:00,KMSY,New Orleans,82.4,2026-09-16T04:25:00+00:00
2026-09-16T04:49:00+00:00,KHOU,Houston,80.59,2026-09-16T04:25:00+00:00
2026-09-16T05:04:00+00:00,KMIA,Miami,84.2,2026-09-16T04:40:00+00:00
2026-09-16T05:04:00+00:00,KMIA,Miami,84.2,2026-09-16T04:35:00+00:00
2026-09-16T05:04:00+00:00,KMIA,Miami,84.2,2026-09-16T04:30:00+00:00
2026-09-16T05:04:00+00:00,KDEN,Denver,60.8,2026-09-16T04:40:00+00:00
2026-09-16T05:04:00+00:00,KDEN,Denver,60.8,2026-09-16T04:35:00+00:00
2026-09-16T05:04:00+00:00,KLAX,Los Angeles,69.8,2026-09-16T04:40:00+00:00
2026-09-16T05:04:00+00:00,KPHL,Philadelphia,64.4,2026-09-16T04:40:00+00:00
2026-09-16T05:04:00+00:00,KPHL,Philadelphia,64.4,2026-09-16T04:35:00+00:00
2026-09-16T05:04:00+00:00,KPHL,Philadelphia,64.4,2026-09-16T04:30:00+00:00
2026-09-16T05:04:00+00:00,KAUS,Austin,82.4,2026-09-16T04:40:00+00:00
2026-09-16T05:04:00+00:00,KMDW,Chicago,73.4,2026-09-16T04:40:00+00:00
2026-09-16T05:04:00+00:00,KSFO,San Francisco,60.8,2026-09-16T04:40:00+00:00
2026-09-16T05:04:00+00:00,KSFO,San Francisco,60.08,2026-09-16T04:37:00+00:00
2026-09-16T05:04:00+00:00,KPHX,Phoenix,93.2,2026-09-16T04:40:00+00:00
2026-09-16T05:04:00+00:00,KPHX,Phoenix,95.0,2026-09-16T04:35:00+00:00
2026-09-16T05:04:00+00:00,KDCA,Washington DC,66.2,2026-09-16T04:40:00+00:00
2026-09-16T05:04:00+00:00,KDCA,Washington DC,66.2,2026-09-16T04:35:00+00:00
2026-09-16T05:04:00+00:00,KATL,Atlanta,75.2,2026-09-16T04:40:00+00:00
2026-09-16T05:04:00+00:00,KDFW,Dallas,89.6,2026-09-16T04:40:00+00:00
2026-09-16T05:04:00+00:00,KDFW,Dallas,89.6,2026-09-16T04:35:00+00:00
2026-09-16T05:04:00+00:00,KSEA,Seattle,60.8,2026-09-16T04:40:00+00:00
2026-09-16T05:04:00+00:00,KSEA,Seattle,60.8,2026-09-16T04:35:00+00:00
2026-09-16T05:04:00+00:00,KSEA,Seattle,60.8,2026-09-16T04:30:00+00:00
2026-09-16T05:04:00+00:00,KLAS,Las Vegas,89.6,2026-09-16T04:40:00+00:00
2026-09-16T05:04:00+00:00,KLAS,Las Vegas,89.6,2026-09-16T04:35:00+00:00
2026-09-16T05:04:00+00:00,KLAS,Las Vegas,89.6,2026-09-16T04:30:00+00:00
2026-09-16T05:04:00+00:00,KOKC,Oklahoma City,84.2,2026-09-16T04:40:00+00:00
2026-09-16T05:04:00+00:00,KOKC,Oklahoma City,86.0,2026-09-16T04:35:00+00:00
2026-09-16T05:04:00+00:00,KBOS,Boston,57.2,2026-09-16T04:40:00+00:00
2026-09-16T05:04:00+00:00,KBOS,Boston,57.2,2026-09-16T04:35:00+00:00
2026-09-16T05:04:00+00:00,KBOS,Boston,57.2,2026-09-16T04:30:00+00:00
2026-09-16T05:04:00+00:00,KMSP,Minneapolis,60.8,2026-09-16T04:40:00+00:00
2026-09-16T05:04:00+00:00,KMSP,Minneapolis,60.8,2026-09-16T04:35:00+00:00
2026-09-16T05:04:00+00:00,KMSP,Minneapolis,60.8,2026-09-16T04:30:00+00:00
2026-09-16T05:04:00+00:00,KSAT,San Antonio,80.59,2026-09-16T04:40:00+00:00
2026-09-16T05:04:00+00:00,KSAT,San Antonio,82.4,2026-09-16T04:35:00+00:00
2026-09-16T05:04:00+00:00,KSAT,San Antonio,82.4,2026-09-16T04:30:00+00:00
2026-09-16T05:04:00+00:00,KMSY,New Orleans,82.4,2026-09-16T04:40:00+00:00
2026-09-16T05:04:00+00:00,KMSY,New Orleans,82.4,2026-09-16T04:35:00+00:00
2026-09-16T05:04:00+00:00,KMSY,New Orleans,82.4,2026-09-16T04:30:00+00:00
2026-09-16T05:04:00+00:00,KHOU,Houston,82.4,2026-09-16T04:40:00+00:00
2026-09-16T05:04:00+00:00,KHOU,Houston,80.59,2026-09-16T04:35:00+00:00
2026-09-16T05:04:00+00:00,KHOU,Houston,80.59,2026-09-16T04:30:00+00:00
2026-09-16T05:19:00+00:00,KNYC,New York City,64.04,2026-09-16T04:51:00+00:00
2026-09-16T05:19:00+00:00,KMIA,Miami,84.2,2026-09-16T05:00:00+00:00
2026-09-16T05:19:00+00:00,KMIA,Miami,84.2,2026-09-16T04:55:00+00:00
2026-09-16T05:19:00+00:00,KMIA,Miami,84.91,2026-09-16T04:53:00+00:00
2026-09-16T05:19:00+00:00,KMIA,Miami,84.2,2026-09-16T04:50:00+00:00
2026-09-16T05:19:00+00:00,KMIA,Miami,84.2,2026-09-16T04:45:00+00:00
2026-09-16T05:19:00+00:00,KDEN,Denver,60.8,2026-09-16T05:00:00+00:00
2026-09-16T05:19:00+00:00,KDEN,Denver,60.8,2026-09-16T04:55:00+00:00
2026-09-16T05:19:00+00:00,KDEN,Denver,60.08,2026-09-16T04:53:00+00:00
2026-09-16T05:19:00+00:00,KDEN,Denver,60.8,2026-09-16T04:50:00+00:00
2026-09-16T05:19:00+00:00,KDEN,Denver,60.8,2026-09-16T04:45:00+00:00
2026-09-16T05:19:00+00:00,KLAX,Los Angeles,69.8,2026-09-16T05:00:00+00:00
2026-09-16T05:19:00+00:00,KLAX,Los Angeles,69.8,2026-09-16T04:55:00+00:00
2026-09-16T05:19:00+00:00,KLAX,Los Angeles,69.98,2026-09-16T04:53:00+00:00
2026-09-16T05:19:00+00:00,KLAX,Los Angeles,69.8,2026-09-16T04:50:00+00:00
2026-09-16T05:19:00+00:00,KLAX,Los Angeles,69.8,2026-09-16T04:45:00+00:00
2026-09-16T05:19:00+00:00,KPHL,Philadelphia,64.4,2026-09-16T05:00:00+00:00
2026-09-16T05:19:00+00:00,KPHL,Philadelphia,64.4,2026-09-16T04:55:00+00:00
2026-09-16T05:19:00+00:00,KPHL,Philadelphia,64.04,2026-09-16T04:54:00+00:00
2026-09-16T05:19:00+00:00,KPHL,Philadelphia,64.4,2026-09-16T04:50:00+00:00
2026-09-16T05:19:00+00:00,KPHL,Philadelphia,64.4,2026-09-16T04:45:00+00:00
2026-09-16T05:19:00+00:00,KAUS,Austin,82.4,2026-09-16T05:00:00+00:00
2026-09-16T05:19:00+00:00,KAUS,Austin,82.4,2026-09-16T04:55:00+00:00
2026-09-16T05:19:00+00:00,KAUS,Austin,82.94,2026-09-16T04:53:00+00:00
2026-09-16T05:19:00+00:00,KAUS,Austin,82.4,2026-09-16T04:50:00+00:00
2026-09-16T05:19:00+00:00,KAUS,Austin,82.4,2026-09-16T04:45:00+00:00
2026-09-16T05:19:00+00:00,KMDW,Chicago,73.4,2026-09-16T05:05:00+00:00
2026-09-16T05:19:00+00:00,KMDW,Chicago,73.4,2026-09-16T05:00:00+00:00
2026-09-16T05:19:00+00:00,KMDW,Chicago,73.4,2026-09-16T04:55:00+00:00
2026-09-16T05:19:00+00:00,KMDW,Chicago,73.04,2026-09-16T04:53:00+00:00
2026-09-16T05:19:00+00:00,KMDW,Chicago,73.4,2026-09-16T04:50:00+00:00
2026-09-16T05:19:00+00:00,KMDW,Chicago,73.4,2026-09-16T04:45:00+00:00
2026-09-16T05:19:00+00:00,KSFO,San Francisco,59.0,2026-09-16T05:00:00+00:00
2026-09-16T05:19:00+00:00,KSFO,San Francisco,59.0,2026-09-16T04:56:00+00:00
2026-09-16T05:19:00+00:00,KSFO,San Francisco,59.0,2026-09-16T04:55:00+00:00
2026-09-16T05:19:00+00:00,KSFO,San Francisco,60.8,2026-09-16T04:50:00+00:00
2026-09-16T05:19:00+00:00,KSFO,San Francisco,60.8,2026-09-16T04:45:00+00:00
2026-09-16T05:19:00+00:00,KPHX,Phoenix,93.2,2026-09-16T05:00:00+00:00
2026-09-16T05:19:00+00:00,KPHX,Phoenix,93.2,2026-09-16T04:55:00+00:00
2026-09-16T05:19:00+00:00,KPHX,Phoenix,93.91,2026-09-16T04:51:00+00:00
2026-09-16T05:19:00+00:00,KPHX,Phoenix,93.2,2026-09-16T04:50:00+00:00
2026-09-16T05:19:00+00:00,KPHX,Phoenix,93.2,2026-09-16T04:45:00+00:00
2026-09-16T05:19:00+00:00,KDCA,Washington DC,66.2,2026-09-16T05:00:00+00:00
2026-09-16T05:19:00+00:00,KDCA,Washington DC,66.2,2026-09-16T04:55:00+00:00
2026-09-16T05:19:00+00:00,KDCA,Washington DC,66.92,2026-09-16T04:52:00+00:00
2026-09-16T05:19:00+00:00,KDCA,Washington DC,66.2,2026-09-16T04:50:00+00:00
2026-09-16T05:19:00+00:00,KDCA,Washington DC,66.2,2026-09-16T04:45:00+00:00
2026-09-16T05:19:00+00:00,KATL,Atlanta,75.2,2026-09-16T05:05:00+00:00
2026-09-16T05:19:00+00:00,KATL,Atlanta,75.2,2026-09-16T05:00:00+00:00
2026-09-16T05:19:00+00:00,KATL,Atlanta,75.2,2026-09-16T04:55:00+00:00
2026-09-16T05:19:00+00:00,KATL,Atlanta,75.92,2026-09-16T04:52:00+00:00
2026-09-16T05:19:00+00:00,KATL,Atlanta,75.2,2026-09-16T04:50:00+00:00
2026-09-16T05:19:00+00:00,KATL,Atlanta,75.2,2026-09-16T04:45:00+00:00
2026-09-16T05:19:00+00:00,KDFW,Dallas,87.8,2026-09-16T05:00:00+00:00
2026-09-16T05:19:00+00:00,KDFW,Dallas,89.6,2026-09-16T04:55:00+00:00
2026-09-16T05:19:00+00:00,KDFW,Dallas,89.06,2026-09-16T04:53:00+00:00
2026-09-16T05:19:00+00:00,KDFW,Dallas,89.6,2026-09-16T04:50:00+00:00
2026-09-16T05:19:00+00:00,KDFW,Dallas,89.6,2026-09-16T04:45:00+00:00
2026-09-16T05:19:00+00:00,KSEA,Seattle,60.8,2026-09-16T05:00:00+00:00
2026-09-16T05:19:00+00:00,KSEA,Seattle,59.0,2026-09-16T04:55:00+00:00
2026-09-16T05:19:00+00:00,KSEA,Seattle,59.0,2026-09-16T04:53:00+00:00
2026-09-16T05:19:00+00:00,KSEA,Seattle,60.8,2026-09-16T04:50:00+00:00
2026-09-16T05:19:00+00:00,KSEA,Seattle,60.8,2026-09-16T04:45:00+00:00
2026-09-16T05:19:00+00:00,KLAS,Las Vegas,89.6,2026-09-16T05:00:00+00:00
2026-09-16T05:19:00+00:00,KLAS,Las Vegas,89.06,2026-09-16T04:56:00+00:00
2026-09-16T05:19:00+00:00,KLAS,Las Vegas,89.6,2026-09-16T04:55:00+00:00
2026-09-16T05:19:00+00:00,KLAS,Las Vegas,89.6,2026-09-16T04:50:00+00:00
2026-09-16T05:19:00+00:00,KLAS,Las Vegas,89.6,2026-09-16T04:45:00+00:00
2026-09-16T05:19:00+00:00,KOKC,Oklahoma City,84.2,2026-09-16T05:00:00+00:00
2026-09-16T05:19:00+00:00,KOKC,Oklahoma City,84.2,2026-09-16T04:55:00+00:00
2026-09-16T05:19:00+00:00,KOKC,Oklahoma City,84.91,2026-09-16T04:52:00+00:00
2026-09-16T05:19:00+00:00,KOKC,Oklahoma City,84.2,2026-09-16T04:50:00+00:00
2026-09-16T05:19:00+00:00,KOKC,Oklahoma City,84.2,2026-09-16T04:45:00+00:00
2026-09-16T05:19:00+00:00,KBOS,Boston,57.2,2026-09-16T04:55:00+00:00
2026-09-16T05:19:00+00:00,KBOS,Boston,57.02,2026-09-16T04:54:00+00:00
2026-09-16T05:19:00+00:00,KBOS,Boston,57.2,2026-09-16T04:50:00+00:00
2026-09-16T05:19:00+00:00,KBOS,Boston,57.2,2026-09-16T04:45:00+00:00
2026-09-16T05:19:00+00:00,KMSP,Minneapolis,60.98,2026-09-16T04:53:00+00:00
2026-09-16T05:19:00+00:00,KMSP,Minneapolis,60.8,2026-09-16T04:50:00+00:00
2026-09-16T05:19:00+00:00,KMSP,Minneapolis,60.8,2026-09-16T04:45:00+00:00
2026-09-16T05:19:00+00:00,KSAT,San Antonio,80.59,2026-09-16T05:00:00+00:00
2026-09-16T05:19:00+00:00,KSAT,San Antonio,80.59,2026-09-16T04:55:00+00:00
2026-09-16T05:19:00+00:00,KSAT,San Antonio,80.95,2026-09-16T04:51:00+00:00
2026-09-16T05:19:00+00:00,KSAT,San Antonio,80.59,2026-09-16T04:50:00+00:00
2026-09-16T05:19:00+00:00,KSAT,San Antonio,80.59,2026-09-16T04:45:00+00:00
2026-09-16T05:19:00+00:00,KMSY,New Orleans,80.59,2026-09-16T05:00:00+00:00
2026-09-16T05:19:00+00:00,KMSY,New Orleans,80.59,2026-09-16T04:55:00+00:00
2026-09-16T05:19:00+00:00,KMSY,New Orleans,80.95,2026-09-16T04:53:00+00:00
2026-09-16T05:19:00+00:00,KMSY,New Orleans,82.4,2026-09-16T04:50:00+00:00
2026-09-16T05:19:00+00:00,KMSY,New Orleans,82.4,2026-09-16T04:45:00+00:00
2026-09-16T05:19:00+00:00,KHOU,Houston,80.59,2026-09-16T05:00:00+00:00
2026-09-16T05:19:00+00:00,KHOU,Houston,80.59,2026-09-16T04:55:00+00:00
2026-09-16T05:19:00+00:00,KHOU,Houston,80.95,2026-09-16T04:53:00+00:00
2026-09-16T05:19:00+00:00,KHOU,Houston,80.59,2026-09-16T04:50:00+00:00
2026-09-16T05:19:00+00:00,KHOU,Houston,82.4,2026-09-16T04:45:00+00:00
2026-09-16T05:34:00+00:00,KMIA,Miami,84.2,2026-09-16T05:20:00+00:00
2026-09-16T05:34:00+00:00,KMIA,Miami,84.2,2026-09-16T05:15:00+00:00
2026-09-16T05:34:00+00:00,KMIA,Miami,84.2,2026-09-16T05:10:00+00:00
2026-09-16T05:34:00+00:00,KMIA,Miami,84.2,2026-09-16T05:05:00+00:00
2026-09-16T05:34:00+00:00,KDEN,Denver,60.8,2026-09-16T05:20:00+00:00
2026-09-16T05:34:00+00:00,KDEN,Denver,60.8,2026-09-16T05:15:00+00:00
2026-09-16T05:34:00+00:00,KDEN,Denver,60.8,2026-09-16T05:10:00+00:00
2026-09-16T05:34:00+00:00,KDEN,Denver,60.8,2026-09-16T05:05:00+00:00
2026-09-16T05:34:00+00:00,KLAX,Los Angeles,69.8,2026-09-16T05:15:00+00:00
2026-09-16T05:34:00+00:00,KLAX,Los Angeles,69.8,2026-09-16T05:10:00+00:00
2026-09-16T05:34:00+00:00,KLAX,Los Angeles,69.8,2026-09-16T05:05:00+00:00
2026-09-16T05:34:00+00:00,KPHL,Philadelphia,64.4,2026-09-16T05:20:00+00:00
2026-09-16T05:34:00+00:00,KPHL,Philadelphia,64.4,2026-09-16T05:15:00+00:00
2026-09-16T05:34:00+00:00,KPHL,Philadelphia,64.4,2026-09-16T05:10:00+00:00
2026-09-16T05:34:00+00:00,KPHL,Philadelphia,64.4,2026-09-16T05:05:00+00:00
2026-09-16T05:34:00+00:00,KAUS,Austin,80.59,2026-09-16T05:20:00+00:00
2026-09-16T05:34:00+00:00,KAUS,Austin,82.4,2026-09-16T05:15:00+00:00
2026-09-16T05:34:00+00:00,KAUS,Austin,82.4,2026-09-16T05:10:00+00:00
2026-09-16T05:34:00+00:00,KAUS,Austin,82.4,2026-09-16T05:05:00+00:00
2026-09-16T05:34:00+00:00,KMDW,Chicago,73.4,2026-09-16T05:20:00+00:00
2026-09-16T05:34:00+00:00,KMDW,Chicago,73.4,2026-09-16T05:15:00+00:00
2026-09-16T05:34:00+00:00,KMDW,Chicago,73.4,2026-09-16T05:10:00+00:00
2026-09-16T05:34:00+00:00,KSFO,San Francisco,59.0,2026-09-16T05:20:00+00:00
2026-09-16T05:34:00+00:00,KSFO,San Francisco,59.0,2026-09-16T05:15:00+00:00
2026-09-16T05:34:00+00:00,KSFO,San Francisco,59.0,2026-09-16T05:10:00+00:00
2026-09-16T05:34:00+00:00,KSFO,San Francisco,59.0,2026-09-16T05:05:00+00:00
2026-09-16T05:34:00+00:00,KPHX,Phoenix,93.2,2026-09-16T05:20:00+00:00
2026-09-16T05:34:00+00:00,KPHX,Phoenix,93.2,2026-09-16T05:15:00+00:00
2026-09-16T05:34:00+00:00,KPHX,Phoenix,93.2,2026-09-16T05:10:00+00:00
2026-09-16T05:34:00+00:00,KPHX,Phoenix,93.2,2026-09-16T05:05:00+00:00
2026-09-16T05:34:00+00:00,KDCA,Washington DC,68.0,2026-09-16T05:20:00+00:00
2026-09-16T05:34:00+00:00,KDCA,Washington DC,66.2,2026-09-16T05:15:00+00:00
2026-09-16T05:34:00+00:00,KDCA,Washington DC,66.2,2026-09-16T05:10:00+00:00
2026-09-16T05:34:00+00:00,KDCA,Washington DC,66.2,2026-09-16T05:05:00+00:00
2026-09-16T05:34:00+00:00,KATL,Atlanta,75.2,2026-09-16T05:20:00+00:00
2026-09-16T05:34:00+00:00,KATL,Atlanta,75.2,2026-09-16T05:15:00+00:00
2026-09-16T05:34:00+00:00,KATL,Atlanta,75.2,2026-09-16T05:10:00+00:00
2026-09-16T05:34:00+00:00,KDFW,Dallas,87.8,2026-09-16T05:20:00+00:00
2026-09-16T05:34:00+00:00,KDFW,Dallas,87.8,2026-09-16T05:15:00+00:00
2026-09-16T05:34:00+00:00,KDFW,Dallas,87.8,2026-09-16T05:10:00+00:00
2026-09-16T05:34:00+00:00,KDFW,Dallas,87.8,2026-09-16T05:05:00+00:00
2026-09-16T05:34:00+00:00,KSEA,Seattle,60.8,2026-09-16T05:20:00+00:00
2026-09-16T05:34:00+00:00,KSEA,Seattle,60.8,2026-09-16T05:15:00+00:00
2026-09-16T05:34:00+00:00,KSEA,Seattle,60.8,2026-09-16T05:10:00+00:00
2026-09-16T05:34:00+00:00,KSEA,Seattle,60.8,2026-09-16T05:05:00+00:00
2026-09-16T05:34:00+00:00,KLAS,Las Vegas,87.8,2026-09-16T05:20:00+00:00
2026-09-16T05:34:00+00:00,KLAS,Las Vegas,87.8,2026-09-16T05:15:00+00:00
2026-09-16T05:34:00+00:00,KLAS,Las Vegas,87.8,2026-09-16T05:10:00+00:00
2026-09-16T05:34:00+00:00,KLAS,Las Vegas,89.6,2026-09-16T05:05:00+00:00
2026-09-16T05:34:00+00:00,KOKC,Oklahoma City,84.2,2026-09-16T05:20:00+00:00
2026-09-16T05:34:00+00:00,KOKC,Oklahoma City,84.2,2026-09-16T05:15:00+00:00
2026-09-16T05:34:00+00:00,KOKC,Oklahoma City,84.2,2026-09-16T05:10:00+00:00
2026-09-16T05:34:00+00:00,KOKC,Oklahoma City,84.2,2026-09-16T05:05:00+00:00
2026-09-16T05:34:00+00:00,KBOS,Boston,55.4,2026-09-16T05:20:00+00:00
2026-09-16T05:34:00+00:00,KBOS,Boston,57.2,2026-09-16T05:15:00+00:00
2026-09-16T05:34:00+00:00,KBOS,Boston,57.2,2026-09-16T05:10:00+00:00
2026-09-16T05:34:00+00:00,KMSP,Minneapolis,60.8,2026-09-16T05:20:00+00:00
2026-09-16T05:34:00+00:00,KMSP,Minneapolis,60.8,2026-09-16T05:15:00+00:00
2026-09-16T05:34:00+00:00,KMSP,Minneapolis,60.8,2026-09-16T05:10:00+00:00
2026-09-16T05:34:00+00:00,KMSP,Minneapolis,60.8,2026-09-16T05:05:00+00:00
2026-09-16T05:34:00+00:00,KSAT,San Antonio,80.59,2026-09-16T05:20:00+00:00
2026-09-16T05:34:00+00:00,KSAT,San Antonio,80.59,2026-09-16T05:15:00+00:00
2026-09-16T05:34:00+00:00,KSAT,San Antonio,80.59,2026-09-16T05:10:00+00:00
2026-09-16T05:34:00+00:00,KSAT,San Antonio,80.59,2026-09-16T05:05:00+00:00
2026-09-16T05:34:00+00:00,KMSY,New Orleans,80.59,2026-09-16T05:20:00+00:00
2026-09-16T05:34:00+00:00,KMSY,New Orleans,80.59,2026-09-16T05:15:00+00:00
2026-09-16T05:34:00+00:00,KMSY,New Orleans,80.59,2026-09-16T05:10:00+00:00
2026-09-16T05:34:00+00:00,KMSY,New Orleans,82.4,2026-09-16T05:05:00+00:00
2026-09-16T05:34:00+00:00,KHOU,Houston,82.4,2026-09-16T05:20:00+00:00
2026-09-16T05:34:00+00:00,KHOU,Houston,82.4,2026-09-16T05:15:00+00:00
2026-09-16T05:34:00+00:00,KHOU,Houston,82.4,2026-09-16T05:10:00+00:00
2026-09-16T05:34:00+00:00,KHOU,Houston,82.4,2026-09-16T05:05:00+00:00
2026-09-16T05:49:00+00:00,KMIA,Miami,82.94,2026-09-16T05:30:00+00:00
2026-09-16T05:49:00+00:00,KMIA,Miami,82.4,2026-09-16T05:25:00+00:00
2026-09-16T05:49:00+00:00,KDEN,Denver,62.6,2026-09-16T05:30:00+00:00
2026-09-16T05:49:00+00:00,KDEN,Denver,62.6,2026-09-16T05:25:00+00:00
2026-09-16T05:49:00+00:00,KLAX,Los Angeles,69.8,2026-09-16T05:30:00+00:00
2026-09-16T05:49:00+00:00,KLAX,Los Angeles,69.8,2026-09-16T05:25:00+00:00
2026-09-16T05:49:00+00:00,KLAX,Los Angeles,69.8,2026-09-16T05:20:00+00:00
2026-09-16T05:49:00+00:00,KPHL,Philadelphia,64.4,2026-09-16T05:25:00+00:00
2026-09-16T05:49:00+00:00,KAUS,Austin,80.59,2026-09-16T05:30:00+00:00
2026-09-16T05:49:00+00:00,KAUS,Austin,80.59,2026-09-16T05:25:00+00:00
2026-09-16T05:49:00+00:00,KMDW,Chicago,73.4,2026-09-16T05:30:00+00:00
2026-09-16T05:49:00+00:00,KMDW,Chicago,73.4,2026-09-16T05:25:00+00:00
2026-09-16T05:49:00+00:00,KSFO,San Francisco,59.0,2026-09-16T05:30:00+00:00
2026-09-16T05:49:00+00:00,KSFO,San Francisco,59.0,2026-09-16T05:25:00+00:00
2026-09-16T05:49:00+00:00,KPHX,Phoenix,93.2,2026-09-16T05:30:00+00:00
2026-09-16T05:49:00+00:00,KPHX,Phoenix,93.2,2026-09-16T05:25:00+00:00
2026-09-16T05:49:00+00:00,KDCA,Washington DC,66.2,2026-09-16T05:25:00+00:00
2026-09-16T05:49:00+00:00,KATL,Atlanta,75.2,2026-09-16T05:30:00+00:00
2026-09-16T05:49:00+00:00,KATL,Atlanta,75.2,2026-09-16T05:25:00+00:00
2026-09-16T05:49:00+00:00,KDFW,Dallas,87.8,2026-09-16T05:30:00+00:00
2026-09-16T05:49:00+00:00,KDFW,Dallas,87.8,2026-09-16T05:25:00+00:00
2026-09-16T05:49:00+00:00,KSEA,Seattle,60.8,2026-09-16T05:30:00+00:00
2026-09-16T05:49:00+00:00,KSEA,Seattle,60.8,2026-09-16T05:25:00+00:00
2026-09-16T05:49:00+00:00,KLAS,Las Vegas,87.8,2026-09-16T05:30:00+00:00
2026-09-16T05:49:00+00:00,KLAS,Las Vegas,87.8,2026-09-16T05:25:00+00:00
2026-09-16T05:49:00+00:00,KOKC,Oklahoma City,84.2,2026-09-16T05:30:00+00:00
2026-09-16T05:49:00+00:00,KOKC,Oklahoma City,84.2,2026-09-16T05:25:00+00:00
2026-09-16T05:49:00+00:00,KBOS,Boston,55.4,2026-09-16T05:30:00+00:00
2026-09-16T05:49:00+00:00,KBOS,Boston,55.4,2026-09-16T05:25:00+00:00
2026-09-16T05:49:00+00:00,KMSP,Minneapolis,59.0,2026-09-16T05:30:00+00:00
2026-09-16T05:49:00+00:00,KMSP,Minneapolis,60.8,2026-09-16T05:25:00+00:00
2026-09-16T05:49:00+00:00,KSAT,San Antonio,80.59,2026-09-16T05:30:00+00:00
2026-09-16T05:49:00+00:00,KSAT,San Antonio,80.59,2026-09-16T05:25:00+00:00
2026-09-16T05:49:00+00:00,KMSY,New Orleans,80.59,2026-09-16T05:30:00+00:00
2026-09-16T05:49:00+00:00,KMSY,New Orleans,80.59,2026-09-16T05:25:00+00:00
2026-09-16T05:49:00+00:00,KHOU,Houston,82.4,2026-09-16T05:30:00+00:00
2026-09-16T05:49:00+00:00,KHOU,Houston,82.4,2026-09-16T05:25:00+00:00
2026-09-16T06:04:00+00:00,KMIA,Miami,82.4,2026-09-16T05:35:00+00:00
2026-09-16T06:04:00+00:00,KDEN,Denver,62.6,2026-09-16T05:45:00+00:00
2026-09-16T06:04:00+00:00,KDEN,Denver,62.6,2026-09-16T05:40:00+00:00
2026-09-16T06:04:00+00:00,KDEN,Denver,62.6,2026-09-16T05:35:00+00:00
2026-09-16T06:04:00+00:00,KLAX,Los Angeles,69.8,2026-09-16T05:35:00+00:00
2026-09-16T06:04:00+00:00,KPHL,Philadelphia,62.6,2026-09-16T05:45:00+00:00
2026-09-16T06:04:00+00:00,KPHL,Philadelphia,62.6,2026-09-16T05:40:00+00:00
2026-09-16T06:04:00+00:00,KPHL,Philadelphia,62.6,2026-09-16T05:35:00+00:00
2026-09-16T06:04:00+00:00,KPHL,Philadelphia,64.4,2026-09-16T05:30:00+00:00
2026-09-16T06:04:00+00:00,KAUS,Austin,80.59,2026-09-16T05:45:00+00:00
2026-09-16T06:04:00+00:00,KAUS,Austin,80.59,2026-09-16T05:40:00+00:00
2026-09-16T06:04:00+00:00,KAUS,Austin,80.59,2026-09-16T05:35:00+00:00
2026-09-16T06:04:00+00:00,KMDW,Chicago,73.4,2026-09-16T05:40:00+00:00
2026-09-16T06:04:00+00:00,KMDW,Chicago,73.4,2026-09-16T05:35:00+00:00
2026-09-16T06:04:00+00:00,KSFO,San Francisco,59.0,2026-09-16T05:35:00+00:00
2026-09-16T06:04:00+00:00,KPHX,Phoenix,93.2,2026-09-16T05:40:00+00:00
2026-09-16T06:04:00+00:00,KPHX,Phoenix,93.2,2026-09-16T05:35:00+00:00
2026-09-16T06:04:00+00:00,KDCA,Washington DC,66.2,2026-09-16T05:45:00+00:00
2026-09-16T06:04:00+00:00,KDCA,Washington DC,66.2,2026-09-16T05:40:00+00:00
2026-09-16T06:04:00+00:00,KDCA,Washington DC,66.2,2026-09-16T05:35:00+00:00
2026-09-16T06:04:00+00:00,KDCA,Washington DC,66.2,2026-09-16T05:30:00+00:00
2026-09-16T06:04:00+00:00,KATL,Atlanta,75.2,2026-09-16T05:45:00+00:00
2026-09-16T06:04:00+00:00,KATL,Atlanta,75.2,2026-09-16T05:40:00+00:00
2026-09-16T06:04:00+00:00,KATL,Atlanta,75.2,2026-09-16T05:35:00+00:00
2026-09-16T06:04:00+00:00,KDFW,Dallas,87.8,2026-09-16T05:45:00+00:00
2026-09-16T06:04:00+00:00,KDFW,Dallas,87.8,2026-09-16T05:40:00+00:00
2026-09-16T06:04:00+00:00,KDFW,Dallas,87.8,2026-09-16T05:35:00+00:00
2026-09-16T06:04:00+00:00,KSEA,Seattle,60.8,2026-09-16T05:35:00+00:00
2026-09-16T06:04:00+00:00,KLAS,Las Vegas,87.8,2026-09-16T05:45:00+00:00
2026-09-16T06:04:00+00:00,KLAS,Las Vegas,87.8,2026-09-16T05:40:00+00:00
2026-09-16T06:04:00+00:00,KLAS,Las Vegas,87.8,2026-09-16T05:35:00+00:00
2026-09-16T06:04:00+00:00,KOKC,Oklahoma City,84.2,2026-09-16T05:45:00+00:00
2026-09-16T06:04:00+00:00,KOKC,Oklahoma City,84.2,2026-09-16T05:40:00+00:00
2026-09-16T06:04:00+00:00,KOKC,Oklahoma City,84.2,2026-09-16T05:35:00+00:00
2026-09-16T06:04:00+00:00,KBOS,Boston,55.4,2026-09-16T05:45:00+00:00
2026-09-16T06:04:00+00:00,KBOS,Boston,57.2,2026-09-16T05:40:00+00:00
2026-09-16T06:04:00+00:00,KBOS,Boston,57.2,2026-09-16T05:35:00+00:00
2026-09-16T06:04:00+00:00,KMSP,Minneapolis,55.4,2026-09-16T05:45:00+00:00
2026-09-16T06:04:00+00:00,KMSP,Minneapolis,57.2,2026-09-16T05:40:00+00:00
2026-09-16T06:04:00+00:00,KMSP,Minneapolis,57.2,2026-09-16T05:35:00+00:00
2026-09-16T06:04:00+00:00,KSAT,San Antonio,80.59,2026-09-16T05:45:00+00:00
2026-09-16T06:04:00+00:00,KSAT,San Antonio,80.59,2026-09-16T05:40:00+00:00
2026-09-16T06:04:00+00:00,KSAT,San Antonio,80.59,2026-09-16T05:35:00+00:00
2026-09-16T06:04:00+00:00,KMSY,New Orleans,80.59,2026-09-16T05:45:00+00:00
2026-09-16T06:04:00+00:00,KMSY,New Orleans,78.8,2026-09-16T05:40:00+00:00
2026-09-16T06:04:00+00:00,KMSY,New Orleans,78.8,2026-09-16T05:35:00+00:00
2026-09-16T06:04:00+00:00,KHOU,Houston,80.59,2026-09-16T05:45:00+00:00
2026-09-16T06:04:00+00:00,KHOU,Houston,80.59,2026-09-16T05:40:00+00:00
2026-09-16T06:04:00+00:00,KHOU,Houston,82.4,2026-09-16T05:35:00+00:00
2026-09-16T06:19:00+00:00,KNYC,New York City,64.04,2026-09-16T05:51:00+00:00
2026-09-16T06:19:00+00:00,KMIA,Miami,80.59,2026-09-16T06:00:00+00:00
2026-09-16T06:19:00+00:00,KMIA,Miami,78.8,2026-09-16T05:55:00+00:00
2026-09-16T06:19:00+00:00,KMIA,Miami,78.98,2026-09-16T05:53:00+00:00
2026-09-16T06:19:00+00:00,KMIA,Miami,78.8,2026-09-16T05:50:00+00:00
2026-09-16T06:19:00+00:00,KMIA,Miami,80.59,2026-09-16T05:45:00+00:00
2026-09-16T06:19:00+00:00,KMIA,Miami,80.06,2026-09-16T05:44:00+00:00
2026-09-16T06:19:00+00:00,KMIA,Miami,80.59,2026-09-16T05:40:00+00:00
2026-09-16T06:19:00+00:00,KDEN,Denver,62.6,2026-09-16T06:00:00+00:00
2026-09-16T06:19:00+00:00,KDEN,Denver,62.6,2026-09-16T05:55:00+00:00
2026-09-16T06:19:00+00:00,KDEN,Denver,62.05,2026-09-16T05:53:00+00:00
2026-09-16T06:19:00+00:00,KDEN,Denver,62.6,2026-09-16T05:50:00+00:00
2026-09-16T06:19:00+00:00,KLAX,Los Angeles,69.8,2026-09-16T06:00:00+00:00
2026-09-16T06:19:00+00:00,KLAX,Los Angeles,69.8,2026-09-16T05:55:00+00:00
2026-09-16T06:19:00+00:00,KLAX,Los Angeles,69.98,2026-09-16T05:53:00+00:00
2026-09-16T06:19:00+00:00,KLAX,Los Angeles,69.8,2026-09-16T05:50:00+00:00
2026-09-16T06:19:00+00:00,KLAX,Los Angeles,69.8,2026-09-16T05:45:00+00:00
2026-09-16T06:19:00+00:00,KLAX,Los Angeles,69.8,2026-09-16T05:40:00+00:00
2026-09-16T06:19:00+00:00,KPHL,Philadelphia,62.6,2026-09-16T06:00:00+00:00
2026-09-16T06:19:00+00:00,KPHL,Philadelphia,64.4,2026-09-16T05:55:00+00:00
2026-09-16T06:19:00+00:00,KPHL,Philadelphia,64.04,2026-09-16T05:54:00+00:00
2026-09-16T06:19:00+00:00,KPHL,Philadelphia,62.6,2026-09-16T05:50:00+00:00
2026-09-16T06:19:00+00:00,KAUS,Austin,78.8,2026-09-16T06:00:00+00:00
2026-09-16T06:19:00+00:00,KAUS,Austin,78.8,2026-09-16T05:55:00+00:00
2026-09-16T06:19:00+00:00,KAUS,Austin,78.98,2026-09-16T05:53:00+00:00
2026-09-16T06:19:00+00:00,KAUS,Austin,78.8,2026-09-16T05:50:00+00:00
2026-09-16T06:19:00+00:00,KMDW,Chicago,73.4,2026-09-16T06:05:00+00:00
2026-09-16T06:19:00+00:00,KMDW,Chicago,73.4,2026-09-16T06:00:00+00:00
2026-09-16T06:19:00+00:00,KMDW,Chicago,73.4,2026-09-16T05:55:00+00:00
2026-09-16T06:19:00+00:00,KMDW,Chicago,73.04,2026-09-16T05:53:00+00:00
2026-09-16T06:19:00+00:00,KMDW,Chicago,73.4,2026-09-16T05:50:00+00:00
2026-09-16T06:19:00+00:00,KMDW,Chicago,73.4,2026-09-16T05:45:00+00:00
2026-09-16T06:19:00+00:00,KSFO,San Francisco,59.0,2026-09-16T06:00:00+00:00
2026-09-16T06:19:00+00:00,KSFO,San Francisco,59.0,2026-09-16T05:55:00+00:00
2026-09-16T06:19:00+00:00,KSFO,San Francisco,59.0,2026-09-16T05:50:00+00:00
2026-09-16T06:19:00+00:00,KSFO,San Francisco,59.0,2026-09-16T05:45:00+00:00
2026-09-16T06:19:00+00:00,KSFO,San Francisco,59.0,2026-09-16T05:40:00+00:00
2026-09-16T06:19:00+00:00,KPHX,Phoenix,93.2,2026-09-16T06:00:00+00:00
2026-09-16T06:19:00+00:00,KPHX,Phoenix,93.2,2026-09-16T05:55:00+00:00
2026-09-16T06:19:00+00:00,KPHX,Phoenix,93.02,2026-09-16T05:51:00+00:00
2026-09-16T06:19:00+00:00,KPHX,Phoenix,93.2,2026-09-16T05:50:00+00:00
2026-09-16T06:19:00+00:00,KPHX,Phoenix,93.2,2026-09-16T05:45:00+00:00
2026-09-16T06:19:00+00:00,KDCA,Washington DC,66.2,2026-09-16T06:05:00+00:00
2026-09-16T06:19:00+00:00,KDCA,Washington DC,66.2,2026-09-16T06:00:00+00:00
2026-09-16T06:19:00+00:00,KDCA,Washington DC,66.2,2026-09-16T05:55:00+00:00
2026-09-16T06:19:00+00:00,KDCA,Washington DC,66.02,2026-09-16T05:52:00+00:00
2026-09-16T06:19:00+00:00,KDCA,Washington DC,66.2,2026-09-16T05:50:00+00:00
2026-09-16T06:19:00+00:00,KATL,Atlanta,75.2,2026-09-16T06:00:00+00:00
2026-09-16T06:19:00+00:00,KATL,Atlanta,75.2,2026-09-16T05:55:00+00:00
2026-09-16T06:19:00+00:00,KATL,Atlanta,75.02,2026-09-16T05:52:00+00:00
2026-09-16T06:19:00+00:00,KATL,Atlanta,75.2,2026-09-16T05:50:00+00:00
2026-09-16T06:19:00+00:00,KDFW,Dallas,87.8,2026-09-16T06:00:00+00:00
2026-09-16T06:19:00+00:00,KDFW,Dallas,87.8,2026-09-16T05:55:00+00:00
2026-09-16T06:19:00+00:00,KDFW,Dallas,87.08,2026-09-16T05:53:00+00:00
2026-09-16T06:19:00+00:00,KDFW,Dallas,87.8,2026-09-16T05:50:00+00:00
2026-09-16T06:19:00+00:00,KSEA,Seattle,60.8,2026-09-16T06:00:00+00:00
2026-09-16T06:19:00+00:00,KSEA,Seattle,60.08,2026-09-16T05:53:00+00:00
2026-09-16T06:19:00+00:00,KSEA,Seattle,60.8,2026-09-16T05:50:00+00:00
2026-09-16T06:19:00+00:00,KSEA,Seattle,60.8,2026-09-16T05:45:00+00:00
2026-09-16T06:19:00+00:00,KSEA,Seattle,60.8,2026-09-16T05:40:00+00:00
2026-09-16T06:19:00+00:00,KLAS,Las Vegas,87.8,2026-09-16T06:00:00+00:00
2026-09-16T06:19:00+00:00,KLAS,Las Vegas,87.08,2026-09-16T05:56:00+00:00
2026-09-16T06:19:00+00:00,KLAS,Las Vegas,87.8,2026-09-16T05:55:00+00:00
2026-09-16T06:19:00+00:00,KLAS,Las Vegas,87.8,2026-09-16T05:50:00+00:00
2026-09-16T06:19:00+00:00,KOKC,Oklahoma City,84.2,2026-09-16T06:00:00+00:00
2026-09-16T06:19:00+00:00,KOKC,Oklahoma City,84.2,2026-09-16T05:55:00+00:00
2026-09-16T06:19:00+00:00,KOKC,Oklahoma City,84.02,2026-09-16T05:52:00+00:00
2026-09-16T06:19:00+00:00,KOKC,Oklahoma City,84.2,2026-09-16T05:50:00+00:00
2026-09-16T06:19:00+00:00,KBOS,Boston,57.2,2026-09-16T06:05:00+00:00
2026-09-16T06:19:00+00:00,KBOS,Boston,57.2,2026-09-16T06:00:00+00:00
2026-09-16T06:19:00+00:00,KBOS,Boston,55.4,2026-09-16T05:55:00+00:00
2026-09-16T06:19:00+00:00,KBOS,Boston,55.94,2026-09-16T05:54:00+00:00
2026-09-16T06:19:00+00:00,KBOS,Boston,55.4,2026-09-16T05:50:00+00:00
2026-09-16T06:19:00+00:00,KMSP,Minneapolis,55.4,2026-09-16T06:05:00+00:00
2026-09-16T06:19:00+00:00,KMSP,Minneapolis,57.02,2026-09-16T05:53:00+00:00
2026-09-16T06:19:00+00:00,KSAT,San Antonio,78.8,2026-09-16T06:00:00+00:00
2026-09-16T06:19:00+00:00,KSAT,San Antonio,78.8,2026-09-16T05:55:00+00:00
2026-09-16T06:19:00+00:00,KSAT,San Antonio,80.06,2026-09-16T05:51:00+00:00
2026-09-16T06:19:00+00:00,KSAT,San Antonio,80.59,2026-09-16T05:50:00+00:00
2026-09-16T06:19:00+00:00,KMSY,New Orleans,80.59,2026-09-16T06:00:00+00:00
2026-09-16T06:19:00+00:00,KMSY,New Orleans,80.59,2026-09-16T05:55:00+00:00
2026-09-16T06:19:00+00:00,KMSY,New Orleans,80.06,2026-09-16T05:53:00+00:00
2026-09-16T06:19:00+00:00,KMSY,New Orleans,80.59,2026-09-16T05:50:00+00:00
2026-09-16T06:19:00+00:00,KHOU,Houston,80.59,2026-09-16T06:00:00+00:00
2026-09-16T06:19:00+00:00,KHOU,Houston,80.59,2026-09-16T05:55:00+00:00
2026-09-16T06:19:00+00:00,KHOU,Houston,80.95,2026-09-16T05:53:00+00:00
2026-09-16T06:19:00+00:00,KHOU,Houston,80.59,2026-09-16T05:50:00+00:00
2026-09-16T06:34:00+00:00,KMIA,Miami,78.8,2026-09-16T06:20:00+00:00
2026-09-16T06:34:00+00:00,KMIA,Miami,78.8,2026-09-16T06:15:00+00:00
2026-09-16T06:34:00+00:00,KMIA,Miami,80.59,2026-09-16T06:10:00+00:00
2026-09-16T06:34:00+00:00,KMIA,Miami,80.59,2026-09-16T06:05:00+00:00
2026-09-16T06:34:00+00:00,KDEN,Denver,62.6,2026-09-16T06:20:00+00:00
2026-09-16T06:34:00+00:00,KDEN,Denver,62.6,2026-09-16T06:15:00+00:00
2026-09-16T06:34:00+00:00,KDEN,Denver,62.6,2026-09-16T06:10:00+00:00
2026-09-16T06:34:00+00:00,KDEN,Denver,62.6,2026-09-16T06:05:00+00:00
2026-09-16T06:34:00+00:00,KLAX,Los Angeles,69.8,2026-09-16T06:20:00+00:00
2026-09-16T06:34:00+00:00,KLAX,Los Angeles,69.8,2026-09-16T06:15:00+00:00
2026-09-16T06:34:00+00:00,KLAX,Los Angeles,69.8,2026-09-16T06:10:00+00:00
2026-09-16T06:34:00+00:00,KLAX,Los Angeles,69.8,2026-09-16T06:05:00+00:00
2026-09-16T06:34:00+00:00,KPHL,Philadelphia,64.4,2026-09-16T06:20:00+00:00
2026-09-16T06:34:00+00:00,KPHL,Philadelphia,64.4,2026-09-16T06:15:00+00:00
2026-09-16T06:34:00+00:00,KPHL,Philadelphia,64.4,2026-09-16T06:10:00+00:00
2026-09-16T06:34:00+00:00,KPHL,Philadelphia,64.4,2026-09-16T06:05:00+00:00
2026-09-16T06:34:00+00:00,KAUS,Austin,78.8,2026-09-16T06:15:00+00:00
2026-09-16T06:34:00+00:00,KAUS,Austin,78.8,2026-09-16T06:10:00+00:00
2026-09-16T06:34:00+00:00,KAUS,Austin,78.8,2026-09-16T06:05:00+00:00
2026-09-16T06:34:00+00:00,KMDW,Chicago,73.4,2026-09-16T06:20:00+00:00
2026-09-16T06:34:00+00:00,KMDW,Chicago,73.4,2026-09-16T06:15:00+00:00
2026-09-16T06:34:00+00:00,KMDW,Chicago,73.4,2026-09-16T06:10:00+00:00
2026-09-16T06:34:00+00:00,KSFO,San Francisco,59.0,2026-09-16T06:20:00+00:00
2026-09-16T06:34:00+00:00,KSFO,San Francisco,59.0,2026-09-16T06:15:00+00:00
2026-09-16T06:34:00+00:00,KSFO,San Francisco,59.0,2026-09-16T06:10:00+00:00
2026-09-16T06:34:00+00:00,KSFO,San Francisco,59.0,2026-09-16T06:05:00+00:00
2026-09-16T06:34:00+00:00,KSFO,San Francisco,59.0,2026-09-16T05:56:00+00:00
2026-09-16T06:34:00+00:00,KPHX,Phoenix,93.2,2026-09-16T06:20:00+00:00
2026-09-16T06:34:00+00:00,KPHX,Phoenix,93.2,2026-09-16T06:15:00+00:00
2026-09-16T06:34:00+00:00,KPHX,Phoenix,93.2,2026-09-16T06:10:00+00:00
2026-09-16T06:34:00+00:00,KPHX,Phoenix,93.2,2026-09-16T06:05:00+00:00
2026-09-16T06:34:00+00:00,KDCA,Washington DC,66.2,2026-09-16T06:15:00+00:00
2026-09-16T06:34:00+00:00,KDCA,Washington DC,66.2,2026-09-16T06:10:00+00:00
2026-09-16T06:34:00+00:00,KATL,Atlanta,75.2,2026-09-16T06:20:00+00:00
2026-09-16T06:34:00+00:00,KATL,Atlanta,75.2,2026-09-16T06:15:00+00:00
2026-09-16T06:34:00+00:00,KATL,Atlanta,75.2,2026-09-16T06:10:00+00:00
2026-09-16T06:34:00+00:00,KATL,Atlanta,75.2,2026-09-16T06:05:00+00:00
2026-09-16T06:34:00+00:00,KDFW,Dallas,87.8,2026-09-16T06:20:00+00:00
2026-09-16T06:34:00+00:00,KDFW,Dallas,87.8,2026-09-16T06:15:00+00:00
2026-09-16T06:34:00+00:00,KDFW,Dallas,87.8,2026-09-16T06:10:00+00:00
2026-09-16T06:34:00+00:00,KDFW,Dallas,87.8,2026-09-16T06:05:00+00:00
2026-09-16T06:34:00+00:00,KSEA,Seattle,60.8,2026-09-16T06:15:00+00:00
2026-09-16T06:34:00+00:00,KSEA,Seattle,60.8,2026-09-16T06:10:00+00:00
2026-09-16T06:34:00+00:00,KSEA,Seattle,60.8,2026-09-16T06:05:00+00:00
2026-09-16T06:34:00+00:00,KSEA,Seattle,60.8,2026-09-16T05:55:00+00:00
2026-09-16T06:34:00+00:00,KLAS,Las Vegas,87.8,2026-09-16T06:20:00+00:00
2026-09-16T06:34:00+00:00,KLAS,Las Vegas,87.8,2026-09-16T06:15:00+00:00
2026-09-16T06:34:00+00:00,KLAS,Las Vegas,87.8,2026-09-16T06:10:00+00:00
2026-09-16T06:34:00+00:00,KLAS,Las Vegas,87.8,2026-09-16T06:05:00+00:00
2026-09-16T06:34:00+00:00,KOKC,Oklahoma City,84.2,2026-09-16T06:20:00+00:00
2026-09-16T06:34:00+00:00,KOKC,Oklahoma City,84.2,2026-09-16T06:15:00+00:00
2026-09-16T06:34:00+00:00,KOKC,Oklahoma City,84.2,2026-09-16T06:10:00+00:00
2026-09-16T06:34:00+00:00,KOKC,Oklahoma City,84.2,2026-09-16T06:05:00+00:00
2026-09-16T06:34:00+00:00,KBOS,Boston,57.2,2026-09-16T06:20:00+00:00
2026-09-16T06:34:00+00:00,KBOS,Boston,55.4,2026-09-16T06:15:00+00:00
2026-09-16T06:34:00+00:00,KBOS,Boston,57.2,2026-09-16T06:10:00+00:00
2026-09-16T06:34:00+00:00,KMSP,Minneapolis,55.4,2026-09-16T06:20:00+00:00
2026-09-16T06:34:00+00:00,KMSP,Minneapolis,55.4,2026-09-16T06:15:00+00:00
2026-09-16T06:34:00+00:00,KMSP,Minneapolis,55.4,2026-09-16T06:10:00+00:00
2026-09-16T06:34:00+00:00,KSAT,San Antonio,78.8,2026-09-16T06:20:00+00:00
2026-09-16T06:34:00+00:00,KSAT,San Antonio,78.8,2026-09-16T06:15:00+00:00
2026-09-16T06:34:00+00:00,KSAT,San Antonio,78.8,2026-09-16T06:10:00+00:00
2026-09-16T06:34:00+00:00,KSAT,San Antonio,78.8,2026-09-16T06:05:00+00:00
2026-09-16T06:34:00+00:00,KMSY,New Orleans,82.4,2026-09-16T06:20:00+00:00
2026-09-16T06:34:00+00:00,KMSY,New Orleans,80.59,2026-09-16T06:15:00+00:00
2026-09-16T06:34:00+00:00,KMSY,New Orleans,80.59,2026-09-16T06:10:00+00:00
2026-09-16T06:34:00+00:00,KMSY,New Orleans,80.59,2026-09-16T06:05:00+00:00
2026-09-16T06:34:00+00:00,KHOU,Houston,80.59,2026-09-16T06:20:00+00:00
2026-09-16T06:34:00+00:00,KHOU,Houston,80.59,2026-09-16T06:15:00+00:00
2026-09-16T06:34:00+00:00,KHOU,Houston,80.59,2026-09-16T06:10:00+00:00
2026-09-16T06:34:00+00:00,KHOU,Houston,80.59,2026-09-16T06:05:00+00:00
2026-09-16T06:49:00+00:00,KMIA,Miami,80.59,2026-09-16T06:25:00+00:00
2026-09-16T06:49:00+00:00,KDEN,Denver,60.8,2026-09-16T06:30:00+00:00
2026-09-16T06:49:00+00:00,KDEN,Denver,60.8,2026-09-16T06:25:00+00:00
2026-09-16T06:49:00+00:00,KLAX,Los Angeles,69.8,2026-09-16T06:25:00+00:00
2026-09-16T06:49:00+00:00,KPHL,Philadelphia,64.4,2026-09-16T06:30:00+00:00
2026-09-16T06:49:00+00:00,KPHL,Philadelphia,64.4,2026-09-16T06:25:00+00:00
2026-09-16T06:49:00+00:00,KAUS,Austin,78.8,2026-09-16T06:30:00+00:00
2026-09-16T06:49:00+00:00,KAUS,Austin,78.8,2026-09-16T06:25:00+00:00
2026-09-16T06:49:00+00:00,KAUS,Austin,78.8,2026-09-16T06:20:00+00:00
2026-09-16T06:49:00+00:00,KMDW,Chicago,73.4,2026-09-16T06:35:00+00:00
2026-09-16T06:49:00+00:00,KMDW,Chicago,73.4,2026-09-16T06:30:00+00:00
2026-09-16T06:49:00+00:00,KMDW,Chicago,73.4,2026-09-16T06:25:00+00:00
2026-09-16T06:49:00+00:00,KSFO,San Francisco,59.0,2026-09-16T06:30:00+00:00
2026-09-16T06:49:00+00:00,KSFO,San Francisco,59.0,2026-09-16T06:25:00+00:00
2026-09-16T06:49:00+00:00,KPHX,Phoenix,93.2,2026-09-16T06:35:00+00:00
2026-09-16T06:49:00+00:00,KPHX,Phoenix,93.2,2026-09-16T06:30:00+00:00
2026-09-16T06:49:00+00:00,KPHX,Phoenix,93.2,2026-09-16T06:25:00+00:00
2026-09-16T06:49:00+00:00,KDCA,Washington DC,66.2,2026-09-16T06:30:00+00:00
2026-09-16T06:49:00+00:00,KDCA,Washington DC,66.2,2026-09-16T06:25:00+00:00
2026-09-16T06:49:00+00:00,KDCA,Washington DC,66.2,2026-09-16T06:20:00+00:00
2026-09-16T06:49:00+00:00,KATL,Atlanta,75.2,2026-09-16T06:30:00+00:00
2026-09-16T06:49:00+00:00,KATL,Atlanta,75.2,2026-09-16T06:25:00+00:00
2026-09-16T06:49:00+00:00,KDFW,Dallas,87.8,2026-09-16T06:35:00+00:00
2026-09-16T06:49:00+00:00,KDFW,Dallas,87.8,2026-09-16T06:30:00+00:00
2026-09-16T06:49:00+00:00,KDFW,Dallas,87.8,2026-09-16T06:25:00+00:00
2026-09-16T06:49:00+00:00,KSEA,Seattle,60.8,2026-09-16T06:30:00+00:00
2026-09-16T06:49:00+00:00,KSEA,Seattle,59.0,2026-09-16T06:25:00+00:00
2026-09-16T06:49:00+00:00,KLAS,Las Vegas,87.8,2026-09-16T06:35:00+00:00
2026-09-16T06:49:00+00:00,KLAS,Las Vegas,87.8,2026-09-16T06:30:00+00:00
2026-09-16T06:49:00+00:00,KLAS,Las Vegas,87.8,2026-09-16T06:25:00+00:00
2026-09-16T06:49:00+00:00,KOKC,Oklahoma City,84.2,2026-09-16T06:35:00+00:00
2026-09-16T06:49:00+00:00,KOKC,Oklahoma City,84.2,2026-09-16T06:30:00+00:00
2026-09-16T06:49:00+00:00,KOKC,Oklahoma City,84.2,2026-09-16T06:25:00+00:00
2026-09-16T06:49:00+00:00,KBOS,Boston,57.2,2026-09-16T06:35:00+00:00
2026-09-16T06:49:00+00:00,KBOS,Boston,57.2,2026-09-16T06:30:00+00:00
2026-09-16T06:49:00+00:00,KBOS,Boston,57.2,2026-09-16T06:25:00+00:00
2026-09-16T06:49:00+00:00,KMSP,Minneapolis,55.4,2026-09-16T06:35:00+00:00
2026-09-16T06:49:00+00:00,KMSP,Minneapolis,55.4,2026-09-16T06:30:00+00:00
2026-09-16T06:49:00+00:00,KMSP,Minneapolis,55.4,2026-09-16T06:25:00+00:00
2026-09-16T06:49:00+00:00,KSAT,San Antonio,78.8,2026-09-16T06:35:00+00:00
2026-09-16T06:49:00+00:00,KSAT,San Antonio,78.8,2026-09-16T06:30:00+00:00
2026-09-16T06:49:00+00:00,KSAT,San Antonio,78.8,2026-09-16T06:25:00+00:00
2026-09-16T06:49:00+00:00,KMSY,New Orleans,82.4,2026-09-16T06:35:00+00:00
2026-09-16T06:49:00+00:00,KMSY,New Orleans,82.4,2026-09-16T06:30:00+00:00
2026-09-16T06:49:00+00:00,KMSY,New Orleans,82.4,2026-09-16T06:25:00+00:00
2026-09-16T06:49:00+00:00,KHOU,Houston,80.59,2026-09-16T06:30:00+00:00
2026-09-16T06:49:00+00:00,KHOU,Houston,80.59,2026-09-16T06:25:00+00:00
2026-09-16T07:04:00+00:00,KMIA,Miami,80.59,2026-09-16T06:45:00+00:00
2026-09-16T07:04:00+00:00,KMIA,Miami,80.59,2026-09-16T06:40:00+00:00
2026-09-16T07:04:00+00:00,KMIA,Miami,80.59,2026-09-16T06:35:00+00:00
2026-09-16T07:04:00+00:00,KMIA,Miami,78.8,2026-09-16T06:30:00+00:00
2026-09-16T07:04:00+00:00,KDEN,Denver,60.8,2026-09-16T06:45:00+00:00
2026-09-16T07:04:00+00:00,KDEN,Denver,60.8,2026-09-16T06:40:00+00:00
2026-09-16T07:04:00+00:00,KDEN,Denver,60.8,2026-09-16T06:35:00+00:00
2026-09-16T07:04:00+00:00,KLAX,Los Angeles,69.8,2026-09-16T06:45:00+00:00
2026-09-16T07:04:00+00:00,KLAX,Los Angeles,69.8,2026-09-16T06:40:00+00:00
2026-09-16T07:04:00+00:00,KLAX,Los Angeles,69.8,2026-09-16T06:35:00+00:00
2026-09-16T07:04:00+00:00,KLAX,Los Angeles,69.8,2026-09-16T06:30:00+00:00
2026-09-16T07:04:00+00:00,KPHL,Philadelphia,64.4,2026-09-16T06:45:00+00:00
2026-09-16T07:04:00+00:00,KPHL,Philadelphia,64.4,2026-09-16T06:40:00+00:00
2026-09-16T07:04:00+00:00,KPHL,Philadelphia,64.4,2026-09-16T06:35:00+00:00
2026-09-16T07:04:00+00:00,KAUS,Austin,78.8,2026-09-16T06:45:00+00:00
2026-09-16T07:04:00+00:00,KAUS,Austin,78.8,2026-09-16T06:40:00+00:00
2026-09-16T07:04:00+00:00,KAUS,Austin,77.0,2026-09-16T06:35:00+00:00
2026-09-16T07:04:00+00:00,KMDW,Chicago,73.4,2026-09-16T06:40:00+00:00
2026-09-16T07:04:00+00:00,KSFO,San Francisco,59.0,2026-09-16T06:45:00+00:00
2026-09-16T07:04:00+00:00,KSFO,San Francisco,59.0,2026-09-16T06:40:00+00:00
2026-09-16T07:04:00+00:00,KSFO,San Francisco,59.0,2026-09-16T06:35:00+00:00
2026-09-16T07:04:00+00:00,KPHX,Phoenix,93.2,2026-09-16T06:40:00+00:00
2026-09-16T07:04:00+00:00,KDCA,Washington DC,66.2,2026-09-16T06:45:00+00:00
2026-09-16T07:04:00+00:00,KDCA,Washington DC,66.2,2026-09-16T06:40:00+00:00
2026-09-16T07:04:00+00:00,KDCA,Washington DC,66.2,2026-09-16T06:35:00+00:00
2026-09-16T07:04:00+00:00,KATL,Atlanta,75.2,2026-09-16T06:45:00+00:00
2026-09-16T07:04:00+00:00,KATL,Atlanta,75.2,2026-09-16T06:40:00+00:00
2026-09-16T07:04:00+00:00,KATL,Atlanta,75.2,2026-09-16T06:35:00+00:00
2026-09-16T07:04:00+00:00,KATL,Atlanta,75.02,2026-09-16T06:29:00+00:00
2026-09-16T07:04:00+00:00,KDFW,Dallas,87.8,2026-09-16T06:45:00+00:00
2026-09-16T07:04:00+00:00,KDFW,Dallas,87.8,2026-09-16T06:40:00+00:00
2026-09-16T07:04:00+00:00,KSEA,Seattle,60.8,2026-09-16T06:45:00+00:00
2026-09-16T07:04:00+00:00,KSEA,Seattle,60.8,2026-09-16T06:35:00+00:00
2026-09-16T07:04:00+00:00,KLAS,Las Vegas,87.8,2026-09-16T06:45:00+00:00
2026-09-16T07:04:00+00:00,KLAS,Las Vegas,87.8,2026-09-16T06:40:00+00:00
2026-09-16T07:04:00+00:00,KOKC,Oklahoma City,82.4,2026-09-16T06:45:00+00:00
2026-09-16T07:04:00+00:00,KOKC,Oklahoma City,84.2,2026-09-16T06:40:00+00:00
2026-09-16T07:04:00+00:00,KBOS,Boston,57.2,2026-09-16T06:45:00+00:00
2026-09-16T07:04:00+00:00,KBOS,Boston,57.2,2026-09-16T06:40:00+00:00
2026-09-16T07:04:00+00:00,KMSP,Minneapolis,55.4,2026-09-16T06:45:00+00:00
2026-09-16T07:04:00+00:00,KMSP,Minneapolis,55.4,2026-09-16T06:40:00+00:00
2026-09-16T07:04:00+00:00,KSAT,San Antonio,78.8,2026-09-16T06:45:00+00:00
2026-09-16T07:04:00+00:00,KSAT,San Antonio,78.8,2026-09-16T06:40:00+00:00
2026-09-16T07:04:00+00:00,KMSY,New Orleans,82.4,2026-09-16T06:45:00+00:00
2026-09-16T07:04:00+00:00,KMSY,New Orleans,82.4,2026-09-16T06:40:00+00:00
2026-09-16T07:04:00+00:00,KHOU,Houston,80.59,2026-09-16T06:45:00+00:00
2026-09-16T07:04:00+00:00,KHOU,Houston,80.59,2026-09-16T06:40:00+00:00
2026-09-16T07:04:00+00:00,KHOU,Houston,80.59,2026-09-16T06:35:00+00:00
2026-09-16T07:19:00+00:00,KNYC,New York City,62.95,2026-09-16T06:51:00+00:00
2026-09-16T07:19:00+00:00,KMIA,Miami,80.59,2026-09-16T07:05:00+00:00
2026-09-16T07:19:00+00:00,KMIA,Miami,80.59,2026-09-16T07:00:00+00:00
2026-09-16T07:19:00+00:00,KMIA,Miami,80.59,2026-09-16T06:55:00+00:00
2026-09-16T07:19:00+00:00,KMIA,Miami,80.95,2026-09-16T06:53:00+00:00
2026-09-16T07:19:00+00:00,KMIA,Miami,80.59,2026-09-16T06:50:00+00:00
2026-09-16T07:19:00+00:00,KDEN,Denver,62.6,2026-09-16T07:00:00+00:00
2026-09-16T07:19:00+00:00,KDEN,Denver,62.6,2026-09-16T06:55:00+00:00
2026-09-16T07:19:00+00:00,KDEN,Denver,60.98,2026-09-16T06:53:00+00:00
2026-09-16T07:19:00+00:00,KDEN,Denver,60.8,2026-09-16T06:50:00+00:00
2026-09-16T07:19:00+00:00,KLAX,Los Angeles,71.59,2026-09-16T07:00:00+00:00
2026-09-16T07:19:00+00:00,KLAX,Los Angeles,71.59,2026-09-16T06:55:00+00:00
2026-09-16T07:19:00+00:00,KLAX,Los Angeles,71.06,2026-09-16T06:53:00+00:00
2026-09-16T07:19:00+00:00,KLAX,Los Angeles,71.59,2026-09-16T06:50:00+00:00
2026-09-16T07:19:00+00:00,KPHL,Philadelphia,64.4,2026-09-16T07:05:00+00:00
2026-09-16T07:19:00+00:00,KPHL,Philadelphia,64.4,2026-09-16T07:00:00+00:00
2026-09-16T07:19:00+00:00,KPHL,Philadelphia,64.4,2026-09-16T06:55:00+00:00
2026-09-16T07:19:00+00:00,KPHL,Philadelphia,64.04,2026-09-16T06:54:00+00:00
2026-09-16T07:19:00+00:00,KPHL,Philadelphia,64.4,2026-09-16T06:50:00+00:00
2026-09-16T07:19:00+00:00,KAUS,Austin,80.59,2026-09-16T07:00:00+00:00
2026-09-16T07:19:00+00:00,KAUS,Austin,78.8,2026-09-16T06:55:00+00:00
2026-09-16T07:19:00+00:00,KAUS,Austin,78.98,2026-09-16T06:53:00+00:00
2026-09-16T07:19:00+00:00,KAUS,Austin,78.8,2026-09-16T06:50:00+00:00
2026-09-16T07:19:00+00:00,KAUS,Austin,78.98,2026-09-16T06:46:00+00:00
2026-09-16T07:19:00+00:00,KMDW,Chicago,71.59,2026-09-16T07:05:00+00:00
2026-09-16T07:19:00+00:00,KMDW,Chicago,73.4,2026-09-16T07:00:00+00:00
2026-09-16T07:19:00+00:00,KMDW,Chicago,73.4,2026-09-16T06:55:00+00:00
2026-09-16T07:19:00+00:00,KMDW,Chicago,73.04,2026-09-16T06:53:00+00:00
2026-09-16T07:19:00+00:00,KMDW,Chicago,73.4,2026-09-16T06:50:00+00:00
2026-09-16T07:19:00+00:00,KMDW,Chicago,73.4,2026-09-16T06:45:00+00:00
2026-09-16T07:19:00+00:00,KSFO,San Francisco,59.0,2026-09-16T07:00:00+00:00
2026-09-16T07:19:00+00:00,KSFO,San Francisco,59.0,2026-09-16T06:56:00+00:00
2026-09-16T07:19:00+00:00,KSFO,San Francisco,59.0,2026-09-16T06:55:00+00:00
2026-09-16T07:19:00+00:00,KSFO,San Francisco,59.0,2026-09-16T06:50:00+00:00
2026-09-16T07:19:00+00:00,KPHX,Phoenix,93.2,2026-09-16T07:00:00+00:00
2026-09-16T07:19:00+00:00,KPHX,Phoenix,93.2,2026-09-16T06:55:00+00:00
2026-09-16T07:19:00+00:00,KPHX,Phoenix,93.02,2026-09-16T06:51:00+00:00
2026-09-16T07:19:00+00:00,KPHX,Phoenix,93.2,2026-09-16T06:50:00+00:00
2026-09-16T07:19:00+00:00,KPHX,Phoenix,93.2,2026-09-16T06:45:00+00:00
2026-09-16T07:19:00+00:00,KDCA,Washington DC,66.2,2026-09-16T07:05:00+00:00
2026-09-16T07:19:00+00:00,KDCA,Washington DC,66.2,2026-09-16T07:00:00+00:00
2026-09-16T07:19:00+00:00,KDCA,Washington DC,66.2,2026-09-16T06:55:00+00:00
2026-09-16T07:19:00+00:00,KDCA,Washington DC,66.02,2026-09-16T06:52:00+00:00
2026-09-16T07:19:00+00:00,KDCA,Washington DC,66.2,2026-09-16T06:50:00+00:00
2026-09-16T07:19:00+00:00,KATL,Atlanta,75.2,2026-09-16T07:05:00+00:00
2026-09-16T07:19:00+00:00,KATL,Atlanta,75.2,2026-09-16T07:00:00+00:00
2026-09-16T07:19:00+00:00,KATL,Atlanta,75.2,2026-09-16T06:55:00+00:00
2026-09-16T07:19:00+00:00,KATL,Atlanta,75.02,2026-09-16T06:52:00+00:00
2026-09-16T07:19:00+00:00,KATL,Atlanta,75.2,2026-09-16T06:50:00+00:00
2026-09-16T07:19:00+00:00,KDFW,Dallas,86.0,2026-09-16T07:00:00+00:00
2026-09-16T07:19:00+00:00,KDFW,Dallas,86.0,2026-09-16T06:55:00+00:00
2026-09-16T07:19:00+00:00,KDFW,Dallas,86.0,2026-09-16T06:53:00+00:00
2026-09-16T07:19:00+00:00,KDFW,Dallas,86.0,2026-09-16T06:50:00+00:00
2026-09-16T07:19:00+00:00,KSEA,Seattle,59.0,2026-09-16T07:00:00+00:00
2026-09-16T07:19:00+00:00,KSEA,Seattle,59.0,2026-09-16T06:55:00+00:00
2026-09-16T07:19:00+00:00,KSEA,Seattle,59.0,2026-09-16T06:53:00+00:00
2026-09-16T07:19:00+00:00,KSEA,Seattle,59.0,2026-09-16T06:50:00+00:00
2026-09-16T07:19:00+00:00,KLAS,Las Vegas,86.0,2026-09-16T07:00:00+00:00
2026-09-16T07:19:00+00:00,KLAS,Las Vegas,86.0,2026-09-16T06:56:00+00:00
2026-09-16T07:19:00+00:00,KLAS,Las Vegas,87.8,2026-09-16T06:55:00+00:00
2026-09-16T07:19:00+00:00,KLAS,Las Vegas,87.8,2026-09-16T06:50:00+00:00
2026-09-16T07:19:00+00:00,KOKC,Oklahoma City,82.4,2026-09-16T07:00:00+00:00
2026-09-16T07:19:00+00:00,KOKC,Oklahoma City,82.4,2026-09-16T06:55:00+00:00
2026-09-16T07:19:00+00:00,KOKC,Oklahoma City,82.04,2026-09-16T06:52:00+00:00
2026-09-16T07:19:00+00:00,KOKC,Oklahoma City,82.4,2026-09-16T06:50:00+00:00
2026-09-16T07:19:00+00:00,KBOS,Boston,57.2,2026-09-16T07:05:00+00:00
2026-09-16T07:19:00+00:00,KBOS,Boston,57.2,2026-09-16T07:00:00+00:00
2026-09-16T07:19:00+00:00,KBOS,Boston,57.2,2026-09-16T06:55:00+00:00
2026-09-16T07:19:00+00:00,KBOS,Boston,57.92,2026-09-16T06:54:00+00:00
2026-09-16T07:19:00+00:00,KBOS,Boston,57.2,2026-09-16T06:50:00+00:00
2026-09-16T07:19:00+00:00,KMSP,Minneapolis,57.2,2026-09-16T07:00:00+00:00
2026-09-16T07:19:00+00:00,KMSP,Minneapolis,57.2,2026-09-16T06:55:00+00:00
2026-09-16T07:19:00+00:00,KMSP,Minneapolis,57.02,2026-09-16T06:53:00+00:00
2026-09-16T07:19:00+00:00,KMSP,Minneapolis,57.2,2026-09-16T06:50:00+00:00
2026-09-16T07:19:00+00:00,KSAT,San Antonio,78.8,2026-09-16T07:00:00+00:00
2026-09-16T07:19:00+00:00,KSAT,San Antonio,78.8,2026-09-16T06:55:00+00:00
2026-09-16T07:19:00+00:00,KSAT,San Antonio,78.98,2026-09-16T06:51:00+00:00
2026-09-16T07:19:00+00:00,KSAT,San Antonio,78.8,2026-09-16T06:50:00+00:00
2026-09-16T07:19:00+00:00,KMSY,New Orleans,80.59,2026-09-16T07:00:00+00:00
2026-09-16T07:19:00+00:00,KMSY,New Orleans,80.59,2026-09-16T06:55:00+00:00
2026-09-16T07:19:00+00:00,KMSY,New Orleans,80.06,2026-09-16T06:53:00+00:00
2026-09-16T07:19:00+00:00,KMSY,New Orleans,80.59,2026-09-16T06:50:00+00:00
2026-09-16T07:19:00+00:00,KHOU,Houston,80.59,2026-09-16T07:00:00+00:00
2026-09-16T07:19:00+00:00,KHOU,Houston,80.59,2026-09-16T06:55:00+00:00
2026-09-16T07:19:00+00:00,KHOU,Houston,80.06,2026-09-16T06:53:00+00:00
2026-09-16T07:19:00+00:00,KHOU,Houston,80.59,2026-09-16T06:50:00+00:00
2026-09-16T07:34:00+00:00,KMIA,Miami,80.59,2026-09-16T07:20:00+00:00
2026-09-16T07:34:00+00:00,KMIA,Miami,80.59,2026-09-16T07:15:00+00:00
2026-09-16T07:34:00+00:00,KMIA,Miami,80.59,2026-09-16T07:10:00+00:00
2026-09-16T07:34:00+00:00,KDEN,Denver,62.6,2026-09-16T07:20:00+00:00
2026-09-16T07:34:00+00:00,KDEN,Denver,62.6,2026-09-16T07:15:00+00:00
2026-09-16T07:34:00+00:00,KDEN,Denver,62.6,2026-09-16T07:10:00+00:00
2026-09-16T07:34:00+00:00,KDEN,Denver,62.6,2026-09-16T07:05:00+00:00
2026-09-16T07:34:00+00:00,KLAX,Los Angeles,71.59,2026-09-16T07:20:00+00:00
2026-09-16T07:34:00+00:00,KLAX,Los Angeles,71.59,2026-09-16T07:15:00+00:00
2026-09-16T07:34:00+00:00,KLAX,Los Angeles,71.59,2026-09-16T07:10:00+00:00
2026-09-16T07:34:00+00:00,KLAX,Los Angeles,71.59,2026-09-16T07:05:00+00:00
2026-09-16T07:34:00+00:00,KPHL,Philadelphia,64.4,2026-09-16T07:15:00+00:00
2026-09-16T07:34:00+00:00,KPHL,Philadelphia,64.4,2026-09-16T07:10:00+00:00
2026-09-16T07:34:00+00:00,KAUS,Austin,78.8,2026-09-16T07:15:00+00:00
2026-09-16T07:34:00+00:00,KAUS,Austin,78.8,2026-09-16T07:10:00+00:00
2026-09-16T07:34:00+00:00,KAUS,Austin,80.59,2026-09-16T07:05:00+00:00
2026-09-16T07:34:00+00:00,KMDW,Chicago,71.59,2026-09-16T07:20:00+00:00
2026-09-16T07:34:00+00:00,KMDW,Chicago,71.59,2026-09-16T07:15:00+00:00
2026-09-16T07:34:00+00:00,KMDW,Chicago,71.59,2026-09-16T07:10:00+00:00
2026-09-16T07:34:00+00:00,KSFO,San Francisco,59.0,2026-09-16T07:10:00+00:00
2026-09-16T07:34:00+00:00,KSFO,San Francisco,59.0,2026-09-16T07:05:00+00:00
2026-09-16T07:34:00+00:00,KPHX,Phoenix,91.4,2026-09-16T07:20:00+00:00
2026-09-16T07:34:00+00:00,KPHX,Phoenix,93.2,2026-09-16T07:15:00+00:00
2026-09-16T07:34:00+00:00,KPHX,Phoenix,93.2,2026-09-16T07:10:00+00:00
2026-09-16T07:34:00+00:00,KPHX,Phoenix,93.2,2026-09-16T07:05:00+00:00
2026-09-16T07:34:00+00:00,KDCA,Washington DC,66.2,2026-09-16T07:20:00+00:00
2026-09-16T07:34:00+00:00,KDCA,Washington DC,66.2,2026-09-16T07:15:00+00:00
2026-09-16T07:34:00+00:00,KDCA,Washington DC,66.2,2026-09-16T07:10:00+00:00
2026-09-16T07:34:00+00:00,KATL,Atlanta,75.2,2026-09-16T07:10:00+00:00
2026-09-16T07:34:00+00:00,KDFW,Dallas,86.0,2026-09-16T07:20:00+00:00
2026-09-16T07:34:00+00:00,KDFW,Dallas,86.0,2026-09-16T07:15:00+00:00
2026-09-16T07:34:00+00:00,KDFW,Dallas,86.0,2026-09-16T07:10:00+00:00
2026-09-16T07:34:00+00:00,KDFW,Dallas,86.0,2026-09-16T07:05:00+00:00
2026-09-16T07:34:00+00:00,KSEA,Seattle,59.0,2026-09-16T07:10:00+00:00
2026-09-16T07:34:00+00:00,KSEA,Seattle,57.2,2026-09-16T07:05:00+00:00
2026-09-16T07:34:00+00:00,KLAS,Las Vegas,86.0,2026-09-16T07:20:00+00:00
2026-09-16T07:34:00+00:00,KLAS,Las Vegas,86.0,2026-09-16T07:15:00+00:00
2026-09-16T07:34:00+00:00,KLAS,Las Vegas,86.0,2026-09-16T07:10:00+00:00
2026-09-16T07:34:00+00:00,KLAS,Las Vegas,86.0,2026-09-16T07:05:00+00:00
2026-09-16T07:34:00+00:00,KOKC,Oklahoma City,82.4,2026-09-16T07:20:00+00:00
2026-09-16T07:34:00+00:00,KOKC,Oklahoma City,82.4,2026-09-16T07:15:00+00:00
2026-09-16T07:34:00+00:00,KOKC,Oklahoma City,82.4,2026-09-16T07:10:00+00:00
2026-09-16T07:34:00+00:00,KOKC,Oklahoma City,82.4,2026-09-16T07:05:00+00:00
2026-09-16T07:34:00+00:00,KBOS,Boston,57.2,2026-09-16T07:20:00+00:00
2026-09-16T07:34:00+00:00,KBOS,Boston,57.2,2026-09-16T07:15:00+00:00
2026-09-16T07:34:00+00:00,KBOS,Boston,57.2,2026-09-16T07:10:00+00:00
2026-09-16T07:34:00+00:00,KMSP,Minneapolis,55.4,2026-09-16T07:20:00+00:00
2026-09-16T07:34:00+00:00,KMSP,Minneapolis,57.2,2026-09-16T07:15:00+00:00
2026-09-16T07:34:00+00:00,KMSP,Minneapolis,57.2,2026-09-16T07:10:00+00:00
2026-09-16T07:34:00+00:00,KMSP,Minneapolis,57.2,2026-09-16T07:05:00+00:00
2026-09-16T07:34:00+00:00,KSAT,San Antonio,78.8,2026-09-16T07:20:00+00:00
2026-09-16T07:34:00+00:00,KSAT,San Antonio,78.8,2026-09-16T07:15:00+00:00
2026-09-16T07:34:00+00:00,KSAT,San Antonio,78.8,2026-09-16T07:10:00+00:00
2026-09-16T07:34:00+00:00,KSAT,San Antonio,78.8,2026-09-16T07:05:00+00:00
2026-09-16T07:34:00+00:00,KSAT,San Antonio,78.98,2026-09-16T07:04:00+00:00
2026-09-16T07:34:00+00:00,KMSY,New Orleans,80.59,2026-09-16T07:20:00+00:00
2026-09-16T07:34:00+00:00,KMSY,New Orleans,80.59,2026-09-16T07:15:00+00:00
2026-09-16T07:34:00+00:00,KMSY,New Orleans,80.59,2026-09-16T07:10:00+00:00
2026-09-16T07:34:00+00:00,KMSY,New Orleans,80.59,2026-09-16T07:05:00+00:00
2026-09-16T07:34:00+00:00,KHOU,Houston,80.59,2026-09-16T07:15:00+00:00
2026-09-16T07:34:00+00:00,KHOU,Houston,80.59,2026-09-16T07:10:00+00:00
2026-09-16T07:34:00+00:00,KHOU,Houston,80.59,2026-09-16T07:05:00+00:00
2026-09-16T07:49:00+00:00,KMIA,Miami,82.4,2026-09-16T07:30:00+00:00
2026-09-16T07:49:00+00:00,KMIA,Miami,82.4,2026-09-16T07:25:00+00:00
2026-09-16T07:49:00+00:00,KDEN,Denver,62.6,2026-09-16T07:30:00+00:00
2026-09-16T07:49:00+00:00,KDEN,Denver,62.6,2026-09-16T07:25:00+00:00
2026-09-16T07:49:00+00:00,KLAX,Los Angeles,71.59,2026-09-16T07:30:00+00:00
2026-09-16T07:49:00+00:00,KLAX,Los Angeles,71.59,2026-09-16T07:25:00+00:00
2026-09-16T07:49:00+00:00,KPHL,Philadelphia,64.4,2026-09-16T07:35:00+00:00
2026-09-16T07:49:00+00:00,KPHL,Philadelphia,62.6,2026-09-16T07:30:00+00:00
2026-09-16T07:49:00+00:00,KPHL,Philadelphia,62.6,2026-09-16T07:25:00+00:00
2026-09-16T07:49:00+00:00,KPHL,Philadelphia,64.4,2026-09-16T07:20:00+00:00
2026-09-16T07:49:00+00:00,KAUS,Austin,78.8,2026-09-16T07:25:00+00:00
2026-09-16T07:49:00+00:00,KAUS,Austin,78.8,2026-09-16T07:20:00+00:00
2026-09-16T07:49:00+00:00,KMDW,Chicago,71.59,2026-09-16T07:30:00+00:00
2026-09-16T07:49:00+00:00,KMDW,Chicago,71.59,2026-09-16T07:25:00+00:00
2026-09-16T07:49:00+00:00,KSFO,San Francisco,59.0,2026-09-16T07:25:00+00:00
2026-09-16T07:49:00+00:00,KSFO,San Francisco,59.0,2026-09-16T07:20:00+00:00
2026-09-16T07:49:00+00:00,KSFO,San Francisco,59.0,2026-09-16T07:15:00+00:00
2026-09-16T07:49:00+00:00,KPHX,Phoenix,91.4,2026-09-16T07:35:00+00:00
2026-09-16T07:49:00+00:00,KPHX,Phoenix,91.4,2026-09-16T07:30:00+00:00
2026-09-16T07:49:00+00:00,KPHX,Phoenix,91.4,2026-09-16T07:25:00+00:00
2026-09-16T07:49:00+00:00,KDCA,Washington DC,66.2,2026-09-16T07:35:00+00:00
2026-09-16T07:49:00+00:00,KDCA,Washington DC,66.2,2026-09-16T07:30:00+00:00
2026-09-16T07:49:00+00:00,KDCA,Washington DC,66.2,2026-09-16T07:25:00+00:00
2026-09-16T07:49:00+00:00,KATL,Atlanta,75.2,2026-09-16T07:25:00+00:00
2026-09-16T07:49:00+00:00,KATL,Atlanta,75.2,2026-09-16T07:20:00+00:00
2026-09-16T07:49:00+00:00,KATL,Atlanta,75.2,2026-09-16T07:15:00+00:00
2026-09-16T07:49:00+00:00,KDFW,Dallas,86.0,2026-09-16T07:35:00+00:00
2026-09-16T07:49:00+00:00,KDFW,Dallas,86.0,2026-09-16T07:30:00+00:00
2026-09-16T07:49:00+00:00,KDFW,Dallas,86.0,2026-09-16T07:25:00+00:00
2026-09-16T07:49:00+00:00,KSEA,Seattle,59.0,2026-09-16T07:25:00+00:00
2026-09-16T07:49:00+00:00,KSEA,Seattle,57.2,2026-09-16T07:20:00+00:00
2026-09-16T07:49:00+00:00,KSEA,Seattle,57.2,2026-09-16T07:15:00+00:00
2026-09-16T07:49:00+00:00,KLAS,Las Vegas,84.2,2026-09-16T07:30:00+00:00
2026-09-16T07:49:00+00:00,KLAS,Las Vegas,86.0,2026-09-16T07:25:00+00:00
2026-09-16T07:49:00+00:00,KOKC,Oklahoma City,80.59,2026-09-16T07:35:00+00:00
2026-09-16T07:49:00+00:00,KOKC,Oklahoma City,80.59,2026-09-16T07:30:00+00:00
2026-09-16T07:49:00+00:00,KOKC,Oklahoma City,80.59,2026-09-16T07:25:00+00:00
2026-09-16T07:49:00+00:00,KBOS,Boston,57.2,2026-09-16T07:30:00+00:00
2026-09-16T07:49:00+00:00,KBOS,Boston,57.2,2026-09-16T07:25:00+00:00
2026-09-16T07:49:00+00:00,KMSP,Minneapolis,55.4,2026-09-16T07:30:00+00:00
2026-09-16T07:49:00+00:00,KMSP,Minneapolis,55.4,2026-09-16T07:25:00+00:00
2026-09-16T07:49:00+00:00,KSAT,San Antonio,78.8,2026-09-16T07:30:00+00:00
2026-09-16T07:49:00+00:00,KSAT,San Antonio,78.8,2026-09-16T07:25:00+00:00
2026-09-16T07:49:00+00:00,KMSY,New Orleans,80.59,2026-09-16T07:30:00+00:00
2026-09-16T07:49:00+00:00,KMSY,New Orleans,80.59,2026-09-16T07:25:00+00:00
2026-09-16T07:49:00+00:00,KHOU,Houston,80.59,2026-09-16T07:25:00+00:00
2026-09-16T07:49:00+00:00,KHOU,Houston,80.59,2026-09-16T07:20:00+00:00
2026-09-16T08:04:00+00:00,KMIA,Miami,82.4,2026-09-16T07:40:00+00:00
2026-09-16T08:04:00+00:00,KMIA,Miami,80.59,2026-09-16T07:35:00+00:00
2026-09-16T08:04:00+00:00,KDEN,Denver,62.6,2026-09-16T07:45:00+00:00
2026-09-16T08:04:00+00:00,KDEN,Denver,62.6,2026-09-16T07:40:00+00:00
2026-09-16T08:04:00+00:00,KDEN,Denver,62.6,2026-09-16T07:35:00+00:00
2026-09-16T08:04:00+00:00,KLAX,Los Angeles,71.59,2026-09-16T07:40:00+00:00
2026-09-16T08:04:00+00:00,KLAX,Los Angeles,71.59,2026-09-16T07:35:00+00:00
2026-09-16T08:04:00+00:00,KPHL,Philadelphia,64.4,2026-09-16T07:40:00+00:00
2026-09-16T08:04:00+00:00,KAUS,Austin,78.8,2026-09-16T07:45:00+00:00
2026-09-16T08:04:00+00:00,KAUS,Austin,78.8,2026-09-16T07:40:00+00:00
2026-09-16T08:04:00+00:00,KAUS,Austin,78.8,2026-09-16T07:35:00+00:00
2026-09-16T08:04:00+00:00,KAUS,Austin,78.8,2026-09-16T07:30:00+00:00
2026-09-16T08:04:00+00:00,KMDW,Chicago,71.59,2026-09-16T07:40:00+00:00
2026-09-16T08:04:00+00:00,KMDW,Chicago,71.59,2026-09-16T07:35:00+00:00
2026-09-16T08:04:00+00:00,KSFO,San Francisco,59.0,2026-09-16T07:45:00+00:00
2026-09-16T08:04:00+00:00,KSFO,San Francisco,59.0,2026-09-16T07:40:00+00:00
2026-09-16T08:04:00+00:00,KSFO,San Francisco,59.0,2026-09-16T07:35:00+00:00
2026-09-16T08:04:00+00:00,KSFO,San Francisco,59.0,2026-09-16T07:30:00+00:00
2026-09-16T08:04:00+00:00,KPHX,Phoenix,91.4,2026-09-16T07:40:00+00:00
2026-09-16T08:04:00+00:00,KDCA,Washington DC,66.2,2026-09-16T07:40:00+00:00
2026-09-16T08:04:00+00:00,KATL,Atlanta,75.2,2026-09-16T07:45:00+00:00
2026-09-16T08:04:00+00:00,KATL,Atlanta,75.2,2026-09-16T07:40:00+00:00
2026-09-16T08:04:00+00:00,KATL,Atlanta,75.2,2026-09-16T07:35:00+00:00
2026-09-16T08:04:00+00:00,KATL,Atlanta,75.2,2026-09-16T07:30:00+00:00
2026-09-16T08:04:00+00:00,KDFW,Dallas,84.2,2026-09-16T07:45:00+00:00
2026-09-16T08:04:00+00:00,KDFW,Dallas,84.2,2026-09-16T07:40:00+00:00
2026-09-16T08:04:00+00:00,KSEA,Seattle,57.2,2026-09-16T07:45:00+00:00
2026-09-16T08:04:00+00:00,KSEA,Seattle,57.2,2026-09-16T07:40:00+00:00
2026-09-16T08:04:00+00:00,KSEA,Seattle,57.2,2026-09-16T07:35:00+00:00
2026-09-16T08:04:00+00:00,KSEA,Seattle,59.0,2026-09-16T07:30:00+00:00
2026-09-16T08:04:00+00:00,KLAS,Las Vegas,84.2,2026-09-16T07:45:00+00:00
2026-09-16T08:04:00+00:00,KLAS,Las Vegas,84.2,2026-09-16T07:40:00+00:00
2026-09-16T08:04:00+00:00,KLAS,Las Vegas,84.2,2026-09-16T07:35:00+00:00
2026-09-16T08:04:00+00:00,KOKC,Oklahoma City,80.59,2026-09-16T07:45:00+00:00
2026-09-16T08:04:00+00:00,KOKC,Oklahoma City,80.59,2026-09-16T07:40:00+00:00
2026-09-16T08:04:00+00:00,KBOS,Boston,57.2,2026-09-16T07:45:00+00:00
2026-09-16T08:04:00+00:00,KBOS,Boston,57.2,2026-09-16T07:40:00+00:00
2026-09-16T08:04:00+00:00,KBOS,Boston,57.2,2026-09-16T07:35:00+00:00
2026-09-16T08:04:00+00:00,KMSP,Minneapolis,53.6,2026-09-16T07:45:00+00:00
2026-09-16T08:04:00+00:00,KMSP,Minneapolis,53.6,2026-09-16T07:40:00+00:00
2026-09-16T08:04:00+00:00,KMSP,Minneapolis,53.6,2026-09-16T07:35:00+00:00
2026-09-16T08:04:00+00:00,KSAT,San Antonio,80.59,2026-09-16T07:45:00+00:00
2026-09-16T08:04:00+00:00,KSAT,San Antonio,78.8,2026-09-16T07:40:00+00:00
2026-09-16T08:04:00+00:00,KSAT,San Antonio,78.8,2026-09-16T07:35:00+00:00
2026-09-16T08:04:00+00:00,KMSY,New Orleans,80.59,2026-09-16T07:45:00+00:00
2026-09-16T08:04:00+00:00,KMSY,New Orleans,80.59,2026-09-16T07:40:00+00:00
2026-09-16T08:04:00+00:00,KMSY,New Orleans,80.59,2026-09-16T07:35:00+00:00
2026-09-16T08:04:00+00:00,KHOU,Houston,80.59,2026-09-16T07:45:00+00:00
2026-09-16T08:04:00+00:00,KHOU,Houston,80.59,2026-09-16T07:40:00+00:00
2026-09-16T08:04:00+00:00,KHOU,Houston,80.59,2026-09-16T07:35:00+00:00
2026-09-16T08:04:00+00:00,KHOU,Houston,80.59,2026-09-16T07:30:00+00:00
2026-09-16T08:19:00+00:00,KNYC,New York City,62.95,2026-09-16T07:51:00+00:00
2026-09-16T08:19:00+00:00,KMIA,Miami,82.4,2026-09-16T08:00:00+00:00
2026-09-16T08:19:00+00:00,KMIA,Miami,80.59,2026-09-16T07:55:00+00:00
2026-09-16T08:19:00+00:00,KMIA,Miami,80.95,2026-09-16T07:53:00+00:00
2026-09-16T08:19:00+00:00,KMIA,Miami,80.59,2026-09-16T07:50:00+00:00
2026-09-16T08:19:00+00:00,KMIA,Miami,82.4,2026-09-16T07:45:00+00:00
2026-09-16T08:19:00+00:00,KDEN,Denver,60.8,2026-09-16T08:00:00+00:00
2026-09-16T08:19:00+00:00,KDEN,Denver,60.8,2026-09-16T07:55:00+00:00
2026-09-16T08:19:00+00:00,KDEN,Denver,60.98,2026-09-16T07:53:00+00:00
2026-09-16T08:19:00+00:00,KDEN,Denver,60.8,2026-09-16T07:50:00+00:00
2026-09-16T08:19:00+00:00,KLAX,Los Angeles,71.59,2026-09-16T08:00:00+00:00
2026-09-16T08:19:00+00:00,KLAX,Los Angeles,71.59,2026-09-16T07:55:00+00:00
2026-09-16T08:19:00+00:00,KLAX,Los Angeles,71.06,2026-09-16T07:53:00+00:00
2026-09-16T08:19:00+00:00,KLAX,Los Angeles,71.59,2026-09-16T07:50:00+00:00
2026-09-16T08:19:00+00:00,KLAX,Los Angeles,71.59,2026-09-16T07:45:00+00:00
2026-09-16T08:19:00+00:00,KPHL,Philadelphia,62.6,2026-09-16T08:00:00+00:00
2026-09-16T08:19:00+00:00,KPHL,Philadelphia,64.4,2026-09-16T07:55:00+00:00
2026-09-16T08:19:00+00:00,KPHL,Philadelphia,64.04,2026-09-16T07:54:00+00:00
2026-09-16T08:19:00+00:00,KPHL,Philadelphia,64.4,2026-09-16T07:50:00+00:00
2026-09-16T08:19:00+00:00,KPHL,Philadelphia,64.4,2026-09-16T07:45:00+00:00
2026-09-16T08:19:00+00:00,KAUS,Austin,75.2,2026-09-16T08:05:00+00:00
2026-09-16T08:19:00+00:00,KAUS,Austin,77.0,2026-09-16T08:00:00+00:00
2026-09-16T08:19:00+00:00,KAUS,Austin,78.8,2026-09-16T07:55:00+00:00
2026-09-16T08:19:00+00:00,KAUS,Austin,78.08,2026-09-16T07:53:00+00:00
2026-09-16T08:19:00+00:00,KAUS,Austin,78.8,2026-09-16T07:50:00+00:00
2026-09-16T08:19:00+00:00,KMDW,Chicago,69.8,2026-09-16T08:05:00+00:00
2026-09-16T08:19:00+00:00,KMDW,Chicago,69.8,2026-09-16T08:00:00+00:00
2026-09-16T08:19:00+00:00,KMDW,Chicago,71.59,2026-09-16T07:55:00+00:00
2026-09-16T08:19:00+00:00,KMDW,Chicago,71.06,2026-09-16T07:53:00+00:00
2026-09-16T08:19:00+00:00,KMDW,Chicago,71.59,2026-09-16T07:50:00+00:00
2026-09-16T08:19:00+00:00,KMDW,Chicago,71.59,2026-09-16T07:45:00+00:00
2026-09-16T08:19:00+00:00,KSFO,San Francisco,59.0,2026-09-16T08:00:00+00:00
2026-09-16T08:19:00+00:00,KSFO,San Francisco,59.0,2026-09-16T07:56:00+00:00
2026-09-16T08:19:00+00:00,KSFO,San Francisco,59.0,2026-09-16T07:55:00+00:00
2026-09-16T08:19:00+00:00,KSFO,San Francisco,59.0,2026-09-16T07:50:00+00:00
2026-09-16T08:19:00+00:00,KPHX,Phoenix,91.4,2026-09-16T08:00:00+00:00
2026-09-16T08:19:00+00:00,KPHX,Phoenix,91.4,2026-09-16T07:55:00+00:00
2026-09-16T08:19:00+00:00,KPHX,Phoenix,91.04,2026-09-16T07:51:00+00:00
2026-09-16T08:19:00+00:00,KPHX,Phoenix,91.4,2026-09-16T07:50:00+00:00
2026-09-16T08:19:00+00:00,KPHX,Phoenix,91.4,2026-09-16T07:45:00+00:00
2026-09-16T08:19:00+00:00,KDCA,Washington DC,64.4,2026-09-16T08:00:00+00:00
2026-09-16T08:19:00+00:00,KDCA,Washington DC,66.2,2026-09-16T07:55:00+00:00
2026-09-16T08:19:00+00:00,KDCA,Washington DC,66.02,2026-09-16T07:52:00+00:00
2026-09-16T08:19:00+00:00,KDCA,Washington DC,66.2,2026-09-16T07:50:00+00:00
2026-09-16T08:19:00+00:00,KDCA,Washington DC,66.2,2026-09-16T07:45:00+00:00
2026-09-16T08:19:00+00:00,KATL,Atlanta,75.2,2026-09-16T08:00:00+00:00
2026-09-16T08:19:00+00:00,KATL,Atlanta,75.2,2026-09-16T07:55:00+00:00
2026-09-16T08:19:00+00:00,KATL,Atlanta,75.02,2026-09-16T07:52:00+00:00
2026-09-16T08:19:00+00:00,KATL,Atlanta,75.2,2026-09-16T07:50:00+00:00
2026-09-16T08:19:00+00:00,KDFW,Dallas,84.2,2026-09-16T08:05:00+00:00
2026-09-16T08:19:00+00:00,KDFW,Dallas,84.2,2026-09-16T08:00:00+00:00
2026-09-16T08:19:00+00:00,KDFW,Dallas,84.2,2026-09-16T07:55:00+00:00
2026-09-16T08:19:00+00:00,KDFW,Dallas,84.91,2026-09-16T07:53:00+00:00
2026-09-16T08:19:00+00:00,KDFW,Dallas,84.2,2026-09-16T07:50:00+00:00
2026-09-16T08:19:00+00:00,KSEA,Seattle,57.2,2026-09-16T08:00:00+00:00
2026-09-16T08:19:00+00:00,KSEA,Seattle,57.92,2026-09-16T07:53:00+00:00
2026-09-16T08:19:00+00:00,KSEA,Seattle,57.2,2026-09-16T07:50:00+00:00
2026-09-16T08:19:00+00:00,KLAS,Las Vegas,86.0,2026-09-16T08:00:00+00:00
2026-09-16T08:19:00+00:00,KLAS,Las Vegas,86.0,2026-09-16T07:56:00+00:00
2026-09-16T08:19:00+00:00,KLAS,Las Vegas,86.0,2026-09-16T07:55:00+00:00
2026-09-16T08:19:00+00:00,KLAS,Las Vegas,84.2,2026-09-16T07:50:00+00:00
2026-09-16T08:19:00+00:00,KOKC,Oklahoma City,80.59,2026-09-16T08:05:00+00:00
2026-09-16T08:19:00+00:00,KOKC,Oklahoma City,80.59,2026-09-16T08:00:00+00:00
2026-09-16T08:19:00+00:00,KOKC,Oklahoma City,80.59,2026-09-16T07:55:00+00:00
2026-09-16T08:19:00+00:00,KOKC,Oklahoma City,80.95,2026-09-16T07:52:00+00:00
2026-09-16T08:19:00+00:00,KOKC,Oklahoma City,80.59,2026-09-16T07:50:00+00:00
2026-09-16T08:19:00+00:00,KBOS,Boston,57.2,2026-09-16T08:00:00+00:00
2026-09-16T08:19:00+00:00,KBOS,Boston,57.2,2026-09-16T07:55:00+00:00
2026-09-16T08:19:00+00:00,KBOS,Boston,57.02,2026-09-16T07:54:00+00:00
2026-09-16T08:19:00+00:00,KMSP,Minneapolis,53.6,2026-09-16T08:00:00+00:00
2026-09-16T08:19:00+00:00,KMSP,Minneapolis,53.6,2026-09-16T07:55:00+00:00
2026-09-16T08:19:00+00:00,KMSP,Minneapolis,53.96,2026-09-16T07:53:00+00:00
2026-09-16T08:19:00+00:00,KMSP,Minneapolis,53.6,2026-09-16T07:50:00+00:00
2026-09-16T08:19:00+00:00,KSAT,San Antonio,80.59,2026-09-16T08:05:00+00:00
2026-09-16T08:19:00+00:00,KSAT,San Antonio,80.59,2026-09-16T08:00:00+00:00
2026-09-16T08:19:00+00:00,KSAT,San Antonio,80.59,2026-09-16T07:55:00+00:00
2026-09-16T08:19:00+00:00,KSAT,San Antonio,80.06,2026-09-16T07:51:00+00:00
2026-09-16T08:19:00+00:00,KSAT,San Antonio,80.59,2026-09-16T07:50:00+00:00
2026-09-16T08:19:00+00:00,KMSY,New Orleans,82.4,2026-09-16T08:05:00+00:00
2026-09-16T08:19:00+00:00,KMSY,New Orleans,82.4,2026-09-16T08:00:00+00:00
2026-09-16T08:19:00+00:00,KMSY,New Orleans,82.4,2026-09-16T07:55:00+00:00
2026-09-16T08:19:00+00:00,KMSY,New Orleans,82.94,2026-09-16T07:53:00+00:00
2026-09-16T08:19:00+00:00,KMSY,New Orleans,82.4,2026-09-16T07:50:00+00:00
2026-09-16T08:19:00+00:00,KHOU,Houston,80.59,2026-09-16T08:05:00+00:00
2026-09-16T08:19:00+00:00,KHOU,Houston,80.59,2026-09-16T08:00:00+00:00
2026-09-16T08:19:00+00:00,KHOU,Houston,80.59,2026-09-16T07:55:00+00:00
2026-09-16T08:19:00+00:00,KHOU,Houston,80.06,2026-09-16T07:53:00+00:00
2026-09-16T08:19:00+00:00,KHOU,Houston,80.59,2026-09-16T07:50:00+00:00
2026-09-16T08:29:38+00:00,KMIA,Miami,80.59,2026-09-16T08:15:00+00:00
2026-09-16T08:29:38+00:00,KMIA,Miami,80.59,2026-09-16T08:10:00+00:00
2026-09-16T08:29:38+00:00,KMIA,Miami,82.4,2026-09-16T08:05:00+00:00
2026-09-16T08:29:38+00:00,KDEN,Denver,60.8,2026-09-16T08:10:00+00:00
2026-09-16T08:29:38+00:00,KDEN,Denver,60.8,2026-09-16T08:05:00+00:00
2026-09-16T08:29:38+00:00,KLAX,Los Angeles,71.59,2026-09-16T08:15:00+00:00
2026-09-16T08:29:38+00:00,KLAX,Los Angeles,71.59,2026-09-16T08:10:00+00:00
2026-09-16T08:29:38+00:00,KLAX,Los Angeles,71.59,2026-09-16T08:05:00+00:00
2026-09-16T08:29:38+00:00,KPHL,Philadelphia,62.6,2026-09-16T08:15:00+00:00
2026-09-16T08:29:38+00:00,KPHL,Philadelphia,62.6,2026-09-16T08:10:00+00:00
2026-09-16T08:29:38+00:00,KPHL,Philadelphia,62.6,2026-09-16T08:05:00+00:00
2026-09-16T08:29:38+00:00,KAUS,Austin,77.0,2026-09-16T08:11:00+00:00
2026-09-16T08:29:38+00:00,KAUS,Austin,77.0,2026-09-16T08:10:00+00:00
2026-09-16T08:29:38+00:00,KMDW,Chicago,69.8,2026-09-16T08:15:00+00:00
2026-09-16T08:29:38+00:00,KMDW,Chicago,69.8,2026-09-16T08:10:00+00:00
2026-09-16T08:29:38+00:00,KSFO,San Francisco,59.0,2026-09-16T08:15:00+00:00
2026-09-16T08:29:38+00:00,KSFO,San Francisco,59.0,2026-09-16T08:10:00+00:00
2026-09-16T08:29:38+00:00,KSFO,San Francisco,59.0,2026-09-16T08:05:00+00:00
2026-09-16T08:29:38+00:00,KPHX,Phoenix,91.4,2026-09-16T08:20:00+00:00
2026-09-16T08:29:38+00:00,KPHX,Phoenix,91.4,2026-09-16T08:15:00+00:00
2026-09-16T08:29:38+00:00,KPHX,Phoenix,91.4,2026-09-16T08:10:00+00:00
2026-09-16T08:29:38+00:00,KPHX,Phoenix,91.4,2026-09-16T08:05:00+00:00
2026-09-16T08:29:38+00:00,KDCA,Washington DC,66.2,2026-09-16T08:15:00+00:00
2026-09-16T08:29:38+00:00,KDCA,Washington DC,66.2,2026-09-16T08:10:00+00:00
2026-09-16T08:29:38+00:00,KDCA,Washington DC,64.4,2026-09-16T08:05:00+00:00
2026-09-16T08:29:38+00:00,KATL,Atlanta,75.2,2026-09-16T08:10:00+00:00
2026-09-16T08:29:38+00:00,KATL,Atlanta,75.2,2026-09-16T08:05:00+00:00
2026-09-16T08:29:38+00:00,KDFW,Dallas,84.2,2026-09-16T08:15:00+00:00
2026-09-16T08:29:38+00:00,KDFW,Dallas,84.2,2026-09-16T08:10:00+00:00
2026-09-16T08:29:38+00:00,KSEA,Seattle,57.2,2026-09-16T08:10:00+00:00
2026-09-16T08:29:38+00:00,KSEA,Seattle,57.2,2026-09-16T08:05:00+00:00
2026-09-16T08:29:38+00:00,KLAS,Las Vegas,84.2,2026-09-16T08:20:00+00:00
2026-09-16T08:29:38+00:00,KLAS,Las Vegas,84.2,2026-09-16T08:15:00+00:00
2026-09-16T08:29:38+00:00,KLAS,Las Vegas,84.2,2026-09-16T08:10:00+00:00
2026-09-16T08:29:38+00:00,KLAS,Las Vegas,86.0,2026-09-16T08:05:00+00:00
2026-09-16T08:29:38+00:00,KOKC,Oklahoma City,78.8,2026-09-16T08:15:00+00:00
2026-09-16T08:29:38+00:00,KOKC,Oklahoma City,80.59,2026-09-16T08:10:00+00:00
2026-09-16T08:29:38+00:00,KBOS,Boston,55.4,2026-09-16T08:15:00+00:00
2026-09-16T08:29:38+00:00,KBOS,Boston,55.4,2026-09-16T08:10:00+00:00
2026-09-16T08:29:38+00:00,KMSP,Minneapolis,51.8,2026-09-16T08:15:00+00:00
2026-09-16T08:29:38+00:00,KMSP,Minneapolis,53.6,2026-09-16T08:10:00+00:00
2026-09-16T08:29:38+00:00,KMSP,Minneapolis,53.6,2026-09-16T08:05:00+00:00
2026-09-16T08:29:38+00:00,KSAT,San Antonio,80.59,2026-09-16T08:15:00+00:00
2026-09-16T08:29:38+00:00,KSAT,San Antonio,80.59,2026-09-16T08:10:00+00:00
2026-09-16T08:29:38+00:00,KMSY,New Orleans,82.4,2026-09-16T08:15:00+00:00
2026-09-16T08:29:38+00:00,KMSY,New Orleans,82.4,2026-09-16T08:10:00+00:00
2026-09-16T08:29:38+00:00,KHOU,Houston,80.59,2026-09-16T08:10:00+00:00
2026-09-16T08:34:00+00:00,KMIA,Miami,80.59,2026-09-16T08:15:00+00:00
2026-09-16T08:34:00+00:00,KMIA,Miami,80.59,2026-09-16T08:10:00+00:00
2026-09-16T08:34:00+00:00,KMIA,Miami,82.4,2026-09-16T08:05:00+00:00
2026-09-16T08:34:00+00:00,KDEN,Denver,60.8,2026-09-16T08:20:00+00:00
2026-09-16T08:34:00+00:00,KDEN,Denver,60.8,2026-09-16T08:15:00+00:00
2026-09-16T08:34:00+00:00,KDEN,Denver,60.8,2026-09-16T08:10:00+00:00
2026-09-16T08:34:00+00:00,KDEN,Denver,60.8,2026-09-16T08:05:00+00:00
2026-09-16T08:34:00+00:00,KLAX,Los Angeles,71.59,2026-09-16T08:15:00+00:00
2026-09-16T08:34:00+00:00,KLAX,Los Angeles,71.59,2026-09-16T08:10:00+00:00
2026-09-16T08:34:00+00:00,KLAX,Los Angeles,71.59,2026-09-16T08:05:00+00:00
2026-09-16T08:34:00+00:00,KPHL,Philadelphia,62.6,2026-09-16T08:15:00+00:00
2026-09-16T08:34:00+00:00,KPHL,Philadelphia,62.6,2026-09-16T08:10:00+00:00
2026-09-16T08:34:00+00:00,KPHL,Philadelphia,62.6,2026-09-16T08:05:00+00:00
2026-09-16T08:34:00+00:00,KAUS,Austin,78.8,2026-09-16T08:15:00+00:00
2026-09-16T08:34:00+00:00,KAUS,Austin,77.0,2026-09-16T08:11:00+00:00
2026-09-16T08:34:00+00:00,KAUS,Austin,77.0,2026-09-16T08:10:00+00:00
2026-09-16T08:34:00+00:00,KMDW,Chicago,69.8,2026-09-16T08:15:00+00:00
2026-09-16T08:34:00+00:00,KMDW,Chicago,69.8,2026-09-16T08:10:00+00:00
2026-09-16T08:34:00+00:00,KSFO,San Francisco,60.8,2026-09-16T08:20:00+00:00
2026-09-16T08:34:00+00:00,KSFO,San Francisco,59.0,2026-09-16T08:15:00+00:00
2026-09-16T08:34:00+00:00,KSFO,San Francisco,59.0,2026-09-16T08:10:00+00:00
2026-09-16T08:34:00+00:00,KSFO,San Francisco,59.0,2026-09-16T08:05:00+00:00
2026-09-16T08:34:00+00:00,KPHX,Phoenix,91.4,2026-09-16T08:20:00+00:00
2026-09-16T08:34:00+00:00,KPHX,Phoenix,91.4,2026-09-16T08:15:00+00:00
2026-09-16T08:34:00+00:00,KPHX,Phoenix,91.4,2026-09-16T08:10:00+00:00
2026-09-16T08:34:00+00:00,KPHX,Phoenix,91.4,2026-09-16T08:05:00+00:00
2026-09-16T08:34:00+00:00,KDCA,Washington DC,66.2,2026-09-16T08:15:00+00:00
2026-09-16T08:34:00+00:00,KDCA,Washington DC,66.2,2026-09-16T08:10:00+00:00
2026-09-16T08:34:00+00:00,KDCA,Washington DC,64.4,2026-09-16T08:05:00+00:00
2026-09-16T08:34:00+00:00,KATL,Atlanta,75.2,2026-09-16T08:10:00+00:00
2026-09-16T08:34:00+00:00,KATL,Atlanta,75.2,2026-09-16T08:05:00+00:00
2026-09-16T08:34:00+00:00,KDFW,Dallas,84.2,2026-09-16T08:15:00+00:00
2026-09-16T08:34:00+00:00,KDFW,Dallas,84.2,2026-09-16T08:10:00+00:00
2026-09-16T08:34:00+00:00,KSEA,Seattle,57.2,2026-09-16T08:10:00+00:00
2026-09-16T08:34:00+00:00,KSEA,Seattle,57.2,2026-09-16T08:05:00+00:00
2026-09-16T08:34:00+00:00,KLAS,Las Vegas,84.2,2026-09-16T08:20:00+00:00
2026-09-16T08:34:00+00:00,KLAS,Las Vegas,84.2,2026-09-16T08:15:00+00:00
2026-09-16T08:34:00+00:00,KLAS,Las Vegas,84.2,2026-09-16T08:10:00+00:00
2026-09-16T08:34:00+00:00,KLAS,Las Vegas,86.0,2026-09-16T08:05:00+00:00
2026-09-16T08:34:00+00:00,KOKC,Oklahoma City,78.8,2026-09-16T08:15:00+00:00
2026-09-16T08:34:00+00:00,KOKC,Oklahoma City,80.59,2026-09-16T08:10:00+00:00
2026-09-16T08:34:00+00:00,KBOS,Boston,55.4,2026-09-16T08:15:00+00:00
2026-09-16T08:34:00+00:00,KBOS,Boston,55.4,2026-09-16T08:10:00+00:00
2026-09-16T08:34:00+00:00,KMSP,Minneapolis,51.8,2026-09-16T08:15:00+00:00
2026-09-16T08:34:00+00:00,KMSP,Minneapolis,53.6,2026-09-16T08:10:00+00:00
2026-09-16T08:34:00+00:00,KMSP,Minneapolis,53.6,2026-09-16T08:05:00+00:00
2026-09-16T08:34:00+00:00,KSAT,San Antonio,80.59,2026-09-16T08:15:00+00:00
2026-09-16T08:34:00+00:00,KSAT,San Antonio,80.59,2026-09-16T08:10:00+00:00
2026-09-16T08:34:00+00:00,KMSY,New Orleans,82.4,2026-09-16T08:15:00+00:00
2026-09-16T08:34:00+00:00,KMSY,New Orleans,82.4,2026-09-16T08:10:00+00:00
2026-09-16T08:34:00+00:00,KHOU,Houston,80.59,2026-09-16T08:15:00+00:00
2026-09-16T08:34:00+00:00,KHOU,Houston,80.59,2026-09-16T08:10:00+00:00
2026-09-16T08:49:00+00:00,KMIA,Miami,80.59,2026-09-16T08:35:00+00:00
2026-09-16T08:49:00+00:00,KMIA,Miami,80.59,2026-09-16T08:30:00+00:00
2026-09-16T08:49:00+00:00,KMIA,Miami,80.59,2026-09-16T08:25:00+00:00
2026-09-16T08:49:00+00:00,KMIA,Miami,80.59,2026-09-16T08:20:00+00:00
2026-09-16T08:49:00+00:00,KDEN,Denver,57.2,2026-09-16T08:30:00+00:00
2026-09-16T08:49:00+00:00,KDEN,Denver,59.0,2026-09-16T08:25:00+00:00
2026-09-16T08:49:00+00:00,KLAX,Los Angeles,71.59,2026-09-16T08:35:00+00:00
2026-09-16T08:49:00+00:00,KLAX,Los Angeles,71.59,2026-09-16T08:30:00+00:00
2026-09-16T08:49:00+00:00,KLAX,Los Angeles,71.59,2026-09-16T08:25:00+00:00
2026-09-16T08:49:00+00:00,KLAX,Los Angeles,71.59,2026-09-16T08:20:00+00:00
2026-09-16T08:49:00+00:00,KPHL,Philadelphia,62.6,2026-09-16T08:35:00+00:00
2026-09-16T08:49:00+00:00,KPHL,Philadelphia,62.6,2026-09-16T08:30:00+00:00
2026-09-16T08:49:00+00:00,KPHL,Philadelphia,62.6,2026-09-16T08:25:00+00:00
2026-09-16T08:49:00+00:00,KPHL,Philadelphia,64.4,2026-09-16T08:20:00+00:00
2026-09-16T08:49:00+00:00,KAUS,Austin,77.0,2026-09-16T08:30:00+00:00
2026-09-16T08:49:00+00:00,KAUS,Austin,78.8,2026-09-16T08:25:00+00:00
2026-09-16T08:49:00+00:00,KAUS,Austin,78.8,2026-09-16T08:20:00+00:00
2026-09-16T08:49:00+00:00,KMDW,Chicago,69.8,2026-09-16T08:35:00+00:00
2026-09-16T08:49:00+00:00,KMDW,Chicago,69.8,2026-09-16T08:30:00+00:00
2026-09-16T08:49:00+00:00,KMDW,Chicago,69.8,2026-09-16T08:25:00+00:00
2026-09-16T08:49:00+00:00,KMDW,Chicago,69.8,2026-09-16T08:20:00+00:00
2026-09-16T08:49:00+00:00,KSFO,San Francisco,60.8,2026-09-16T08:30:00+00:00
2026-09-16T08:49:00+00:00,KSFO,San Francisco,60.8,2026-09-16T08:25:00+00:00
2026-09-16T08:49:00+00:00,KSFO,San Francisco,60.08,2026-09-16T08:23:00+00:00
2026-09-16T08:49:00+00:00,KPHX,Phoenix,91.4,2026-09-16T08:35:00+00:00
2026-09-16T08:49:00+00:00,KPHX,Phoenix,89.6,2026-09-16T08:30:00+00:00
2026-09-16T08:49:00+00:00,KPHX,Phoenix,89.6,2026-09-16T08:25:00+00:00
2026-09-16T08:49:00+00:00,KDCA,Washington DC,66.2,2026-09-16T08:35:00+00:00
2026-09-16T08:49:00+00:00,KDCA,Washington DC,66.2,2026-09-16T08:30:00+00:00
2026-09-16T08:49:00+00:00,KDCA,Washington DC,66.2,2026-09-16T08:25:00+00:00
2026-09-16T08:49:00+00:00,KDCA,Washington DC,66.2,2026-09-16T08:20:00+00:00
2026-09-16T08:49:00+00:00,KATL,Atlanta,75.2,2026-09-16T08:30:00+00:00
2026-09-16T08:49:00+00:00,KATL,Atlanta,75.2,2026-09-16T08:25:00+00:00
2026-09-16T08:49:00+00:00,KATL,Atlanta,75.2,2026-09-16T08:20:00+00:00
2026-09-16T08:49:00+00:00,KATL,Atlanta,75.2,2026-09-16T08:15:00+00:00
2026-09-16T08:49:00+00:00,KDFW,Dallas,84.2,2026-09-16T08:35:00+00:00
2026-09-16T08:49:00+00:00,KDFW,Dallas,84.2,2026-09-16T08:30:00+00:00
2026-09-16T08:49:00+00:00,KDFW,Dallas,84.2,2026-09-16T08:25:00+00:00
2026-09-16T08:49:00+00:00,KDFW,Dallas,84.2,2026-09-16T08:20:00+00:00
2026-09-16T08:49:00+00:00,KSEA,Seattle,57.2,2026-09-16T08:30:00+00:00
2026-09-16T08:49:00+00:00,KSEA,Seattle,57.2,2026-09-16T08:25:00+00:00
2026-09-16T08:49:00+00:00,KSEA,Seattle,57.2,2026-09-16T08:20:00+00:00
2026-09-16T08:49:00+00:00,KSEA,Seattle,57.2,2026-09-16T08:15:00+00:00
2026-09-16T08:49:00+00:00,KLAS,Las Vegas,84.2,2026-09-16T08:35:00+00:00
2026-09-16T08:49:00+00:00,KLAS,Las Vegas,84.2,2026-09-16T08:30:00+00:00
2026-09-16T08:49:00+00:00,KLAS,Las Vegas,84.2,2026-09-16T08:25:00+00:00
2026-09-16T08:49:00+00:00,KOKC,Oklahoma City,78.8,2026-09-16T08:35:00+00:00
2026-09-16T08:49:00+00:00,KOKC,Oklahoma City,78.8,2026-09-16T08:30:00+00:00
2026-09-16T08:49:00+00:00,KOKC,Oklahoma City,78.8,2026-09-16T08:25:00+00:00
2026-09-16T08:49:00+00:00,KOKC,Oklahoma City,78.8,2026-09-16T08:20:00+00:00
2026-09-16T08:49:00+00:00,KBOS,Boston,55.4,2026-09-16T08:35:00+00:00
2026-09-16T08:49:00+00:00,KBOS,Boston,55.4,2026-09-16T08:30:00+00:00
2026-09-16T08:49:00+00:00,KBOS,Boston,57.2,2026-09-16T08:25:00+00:00
2026-09-16T08:49:00+00:00,KBOS,Boston,57.2,2026-09-16T08:20:00+00:00
2026-09-16T08:49:00+00:00,KMSP,Minneapolis,53.6,2026-09-16T08:35:00+00:00
2026-09-16T08:49:00+00:00,KMSP,Minneapolis,53.6,2026-09-16T08:30:00+00:00
2026-09-16T08:49:00+00:00,KMSP,Minneapolis,51.8,2026-09-16T08:25:00+00:00
2026-09-16T08:49:00+00:00,KMSP,Minneapolis,53.6,2026-09-16T08:20:00+00:00
2026-09-16T08:49:00+00:00,KSAT,San Antonio,80.59,2026-09-16T08:35:00+00:00
2026-09-16T08:49:00+00:00,KSAT,San Antonio,80.59,2026-09-16T08:30:00+00:00
2026-09-16T08:49:00+00:00,KSAT,San Antonio,80.59,2026-09-16T08:25:00+00:00
2026-09-16T08:49:00+00:00,KSAT,San Antonio,80.59,2026-09-16T08:20:00+00:00
2026-09-16T08:49:00+00:00,KMSY,New Orleans,82.4,2026-09-16T08:35:00+00:00
2026-09-16T08:49:00+00:00,KMSY,New Orleans,82.4,2026-09-16T08:30:00+00:00
2026-09-16T08:49:00+00:00,KMSY,New Orleans,82.4,2026-09-16T08:25:00+00:00
2026-09-16T08:49:00+00:00,KMSY,New Orleans,82.4,2026-09-16T08:20:00+00:00
2026-09-16T08:49:00+00:00,KHOU,Houston,80.59,2026-09-16T08:30:00+00:00
2026-09-16T08:49:00+00:00,KHOU,Houston,80.59,2026-09-16T08:25:00+00:00
2026-09-16T08:49:00+00:00,KHOU,Houston,80.59,2026-09-16T08:20:00+00:00
2026-09-16T09:04:00+00:00,KDEN,Denver,57.2,2026-09-16T08:45:00+00:00
2026-09-16T09:04:00+00:00,KDEN,Denver,57.2,2026-09-16T08:40:00+00:00
2026-09-16T09:04:00+00:00,KDEN,Denver,57.2,2026-09-16T08:35:00+00:00
2026-09-16T09:04:00+00:00,KLAX,Los Angeles,71.59,2026-09-16T08:40:00+00:00
2026-09-16T09:04:00+00:00,KLAX,Los Angeles,71.06,2026-09-16T08:39:00+00:00
2026-09-16T09:04:00+00:00,KAUS,Austin,75.2,2026-09-16T08:40:00+00:00
2026-09-16T09:04:00+00:00,KAUS,Austin,75.2,2026-09-16T08:35:00+00:00
2026-09-16T09:04:00+00:00,KMDW,Chicago,69.8,2026-09-16T08:40:00+00:00
2026-09-16T09:04:00+00:00,KSFO,San Francisco,60.8,2026-09-16T08:40:00+00:00
2026-09-16T09:04:00+00:00,KSFO,San Francisco,60.8,2026-09-16T08:35:00+00:00
2026-09-16T09:04:00+00:00,KPHX,Phoenix,89.6,2026-09-16T08:40:00+00:00
2026-09-16T09:04:00+00:00,KDCA,Washington DC,64.4,2026-09-16T08:45:00+00:00
2026-09-16T09:04:00+00:00,KDCA,Washington DC,66.2,2026-09-16T08:40:00+00:00
2026-09-16T09:04:00+00:00,KATL,Atlanta,75.2,2026-09-16T08:40:00+00:00
2026-09-16T09:04:00+00:00,KATL,Atlanta,75.2,2026-09-16T08:35:00+00:00
2026-09-16T09:04:00+00:00,KDFW,Dallas,84.2,2026-09-16T08:45:00+00:00
2026-09-16T09:04:00+00:00,KDFW,Dallas,84.2,2026-09-16T08:40:00+00:00
2026-09-16T09:04:00+00:00,KSEA,Seattle,57.2,2026-09-16T08:40:00+00:00
2026-09-16T09:04:00+00:00,KSEA,Seattle,57.2,2026-09-16T08:35:00+00:00
2026-09-16T09:04:00+00:00,KLAS,Las Vegas,84.2,2026-09-16T08:45:00+00:00
2026-09-16T09:04:00+00:00,KLAS,Las Vegas,84.2,2026-09-16T08:40:00+00:00
2026-09-16T09:04:00+00:00,KOKC,Oklahoma City,78.8,2026-09-16T08:45:00+00:00
2026-09-16T09:04:00+00:00,KOKC,Oklahoma City,78.8,2026-09-16T08:40:00+00:00
2026-09-16T09:04:00+00:00,KBOS,Boston,57.2,2026-09-16T08:45:00+00:00
2026-09-16T09:04:00+00:00,KBOS,Boston,57.2,2026-09-16T08:40:00+00:00
2026-09-16T09:04:00+00:00,KMSP,Minneapolis,53.6,2026-09-16T08:45:00+00:00
2026-09-16T09:04:00+00:00,KMSP,Minneapolis,53.6,2026-09-16T08:40:00+00:00
2026-09-16T09:04:00+00:00,KSAT,San Antonio,80.59,2026-09-16T08:45:00+00:00
2026-09-16T09:04:00+00:00,KSAT,San Antonio,80.59,2026-09-16T08:40:00+00:00
2026-09-16T09:04:00+00:00,KMSY,New Orleans,84.2,2026-09-16T08:45:00+00:00
2026-09-16T09:04:00+00:00,KMSY,New Orleans,82.4,2026-09-16T08:40:00+00:00
2026-09-16T09:04:00+00:00,KHOU,Houston,80.59,2026-09-16T08:40:00+00:00
2026-09-16T09:04:00+00:00,KHOU,Houston,80.59,2026-09-16T08:35:00+00:00
2026-09-16T09:19:00+00:00,KNYC,New York City,62.05,2026-09-16T08:51:00+00:00
2026-09-16T09:19:00+00:00,KMIA,Miami,80.59,2026-09-16T09:00:00+00:00
2026-09-16T09:19:00+00:00,KMIA,Miami,80.59,2026-09-16T08:55:00+00:00
2026-09-16T09:19:00+00:00,KMIA,Miami,80.95,2026-09-16T08:53:00+00:00
2026-09-16T09:19:00+00:00,KMIA,Miami,80.59,2026-09-16T08:50:00+00:00
2026-09-16T09:19:00+00:00,KMIA,Miami,80.59,2026-09-16T08:45:00+00:00
2026-09-16T09:19:00+00:00,KMIA,Miami,80.59,2026-09-16T08:40:00+00:00
2026-09-16T09:19:00+00:00,KDEN,Denver,55.4,2026-09-16T09:05:00+00:00
2026-09-16T09:19:00+00:00,KDEN,Denver,57.2,2026-09-16T09:00:00+00:00
2026-09-16T09:19:00+00:00,KDEN,Denver,57.2,2026-09-16T08:55:00+00:00
2026-09-16T09:19:00+00:00,KDEN,Denver,57.02,2026-09-16T08:53:00+00:00
2026-09-16T09:19:00+00:00,KDEN,Denver,57.2,2026-09-16T08:50:00+00:00
2026-09-16T09:19:00+00:00,KLAX,Los Angeles,71.59,2026-09-16T09:05:00+00:00
2026-09-16T09:19:00+00:00,KLAX,Los Angeles,71.59,2026-09-16T09:00:00+00:00
2026-09-16T09:19:00+00:00,KLAX,Los Angeles,71.59,2026-09-16T08:55:00+00:00
2026-09-16T09:19:00+00:00,KLAX,Los Angeles,71.06,2026-09-16T08:53:00+00:00
2026-09-16T09:19:00+00:00,KLAX,Los Angeles,71.59,2026-09-16T08:50:00+00:00
2026-09-16T09:19:00+00:00,KLAX,Los Angeles,71.59,2026-09-16T08:45:00+00:00
2026-09-16T09:19:00+00:00,KPHL,Philadelphia,62.6,2026-09-16T09:00:00+00:00
2026-09-16T09:19:00+00:00,KPHL,Philadelphia,62.6,2026-09-16T08:55:00+00:00
2026-09-16T09:19:00+00:00,KPHL,Philadelphia,62.95,2026-09-16T08:54:00+00:00
2026-09-16T09:19:00+00:00,KPHL,Philadelphia,62.6,2026-09-16T08:50:00+00:00
2026-09-16T09:19:00+00:00,KPHL,Philadelphia,62.6,2026-09-16T08:45:00+00:00
2026-09-16T09:19:00+00:00,KPHL,Philadelphia,62.6,2026-09-16T08:40:00+00:00
2026-09-16T09:19:00+00:00,KAUS,Austin,77.0,2026-09-16T09:00:00+00:00
2026-09-16T09:19:00+00:00,KAUS,Austin,75.2,2026-09-16T08:55:00+00:00
2026-09-16T09:19:00+00:00,KAUS,Austin,77.0,2026-09-16T08:53:00+00:00
2026-09-16T09:19:00+00:00,KAUS,Austin,75.2,2026-09-16T08:50:00+00:00
2026-09-16T09:19:00+00:00,KAUS,Austin,75.2,2026-09-16T08:45:00+00:00
2026-09-16T09:19:00+00:00,KMDW,Chicago,69.8,2026-09-16T09:10:00+00:00
2026-09-16T09:19:00+00:00,KMDW,Chicago,69.8,2026-09-16T09:05:00+00:00
2026-09-16T09:19:00+00:00,KMDW,Chicago,69.8,2026-09-16T09:00:00+00:00
2026-09-16T09:19:00+00:00,KMDW,Chicago,69.8,2026-09-16T08:55:00+00:00
2026-09-16T09:19:00+00:00,KMDW,Chicago,69.98,2026-09-16T08:53:00+00:00
2026-09-16T09:19:00+00:00,KMDW,Chicago,69.8,2026-09-16T08:50:00+00:00
2026-09-16T09:19:00+00:00,KMDW,Chicago,69.8,2026-09-16T08:45:00+00:00
2026-09-16T09:19:00+00:00,KSFO,San Francisco,60.8,2026-09-16T09:00:00+00:00
2026-09-16T09:19:00+00:00,KSFO,San Francisco,60.98,2026-09-16T08:56:00+00:00
2026-09-16T09:19:00+00:00,KSFO,San Francisco,60.8,2026-09-16T08:55:00+00:00
2026-09-16T09:19:00+00:00,KSFO,San Francisco,60.8,2026-09-16T08:50:00+00:00
2026-09-16T09:19:00+00:00,KSFO,San Francisco,60.8,2026-09-16T08:45:00+00:00
2026-09-16T09:19:00+00:00,KPHX,Phoenix,89.6,2026-09-16T09:00:00+00:00
2026-09-16T09:19:00+00:00,KPHX,Phoenix,89.6,2026-09-16T08:55:00+00:00
2026-09-16T09:19:00+00:00,KPHX,Phoenix,89.96,2026-09-16T08:51:00+00:00
2026-09-16T09:19:00+00:00,KPHX,Phoenix,91.4,2026-09-16T08:50:00+00:00
2026-09-16T09:19:00+00:00,KPHX,Phoenix,89.6,2026-09-16T08:45:00+00:00
2026-09-16T09:19:00+00:00,KDCA,Washington DC,64.4,2026-09-16T09:00:00+00:00
2026-09-16T09:19:00+00:00,KDCA,Washington DC,66.2,2026-09-16T08:55:00+00:00
2026-09-16T09:19:00+00:00,KDCA,Washington DC,64.94,2026-09-16T08:52:00+00:00
2026-09-16T09:19:00+00:00,KDCA,Washington DC,64.4,2026-09-16T08:50:00+00:00
2026-09-16T09:19:00+00:00,KATL,Atlanta,75.2,2026-09-16T09:00:00+00:00
2026-09-16T09:19:00+00:00,KATL,Atlanta,75.2,2026-09-16T08:55:00+00:00
2026-09-16T09:19:00+00:00,KATL,Atlanta,75.02,2026-09-16T08:52:00+00:00
2026-09-16T09:19:00+00:00,KATL,Atlanta,75.2,2026-09-16T08:50:00+00:00
2026-09-16T09:19:00+00:00,KATL,Atlanta,75.2,2026-09-16T08:45:00+00:00
2026-09-16T09:19:00+00:00,KDFW,Dallas,84.2,2026-09-16T09:10:00+00:00
2026-09-16T09:19:00+00:00,KDFW,Dallas,84.2,2026-09-16T09:05:00+00:00
2026-09-16T09:19:00+00:00,KDFW,Dallas,84.2,2026-09-16T09:00:00+00:00
2026-09-16T09:19:00+00:00,KDFW,Dallas,84.2,2026-09-16T08:55:00+00:00
2026-09-16T09:19:00+00:00,KDFW,Dallas,84.02,2026-09-16T08:53:00+00:00
2026-09-16T09:19:00+00:00,KDFW,Dallas,84.2,2026-09-16T08:50:00+00:00
2026-09-16T09:19:00+00:00,KSEA,Seattle,57.2,2026-09-16T09:00:00+00:00
2026-09-16T09:19:00+00:00,KSEA,Seattle,57.2,2026-09-16T08:55:00+00:00
2026-09-16T09:19:00+00:00,KSEA,Seattle,57.92,2026-09-16T08:53:00+00:00
2026-09-16T09:19:00+00:00,KSEA,Seattle,57.2,2026-09-16T08:50:00+00:00
2026-09-16T09:19:00+00:00,KSEA,Seattle,57.2,2026-09-16T08:45:00+00:00
2026-09-16T09:19:00+00:00,KLAS,Las Vegas,84.2,2026-09-16T09:00:00+00:00
2026-09-16T09:19:00+00:00,KLAS,Las Vegas,82.4,2026-09-16T08:55:00+00:00
2026-09-16T09:19:00+00:00,KLAS,Las Vegas,84.2,2026-09-16T08:50:00+00:00
2026-09-16T09:19:00+00:00,KOKC,Oklahoma City,78.8,2026-09-16T09:00:00+00:00
2026-09-16T09:19:00+00:00,KOKC,Oklahoma City,78.8,2026-09-16T08:55:00+00:00
2026-09-16T09:19:00+00:00,KOKC,Oklahoma City,78.08,2026-09-16T08:52:00+00:00
2026-09-16T09:19:00+00:00,KOKC,Oklahoma City,78.8,2026-09-16T08:50:00+00:00
2026-09-16T09:19:00+00:00,KBOS,Boston,57.2,2026-09-16T09:10:00+00:00
2026-09-16T09:19:00+00:00,KBOS,Boston,57.2,2026-09-16T09:05:00+00:00
2026-09-16T09:19:00+00:00,KBOS,Boston,57.2,2026-09-16T09:00:00+00:00
2026-09-16T09:19:00+00:00,KBOS,Boston,57.2,2026-09-16T08:55:00+00:00
2026-09-16T09:19:00+00:00,KBOS,Boston,57.02,2026-09-16T08:54:00+00:00
2026-09-16T09:19:00+00:00,KMSP,Minneapolis,53.6,2026-09-16T09:10:00+00:00
2026-09-16T09:19:00+00:00,KMSP,Minneapolis,53.6,2026-09-16T09:05:00+00:00
2026-09-16T09:19:00+00:00,KMSP,Minneapolis,53.6,2026-09-16T09:00:00+00:00
2026-09-16T09:19:00+00:00,KMSP,Minneapolis,53.6,2026-09-16T08:55:00+00:00
2026-09-16T09:19:00+00:00,KMSP,Minneapolis,53.96,2026-09-16T08:53:00+00:00
2026-09-16T09:19:00+00:00,KMSP,Minneapolis,53.6,2026-09-16T08:50:00+00:00
2026-09-16T09:19:00+00:00,KSAT,San Antonio,78.8,2026-09-16T09:10:00+00:00
2026-09-16T09:19:00+00:00,KSAT,San Antonio,78.8,2026-09-16T09:05:00+00:00
2026-09-16T09:19:00+00:00,KSAT,San Antonio,78.8,2026-09-16T09:00:00+00:00
2026-09-16T09:19:00+00:00,KSAT,San Antonio,80.59,2026-09-16T08:55:00+00:00
2026-09-16T09:19:00+00:00,KSAT,San Antonio,80.06,2026-09-16T08:51:00+00:00
2026-09-16T09:19:00+00:00,KSAT,San Antonio,80.59,2026-09-16T08:50:00+00:00
2026-09-16T09:19:00+00:00,KMSY,New Orleans,82.4,2026-09-16T09:10:00+00:00
2026-09-16T09:19:00+00:00,KMSY,New Orleans,82.4,2026-09-16T09:05:00+00:00
2026-09-16T09:19:00+00:00,KMSY,New Orleans,82.4,2026-09-16T09:00:00+00:00
2026-09-16T09:19:00+00:00,KMSY,New Orleans,82.4,2026-09-16T08:55:00+00:00
2026-09-16T09:19:00+00:00,KMSY,New Orleans,84.02,2026-09-16T08:53:00+00:00
2026-09-16T09:19:00+00:00,KMSY,New Orleans,84.2,2026-09-16T08:50:00+00:00
2026-09-16T09:19:00+00:00,KHOU,Houston,80.59,2026-09-16T09:00:00+00:00
2026-09-16T09:19:00+00:00,KHOU,Houston,80.59,2026-09-16T08:55:00+00:00
2026-09-16T09:19:00+00:00,KHOU,Houston,80.06,2026-09-16T08:53:00+00:00
2026-09-16T09:19:00+00:00,KHOU,Houston,80.59,2026-09-16T08:50:00+00:00
2026-09-16T09:19:00+00:00,KHOU,Houston,80.59,2026-09-16T08:45:00+00:00
2026-09-16T09:34:00+00:00,KMIA,Miami,80.59,2026-09-16T09:10:00+00:00
2026-09-16T09:34:00+00:00,KMIA,Miami,80.59,2026-09-16T09:05:00+00:00
2026-09-16T09:34:00+00:00,KDEN,Denver,57.2,2026-09-16T09:20:00+00:00
2026-09-16T09:34:00+00:00,KDEN,Denver,55.4,2026-09-16T09:15:00+00:00
2026-09-16T09:34:00+00:00,KDEN,Denver,55.4,2026-09-16T09:10:00+00:00
2026-09-16T09:34:00+00:00,KLAX,Los Angeles,71.59,2026-09-16T09:10:00+00:00
2026-09-16T09:34:00+00:00,KPHL,Philadelphia,64.4,2026-09-16T09:15:00+00:00
2026-09-16T09:34:00+00:00,KPHL,Philadelphia,64.4,2026-09-16T09:10:00+00:00
2026-09-16T09:34:00+00:00,KPHL,Philadelphia,62.6,2026-09-16T09:05:00+00:00
2026-09-16T09:34:00+00:00,KAUS,Austin,75.2,2026-09-16T09:20:00+00:00
2026-09-16T09:34:00+00:00,KAUS,Austin,75.2,2026-09-16T09:15:00+00:00
2026-09-16T09:34:00+00:00,KAUS,Austin,75.2,2026-09-16T09:10:00+00:00
2026-09-16T09:34:00+00:00,KAUS,Austin,75.2,2026-09-16T09:05:00+00:00
2026-09-16T09:34:00+00:00,KMDW,Chicago,69.8,2026-09-16T09:15:00+00:00
2026-09-16T09:34:00+00:00,KSFO,San Francisco,60.8,2026-09-16T09:20:00+00:00
2026-09-16T09:34:00+00:00,KSFO,San Francisco,60.8,2026-09-16T09:15:00+00:00
2026-09-16T09:34:00+00:00,KSFO,San Francisco,60.8,2026-09-16T09:10:00+00:00
2026-09-16T09:34:00+00:00,KSFO,San Francisco,60.8,2026-09-16T09:05:00+00:00
2026-09-16T09:34:00+00:00,KPHX,Phoenix,89.6,2026-09-16T09:20:00+00:00
2026-09-16T09:34:00+00:00,KPHX,Phoenix,89.6,2026-09-16T09:15:00+00:00
2026-09-16T09:34:00+00:00,KPHX,Phoenix,89.6,2026-09-16T09:10:00+00:00
2026-09-16T09:34:00+00:00,KPHX,Phoenix,89.6,2026-09-16T09:05:00+00:00
2026-09-16T09:34:00+00:00,KDCA,Washington DC,64.4,2026-09-16T09:15:00+00:00
2026-09-16T09:34:00+00:00,KDCA,Washington DC,64.4,2026-09-16T09:10:00+00:00
2026-09-16T09:34:00+00:00,KDCA,Washington DC,64.4,2026-09-16T09:05:00+00:00
2026-09-16T09:34:00+00:00,KATL,Atlanta,75.2,2026-09-16T09:20:00+00:00
2026-09-16T09:34:00+00:00,KATL,Atlanta,75.2,2026-09-16T09:15:00+00:00
2026-09-16T09:34:00+00:00,KATL,Atlanta,75.2,2026-09-16T09:10:00+00:00
2026-09-16T09:34:00+00:00,KATL,Atlanta,75.2,2026-09-16T09:05:00+00:00
2026-09-16T09:34:00+00:00,KDFW,Dallas,84.2,2026-09-16T09:15:00+00:00
2026-09-16T09:34:00+00:00,KSEA,Seattle,57.2,2026-09-16T09:20:00+00:00
2026-09-16T09:34:00+00:00,KSEA,Seattle,57.2,2026-09-16T09:15:00+00:00
2026-09-16T09:34:00+00:00,KSEA,Seattle,57.2,2026-09-16T09:10:00+00:00
2026-09-16T09:34:00+00:00,KSEA,Seattle,57.2,2026-09-16T09:05:00+00:00
2026-09-16T09:34:00+00:00,KLAS,Las Vegas,82.4,2026-09-16T09:20:00+00:00
2026-09-16T09:34:00+00:00,KLAS,Las Vegas,82.4,2026-09-16T09:15:00+00:00
2026-09-16T09:34:00+00:00,KLAS,Las Vegas,82.4,2026-09-16T09:10:00+00:00
2026-09-16T09:34:00+00:00,KLAS,Las Vegas,82.4,2026-09-16T09:05:00+00:00
2026-09-16T09:34:00+00:00,KLAS,Las Vegas,82.94,2026-09-16T08:56:00+00:00
2026-09-16T09:34:00+00:00,KOKC,Oklahoma City,78.8,2026-09-16T09:15:00+00:00
2026-09-16T09:34:00+00:00,KOKC,Oklahoma City,78.8,2026-09-16T09:10:00+00:00
2026-09-16T09:34:00+00:00,KOKC,Oklahoma City,78.8,2026-09-16T09:05:00+00:00
2026-09-16T09:34:00+00:00,KBOS,Boston,57.2,2026-09-16T09:15:00+00:00
2026-09-16T09:34:00+00:00,KMSP,Minneapolis,53.6,2026-09-16T09:15:00+00:00
2026-09-16T09:34:00+00:00,KSAT,San Antonio,78.8,2026-09-16T09:15:00+00:00
2026-09-16T09:34:00+00:00,KMSY,New Orleans,82.4,2026-09-16T09:20:00+00:00
2026-09-16T09:34:00+00:00,KMSY,New Orleans,82.4,2026-09-16T09:15:00+00:00
2026-09-16T09:34:00+00:00,KHOU,Houston,80.59,2026-09-16T09:20:00+00:00
2026-09-16T09:34:00+00:00,KHOU,Houston,80.59,2026-09-16T09:15:00+00:00
2026-09-16T09:34:00+00:00,KHOU,Houston,80.59,2026-09-16T09:10:00+00:00
2026-09-16T09:34:00+00:00,KHOU,Houston,80.59,2026-09-16T09:05:00+00:00
2026-09-16T09:49:00+00:00,KMIA,Miami,80.59,2026-09-16T09:30:00+00:00
2026-09-16T09:49:00+00:00,KMIA,Miami,80.59,2026-09-16T09:25:00+00:00
2026-09-16T09:49:00+00:00,KMIA,Miami,80.59,2026-09-16T09:20:00+00:00
2026-09-16T09:49:00+00:00,KMIA,Miami,80.59,2026-09-16T09:15:00+00:00
2026-09-16T09:49:00+00:00,KDEN,Denver,57.2,2026-09-16T09:30:00+00:00
2026-09-16T09:49:00+00:00,KDEN,Denver,57.2,2026-09-16T09:25:00+00:00
2026-09-16T09:49:00+00:00,KLAX,Los Angeles,71.59,2026-09-16T09:30:00+00:00
2026-09-16T09:49:00+00:00,KLAX,Los Angeles,71.59,2026-09-16T09:25:00+00:00
2026-09-16T09:49:00+00:00,KLAX,Los Angeles,71.59,2026-09-16T09:20:00+00:00
2026-09-16T09:49:00+00:00,KLAX,Los Angeles,71.59,2026-09-16T09:15:00+00:00
2026-09-16T09:49:00+00:00,KPHL,Philadelphia,62.6,2026-09-16T09:30:00+00:00
2026-09-16T09:49:00+00:00,KPHL,Philadelphia,64.4,2026-09-16T09:25:00+00:00
2026-09-16T09:49:00+00:00,KPHL,Philadelphia,64.4,2026-09-16T09:20:00+00:00
2026-09-16T09:49:00+00:00,KAUS,Austin,73.4,2026-09-16T09:30:00+00:00
2026-09-16T09:49:00+00:00,KAUS,Austin,75.2,2026-09-16T09:25:00+00:00
2026-09-16T09:49:00+00:00,KMDW,Chicago,69.8,2026-09-16T09:30:00+00:00
2026-09-16T09:49:00+00:00,KMDW,Chicago,69.8,2026-09-16T09:25:00+00:00
2026-09-16T09:49:00+00:00,KMDW,Chicago,69.8,2026-09-16T09:20:00+00:00
2026-09-16T09:49:00+00:00,KSFO,San Francisco,60.8,2026-09-16T09:30:00+00:00
2026-09-16T09:49:00+00:00,KSFO,San Francisco,60.8,2026-09-16T09:25:00+00:00
2026-09-16T09:49:00+00:00,KPHX,Phoenix,89.6,2026-09-16T09:30:00+00:00
2026-09-16T09:49:00+00:00,KPHX,Phoenix,89.6,2026-09-16T09:25:00+00:00
2026-09-16T09:49:00+00:00,KDCA,Washington DC,64.4,2026-09-16T09:30:00+00:00
2026-09-16T09:49:00+00:00,KDCA,Washington DC,64.4,2026-09-16T09:25:00+00:00
2026-09-16T09:49:00+00:00,KDCA,Washington DC,64.4,2026-09-16T09:20:00+00:00
2026-09-16T09:49:00+00:00,KATL,Atlanta,75.2,2026-09-16T09:30:00+00:00
2026-09-16T09:49:00+00:00,KATL,Atlanta,75.2,2026-09-16T09:25:00+00:00
2026-09-16T09:49:00+00:00,KDFW,Dallas,84.2,2026-09-16T09:30:00+00:00
2026-09-16T09:49:00+00:00,KDFW,Dallas,84.2,2026-09-16T09:25:00+00:00
2026-09-16T09:49:00+00:00,KDFW,Dallas,84.2,2026-09-16T09:20:00+00:00
2026-09-16T09:49:00+00:00,KSEA,Seattle,57.2,2026-09-16T09:30:00+00:00
2026-09-16T09:49:00+00:00,KSEA,Seattle,57.2,2026-09-16T09:25:00+00:00
2026-09-16T09:49:00+00:00,KLAS,Las Vegas,82.4,2026-09-16T09:30:00+00:00
2026-09-16T09:49:00+00:00,KLAS,Las Vegas,82.4,2026-09-16T09:25:00+00:00
2026-09-16T09:49:00+00:00,KOKC,Oklahoma City,78.8,2026-09-16T09:30:00+00:00
2026-09-16T09:49:00+00:00,KOKC,Oklahoma City,78.8,2026-09-16T09:25:00+00:00
2026-09-16T09:49:00+00:00,KOKC,Oklahoma City,78.8,2026-09-16T09:20:00+00:00
2026-09-16T09:49:00+00:00,KBOS,Boston,57.2,2026-09-16T09:30:00+00:00
2026-09-16T09:49:00+00:00,KBOS,Boston,57.2,2026-09-16T09:25:00+00:00
2026-09-16T09:49:00+00:00,KBOS,Boston,57.2,2026-09-16T09:20:00+00:00
2026-09-16T09:49:00+00:00,KMSP,Minneapolis,53.6,2026-09-16T09:30:00+00:00
2026-09-16T09:49:00+00:00,KMSP,Minneapolis,51.8,2026-09-16T09:25:00+00:00
2026-09-16T09:49:00+00:00,KMSP,Minneapolis,51.8,2026-09-16T09:20:00+00:00
2026-09-16T09:49:00+00:00,KSAT,San Antonio,80.59,2026-09-16T09:30:00+00:00
2026-09-16T09:49:00+00:00,KSAT,San Antonio,78.8,2026-09-16T09:25:00+00:00
2026-09-16T09:49:00+00:00,KSAT,San Antonio,78.8,2026-09-16T09:20:00+00:00
2026-09-16T09:49:00+00:00,KMSY,New Orleans,82.4,2026-09-16T09:30:00+00:00
2026-09-16T09:49:00+00:00,KMSY,New Orleans,82.4,2026-09-16T09:25:00+00:00
2026-09-16T09:49:00+00:00,KHOU,Houston,78.8,2026-09-16T09:30:00+00:00
2026-09-16T09:49:00+00:00,KHOU,Houston,78.8,2026-09-16T09:25:00+00:00
2026-09-16T10:04:00+00:00,KMIA,Miami,80.59,2026-09-16T09:45:00+00:00
2026-09-16T10:04:00+00:00,KMIA,Miami,80.59,2026-09-16T09:40:00+00:00
2026-09-16T10:04:00+00:00,KMIA,Miami,80.59,2026-09-16T09:35:00+00:00
2026-09-16T10:04:00+00:00,KDEN,Denver,57.2,2026-09-16T09:40:00+00:00
2026-09-16T10:04:00+00:00,KDEN,Denver,57.2,2026-09-16T09:35:00+00:00
2026-09-16T10:04:00+00:00,KLAX,Los Angeles,71.59,2026-09-16T09:40:00+00:00
2026-09-16T10:04:00+00:00,KLAX,Los Angeles,71.59,2026-09-16T09:35:00+00:00
2026-09-16T10:04:00+00:00,KPHL,Philadelphia,62.6,2026-09-16T09:40:00+00:00
2026-09-16T10:04:00+00:00,KPHL,Philadelphia,62.6,2026-09-16T09:35:00+00:00
2026-09-16T10:04:00+00:00,KAUS,Austin,77.0,2026-09-16T09:40:00+00:00
2026-09-16T10:04:00+00:00,KAUS,Austin,75.92,2026-09-16T09:37:00+00:00
2026-09-16T10:04:00+00:00,KAUS,Austin,75.2,2026-09-16T09:35:00+00:00
2026-09-16T10:04:00+00:00,KMDW,Chicago,69.8,2026-09-16T09:40:00+00:00
2026-09-16T10:04:00+00:00,KMDW,Chicago,69.8,2026-09-16T09:35:00+00:00
2026-09-16T10:04:00+00:00,KSFO,San Francisco,60.8,2026-09-16T09:40:00+00:00
2026-09-16T10:04:00+00:00,KSFO,San Francisco,60.8,2026-09-16T09:35:00+00:00
2026-09-16T10:04:00+00:00,KPHX,Phoenix,89.6,2026-09-16T09:40:00+00:00
2026-09-16T10:04:00+00:00,KPHX,Phoenix,89.6,2026-09-16T09:35:00+00:00
2026-09-16T10:04:00+00:00,KDCA,Washington DC,64.4,2026-09-16T09:40:00+00:00
2026-09-16T10:04:00+00:00,KDCA,Washington DC,64.4,2026-09-16T09:35:00+00:00
2026-09-16T10:04:00+00:00,KATL,Atlanta,73.4,2026-09-16T09:40:00+00:00
2026-09-16T10:04:00+00:00,KATL,Atlanta,75.2,2026-09-16T09:35:00+00:00
2026-09-16T10:04:00+00:00,KDFW,Dallas,82.4,2026-09-16T09:45:00+00:00
2026-09-16T10:04:00+00:00,KDFW,Dallas,82.4,2026-09-16T09:40:00+00:00
2026-09-16T10:04:00+00:00,KDFW,Dallas,84.2,2026-09-16T09:35:00+00:00
2026-09-16T10:04:00+00:00,KSEA,Seattle,57.2,2026-09-16T09:40:00+00:00
2026-09-16T10:04:00+00:00,KSEA,Seattle,57.2,2026-09-16T09:35:00+00:00
2026-09-16T10:04:00+00:00,KLAS,Las Vegas,82.4,2026-09-16T09:45:00+00:00
2026-09-16T10:04:00+00:00,KLAS,Las Vegas,82.4,2026-09-16T09:40:00+00:00
2026-09-16T10:04:00+00:00,KLAS,Las Vegas,82.4,2026-09-16T09:35:00+00:00
2026-09-16T10:04:00+00:00,KOKC,Oklahoma City,77.0,2026-09-16T09:45:00+00:00
2026-09-16T10:04:00+00:00,KOKC,Oklahoma City,77.0,2026-09-16T09:40:00+00:00
2026-09-16T10:04:00+00:00,KOKC,Oklahoma City,78.8,2026-09-16T09:35:00+00:00
2026-09-16T10:04:00+00:00,KBOS,Boston,57.2,2026-09-16T09:45:00+00:00
2026-09-16T10:04:00+00:00,KBOS,Boston,57.2,2026-09-16T09:40:00+00:00
2026-09-16T10:04:00+00:00,KBOS,Boston,57.2,2026-09-16T09:35:00+00:00
2026-09-16T10:04:00+00:00,KMSP,Minneapolis,51.8,2026-09-16T09:45:00+00:00
2026-09-16T10:04:00+00:00,KMSP,Minneapolis,53.6,2026-09-16T09:40:00+00:00
2026-09-16T10:04:00+00:00,KMSP,Minneapolis,53.6,2026-09-16T09:35:00+00:00
2026-09-16T10:04:00+00:00,KSAT,San Antonio,80.59,2026-09-16T09:45:00+00:00
2026-09-16T10:04:00+00:00,KSAT,San Antonio,80.59,2026-09-16T09:40:00+00:00
2026-09-16T10:04:00+00:00,KSAT,San Antonio,80.59,2026-09-16T09:35:00+00:00
2026-09-16T10:04:00+00:00,KMSY,New Orleans,82.4,2026-09-16T09:45:00+00:00
2026-09-16T10:04:00+00:00,KMSY,New Orleans,82.4,2026-09-16T09:40:00+00:00
2026-09-16T10:04:00+00:00,KMSY,New Orleans,82.4,2026-09-16T09:35:00+00:00
2026-09-16T10:04:00+00:00,KHOU,Houston,80.59,2026-09-16T09:40:00+00:00
2026-09-16T10:04:00+00:00,KHOU,Houston,78.8,2026-09-16T09:35:00+00:00
2026-09-16T10:19:00+00:00,KNYC,New York City,60.98,2026-09-16T09:51:00+00:00
2026-09-16T10:19:00+00:00,KMIA,Miami,80.59,2026-09-16T10:05:00+00:00
2026-09-16T10:19:00+00:00,KMIA,Miami,80.59,2026-09-16T10:00:00+00:00
2026-09-16T10:19:00+00:00,KMIA,Miami,80.95,2026-09-16T09:53:00+00:00
2026-09-16T10:19:00+00:00,KMIA,Miami,80.59,2026-09-16T09:50:00+00:00
2026-09-16T10:19:00+00:00,KDEN,Denver,55.4,2026-09-16T10:10:00+00:00
2026-09-16T10:19:00+00:00,KDEN,Denver,55.4,2026-09-16T10:05:00+00:00
2026-09-16T10:19:00+00:00,KDEN,Denver,55.4,2026-09-16T10:00:00+00:00
2026-09-16T10:19:00+00:00,KDEN,Denver,57.2,2026-09-16T09:55:00+00:00
2026-09-16T10:19:00+00:00,KDEN,Denver,57.02,2026-09-16T09:53:00+00:00
2026-09-16T10:19:00+00:00,KDEN,Denver,57.2,2026-09-16T09:50:00+00:00
2026-09-16T10:19:00+00:00,KDEN,Denver,57.2,2026-09-16T09:45:00+00:00
2026-09-16T10:19:00+00:00,KLAX,Los Angeles,71.59,2026-09-16T10:05:00+00:00
2026-09-16T10:19:00+00:00,KLAX,Los Angeles,71.59,2026-09-16T10:00:00+00:00
2026-09-16T10:19:00+00:00,KLAX,Los Angeles,71.59,2026-09-16T09:50:00+00:00
2026-09-16T10:19:00+00:00,KLAX,Los Angeles,71.59,2026-09-16T09:45:00+00:00
2026-09-16T10:19:00+00:00,KPHL,Philadelphia,62.6,2026-09-16T10:10:00+00:00
2026-09-16T10:19:00+00:00,KPHL,Philadelphia,62.6,2026-09-16T10:05:00+00:00
2026-09-16T10:19:00+00:00,KPHL,Philadelphia,62.6,2026-09-16T10:00:00+00:00
2026-09-16T10:19:00+00:00,KPHL,Philadelphia,62.6,2026-09-16T09:55:00+00:00
2026-09-16T10:19:00+00:00,KPHL,Philadelphia,62.05,2026-09-16T09:54:00+00:00
2026-09-16T10:19:00+00:00,KPHL,Philadelphia,62.6,2026-09-16T09:50:00+00:00
2026-09-16T10:19:00+00:00,KPHL,Philadelphia,62.6,2026-09-16T09:45:00+00:00
2026-09-16T10:19:00+00:00,KAUS,Austin,77.0,2026-09-16T10:00:00+00:00
2026-09-16T10:19:00+00:00,KAUS,Austin,78.08,2026-09-16T09:53:00+00:00
2026-09-16T10:19:00+00:00,KAUS,Austin,77.0,2026-09-16T09:50:00+00:00
2026-09-16T10:19:00+00:00,KAUS,Austin,75.2,2026-09-16T09:45:00+00:00
2026-09-16T10:19:00+00:00,KMDW,Chicago,69.8,2026-09-16T10:00:00+00:00
2026-09-16T10:19:00+00:00,KMDW,Chicago,69.8,2026-09-16T09:55:00+00:00
2026-09-16T10:19:00+00:00,KMDW,Chicago,69.08,2026-09-16T09:53:00+00:00
2026-09-16T10:19:00+00:00,KMDW,Chicago,69.8,2026-09-16T09:50:00+00:00
2026-09-16T10:19:00+00:00,KMDW,Chicago,69.8,2026-09-16T09:45:00+00:00
2026-09-16T10:19:00+00:00,KSFO,San Francisco,60.8,2026-09-16T10:05:00+00:00
2026-09-16T10:19:00+00:00,KSFO,San Francisco,60.8,2026-09-16T10:00:00+00:00
2026-09-16T10:19:00+00:00,KSFO,San Francisco,60.08,2026-09-16T09:56:00+00:00
2026-09-16T10:19:00+00:00,KSFO,San Francisco,60.8,2026-09-16T09:50:00+00:00
2026-09-16T10:19:00+00:00,KSFO,San Francisco,60.8,2026-09-16T09:45:00+00:00
2026-09-16T10:19:00+00:00,KPHX,Phoenix,89.6,2026-09-16T10:10:00+00:00
2026-09-16T10:19:00+00:00,KPHX,Phoenix,89.6,2026-09-16T10:05:00+00:00
2026-09-16T10:19:00+00:00,KPHX,Phoenix,89.6,2026-09-16T10:00:00+00:00
2026-09-16T10:19:00+00:00,KPHX,Phoenix,89.6,2026-09-16T09:55:00+00:00
2026-09-16T10:19:00+00:00,KPHX,Phoenix,89.96,2026-09-16T09:51:00+00:00
2026-09-16T10:19:00+00:00,KPHX,Phoenix,89.6,2026-09-16T09:50:00+00:00
2026-09-16T10:19:00+00:00,KPHX,Phoenix,89.6,2026-09-16T09:45:00+00:00
2026-09-16T10:19:00+00:00,KDCA,Washington DC,64.4,2026-09-16T10:10:00+00:00
2026-09-16T10:19:00+00:00,KDCA,Washington DC,64.4,2026-09-16T10:05:00+00:00
2026-09-16T10:19:00+00:00,KDCA,Washington DC,64.4,2026-09-16T10:00:00+00:00
2026-09-16T10:19:00+00:00,KDCA,Washington DC,64.4,2026-09-16T09:55:00+00:00
2026-09-16T10:19:00+00:00,KDCA,Washington DC,64.94,2026-09-16T09:52:00+00:00
2026-09-16T10:19:00+00:00,KDCA,Washington DC,64.4,2026-09-16T09:50:00+00:00
2026-09-16T10:19:00+00:00,KDCA,Washington DC,64.4,2026-09-16T09:45:00+00:00
2026-09-16T10:19:00+00:00,KATL,Atlanta,73.94,2026-09-16T09:52:00+00:00
2026-09-16T10:19:00+00:00,KATL,Atlanta,73.4,2026-09-16T09:50:00+00:00
2026-09-16T10:19:00+00:00,KATL,Atlanta,73.4,2026-09-16T09:45:00+00:00
2026-09-16T10:19:00+00:00,KDFW,Dallas,82.4,2026-09-16T10:05:00+00:00
2026-09-16T10:19:00+00:00,KDFW,Dallas,82.4,2026-09-16T10:00:00+00:00
2026-09-16T10:19:00+00:00,KDFW,Dallas,82.4,2026-09-16T09:55:00+00:00
2026-09-16T10:19:00+00:00,KDFW,Dallas,82.94,2026-09-16T09:53:00+00:00
2026-09-16T10:19:00+00:00,KDFW,Dallas,82.4,2026-09-16T09:50:00+00:00
2026-09-16T10:19:00+00:00,KSEA,Seattle,57.2,2026-09-16T10:05:00+00:00
2026-09-16T10:19:00+00:00,KSEA,Seattle,57.2,2026-09-16T10:00:00+00:00
2026-09-16T10:19:00+00:00,KSEA,Seattle,57.02,2026-09-16T09:53:00+00:00
2026-09-16T10:19:00+00:00,KSEA,Seattle,57.2,2026-09-16T09:50:00+00:00
2026-09-16T10:19:00+00:00,KSEA,Seattle,57.2,2026-09-16T09:45:00+00:00
2026-09-16T10:19:00+00:00,KLAS,Las Vegas,80.59,2026-09-16T10:10:00+00:00
2026-09-16T10:19:00+00:00,KLAS,Las Vegas,82.4,2026-09-16T10:05:00+00:00
2026-09-16T10:19:00+00:00,KLAS,Las Vegas,82.4,2026-09-16T10:00:00+00:00
2026-09-16T10:19:00+00:00,KLAS,Las Vegas,82.04,2026-09-16T09:56:00+00:00
2026-09-16T10:19:00+00:00,KLAS,Las Vegas,82.4,2026-09-16T09:55:00+00:00
2026-09-16T10:19:00+00:00,KLAS,Las Vegas,82.4,2026-09-16T09:50:00+00:00
2026-09-16T10:19:00+00:00,KOKC,Oklahoma City,78.8,2026-09-16T10:05:00+00:00
2026-09-16T10:19:00+00:00,KOKC,Oklahoma City,78.8,2026-09-16T10:00:00+00:00
2026-09-16T10:19:00+00:00,KOKC,Oklahoma City,77.0,2026-09-16T09:55:00+00:00
2026-09-16T10:19:00+00:00,KOKC,Oklahoma City,77.0,2026-09-16T09:52:00+00:00
2026-09-16T10:19:00+00:00,KOKC,Oklahoma City,78.8,2026-09-16T09:50:00+00:00
2026-09-16T10:19:00+00:00,KBOS,Boston,57.2,2026-09-16T10:10:00+00:00
2026-09-16T10:19:00+00:00,KBOS,Boston,57.02,2026-09-16T09:54:00+00:00
2026-09-16T10:19:00+00:00,KBOS,Boston,57.2,2026-09-16T09:50:00+00:00
2026-09-16T10:19:00+00:00,KMSP,Minneapolis,53.6,2026-09-16T10:05:00+00:00
2026-09-16T10:19:00+00:00,KMSP,Minneapolis,53.6,2026-09-16T10:00:00+00:00
2026-09-16T10:19:00+00:00,KMSP,Minneapolis,53.6,2026-09-16T09:55:00+00:00
2026-09-16T10:19:00+00:00,KMSP,Minneapolis,53.06,2026-09-16T09:53:00+00:00
2026-09-16T10:19:00+00:00,KMSP,Minneapolis,53.6,2026-09-16T09:50:00+00:00
2026-09-16T10:19:00+00:00,KSAT,San Antonio,78.8,2026-09-16T10:05:00+00:00
2026-09-16T10:19:00+00:00,KSAT,San Antonio,78.8,2026-09-16T10:00:00+00:00
2026-09-16T10:19:00+00:00,KSAT,San Antonio,78.8,2026-09-16T09:55:00+00:00
2026-09-16T10:19:00+00:00,KSAT,San Antonio,78.98,2026-09-16T09:51:00+00:00
2026-09-16T10:19:00+00:00,KSAT,San Antonio,78.8,2026-09-16T09:50:00+00:00
2026-09-16T10:19:00+00:00,KMSY,New Orleans,82.4,2026-09-16T10:05:00+00:00
2026-09-16T10:19:00+00:00,KMSY,New Orleans,82.4,2026-09-16T10:00:00+00:00
2026-09-16T10:19:00+00:00,KMSY,New Orleans,82.4,2026-09-16T09:55:00+00:00
2026-09-16T10:19:00+00:00,KMSY,New Orleans,82.94,2026-09-16T09:53:00+00:00
2026-09-16T10:19:00+00:00,KMSY,New Orleans,82.4,2026-09-16T09:50:00+00:00
2026-09-16T10:19:00+00:00,KHOU,Houston,80.59,2026-09-16T10:00:00+00:00
2026-09-16T10:19:00+00:00,KHOU,Houston,80.06,2026-09-16T09:53:00+00:00
2026-09-16T10:19:00+00:00,KHOU,Houston,80.59,2026-09-16T09:50:00+00:00
2026-09-16T10:19:00+00:00,KHOU,Houston,80.59,2026-09-16T09:45:00+00:00
2026-09-16T10:34:00+00:00,KMIA,Miami,80.59,2026-09-16T10:10:00+00:00
2026-09-16T10:34:00+00:00,KMIA,Miami,80.59,2026-09-16T09:55:00+00:00
2026-09-16T10:34:00+00:00,KDEN,Denver,55.4,2026-09-16T10:15:00+00:00
2026-09-16T10:34:00+00:00,KLAX,Los Angeles,71.59,2026-09-16T10:10:00+00:00
2026-09-16T10:34:00+00:00,KAUS,Austin,75.2,2026-09-16T10:15:00+00:00
2026-09-16T10:34:00+00:00,KAUS,Austin,75.2,2026-09-16T10:10:00+00:00
2026-09-16T10:34:00+00:00,KAUS,Austin,75.2,2026-09-16T10:05:00+00:00
2026-09-16T10:34:00+00:00,KAUS,Austin,77.0,2026-09-16T09:55:00+00:00
2026-09-16T10:34:00+00:00,KMDW,Chicago,69.8,2026-09-16T10:20:00+00:00
2026-09-16T10:34:00+00:00,KMDW,Chicago,69.8,2026-09-16T10:15:00+00:00
2026-09-16T10:34:00+00:00,KMDW,Chicago,69.8,2026-09-16T10:10:00+00:00
2026-09-16T10:34:00+00:00,KMDW,Chicago,69.8,2026-09-16T10:05:00+00:00
2026-09-16T10:34:00+00:00,KSFO,San Francisco,60.8,2026-09-16T10:15:00+00:00
2026-09-16T10:34:00+00:00,KSFO,San Francisco,60.08,2026-09-16T10:14:00+00:00
2026-09-16T10:34:00+00:00,KSFO,San Francisco,60.8,2026-09-16T10:10:00+00:00
2026-09-16T10:34:00+00:00,KSFO,San Francisco,60.8,2026-09-16T09:55:00+00:00
2026-09-16T10:34:00+00:00,KPHX,Phoenix,89.6,2026-09-16T10:20:00+00:00
2026-09-16T10:34:00+00:00,KPHX,Phoenix,89.6,2026-09-16T10:15:00+00:00
2026-09-16T10:34:00+00:00,KDCA,Washington DC,64.4,2026-09-16T10:15:00+00:00
2026-09-16T10:34:00+00:00,KATL,Atlanta,73.4,2026-09-16T10:10:00+00:00
2026-09-16T10:34:00+00:00,KATL,Atlanta,73.4,2026-09-16T10:05:00+00:00
2026-09-16T10:34:00+00:00,KATL,Atlanta,73.4,2026-09-16T10:00:00+00:00
2026-09-16T10:34:00+00:00,KATL,Atlanta,73.4,2026-09-16T09:55:00+00:00
2026-09-16T10:34:00+00:00,KDFW,Dallas,82.4,2026-09-16T10:15:00+00:00
2026-09-16T10:34:00+00:00,KDFW,Dallas,82.4,2026-09-16T10:10:00+00:00
2026-09-16T10:34:00+00:00,KSEA,Seattle,57.2,2026-09-16T10:10:00+00:00
2026-09-16T10:34:00+00:00,KSEA,Seattle,57.2,2026-09-16T09:55:00+00:00
2026-09-16T10:34:00+00:00,KLAS,Las Vegas,82.4,2026-09-16T10:15:00+00:00
2026-09-16T10:34:00+00:00,KOKC,Oklahoma City,78.8,2026-09-16T10:15:00+00:00
2026-09-16T10:34:00+00:00,KOKC,Oklahoma City,78.8,2026-09-16T10:10:00+00:00
2026-09-16T10:34:00+00:00,KBOS,Boston,57.2,2026-09-16T10:20:00+00:00
2026-09-16T10:34:00+00:00,KBOS,Boston,57.2,2026-09-16T10:15:00+00:00
2026-09-16T10:34:00+00:00,KMSP,Minneapolis,53.6,2026-09-16T10:15:00+00:00
2026-09-16T10:34:00+00:00,KMSP,Minneapolis,53.6,2026-09-16T10:10:00+00:00
2026-09-16T10:34:00+00:00,KSAT,San Antonio,78.8,2026-09-16T10:15:00+00:00
2026-09-16T10:34:00+00:00,KSAT,San Antonio,78.8,2026-09-16T10:10:00+00:00
2026-09-16T10:34:00+00:00,KMSY,New Orleans,82.4,2026-09-16T10:15:00+00:00
2026-09-16T10:34:00+00:00,KMSY,New Orleans,82.4,2026-09-16T10:10:00+00:00
2026-09-16T10:34:00+00:00,KHOU,Houston,80.59,2026-09-16T10:15:00+00:00
2026-09-16T10:34:00+00:00,KHOU,Houston,80.59,2026-09-16T10:10:00+00:00
2026-09-16T10:34:00+00:00,KHOU,Houston,80.59,2026-09-16T10:05:00+00:00
2026-09-16T10:34:00+00:00,KHOU,Houston,80.59,2026-09-16T09:55:00+00:00
2026-09-16T10:49:00+00:00,KMIA,Miami,82.4,2026-09-16T10:30:00+00:00
2026-09-16T10:49:00+00:00,KMIA,Miami,80.59,2026-09-16T10:25:00+00:00
2026-09-16T10:49:00+00:00,KMIA,Miami,80.59,2026-09-16T10:20:00+00:00
2026-09-16T10:49:00+00:00,KMIA,Miami,80.59,2026-09-16T10:15:00+00:00
2026-09-16T10:49:00+00:00,KDEN,Denver,55.4,2026-09-16T10:30:00+00:00
2026-09-16T10:49:00+00:00,KDEN,Denver,55.4,2026-09-16T10:25:00+00:00
2026-09-16T10:49:00+00:00,KDEN,Denver,55.4,2026-09-16T10:20:00+00:00
2026-09-16T10:49:00+00:00,KLAX,Los Angeles,71.59,2026-09-16T10:30:00+00:00
2026-09-16T10:49:00+00:00,KLAX,Los Angeles,71.59,2026-09-16T10:25:00+00:00
2026-09-16T10:49:00+00:00,KLAX,Los Angeles,71.59,2026-09-16T10:20:00+00:00
2026-09-16T10:49:00+00:00,KLAX,Los Angeles,71.59,2026-09-16T10:15:00+00:00
2026-09-16T10:49:00+00:00,KPHL,Philadelphia,62.6,2026-09-16T10:30:00+00:00
2026-09-16T10:49:00+00:00,KPHL,Philadelphia,62.6,2026-09-16T10:25:00+00:00
2026-09-16T10:49:00+00:00,KPHL,Philadelphia,62.6,2026-09-16T10:20:00+00:00
2026-09-16T10:49:00+00:00,KPHL,Philadelphia,62.6,2026-09-16T10:15:00+00:00
2026-09-16T10:49:00+00:00,KAUS,Austin,75.2,2026-09-16T10:30:00+00:00
2026-09-16T10:49:00+00:00,KAUS,Austin,75.2,2026-09-16T10:25:00+00:00
2026-09-16T10:49:00+00:00,KAUS,Austin,75.2,2026-09-16T10:20:00+00:00
2026-09-16T10:49:00+00:00,KMDW,Chicago,69.8,2026-09-16T10:30:00+00:00
2026-09-16T10:49:00+00:00,KMDW,Chicago,69.8,2026-09-16T10:25:00+00:00
2026-09-16T10:49:00+00:00,KSFO,San Francisco,60.8,2026-09-16T10:30:00+00:00
2026-09-16T10:49:00+00:00,KSFO,San Francisco,60.8,2026-09-16T10:25:00+00:00
2026-09-16T10:49:00+00:00,KSFO,San Francisco,60.8,2026-09-16T10:20:00+00:00
2026-09-16T10:49:00+00:00,KPHX,Phoenix,89.6,2026-09-16T10:30:00+00:00
2026-09-16T10:49:00+00:00,KPHX,Phoenix,89.6,2026-09-16T10:25:00+00:00
2026-09-16T10:49:00+00:00,KDCA,Washington DC,64.4,2026-09-16T10:30:00+00:00
2026-09-16T10:49:00+00:00,KDCA,Washington DC,64.4,2026-09-16T10:25:00+00:00
2026-09-16T10:49:00+00:00,KDCA,Washington DC,64.4,2026-09-16T10:20:00+00:00
2026-09-16T10:49:00+00:00,KATL,Atlanta,73.4,2026-09-16T10:30:00+00:00
2026-09-16T10:49:00+00:00,KATL,Atlanta,73.4,2026-09-16T10:25:00+00:00
2026-09-16T10:49:00+00:00,KATL,Atlanta,73.4,2026-09-16T10:20:00+00:00
2026-09-16T10:49:00+00:00,KATL,Atlanta,73.4,2026-09-16T10:15:00+00:00
2026-09-16T10:49:00+00:00,KDFW,Dallas,82.4,2026-09-16T10:30:00+00:00
2026-09-16T10:49:00+00:00,KDFW,Dallas,82.4,2026-09-16T10:25:00+00:00
2026-09-16T10:49:00+00:00,KDFW,Dallas,82.4,2026-09-16T10:20:00+00:00
2026-09-16T10:49:00+00:00,KSEA,Seattle,57.2,2026-09-16T10:30:00+00:00
2026-09-16T10:49:00+00:00,KSEA,Seattle,57.2,2026-09-16T10:25:00+00:00
2026-09-16T10:49:00+00:00,KSEA,Seattle,57.2,2026-09-16T10:20:00+00:00
2026-09-16T10:49:00+00:00,KSEA,Seattle,57.2,2026-09-16T10:15:00+00:00
2026-09-16T10:49:00+00:00,KLAS,Las Vegas,82.4,2026-09-16T10:30:00+00:00
2026-09-16T10:49:00+00:00,KLAS,Las Vegas,82.4,2026-09-16T10:25:00+00:00
2026-09-16T10:49:00+00:00,KLAS,Las Vegas,82.4,2026-09-16T10:20:00+00:00
2026-09-16T10:49:00+00:00,KOKC,Oklahoma City,78.8,2026-09-16T10:30:00+00:00
2026-09-16T10:49:00+00:00,KOKC,Oklahoma City,78.8,2026-09-16T10:25:00+00:00
2026-09-16T10:49:00+00:00,KOKC,Oklahoma City,78.8,2026-09-16T10:20:00+00:00
2026-09-16T10:49:00+00:00,KBOS,Boston,57.2,2026-09-16T10:30:00+00:00
2026-09-16T10:49:00+00:00,KBOS,Boston,57.2,2026-09-16T10:25:00+00:00
2026-09-16T10:49:00+00:00,KMSP,Minneapolis,51.8,2026-09-16T10:30:00+00:00
2026-09-16T10:49:00+00:00,KMSP,Minneapolis,53.6,2026-09-16T10:25:00+00:00
2026-09-16T10:49:00+00:00,KMSP,Minneapolis,53.6,2026-09-16T10:20:00+00:00
2026-09-16T10:49:00+00:00,KSAT,San Antonio,78.8,2026-09-16T10:30:00+00:00
2026-09-16T10:49:00+00:00,KSAT,San Antonio,78.8,2026-09-16T10:25:00+00:00
2026-09-16T10:49:00+00:00,KSAT,San Antonio,78.8,2026-09-16T10:20:00+00:00
2026-09-16T10:49:00+00:00,KMSY,New Orleans,82.4,2026-09-16T10:30:00+00:00
2026-09-16T10:49:00+00:00,KMSY,New Orleans,82.4,2026-09-16T10:25:00+00:00
2026-09-16T10:49:00+00:00,KMSY,New Orleans,82.4,2026-09-16T10:20:00+00:00
2026-09-16T10:49:00+00:00,KHOU,Houston,78.8,2026-09-16T10:30:00+00:00
2026-09-16T10:49:00+00:00,KHOU,Houston,78.8,2026-09-16T10:25:00+00:00
2026-09-16T10:49:00+00:00,KHOU,Houston,80.59,2026-09-16T10:20:00+00:00
2026-09-16T11:04:00+00:00,KMIA,Miami,80.59,2026-09-16T10:40:00+00:00
2026-09-16T11:04:00+00:00,KMIA,Miami,80.59,2026-09-16T10:35:00+00:00
2026-09-16T11:04:00+00:00,KDEN,Denver,55.4,2026-09-16T10:45:00+00:00
2026-09-16T11:04:00+00:00,KDEN,Denver,55.4,2026-09-16T10:40:00+00:00
2026-09-16T11:04:00+00:00,KDEN,Denver,55.4,2026-09-16T10:35:00+00:00
2026-09-16T11:04:00+00:00,KLAX,Los Angeles,69.8,2026-09-16T10:40:00+00:00
2026-09-16T11:04:00+00:00,KLAX,Los Angeles,69.8,2026-09-16T10:35:00+00:00
2026-09-16T11:04:00+00:00,KPHL,Philadelphia,62.6,2026-09-16T10:40:00+00:00
2026-09-16T11:04:00+00:00,KPHL,Philadelphia,62.6,2026-09-16T10:35:00+00:00
2026-09-16T11:04:00+00:00,KAUS,Austin,75.2,2026-09-16T10:45:00+00:00
2026-09-16T11:04:00+00:00,KAUS,Austin,75.2,2026-09-16T10:40:00+00:00
2026-09-16T11:04:00+00:00,KAUS,Austin,75.2,2026-09-16T10:35:00+00:00
2026-09-16T11:04:00+00:00,KMDW,Chicago,69.8,2026-09-16T10:40:00+00:00
2026-09-16T11:04:00+00:00,KMDW,Chicago,69.8,2026-09-16T10:35:00+00:00
2026-09-16T11:04:00+00:00,KSFO,San Francisco,59.0,2026-09-16T10:45:00+00:00
2026-09-16T11:04:00+00:00,KSFO,San Francisco,60.8,2026-09-16T10:40:00+00:00
2026-09-16T11:04:00+00:00,KSFO,San Francisco,60.8,2026-09-16T10:35:00+00:00
2026-09-16T11:04:00+00:00,KPHX,Phoenix,89.6,2026-09-16T10:40:00+00:00
2026-09-16T11:04:00+00:00,KPHX,Phoenix,89.6,2026-09-16T10:35:00+00:00
2026-09-16T11:04:00+00:00,KDCA,Washington DC,64.4,2026-09-16T10:40:00+00:00
2026-09-16T11:04:00+00:00,KDCA,Washington DC,64.4,2026-09-16T10:35:00+00:00
2026-09-16T11:04:00+00:00,KATL,Atlanta,73.4,2026-09-16T10:45:00+00:00
2026-09-16T11:04:00+00:00,KATL,Atlanta,73.4,2026-09-16T10:40:00+00:00
2026-09-16T11:04:00+00:00,KATL,Atlanta,73.4,2026-09-16T10:35:00+00:00
2026-09-16T11:04:00+00:00,KDFW,Dallas,82.4,2026-09-16T10:45:00+00:00
2026-09-16T11:04:00+00:00,KDFW,Dallas,82.4,2026-09-16T10:40:00+00:00
2026-09-16T11:04:00+00:00,KDFW,Dallas,82.4,2026-09-16T10:35:00+00:00
2026-09-16T11:04:00+00:00,KSEA,Seattle,55.4,2026-09-16T10:45:00+00:00
2026-09-16T11:04:00+00:00,KSEA,Seattle,55.4,2026-09-16T10:40:00+00:00
2026-09-16T11:04:00+00:00,KSEA,Seattle,55.4,2026-09-16T10:35:00+00:00
2026-09-16T11:04:00+00:00,KLAS,Las Vegas,82.4,2026-09-16T10:45:00+00:00
2026-09-16T11:04:00+00:00,KLAS,Las Vegas,82.4,2026-09-16T10:40:00+00:00
2026-09-16T11:04:00+00:00,KLAS,Las Vegas,80.59,2026-09-16T10:35:00+00:00
2026-09-16T11:04:00+00:00,KOKC,Oklahoma City,77.0,2026-09-16T10:45:00+00:00
2026-09-16T11:04:00+00:00,KOKC,Oklahoma City,78.8,2026-09-16T10:40:00+00:00
2026-09-16T11:04:00+00:00,KOKC,Oklahoma City,78.8,2026-09-16T10:35:00+00:00
2026-09-16T11:04:00+00:00,KBOS,Boston,57.2,2026-09-16T10:45:00+00:00
2026-09-16T11:04:00+00:00,KBOS,Boston,57.2,2026-09-16T10:40:00+00:00
2026-09-16T11:04:00+00:00,KBOS,Boston,57.2,2026-09-16T10:35:00+00:00
2026-09-16T11:04:00+00:00,KMSP,Minneapolis,51.8,2026-09-16T10:45:00+00:00
2026-09-16T11:04:00+00:00,KMSP,Minneapolis,51.8,2026-09-16T10:40:00+00:00
2026-09-16T11:04:00+00:00,KMSP,Minneapolis,53.6,2026-09-16T10:35:00+00:00
2026-09-16T11:04:00+00:00,KSAT,San Antonio,78.8,2026-09-16T10:45:00+00:00
2026-09-16T11:04:00+00:00,KSAT,San Antonio,78.8,2026-09-16T10:40:00+00:00
2026-09-16T11:04:00+00:00,KSAT,San Antonio,78.8,2026-09-16T10:35:00+00:00
2026-09-16T11:04:00+00:00,KMSY,New Orleans,82.4,2026-09-16T10:45:00+00:00
2026-09-16T11:04:00+00:00,KMSY,New Orleans,82.4,2026-09-16T10:40:00+00:00
2026-09-16T11:04:00+00:00,KMSY,New Orleans,82.4,2026-09-16T10:35:00+00:00
2026-09-16T11:04:00+00:00,KHOU,Houston,78.8,2026-09-16T10:45:00+00:00
2026-09-16T11:04:00+00:00,KHOU,Houston,78.8,2026-09-16T10:40:00+00:00
2026-09-16T11:04:00+00:00,KHOU,Houston,78.8,2026-09-16T10:35:00+00:00
2026-09-16T11:19:00+00:00,KNYC,New York City,62.05,2026-09-16T10:51:00+00:00
2026-09-16T11:19:00+00:00,KMIA,Miami,82.4,2026-09-16T11:05:00+00:00
2026-09-16T11:19:00+00:00,KMIA,Miami,82.4,2026-09-16T11:00:00+00:00
2026-09-16T11:19:00+00:00,KMIA,Miami,82.4,2026-09-16T10:55:00+00:00
2026-09-16T11:19:00+00:00,KMIA,Miami,82.04,2026-09-16T10:53:00+00:00
2026-09-16T11:19:00+00:00,KMIA,Miami,82.4,2026-09-16T10:50:00+00:00
2026-09-16T11:19:00+00:00,KMIA,Miami,80.59,2026-09-16T10:45:00+00:00
2026-09-16T11:19:00+00:00,KDEN,Denver,55.4,2026-09-16T11:00:00+00:00
2026-09-16T11:19:00+00:00,KDEN,Denver,55.4,2026-09-16T10:55:00+00:00
2026-09-16T11:19:00+00:00,KDEN,Denver,55.94,2026-09-16T10:53:00+00:00
2026-09-16T11:19:00+00:00,KDEN,Denver,55.4,2026-09-16T10:50:00+00:00
2026-09-16T11:19:00+00:00,KLAX,Los Angeles,69.8,2026-09-16T11:00:00+00:00
2026-09-16T11:19:00+00:00,KLAX,Los Angeles,69.8,2026-09-16T10:55:00+00:00
2026-09-16T11:19:00+00:00,KLAX,Los Angeles,69.98,2026-09-16T10:53:00+00:00
2026-09-16T11:19:00+00:00,KLAX,Los Angeles,71.59,2026-09-16T10:50:00+00:00
2026-09-16T11:19:00+00:00,KLAX,Los Angeles,69.8,2026-09-16T10:45:00+00:00
2026-09-16T11:19:00+00:00,KPHL,Philadelphia,62.6,2026-09-16T11:05:00+00:00
2026-09-16T11:19:00+00:00,KPHL,Philadelphia,62.6,2026-09-16T11:00:00+00:00
2026-09-16T11:19:00+00:00,KPHL,Philadelphia,62.6,2026-09-16T10:55:00+00:00
2026-09-16T11:19:00+00:00,KPHL,Philadelphia,62.95,2026-09-16T10:54:00+00:00
2026-09-16T11:19:00+00:00,KPHL,Philadelphia,62.6,2026-09-16T10:50:00+00:00
2026-09-16T11:19:00+00:00,KPHL,Philadelphia,62.6,2026-09-16T10:45:00+00:00
2026-09-16T11:19:00+00:00,KAUS,Austin,75.2,2026-09-16T11:05:00+00:00
2026-09-16T11:19:00+00:00,KAUS,Austin,75.2,2026-09-16T11:00:00+00:00
2026-09-16T11:19:00+00:00,KAUS,Austin,75.2,2026-09-16T10:55:00+00:00
2026-09-16T11:19:00+00:00,KAUS,Austin,75.02,2026-09-16T10:53:00+00:00
2026-09-16T11:19:00+00:00,KAUS,Austin,75.2,2026-09-16T10:50:00+00:00
2026-09-16T11:19:00+00:00,KMDW,Chicago,68.0,2026-09-16T11:05:00+00:00
2026-09-16T11:19:00+00:00,KMDW,Chicago,68.0,2026-09-16T11:00:00+00:00
2026-09-16T11:19:00+00:00,KMDW,Chicago,68.0,2026-09-16T10:55:00+00:00
2026-09-16T11:19:00+00:00,KMDW,Chicago,68.0,2026-09-16T10:53:00+00:00
2026-09-16T11:19:00+00:00,KMDW,Chicago,68.0,2026-09-16T10:50:00+00:00
2026-09-16T11:19:00+00:00,KMDW,Chicago,68.0,2026-09-16T10:45:00+00:00
2026-09-16T11:19:00+00:00,KSFO,San Francisco,59.0,2026-09-16T11:00:00+00:00
2026-09-16T11:19:00+00:00,KSFO,San Francisco,59.0,2026-09-16T10:56:00+00:00
2026-09-16T11:19:00+00:00,KSFO,San Francisco,59.0,2026-09-16T10:55:00+00:00
2026-09-16T11:19:00+00:00,KSFO,San Francisco,60.8,2026-09-16T10:50:00+00:00
2026-09-16T11:19:00+00:00,KPHX,Phoenix,89.6,2026-09-16T11:00:00+00:00
2026-09-16T11:19:00+00:00,KPHX,Phoenix,89.6,2026-09-16T10:55:00+00:00
2026-09-16T11:19:00+00:00,KPHX,Phoenix,89.06,2026-09-16T10:51:00+00:00
2026-09-16T11:19:00+00:00,KPHX,Phoenix,89.6,2026-09-16T10:50:00+00:00
2026-09-16T11:19:00+00:00,KPHX,Phoenix,89.6,2026-09-16T10:45:00+00:00
2026-09-16T11:19:00+00:00,KDCA,Washington DC,64.4,2026-09-16T11:05:00+00:00
2026-09-16T11:19:00+00:00,KDCA,Washington DC,64.4,2026-09-16T11:00:00+00:00
2026-09-16T11:19:00+00:00,KDCA,Washington DC,64.4,2026-09-16T10:55:00+00:00
2026-09-16T11:19:00+00:00,KDCA,Washington DC,64.94,2026-09-16T10:52:00+00:00
2026-09-16T11:19:00+00:00,KDCA,Washington DC,64.4,2026-09-16T10:50:00+00:00
2026-09-16T11:19:00+00:00,KDCA,Washington DC,64.4,2026-09-16T10:45:00+00:00
2026-09-16T11:19:00+00:00,KATL,Atlanta,73.4,2026-09-16T11:05:00+00:00
2026-09-16T11:19:00+00:00,KATL,Atlanta,73.4,2026-09-16T11:00:00+00:00
2026-09-16T11:19:00+00:00,KATL,Atlanta,73.4,2026-09-16T10:55:00+00:00
2026-09-16T11:19:00+00:00,KATL,Atlanta,73.04,2026-09-16T10:52:00+00:00
2026-09-16T11:19:00+00:00,KATL,Atlanta,73.4,2026-09-16T10:50:00+00:00
2026-09-16T11:19:00+00:00,KDFW,Dallas,82.4,2026-09-16T11:05:00+00:00
2026-09-16T11:19:00+00:00,KDFW,Dallas,82.4,2026-09-16T11:00:00+00:00
2026-09-16T11:19:00+00:00,KDFW,Dallas,82.4,2026-09-16T10:55:00+00:00
2026-09-16T11:19:00+00:00,KDFW,Dallas,82.04,2026-09-16T10:53:00+00:00
2026-09-16T11:19:00+00:00,KDFW,Dallas,82.4,2026-09-16T10:50:00+00:00
2026-09-16T11:19:00+00:00,KSEA,Seattle,55.4,2026-09-16T11:00:00+00:00
2026-09-16T11:19:00+00:00,KSEA,Seattle,55.4,2026-09-16T10:55:00+00:00
2026-09-16T11:19:00+00:00,KSEA,Seattle,55.94,2026-09-16T10:53:00+00:00
2026-09-16T11:19:00+00:00,KSEA,Seattle,55.4,2026-09-16T10:50:00+00:00
2026-09-16T11:19:00+00:00,KLAS,Las Vegas,82.4,2026-09-16T11:00:00+00:00
2026-09-16T11:19:00+00:00,KLAS,Las Vegas,82.04,2026-09-16T10:56:00+00:00
2026-09-16T11:19:00+00:00,KLAS,Las Vegas,82.4,2026-09-16T10:55:00+00:00
2026-09-16T11:19:00+00:00,KLAS,Las Vegas,82.4,2026-09-16T10:50:00+00:00
2026-09-16T11:19:00+00:00,KOKC,Oklahoma City,77.0,2026-09-16T11:05:00+00:00
2026-09-16T11:19:00+00:00,KOKC,Oklahoma City,77.0,2026-09-16T11:00:00+00:00
2026-09-16T11:19:00+00:00,KOKC,Oklahoma City,77.0,2026-09-16T10:55:00+00:00
2026-09-16T11:19:00+00:00,KOKC,Oklahoma City,77.0,2026-09-16T10:52:00+00:00
2026-09-16T11:19:00+00:00,KOKC,Oklahoma City,77.0,2026-09-16T10:50:00+00:00
2026-09-16T11:19:00+00:00,KBOS,Boston,59.0,2026-09-16T11:05:00+00:00
2026-09-16T11:19:00+00:00,KBOS,Boston,59.0,2026-09-16T11:00:00+00:00
2026-09-16T11:19:00+00:00,KBOS,Boston,57.2,2026-09-16T10:55:00+00:00
2026-09-16T11:19:00+00:00,KBOS,Boston,57.92,2026-09-16T10:54:00+00:00
2026-09-16T11:19:00+00:00,KBOS,Boston,57.2,2026-09-16T10:50:00+00:00
2026-09-16T11:19:00+00:00,KMSP,Minneapolis,51.8,2026-09-16T11:05:00+00:00
2026-09-16T11:19:00+00:00,KMSP,Minneapolis,51.8,2026-09-16T11:00:00+00:00
2026-09-16T11:19:00+00:00,KMSP,Minneapolis,51.8,2026-09-16T10:55:00+00:00
2026-09-16T11:19:00+00:00,KMSP,Minneapolis,51.98,2026-09-16T10:53:00+00:00
2026-09-16T11:19:00+00:00,KMSP,Minneapolis,51.8,2026-09-16T10:50:00+00:00
2026-09-16T11:19:00+00:00,KSAT,San Antonio,78.8,2026-09-16T11:05:00+00:00
2026-09-16T11:19:00+00:00,KSAT,San Antonio,78.8,2026-09-16T11:00:00+00:00
2026-09-16T11:19:00+00:00,KSAT,San Antonio,78.8,2026-09-16T10:55:00+00:00
2026-09-16T11:19:00+00:00,KSAT,San Antonio,78.98,2026-09-16T10:51:00+00:00
2026-09-16T11:19:00+00:00,KSAT,San Antonio,78.8,2026-09-16T10:50:00+00:00
2026-09-16T11:19:00+00:00,KMSY,New Orleans,82.4,2026-09-16T11:05:00+00:00
2026-09-16T11:19:00+00:00,KMSY,New Orleans,82.4,2026-09-16T11:00:00+00:00
2026-09-16T11:19:00+00:00,KMSY,New Orleans,82.4,2026-09-16T10:55:00+00:00
2026-09-16T11:19:00+00:00,KMSY,New Orleans,82.94,2026-09-16T10:53:00+00:00
2026-09-16T11:19:00+00:00,KMSY,New Orleans,82.4,2026-09-16T10:50:00+00:00
2026-09-16T11:19:00+00:00,KHOU,Houston,80.59,2026-09-16T11:05:00+00:00
2026-09-16T11:19:00+00:00,KHOU,Houston,78.8,2026-09-16T11:00:00+00:00
2026-09-16T11:19:00+00:00,KHOU,Houston,78.8,2026-09-16T10:55:00+00:00
2026-09-16T11:19:00+00:00,KHOU,Houston,78.98,2026-09-16T10:53:00+00:00
2026-09-16T11:19:00+00:00,KHOU,Houston,80.59,2026-09-16T10:50:00+00:00
2026-09-16T11:34:00+00:00,KMIA,Miami,80.59,2026-09-16T11:15:00+00:00
2026-09-16T11:34:00+00:00,KMIA,Miami,80.59,2026-09-16T11:10:00+00:00
2026-09-16T11:34:00+00:00,KDEN,Denver,53.6,2026-09-16T11:25:00+00:00
2026-09-16T11:34:00+00:00,KDEN,Denver,55.4,2026-09-16T11:20:00+00:00
2026-09-16T11:34:00+00:00,KDEN,Denver,55.4,2026-09-16T11:15:00+00:00
2026-09-16T11:34:00+00:00,KDEN,Denver,55.4,2026-09-16T11:10:00+00:00
2026-09-16T11:34:00+00:00,KDEN,Denver,55.4,2026-09-16T11:05:00+00:00
2026-09-16T11:34:00+00:00,KLAX,Los Angeles,69.8,2026-09-16T11:20:00+00:00
2026-09-16T11:34:00+00:00,KLAX,Los Angeles,69.8,2026-09-16T11:15:00+00:00
2026-09-16T11:34:00+00:00,KLAX,Los Angeles,69.8,2026-09-16T11:10:00+00:00
2026-09-16T11:34:00+00:00,KLAX,Los Angeles,69.8,2026-09-16T11:05:00+00:00
2026-09-16T11:34:00+00:00,KPHL,Philadelphia,64.4,2026-09-16T11:15:00+00:00
2026-09-16T11:34:00+00:00,KPHL,Philadelphia,62.6,2026-09-16T11:10:00+00:00
2026-09-16T11:34:00+00:00,KAUS,Austin,73.4,2026-09-16T11:15:00+00:00
2026-09-16T11:34:00+00:00,KAUS,Austin,73.4,2026-09-16T11:10:00+00:00
2026-09-16T11:34:00+00:00,KMDW,Chicago,69.8,2026-09-16T11:20:00+00:00
2026-09-16T11:34:00+00:00,KMDW,Chicago,68.0,2026-09-16T11:15:00+00:00
2026-09-16T11:34:00+00:00,KMDW,Chicago,68.0,2026-09-16T11:10:00+00:00
2026-09-16T11:34:00+00:00,KSFO,San Francisco,60.8,2026-09-16T11:20:00+00:00
2026-09-16T11:34:00+00:00,KSFO,San Francisco,60.8,2026-09-16T11:15:00+00:00
2026-09-16T11:34:00+00:00,KSFO,San Francisco,60.8,2026-09-16T11:10:00+00:00
2026-09-16T11:34:00+00:00,KSFO,San Francisco,59.0,2026-09-16T11:05:00+00:00
2026-09-16T11:34:00+00:00,KPHX,Phoenix,87.8,2026-09-16T11:25:00+00:00
2026-09-16T11:34:00+00:00,KPHX,Phoenix,87.8,2026-09-16T11:20:00+00:00
2026-09-16T11:34:00+00:00,KPHX,Phoenix,87.8,2026-09-16T11:15:00+00:00
2026-09-16T11:34:00+00:00,KPHX,Phoenix,89.6,2026-09-16T11:10:00+00:00
2026-09-16T11:34:00+00:00,KPHX,Phoenix,89.6,2026-09-16T11:05:00+00:00
2026-09-16T11:34:00+00:00,KDCA,Washington DC,64.4,2026-09-16T11:15:00+00:00
2026-09-16T11:34:00+00:00,KDCA,Washington DC,64.4,2026-09-16T11:10:00+00:00
2026-09-16T11:34:00+00:00,KATL,Atlanta,73.4,2026-09-16T11:15:00+00:00
2026-09-16T11:34:00+00:00,KATL,Atlanta,73.4,2026-09-16T11:10:00+00:00
2026-09-16T11:34:00+00:00,KDFW,Dallas,82.4,2026-09-16T11:20:00+00:00
2026-09-16T11:34:00+00:00,KDFW,Dallas,82.4,2026-09-16T11:15:00+00:00
2026-09-16T11:34:00+00:00,KDFW,Dallas,82.4,2026-09-16T11:10:00+00:00
2026-09-16T11:34:00+00:00,KSEA,Seattle,55.4,2026-09-16T11:20:00+00:00
2026-09-16T11:34:00+00:00,KSEA,Seattle,55.4,2026-09-16T11:15:00+00:00
2026-09-16T11:34:00+00:00,KSEA,Seattle,55.4,2026-09-16T11:10:00+00:00
2026-09-16T11:34:00+00:00,KSEA,Seattle,55.4,2026-09-16T11:05:00+00:00
2026-09-16T11:34:00+00:00,KLAS,Las Vegas,82.4,2026-09-16T11:25:00+00:00
2026-09-16T11:34:00+00:00,KLAS,Las Vegas,82.4,2026-09-16T11:20:00+00:00
2026-09-16T11:34:00+00:00,KLAS,Las Vegas,82.4,2026-09-16T11:15:00+00:00
2026-09-16T11:34:00+00:00,KLAS,Las Vegas,82.4,2026-09-16T11:10:00+00:00
2026-09-16T11:34:00+00:00,KLAS,Las Vegas,82.4,2026-09-16T11:05:00+00:00
2026-09-16T11:34:00+00:00,KOKC,Oklahoma City,77.0,2026-09-16T11:20:00+00:00
2026-09-16T11:34:00+00:00,KOKC,Oklahoma City,77.0,2026-09-16T11:15:00+00:00
2026-09-16T11:34:00+00:00,KOKC,Oklahoma City,77.0,2026-09-16T11:10:00+00:00
2026-09-16T11:34:00+00:00,KBOS,Boston,60.8,2026-09-16T11:20:00+00:00
2026-09-16T11:34:00+00:00,KBOS,Boston,60.8,2026-09-16T11:15:00+00:00
2026-09-16T11:34:00+00:00,KBOS,Boston,59.0,2026-09-16T11:10:00+00:00
2026-09-16T11:34:00+00:00,KMSP,Minneapolis,51.8,2026-09-16T11:20:00+00:00
2026-09-16T11:34:00+00:00,KMSP,Minneapolis,51.8,2026-09-16T11:15:00+00:00
2026-09-16T11:34:00+00:00,KMSP,Minneapolis,51.8,2026-09-16T11:10:00+00:00
2026-09-16T11:34:00+00:00,KSAT,San Antonio,78.8,2026-09-16T11:20:00+00:00
2026-09-16T11:34:00+00:00,KSAT,San Antonio,78.8,2026-09-16T11:15:00+00:00
2026-09-16T11:34:00+00:00,KSAT,San Antonio,78.8,2026-09-16T11:10:00+00:00
2026-09-16T11:34:00+00:00,KMSY,New Orleans,84.2,2026-09-16T11:20:00+00:00
2026-09-16T11:34:00+00:00,KMSY,New Orleans,84.2,2026-09-16T11:15:00+00:00
2026-09-16T11:34:00+00:00,KMSY,New Orleans,84.2,2026-09-16T11:10:00+00:00
2026-09-16T11:34:00+00:00,KHOU,Houston,80.59,2026-09-16T11:15:00+00:00
2026-09-16T11:34:00+00:00,KHOU,Houston,80.59,2026-09-16T11:10:00+00:00
2026-09-16T11:49:00+00:00,KMIA,Miami,80.59,2026-09-16T11:30:00+00:00
2026-09-16T11:49:00+00:00,KMIA,Miami,80.59,2026-09-16T11:25:00+00:00
2026-09-16T11:49:00+00:00,KMIA,Miami,82.4,2026-09-16T11:20:00+00:00
2026-09-16T11:49:00+00:00,KDEN,Denver,53.6,2026-09-16T11:30:00+00:00
2026-09-16T11:49:00+00:00,KLAX,Los Angeles,69.8,2026-09-16T11:30:00+00:00
2026-09-16T11:49:00+00:00,KLAX,Los Angeles,69.8,2026-09-16T11:25:00+00:00
2026-09-16T11:49:00+00:00,KPHL,Philadelphia,64.4,2026-09-16T11:30:00+00:00
2026-09-16T11:49:00+00:00,KPHL,Philadelphia,64.4,2026-09-16T11:25:00+00:00
2026-09-16T11:49:00+00:00,KPHL,Philadelphia,62.6,2026-09-16T11:20:00+00:00
2026-09-16T11:49:00+00:00,KAUS,Austin,73.4,2026-09-16T11:35:00+00:00
2026-09-16T11:49:00+00:00,KAUS,Austin,73.4,2026-09-16T11:30:00+00:00
2026-09-16T11:49:00+00:00,KAUS,Austin,73.4,2026-09-16T11:25:00+00:00
2026-09-16T11:49:00+00:00,KAUS,Austin,73.4,2026-09-16T11:20:00+00:00
2026-09-16T11:49:00+00:00,KMDW,Chicago,69.8,2026-09-16T11:25:00+00:00
2026-09-16T11:49:00+00:00,KSFO,San Francisco,60.8,2026-09-16T11:30:00+00:00
2026-09-16T11:49:00+00:00,KSFO,San Francisco,60.8,2026-09-16T11:25:00+00:00
2026-09-16T11:49:00+00:00,KPHX,Phoenix,87.8,2026-09-16T11:30:00+00:00
2026-09-16T11:49:00+00:00,KDCA,Washington DC,66.2,2026-09-16T11:30:00+00:00
2026-09-16T11:49:00+00:00,KDCA,Washington DC,64.4,2026-09-16T11:25:00+00:00
2026-09-16T11:49:00+00:00,KDCA,Washington DC,64.4,2026-09-16T11:20:00+00:00
2026-09-16T11:49:00+00:00,KATL,Atlanta,73.4,2026-09-16T11:30:00+00:00
2026-09-16T11:49:00+00:00,KATL,Atlanta,73.4,2026-09-16T11:25:00+00:00
2026-09-16T11:49:00+00:00,KATL,Atlanta,73.4,2026-09-16T11:20:00+00:00
2026-09-16T11:49:00+00:00,KDFW,Dallas,80.59,2026-09-16T11:35:00+00:00
2026-09-16T11:49:00+00:00,KDFW,Dallas,82.4,2026-09-16T11:30:00+00:00
2026-09-16T11:49:00+00:00,KDFW,Dallas,82.4,2026-09-16T11:25:00+00:00
2026-09-16T11:49:00+00:00,KSEA,Seattle,53.6,2026-09-16T11:30:00+00:00
2026-09-16T11:49:00+00:00,KSEA,Seattle,55.4,2026-09-16T11:25:00+00:00
2026-09-16T11:49:00+00:00,KLAS,Las Vegas,82.4,2026-09-16T11:35:00+00:00
2026-09-16T11:49:00+00:00,KLAS,Las Vegas,82.4,2026-09-16T11:30:00+00:00
2026-09-16T11:49:00+00:00,KOKC,Oklahoma City,77.0,2026-09-16T11:35:00+00:00
2026-09-16T11:49:00+00:00,KOKC,Oklahoma City,77.0,2026-09-16T11:30:00+00:00
2026-09-16T11:49:00+00:00,KOKC,Oklahoma City,77.0,2026-09-16T11:25:00+00:00
2026-09-16T11:49:00+00:00,KBOS,Boston,60.8,2026-09-16T11:25:00+00:00
2026-09-16T11:49:00+00:00,KMSP,Minneapolis,53.6,2026-09-16T11:30:00+00:00
2026-09-16T11:49:00+00:00,KMSP,Minneapolis,51.8,2026-09-16T11:25:00+00:00
2026-09-16T11:49:00+00:00,KSAT,San Antonio,78.8,2026-09-16T11:35:00+00:00
2026-09-16T11:49:00+00:00,KSAT,San Antonio,78.8,2026-09-16T11:30:00+00:00
2026-09-16T11:49:00+00:00,KSAT,San Antonio,78.8,2026-09-16T11:25:00+00:00
2026-09-16T11:49:00+00:00,KMSY,New Orleans,84.2,2026-09-16T11:35:00+00:00
2026-09-16T11:49:00+00:00,KMSY,New Orleans,84.2,2026-09-16T11:30:00+00:00
2026-09-16T11:49:00+00:00,KMSY,New Orleans,84.2,2026-09-16T11:25:00+00:00
2026-09-16T11:49:00+00:00,KHOU,Houston,80.59,2026-09-16T11:35:00+00:00
2026-09-16T11:49:00+00:00,KHOU,Houston,80.59,2026-09-16T11:30:00+00:00
2026-09-16T11:49:00+00:00,KHOU,Houston,80.59,2026-09-16T11:25:00+00:00
2026-09-16T11:49:00+00:00,KHOU,Houston,80.59,2026-09-16T11:20:00+00:00
2026-09-16T12:04:00+00:00,KMIA,Miami,82.4,2026-09-16T11:40:00+00:00
2026-09-16T12:04:00+00:00,KMIA,Miami,82.4,2026-09-16T11:35:00+00:00
2026-09-16T12:04:00+00:00,KDEN,Denver,55.4,2026-09-16T11:45:00+00:00
2026-09-16T12:04:00+00:00,KDEN,Denver,55.4,2026-09-16T11:40:00+00:00
2026-09-16T12:04:00+00:00,KDEN,Denver,55.4,2026-09-16T11:35:00+00:00
2026-09-16T12:04:00+00:00,KLAX,Los Angeles,69.8,2026-09-16T11:45:00+00:00
2026-09-16T12:04:00+00:00,KLAX,Los Angeles,69.8,2026-09-16T11:40:00+00:00
2026-09-16T12:04:00+00:00,KLAX,Los Angeles,69.8,2026-09-16T11:35:00+00:00
2026-09-16T12:04:00+00:00,KPHL,Philadelphia,64.4,2026-09-16T11:40:00+00:00
2026-09-16T12:04:00+00:00,KPHL,Philadelphia,64.4,2026-09-16T11:35:00+00:00
2026-09-16T12:04:00+00:00,KAUS,Austin,73.4,2026-09-16T11:45:00+00:00
2026-09-16T12:04:00+00:00,KAUS,Austin,73.4,2026-09-16T11:40:00+00:00
2026-09-16T12:04:00+00:00,KMDW,Chicago,69.8,2026-09-16T11:40:00+00:00
2026-09-16T12:04:00+00:00,KMDW,Chicago,69.8,2026-09-16T11:35:00+00:00
2026-09-16T12:04:00+00:00,KMDW,Chicago,69.8,2026-09-16T11:30:00+00:00
2026-09-16T12:04:00+00:00,KSFO,San Francisco,59.0,2026-09-16T11:45:00+00:00
2026-09-16T12:04:00+00:00,KSFO,San Francisco,60.8,2026-09-16T11:40:00+00:00
2026-09-16T12:04:00+00:00,KSFO,San Francisco,60.8,2026-09-16T11:35:00+00:00
2026-09-16T12:04:00+00:00,KPHX,Phoenix,87.8,2026-09-16T11:40:00+00:00
2026-09-16T12:04:00+00:00,KPHX,Phoenix,87.8,2026-09-16T11:35:00+00:00
2026-09-16T12:04:00+00:00,KDCA,Washington DC,66.2,2026-09-16T11:40:00+00:00
2026-09-16T12:04:00+00:00,KDCA,Washington DC,66.2,2026-09-16T11:35:00+00:00
2026-09-16T12:04:00+00:00,KATL,Atlanta,73.4,2026-09-16T11:45:00+00:00
2026-09-16T12:04:00+00:00,KATL,Atlanta,73.4,2026-09-16T11:40:00+00:00
2026-09-16T12:04:00+00:00,KATL,Atlanta,73.4,2026-09-16T11:35:00+00:00
2026-09-16T12:04:00+00:00,KDFW,Dallas,82.4,2026-09-16T11:45:00+00:00
2026-09-16T12:04:00+00:00,KDFW,Dallas,80.59,2026-09-16T11:40:00+00:00
2026-09-16T12:04:00+00:00,KSEA,Seattle,55.4,2026-09-16T11:40:00+00:00
2026-09-16T12:04:00+00:00,KSEA,Seattle,55.4,2026-09-16T11:35:00+00:00
2026-09-16T12:04:00+00:00,KLAS,Las Vegas,80.59,2026-09-16T11:45:00+00:00
2026-09-16T12:04:00+00:00,KLAS,Las Vegas,82.4,2026-09-16T11:40:00+00:00
2026-09-16T12:04:00+00:00,KOKC,Oklahoma City,77.0,2026-09-16T11:45:00+00:00
2026-09-16T12:04:00+00:00,KOKC,Oklahoma City,77.0,2026-09-16T11:40:00+00:00
2026-09-16T12:04:00+00:00,KBOS,Boston,62.6,2026-09-16T11:45:00+00:00
2026-09-16T12:04:00+00:00,KBOS,Boston,62.6,2026-09-16T11:40:00+00:00
2026-09-16T12:04:00+00:00,KBOS,Boston,60.8,2026-09-16T11:35:00+00:00
2026-09-16T12:04:00+00:00,KMSP,Minneapolis,53.6,2026-09-16T11:35:00+00:00
2026-09-16T12:04:00+00:00,KSAT,San Antonio,78.8,2026-09-16T11:45:00+00:00
2026-09-16T12:04:00+00:00,KSAT,San Antonio,78.8,2026-09-16T11:40:00+00:00
2026-09-16T12:04:00+00:00,KMSY,New Orleans,84.2,2026-09-16T11:45:00+00:00
2026-09-16T12:04:00+00:00,KMSY,New Orleans,84.2,2026-09-16T11:40:00+00:00
2026-09-16T12:04:00+00:00,KHOU,Houston,80.59,2026-09-16T11:45:00+00:00
2026-09-16T12:04:00+00:00,KHOU,Houston,80.59,2026-09-16T11:40:00+00:00
2026-09-16T12:19:00+00:00,KNYC,New York City,64.94,2026-09-16T11:51:00+00:00
2026-09-16T12:19:00+00:00,KMIA,Miami,82.4,2026-09-16T12:00:00+00:00
2026-09-16T12:19:00+00:00,KMIA,Miami,82.4,2026-09-16T11:55:00+00:00
2026-09-16T12:19:00+00:00,KMIA,Miami,82.04,2026-09-16T11:53:00+00:00
2026-09-16T12:19:00+00:00,KMIA,Miami,82.4,2026-09-16T11:50:00+00:00
2026-09-16T12:19:00+00:00,KMIA,Miami,82.4,2026-09-16T11:45:00+00:00
2026-09-16T12:19:00+00:00,KDEN,Denver,55.4,2026-09-16T12:05:00+00:00
2026-09-16T12:19:00+00:00,KDEN,Denver,55.4,2026-09-16T12:00:00+00:00
2026-09-16T12:19:00+00:00,KDEN,Denver,55.4,2026-09-16T11:55:00+00:00
2026-09-16T12:19:00+00:00,KDEN,Denver,55.04,2026-09-16T11:53:00+00:00
2026-09-16T12:19:00+00:00,KDEN,Denver,55.4,2026-09-16T11:50:00+00:00
2026-09-16T12:19:00+00:00,KLAX,Los Angeles,69.8,2026-09-16T12:05:00+00:00
2026-09-16T12:19:00+00:00,KLAX,Los Angeles,69.8,2026-09-16T12:00:00+00:00
2026-09-16T12:19:00+00:00,KLAX,Los Angeles,69.8,2026-09-16T11:55:00+00:00
2026-09-16T12:19:00+00:00,KLAX,Los Angeles,69.98,2026-09-16T11:53:00+00:00
2026-09-16T12:19:00+00:00,KLAX,Los Angeles,69.8,2026-09-16T11:50:00+00:00
2026-09-16T12:19:00+00:00,KPHL,Philadelphia,66.2,2026-09-16T12:00:00+00:00
2026-09-16T12:19:00+00:00,KPHL,Philadelphia,66.2,2026-09-16T11:55:00+00:00
2026-09-16T12:19:00+00:00,KPHL,Philadelphia,66.02,2026-09-16T11:54:00+00:00
2026-09-16T12:19:00+00:00,KPHL,Philadelphia,66.2,2026-09-16T11:50:00+00:00
2026-09-16T12:19:00+00:00,KPHL,Philadelphia,64.4,2026-09-16T11:45:00+00:00
2026-09-16T12:19:00+00:00,KAUS,Austin,75.2,2026-09-16T12:00:00+00:00
2026-09-16T12:19:00+00:00,KAUS,Austin,73.4,2026-09-16T11:55:00+00:00
2026-09-16T12:19:00+00:00,KAUS,Austin,73.04,2026-09-16T11:53:00+00:00
2026-09-16T12:19:00+00:00,KAUS,Austin,73.4,2026-09-16T11:50:00+00:00
2026-09-16T12:19:00+00:00,KMDW,Chicago,69.8,2026-09-16T12:00:00+00:00
2026-09-16T12:19:00+00:00,KMDW,Chicago,69.8,2026-09-16T11:55:00+00:00
2026-09-16T12:19:00+00:00,KMDW,Chicago,69.08,2026-09-16T11:53:00+00:00
2026-09-16T12:19:00+00:00,KMDW,Chicago,69.8,2026-09-16T11:50:00+00:00
2026-09-16T12:19:00+00:00,KMDW,Chicago,69.8,2026-09-16T11:45:00+00:00
2026-09-16T12:19:00+00:00,KSFO,San Francisco,59.0,2026-09-16T12:00:00+00:00
2026-09-16T12:19:00+00:00,KSFO,San Francisco,59.0,2026-09-16T11:56:00+00:00
2026-09-16T12:19:00+00:00,KSFO,San Francisco,59.0,2026-09-16T11:55:00+00:00
2026-09-16T12:19:00+00:00,KSFO,San Francisco,59.0,2026-09-16T11:50:00+00:00
2026-09-16T12:19:00+00:00,KPHX,Phoenix,87.8,2026-09-16T12:05:00+00:00
2026-09-16T12:19:00+00:00,KPHX,Phoenix,87.8,2026-09-16T12:00:00+00:00
2026-09-16T12:19:00+00:00,KPHX,Phoenix,87.8,2026-09-16T11:55:00+00:00
2026-09-16T12:19:00+00:00,KPHX,Phoenix,87.08,2026-09-16T11:51:00+00:00
2026-09-16T12:19:00+00:00,KPHX,Phoenix,87.8,2026-09-16T11:50:00+00:00
2026-09-16T12:19:00+00:00,KPHX,Phoenix,87.8,2026-09-16T11:45:00+00:00
2026-09-16T12:19:00+00:00,KDCA,Washington DC,66.2,2026-09-16T12:00:00+00:00
2026-09-16T12:19:00+00:00,KDCA,Washington DC,66.2,2026-09-16T11:55:00+00:00
2026-09-16T12:19:00+00:00,KDCA,Washington DC,66.92,2026-09-16T11:52:00+00:00
2026-09-16T12:19:00+00:00,KDCA,Washington DC,66.2,2026-09-16T11:50:00+00:00
2026-09-16T12:19:00+00:00,KDCA,Washington DC,66.2,2026-09-16T11:45:00+00:00
2026-09-16T12:19:00+00:00,KATL,Atlanta,73.4,2026-09-16T12:00:00+00:00
2026-09-16T12:19:00+00:00,KATL,Atlanta,73.4,2026-09-16T11:55:00+00:00
2026-09-16T12:19:00+00:00,KATL,Atlanta,73.04,2026-09-16T11:52:00+00:00
2026-09-16T12:19:00+00:00,KATL,Atlanta,73.4,2026-09-16T11:50:00+00:00
2026-09-16T12:19:00+00:00,KDFW,Dallas,80.59,2026-09-16T12:00:00+00:00
2026-09-16T12:19:00+00:00,KDFW,Dallas,80.59,2026-09-16T11:55:00+00:00
2026-09-16T12:19:00+00:00,KDFW,Dallas,80.95,2026-09-16T11:53:00+00:00
2026-09-16T12:19:00+00:00,KDFW,Dallas,80.59,2026-09-16T11:50:00+00:00
2026-09-16T12:19:00+00:00,KSEA,Seattle,53.6,2026-09-16T12:00:00+00:00
2026-09-16T12:19:00+00:00,KSEA,Seattle,53.96,2026-09-16T11:53:00+00:00
2026-09-16T12:19:00+00:00,KSEA,Seattle,55.4,2026-09-16T11:45:00+00:00
2026-09-16T12:19:00+00:00,KLAS,Las Vegas,80.59,2026-09-16T12:05:00+00:00
2026-09-16T12:19:00+00:00,KLAS,Las Vegas,80.59,2026-09-16T12:00:00+00:00
2026-09-16T12:19:00+00:00,KLAS,Las Vegas,80.95,2026-09-16T11:56:00+00:00
2026-09-16T12:19:00+00:00,KLAS,Las Vegas,80.59,2026-09-16T11:55:00+00:00
2026-09-16T12:19:00+00:00,KLAS,Las Vegas,80.59,2026-09-16T11:50:00+00:00
2026-09-16T12:19:00+00:00,KOKC,Oklahoma City,77.0,2026-09-16T12:00:00+00:00
2026-09-16T12:19:00+00:00,KOKC,Oklahoma City,77.0,2026-09-16T11:55:00+00:00
2026-09-16T12:19:00+00:00,KOKC,Oklahoma City,77.0,2026-09-16T11:52:00+00:00
2026-09-16T12:19:00+00:00,KOKC,Oklahoma City,77.0,2026-09-16T11:50:00+00:00
2026-09-16T12:19:00+00:00,KBOS,Boston,62.6,2026-09-16T12:00:00+00:00
2026-09-16T12:19:00+00:00,KBOS,Boston,62.6,2026-09-16T11:55:00+00:00
2026-09-16T12:19:00+00:00,KBOS,Boston,62.95,2026-09-16T11:54:00+00:00
2026-09-16T12:19:00+00:00,KBOS,Boston,62.6,2026-09-16T11:50:00+00:00
2026-09-16T12:19:00+00:00,KMSP,Minneapolis,53.6,2026-09-16T12:00:00+00:00
2026-09-16T12:19:00+00:00,KMSP,Minneapolis,53.6,2026-09-16T11:55:00+00:00
2026-09-16T12:19:00+00:00,KMSP,Minneapolis,53.96,2026-09-16T11:53:00+00:00
2026-09-16T12:19:00+00:00,KMSP,Minneapolis,55.4,2026-09-16T11:50:00+00:00
2026-09-16T12:19:00+00:00,KSAT,San Antonio,78.8,2026-09-16T12:00:00+00:00
2026-09-16T12:19:00+00:00,KSAT,San Antonio,78.8,2026-09-16T11:55:00+00:00
2026-09-16T12:19:00+00:00,KSAT,San Antonio,78.08,2026-09-16T11:51:00+00:00
2026-09-16T12:19:00+00:00,KSAT,San Antonio,78.8,2026-09-16T11:50:00+00:00
2026-09-16T12:19:00+00:00,KMSY,New Orleans,84.2,2026-09-16T12:00:00+00:00
2026-09-16T12:19:00+00:00,KMSY,New Orleans,84.2,2026-09-16T11:55:00+00:00
2026-09-16T12:19:00+00:00,KMSY,New Orleans,84.02,2026-09-16T11:53:00+00:00
2026-09-16T12:19:00+00:00,KMSY,New Orleans,84.2,2026-09-16T11:50:00+00:00
2026-09-16T12:19:00+00:00,KHOU,Houston,80.59,2026-09-16T12:00:00+00:00
2026-09-16T12:19:00+00:00,KHOU,Houston,80.59,2026-09-16T11:55:00+00:00
2026-09-16T12:19:00+00:00,KHOU,Houston,80.06,2026-09-16T11:53:00+00:00
2026-09-16T12:19:00+00:00,KHOU,Houston,80.59,2026-09-16T11:50:00+00:00
2026-09-16T12:34:00+00:00,KMIA,Miami,84.2,2026-09-16T12:20:00+00:00
2026-09-16T12:34:00+00:00,KMIA,Miami,84.2,2026-09-16T12:15:00+00:00
2026-09-16T12:34:00+00:00,KMIA,Miami,84.2,2026-09-16T12:10:00+00:00
2026-09-16T12:34:00+00:00,KMIA,Miami,82.4,2026-09-16T12:05:00+00:00
2026-09-16T12:34:00+00:00,KDEN,Denver,55.4,2026-09-16T12:20:00+00:00
2026-09-16T12:34:00+00:00,KDEN,Denver,55.4,2026-09-16T12:15:00+00:00
2026-09-16T12:34:00+00:00,KDEN,Denver,55.4,2026-09-16T12:10:00+00:00
2026-09-16T12:34:00+00:00,KLAX,Los Angeles,69.8,2026-09-16T12:15:00+00:00
2026-09-16T12:34:00+00:00,KLAX,Los Angeles,69.8,2026-09-16T12:10:00+00:00
2026-09-16T12:34:00+00:00,KPHL,Philadelphia,66.2,2026-09-16T12:15:00+00:00
2026-09-16T12:34:00+00:00,KPHL,Philadelphia,66.2,2026-09-16T12:10:00+00:00
2026-09-16T12:34:00+00:00,KPHL,Philadelphia,66.2,2026-09-16T12:05:00+00:00
2026-09-16T12:34:00+00:00,KAUS,Austin,75.2,2026-09-16T12:15:00+00:00
2026-09-16T12:34:00+00:00,KAUS,Austin,75.2,2026-09-16T12:10:00+00:00
2026-09-16T12:34:00+00:00,KAUS,Austin,75.2,2026-09-16T12:05:00+00:00
2026-09-16T12:34:00+00:00,KMDW,Chicago,69.8,2026-09-16T12:15:00+00:00
2026-09-16T12:34:00+00:00,KMDW,Chicago,69.8,2026-09-16T12:10:00+00:00
2026-09-16T12:34:00+00:00,KMDW,Chicago,69.8,2026-09-16T12:05:00+00:00
2026-09-16T12:34:00+00:00,KSFO,San Francisco,59.0,2026-09-16T12:15:00+00:00
2026-09-16T12:34:00+00:00,KSFO,San Francisco,59.0,2026-09-16T12:10:00+00:00
2026-09-16T12:34:00+00:00,KSFO,San Francisco,59.0,2026-09-16T12:05:00+00:00
2026-09-16T12:34:00+00:00,KPHX,Phoenix,87.8,2026-09-16T12:15:00+00:00
2026-09-16T12:34:00+00:00,KPHX,Phoenix,87.8,2026-09-16T12:10:00+00:00
2026-09-16T12:34:00+00:00,KDCA,Washington DC,68.0,2026-09-16T12:15:00+00:00
2026-09-16T12:34:00+00:00,KDCA,Washington DC,68.0,2026-09-16T12:10:00+00:00
2026-09-16T12:34:00+00:00,KDCA,Washington DC,66.2,2026-09-16T12:05:00+00:00
2026-09-16T12:34:00+00:00,KATL,Atlanta,73.4,2026-09-16T12:15:00+00:00
2026-09-16T12:34:00+00:00,KATL,Atlanta,73.4,2026-09-16T12:10:00+00:00
2026-09-16T12:34:00+00:00,KATL,Atlanta,73.4,2026-09-16T12:05:00+00:00
2026-09-16T12:34:00+00:00,KDFW,Dallas,80.59,2026-09-16T12:15:00+00:00
2026-09-16T12:34:00+00:00,KDFW,Dallas,80.59,2026-09-16T12:10:00+00:00
2026-09-16T12:34:00+00:00,KDFW,Dallas,80.59,2026-09-16T12:05:00+00:00
2026-09-16T12:34:00+00:00,KSEA,Seattle,53.6,2026-09-16T12:10:00+00:00
2026-09-16T12:34:00+00:00,KSEA,Seattle,53.6,2026-09-16T12:05:00+00:00
2026-09-16T12:34:00+00:00,KSEA,Seattle,53.6,2026-09-16T11:55:00+00:00
2026-09-16T12:34:00+00:00,KLAS,Las Vegas,80.59,2026-09-16T12:15:00+00:00
2026-09-16T12:34:00+00:00,KLAS,Las Vegas,80.59,2026-09-16T12:10:00+00:00
2026-09-16T12:34:00+00:00,KOKC,Oklahoma City,77.0,2026-09-16T12:15:00+00:00
2026-09-16T12:34:00+00:00,KOKC,Oklahoma City,77.0,2026-09-16T12:10:00+00:00
2026-09-16T12:34:00+00:00,KOKC,Oklahoma City,77.0,2026-09-16T12:05:00+00:00
2026-09-16T12:34:00+00:00,KBOS,Boston,62.6,2026-09-16T12:15:00+00:00
2026-09-16T12:34:00+00:00,KBOS,Boston,62.6,2026-09-16T12:10:00+00:00
2026-09-16T12:34:00+00:00,KBOS,Boston,62.6,2026-09-16T12:05:00+00:00
2026-09-16T12:34:00+00:00,KMSP,Minneapolis,55.4,2026-09-16T12:15:00+00:00
2026-09-16T12:34:00+00:00,KMSP,Minneapolis,53.6,2026-09-16T12:10:00+00:00
2026-09-16T12:34:00+00:00,KMSP,Minneapolis,53.6,2026-09-16T12:05:00+00:00
2026-09-16T12:34:00+00:00,KSAT,San Antonio,77.0,2026-09-16T12:15:00+00:00
2026-09-16T12:34:00+00:00,KSAT,San Antonio,77.0,2026-09-16T12:10:00+00:00
2026-09-16T12:34:00+00:00,KSAT,San Antonio,78.8,2026-09-16T12:05:00+00:00
2026-09-16T12:34:00+00:00,KMSY,New Orleans,84.2,2026-09-16T12:20:00+00:00
2026-09-16T12:34:00+00:00,KMSY,New Orleans,84.2,2026-09-16T12:15:00+00:00
2026-09-16T12:34:00+00:00,KMSY,New Orleans,84.2,2026-09-16T12:10:00+00:00
2026-09-16T12:34:00+00:00,KMSY,New Orleans,84.2,2026-09-16T12:05:00+00:00
2026-09-16T12:34:00+00:00,KHOU,Houston,80.59,2026-09-16T12:15:00+00:00
2026-09-16T12:34:00+00:00,KHOU,Houston,80.59,2026-09-16T12:10:00+00:00
2026-09-16T12:34:00+00:00,KHOU,Houston,80.59,2026-09-16T12:05:00+00:00
2026-09-16T12:49:17+00:00,KMIA,Miami,84.2,2026-09-16T12:30:00+00:00
2026-09-16T12:49:17+00:00,KMIA,Miami,84.2,2026-09-16T12:25:00+00:00
2026-09-16T12:49:17+00:00,KDEN,Denver,55.4,2026-09-16T12:30:00+00:00
2026-09-16T12:49:17+00:00,KDEN,Denver,55.4,2026-09-16T12:25:00+00:00
2026-09-16T12:49:17+00:00,KLAX,Los Angeles,69.8,2026-09-16T12:30:00+00:00
2026-09-16T12:49:17+00:00,KLAX,Los Angeles,69.8,2026-09-16T12:25:00+00:00
2026-09-16T12:49:17+00:00,KLAX,Los Angeles,69.8,2026-09-16T12:20:00+00:00
2026-09-16T12:49:17+00:00,KPHL,Philadelphia,66.2,2026-09-16T12:30:00+00:00
2026-09-16T12:49:17+00:00,KPHL,Philadelphia,66.2,2026-09-16T12:25:00+00:00
2026-09-16T12:49:17+00:00,KPHL,Philadelphia,66.2,2026-09-16T12:20:00+00:00
2026-09-16T12:49:17+00:00,KAUS,Austin,75.2,2026-09-16T12:35:00+00:00
2026-09-16T12:49:17+00:00,KAUS,Austin,77.0,2026-09-16T12:30:00+00:00
2026-09-16T12:49:17+00:00,KAUS,Austin,75.2,2026-09-16T12:25:00+00:00
2026-09-16T12:49:17+00:00,KAUS,Austin,75.2,2026-09-16T12:20:00+00:00
2026-09-16T12:49:17+00:00,KAUS,Austin,75.02,2026-09-16T12:18:00+00:00
2026-09-16T12:49:17+00:00,KMDW,Chicago,69.8,2026-09-16T12:30:00+00:00
2026-09-16T12:49:17+00:00,KMDW,Chicago,69.8,2026-09-16T12:25:00+00:00
2026-09-16T12:49:17+00:00,KMDW,Chicago,69.8,2026-09-16T12:20:00+00:00
2026-09-16T12:49:17+00:00,KSFO,San Francisco,59.0,2026-09-16T12:35:00+00:00
2026-09-16T12:49:17+00:00,KSFO,San Francisco,59.0,2026-09-16T12:30:00+00:00
2026-09-16T12:49:17+00:00,KSFO,San Francisco,59.0,2026-09-16T12:25:00+00:00
2026-09-16T12:49:17+00:00,KSFO,San Francisco,59.0,2026-09-16T12:20:00+00:00
2026-09-16T12:49:17+00:00,KPHX,Phoenix,87.8,2026-09-16T12:30:00+00:00
2026-09-16T12:49:17+00:00,KPHX,Phoenix,87.8,2026-09-16T12:25:00+00:00
2026-09-16T12:49:17+00:00,KPHX,Phoenix,87.8,2026-09-16T12:20:00+00:00
2026-09-16T12:49:17+00:00,KDCA,Washington DC,69.8,2026-09-16T12:30:00+00:00
2026-09-16T12:49:17+00:00,KDCA,Washington DC,68.0,2026-09-16T12:25:00+00:00
2026-09-16T12:49:17+00:00,KDCA,Washington DC,68.0,2026-09-16T12:20:00+00:00
2026-09-16T12:49:17+00:00,KATL,Atlanta,75.2,2026-09-16T12:35:00+00:00
2026-09-16T12:49:17+00:00,KATL,Atlanta,73.4,2026-09-16T12:30:00+00:00
2026-09-16T12:49:17+00:00,KATL,Atlanta,73.4,2026-09-16T12:25:00+00:00
2026-09-16T12:49:17+00:00,KATL,Atlanta,73.4,2026-09-16T12:20:00+00:00
2026-09-16T12:49:17+00:00,KDFW,Dallas,80.59,2026-09-16T12:30:00+00:00
2026-09-16T12:49:17+00:00,KDFW,Dallas,80.59,2026-09-16T12:25:00+00:00
2026-09-16T12:49:17+00:00,KDFW,Dallas,80.59,2026-09-16T12:20:00+00:00
2026-09-16T12:49:17+00:00,KSEA,Seattle,53.6,2026-09-16T12:35:00+00:00
2026-09-16T12:49:17+00:00,KSEA,Seattle,53.6,2026-09-16T12:30:00+00:00
2026-09-16T12:49:17+00:00,KSEA,Seattle,53.6,2026-09-16T12:20:00+00:00
2026-09-16T12:49:17+00:00,KLAS,Las Vegas,80.59,2026-09-16T12:30:00+00:00
2026-09-16T12:49:17+00:00,KLAS,Las Vegas,80.59,2026-09-16T12:25:00+00:00
2026-09-16T12:49:17+00:00,KLAS,Las Vegas,80.59,2026-09-16T12:20:00+00:00
2026-09-16T12:49:17+00:00,KOKC,Oklahoma City,77.0,2026-09-16T12:30:00+00:00
2026-09-16T12:49:17+00:00,KOKC,Oklahoma City,77.0,2026-09-16T12:25:00+00:00
2026-09-16T12:49:17+00:00,KOKC,Oklahoma City,77.0,2026-09-16T12:20:00+00:00
2026-09-16T12:49:17+00:00,KBOS,Boston,62.6,2026-09-16T12:30:00+00:00
2026-09-16T12:49:17+00:00,KBOS,Boston,62.6,2026-09-16T12:25:00+00:00
2026-09-16T12:49:17+00:00,KBOS,Boston,62.6,2026-09-16T12:20:00+00:00
2026-09-16T12:49:17+00:00,KMSP,Minneapolis,55.4,2026-09-16T12:30:00+00:00
2026-09-16T12:49:17+00:00,KMSP,Minneapolis,55.4,2026-09-16T12:25:00+00:00
2026-09-16T12:49:17+00:00,KMSP,Minneapolis,55.4,2026-09-16T12:20:00+00:00
2026-09-16T12:49:17+00:00,KSAT,San Antonio,77.0,2026-09-16T12:30:00+00:00
2026-09-16T12:49:17+00:00,KSAT,San Antonio,77.0,2026-09-16T12:25:00+00:00
2026-09-16T12:49:17+00:00,KSAT,San Antonio,77.0,2026-09-16T12:20:00+00:00
2026-09-16T12:49:17+00:00,KMSY,New Orleans,84.2,2026-09-16T12:30:00+00:00
2026-09-16T12:49:17+00:00,KMSY,New Orleans,84.2,2026-09-16T12:25:00+00:00
2026-09-16T12:49:17+00:00,KHOU,Houston,80.59,2026-09-16T12:35:00+00:00
2026-09-16T12:49:17+00:00,KHOU,Houston,80.59,2026-09-16T12:30:00+00:00
2026-09-16T12:49:17+00:00,KHOU,Houston,80.59,2026-09-16T12:25:00+00:00
2026-09-16T12:49:17+00:00,KHOU,Houston,80.59,2026-09-16T12:20:00+00:00
2026-09-16T12:49:00+00:00,KMIA,Miami,84.2,2026-09-16T12:30:00+00:00
2026-09-16T12:49:00+00:00,KMIA,Miami,84.2,2026-09-16T12:25:00+00:00
2026-09-16T12:49:00+00:00,KDEN,Denver,55.4,2026-09-16T12:30:00+00:00
2026-09-16T12:49:00+00:00,KDEN,Denver,55.4,2026-09-16T12:25:00+00:00
2026-09-16T12:49:00+00:00,KLAX,Los Angeles,69.8,2026-09-16T12:30:00+00:00
2026-09-16T12:49:00+00:00,KLAX,Los Angeles,69.8,2026-09-16T12:25:00+00:00
2026-09-16T12:49:00+00:00,KLAX,Los Angeles,69.8,2026-09-16T12:20:00+00:00
2026-09-16T12:49:00+00:00,KPHL,Philadelphia,66.2,2026-09-16T12:30:00+00:00
2026-09-16T12:49:00+00:00,KPHL,Philadelphia,66.2,2026-09-16T12:25:00+00:00
2026-09-16T12:49:00+00:00,KPHL,Philadelphia,66.2,2026-09-16T12:20:00+00:00
2026-09-16T12:49:00+00:00,KAUS,Austin,75.2,2026-09-16T12:25:00+00:00
2026-09-16T12:49:00+00:00,KAUS,Austin,75.2,2026-09-16T12:20:00+00:00
2026-09-16T12:49:00+00:00,KAUS,Austin,75.02,2026-09-16T12:18:00+00:00
2026-09-16T12:49:00+00:00,KMDW,Chicago,69.8,2026-09-16T12:30:00+00:00
2026-09-16T12:49:00+00:00,KMDW,Chicago,69.8,2026-09-16T12:25:00+00:00
2026-09-16T12:49:00+00:00,KMDW,Chicago,69.8,2026-09-16T12:20:00+00:00
2026-09-16T12:49:00+00:00,KSFO,San Francisco,59.0,2026-09-16T12:25:00+00:00
2026-09-16T12:49:00+00:00,KSFO,San Francisco,59.0,2026-09-16T12:20:00+00:00
2026-09-16T12:49:00+00:00,KPHX,Phoenix,87.8,2026-09-16T12:30:00+00:00
2026-09-16T12:49:00+00:00,KPHX,Phoenix,87.8,2026-09-16T12:25:00+00:00
2026-09-16T12:49:00+00:00,KPHX,Phoenix,87.8,2026-09-16T12:20:00+00:00
2026-09-16T12:49:00+00:00,KDCA,Washington DC,69.8,2026-09-16T12:30:00+00:00
2026-09-16T12:49:00+00:00,KDCA,Washington DC,68.0,2026-09-16T12:25:00+00:00
2026-09-16T12:49:00+00:00,KDCA,Washington DC,68.0,2026-09-16T12:20:00+00:00
2026-09-16T12:49:00+00:00,KATL,Atlanta,73.4,2026-09-16T12:25:00+00:00
2026-09-16T12:49:00+00:00,KATL,Atlanta,73.4,2026-09-16T12:20:00+00:00
2026-09-16T12:49:00+00:00,KDFW,Dallas,80.59,2026-09-16T12:30:00+00:00
2026-09-16T12:49:00+00:00,KDFW,Dallas,80.59,2026-09-16T12:25:00+00:00
2026-09-16T12:49:00+00:00,KDFW,Dallas,80.59,2026-09-16T12:20:00+00:00
2026-09-16T12:49:00+00:00,KSEA,Seattle,53.6,2026-09-16T12:20:00+00:00
2026-09-16T12:49:00+00:00,KLAS,Las Vegas,80.59,2026-09-16T12:30:00+00:00
2026-09-16T12:49:00+00:00,KLAS,Las Vegas,80.59,2026-09-16T12:25:00+00:00
2026-09-16T12:49:00+00:00,KLAS,Las Vegas,80.59,2026-09-16T12:20:00+00:00
2026-09-16T12:49:00+00:00,KOKC,Oklahoma City,77.0,2026-09-16T12:30:00+00:00
2026-09-16T12:49:00+00:00,KOKC,Oklahoma City,77.0,2026-09-16T12:25:00+00:00
2026-09-16T12:49:00+00:00,KOKC,Oklahoma City,77.0,2026-09-16T12:20:00+00:00
2026-09-16T12:49:00+00:00,KBOS,Boston,62.6,2026-09-16T12:30:00+00:00
2026-09-16T12:49:00+00:00,KBOS,Boston,62.6,2026-09-16T12:25:00+00:00
2026-09-16T12:49:00+00:00,KBOS,Boston,62.6,2026-09-16T12:20:00+00:00
2026-09-16T12:49:00+00:00,KMSP,Minneapolis,55.4,2026-09-16T12:30:00+00:00
2026-09-16T12:49:00+00:00,KMSP,Minneapolis,55.4,2026-09-16T12:25:00+00:00
2026-09-16T12:49:00+00:00,KMSP,Minneapolis,55.4,2026-09-16T12:20:00+00:00
2026-09-16T12:49:00+00:00,KSAT,San Antonio,77.0,2026-09-16T12:30:00+00:00
2026-09-16T12:49:00+00:00,KSAT,San Antonio,77.0,2026-09-16T12:25:00+00:00
2026-09-16T12:49:00+00:00,KSAT,San Antonio,77.0,2026-09-16T12:20:00+00:00
2026-09-16T12:49:00+00:00,KMSY,New Orleans,84.2,2026-09-16T12:30:00+00:00
2026-09-16T12:49:00+00:00,KMSY,New Orleans,84.2,2026-09-16T12:25:00+00:00
2026-09-16T12:49:00+00:00,KHOU,Houston,80.59,2026-09-16T12:25:00+00:00
2026-09-16T12:49:00+00:00,KHOU,Houston,80.59,2026-09-16T12:20:00+00:00
2026-09-16T13:04:00+00:00,KMIA,Miami,84.2,2026-09-16T12:45:00+00:00
2026-09-16T13:04:00+00:00,KMIA,Miami,84.2,2026-09-16T12:40:00+00:00
2026-09-16T13:04:00+00:00,KMIA,Miami,84.2,2026-09-16T12:35:00+00:00
2026-09-16T13:04:00+00:00,KDEN,Denver,53.6,2026-09-16T12:40:00+00:00
2026-09-16T13:04:00+00:00,KDEN,Denver,55.4,2026-09-16T12:35:00+00:00
2026-09-16T13:04:00+00:00,KLAX,Los Angeles,69.8,2026-09-16T12:45:00+00:00
2026-09-16T13:04:00+00:00,KLAX,Los Angeles,69.8,2026-09-16T12:40:00+00:00
2026-09-16T13:04:00+00:00,KLAX,Los Angeles,69.8,2026-09-16T12:35:00+00:00
2026-09-16T13:04:00+00:00,KPHL,Philadelphia,68.0,2026-09-16T12:40:00+00:00
2026-09-16T13:04:00+00:00,KPHL,Philadelphia,66.2,2026-09-16T12:35:00+00:00
2026-09-16T13:04:00+00:00,KAUS,Austin,75.2,2026-09-16T12:45:00+00:00
2026-09-16T13:04:00+00:00,KAUS,Austin,75.2,2026-09-16T12:40:00+00:00
2026-09-16T13:04:00+00:00,KMDW,Chicago,69.8,2026-09-16T12:40:00+00:00
2026-09-16T13:04:00+00:00,KMDW,Chicago,69.8,2026-09-16T12:35:00+00:00
2026-09-16T13:04:00+00:00,KSFO,San Francisco,60.8,2026-09-16T12:45:00+00:00
2026-09-16T13:04:00+00:00,KSFO,San Francisco,59.0,2026-09-16T12:41:00+00:00
2026-09-16T13:04:00+00:00,KSFO,San Francisco,59.0,2026-09-16T12:40:00+00:00
2026-09-16T13:04:00+00:00,KPHX,Phoenix,86.0,2026-09-16T12:40:00+00:00
2026-09-16T13:04:00+00:00,KPHX,Phoenix,87.8,2026-09-16T12:35:00+00:00
2026-09-16T13:04:00+00:00,KDCA,Washington DC,69.8,2026-09-16T12:40:00+00:00
2026-09-16T13:04:00+00:00,KDCA,Washington DC,69.8,2026-09-16T12:35:00+00:00
2026-09-16T13:04:00+00:00,KATL,Atlanta,75.2,2026-09-16T12:45:00+00:00
2026-09-16T13:04:00+00:00,KATL,Atlanta,75.2,2026-09-16T12:40:00+00:00
2026-09-16T13:04:00+00:00,KDFW,Dallas,82.4,2026-09-16T12:40:00+00:00
2026-09-16T13:04:00+00:00,KDFW,Dallas,80.59,2026-09-16T12:35:00+00:00
2026-09-16T13:04:00+00:00,KSEA,Seattle,55.4,2026-09-16T12:45:00+00:00
2026-09-16T13:04:00+00:00,KLAS,Las Vegas,78.8,2026-09-16T12:45:00+00:00
2026-09-16T13:04:00+00:00,KLAS,Las Vegas,78.8,2026-09-16T12:40:00+00:00
2026-09-16T13:04:00+00:00,KLAS,Las Vegas,80.59,2026-09-16T12:35:00+00:00
2026-09-16T13:04:00+00:00,KOKC,Oklahoma City,77.0,2026-09-16T12:40:00+00:00
2026-09-16T13:04:00+00:00,KOKC,Oklahoma City,77.0,2026-09-16T12:35:00+00:00
2026-09-16T13:04:00+00:00,KBOS,Boston,62.6,2026-09-16T12:45:00+00:00
2026-09-16T13:04:00+00:00,KBOS,Boston,62.6,2026-09-16T12:40:00+00:00
2026-09-16T13:04:00+00:00,KBOS,Boston,62.6,2026-09-16T12:35:00+00:00
2026-09-16T13:04:00+00:00,KMSP,Minneapolis,55.4,2026-09-16T12:45:00+00:00
2026-09-16T13:04:00+00:00,KMSP,Minneapolis,55.4,2026-09-16T12:40:00+00:00
2026-09-16T13:04:00+00:00,KMSP,Minneapolis,55.4,2026-09-16T12:35:00+00:00
2026-09-16T13:04:00+00:00,KSAT,San Antonio,78.8,2026-09-16T12:45:00+00:00
2026-09-16T13:04:00+00:00,KSAT,San Antonio,78.8,2026-09-16T12:40:00+00:00
2026-09-16T13:04:00+00:00,KSAT,San Antonio,78.8,2026-09-16T12:35:00+00:00
2026-09-16T13:04:00+00:00,KMSY,New Orleans,84.2,2026-09-16T12:45:00+00:00
2026-09-16T13:04:00+00:00,KMSY,New Orleans,84.2,2026-09-16T12:40:00+00:00
2026-09-16T13:04:00+00:00,KMSY,New Orleans,84.2,2026-09-16T12:35:00+00:00
2026-09-16T13:04:00+00:00,KHOU,Houston,80.59,2026-09-16T12:45:00+00:00
2026-09-16T13:04:00+00:00,KHOU,Houston,80.59,2026-09-16T12:40:00+00:00
2026-09-16T13:07:01+00:00,KMIA,Miami,84.2,2026-09-16T12:45:00+00:00
2026-09-16T13:07:01+00:00,KMIA,Miami,84.2,2026-09-16T12:40:00+00:00
2026-09-16T13:07:01+00:00,KMIA,Miami,84.2,2026-09-16T12:35:00+00:00
2026-09-16T13:07:01+00:00,KDEN,Denver,55.4,2026-09-16T12:50:00+00:00
2026-09-16T13:07:01+00:00,KDEN,Denver,55.4,2026-09-16T12:45:00+00:00
2026-09-16T13:07:01+00:00,KDEN,Denver,53.6,2026-09-16T12:40:00+00:00
2026-09-16T13:07:01+00:00,KDEN,Denver,55.4,2026-09-16T12:35:00+00:00
2026-09-16T13:07:01+00:00,KLAX,Los Angeles,69.8,2026-09-16T12:45:00+00:00
2026-09-16T13:07:01+00:00,KLAX,Los Angeles,69.8,2026-09-16T12:40:00+00:00
2026-09-16T13:07:01+00:00,KLAX,Los Angeles,69.8,2026-09-16T12:35:00+00:00
2026-09-16T13:07:01+00:00,KPHL,Philadelphia,68.0,2026-09-16T12:50:00+00:00
2026-09-16T13:07:01+00:00,KPHL,Philadelphia,68.0,2026-09-16T12:45:00+00:00
2026-09-16T13:07:01+00:00,KPHL,Philadelphia,68.0,2026-09-16T12:40:00+00:00
2026-09-16T13:07:01+00:00,KPHL,Philadelphia,66.2,2026-09-16T12:35:00+00:00
2026-09-16T13:07:01+00:00,KAUS,Austin,75.2,2026-09-16T12:45:00+00:00
2026-09-16T13:07:01+00:00,KAUS,Austin,75.2,2026-09-16T12:40:00+00:00
2026-09-16T13:07:01+00:00,KMDW,Chicago,69.8,2026-09-16T12:50:00+00:00
2026-09-16T13:07:01+00:00,KMDW,Chicago,69.8,2026-09-16T12:45:00+00:00
2026-09-16T13:07:01+00:00,KMDW,Chicago,69.8,2026-09-16T12:40:00+00:00
2026-09-16T13:07:01+00:00,KMDW,Chicago,69.8,2026-09-16T12:35:00+00:00
2026-09-16T13:07:01+00:00,KSFO,San Francisco,60.8,2026-09-16T12:45:00+00:00
2026-09-16T13:07:01+00:00,KSFO,San Francisco,59.0,2026-09-16T12:41:00+00:00
2026-09-16T13:07:01+00:00,KSFO,San Francisco,59.0,2026-09-16T12:40:00+00:00
2026-09-16T13:07:01+00:00,KPHX,Phoenix,86.0,2026-09-16T12:50:00+00:00
2026-09-16T13:07:01+00:00,KPHX,Phoenix,86.0,2026-09-16T12:45:00+00:00
2026-09-16T13:07:01+00:00,KPHX,Phoenix,86.0,2026-09-16T12:40:00+00:00
2026-09-16T13:07:01+00:00,KPHX,Phoenix,87.8,2026-09-16T12:35:00+00:00
2026-09-16T13:07:01+00:00,KDCA,Washington DC,69.8,2026-09-16T12:50:00+00:00
2026-09-16T13:07:01+00:00,KDCA,Washington DC,69.8,2026-09-16T12:45:00+00:00
2026-09-16T13:07:01+00:00,KDCA,Washington DC,69.8,2026-09-16T12:40:00+00:00
2026-09-16T13:07:01+00:00,KDCA,Washington DC,69.8,2026-09-16T12:35:00+00:00
2026-09-16T13:07:01+00:00,KATL,Atlanta,75.2,2026-09-16T12:45:00+00:00
2026-09-16T13:07:01+00:00,KATL,Atlanta,75.2,2026-09-16T12:40:00+00:00
2026-09-16T13:07:01+00:00,KDFW,Dallas,82.4,2026-09-16T12:50:00+00:00
2026-09-16T13:07:01+00:00,KDFW,Dallas,82.4,2026-09-16T12:45:00+00:00
2026-09-16T13:07:01+00:00,KDFW,Dallas,82.4,2026-09-16T12:40:00+00:00
2026-09-16T13:07:01+00:00,KDFW,Dallas,80.59,2026-09-16T12:35:00+00:00
2026-09-16T13:07:01+00:00,KSEA,Seattle,55.4,2026-09-16T12:45:00+00:00
2026-09-16T13:07:01+00:00,KLAS,Las Vegas,78.8,2026-09-16T12:45:00+00:00
2026-09-16T13:07:01+00:00,KLAS,Las Vegas,78.8,2026-09-16T12:40:00+00:00
2026-09-16T13:07:01+00:00,KLAS,Las Vegas,80.59,2026-09-16T12:35:00+00:00
2026-09-16T13:07:01+00:00,KOKC,Oklahoma City,77.0,2026-09-16T12:50:00+00:00
2026-09-16T13:07:01+00:00,KOKC,Oklahoma City,77.0,2026-09-16T12:45:00+00:00
2026-09-16T13:07:01+00:00,KOKC,Oklahoma City,77.0,2026-09-16T12:40:00+00:00
2026-09-16T13:07:01+00:00,KOKC,Oklahoma City,77.0,2026-09-16T12:35:00+00:00
2026-09-16T13:07:01+00:00,KBOS,Boston,62.6,2026-09-16T12:45:00+00:00
2026-09-16T13:07:01+00:00,KBOS,Boston,62.6,2026-09-16T12:40:00+00:00
2026-09-16T13:07:01+00:00,KBOS,Boston,62.6,2026-09-16T12:35:00+00:00
2026-09-16T13:07:01+00:00,KMSP,Minneapolis,55.4,2026-09-16T12:45:00+00:00
2026-09-16T13:07:01+00:00,KMSP,Minneapolis,55.4,2026-09-16T12:40:00+00:00
2026-09-16T13:07:01+00:00,KMSP,Minneapolis,55.4,2026-09-16T12:35:00+00:00
2026-09-16T13:07:01+00:00,KSAT,San Antonio,78.8,2026-09-16T12:45:00+00:00
2026-09-16T13:07:01+00:00,KSAT,San Antonio,78.8,2026-09-16T12:40:00+00:00
2026-09-16T13:07:01+00:00,KSAT,San Antonio,78.8,2026-09-16T12:35:00+00:00
2026-09-16T13:07:01+00:00,KMSY,New Orleans,84.2,2026-09-16T12:45:00+00:00
2026-09-16T13:07:01+00:00,KMSY,New Orleans,84.2,2026-09-16T12:40:00+00:00
2026-09-16T13:07:01+00:00,KMSY,New Orleans,84.2,2026-09-16T12:35:00+00:00
2026-09-16T13:07:01+00:00,KHOU,Houston,80.59,2026-09-16T12:45:00+00:00
2026-09-16T13:07:01+00:00,KHOU,Houston,80.59,2026-09-16T12:40:00+00:00
2026-09-16T13:19:00+00:00,KNYC,New York City,66.02,2026-09-16T12:51:00+00:00
2026-09-16T13:19:00+00:00,KMIA,Miami,86.0,2026-09-16T13:05:00+00:00
2026-09-16T13:19:00+00:00,KMIA,Miami,86.0,2026-09-16T13:00:00+00:00
2026-09-16T13:19:00+00:00,KMIA,Miami,86.0,2026-09-16T12:55:00+00:00
2026-09-16T13:19:00+00:00,KMIA,Miami,86.0,2026-09-16T12:53:00+00:00
2026-09-16T13:19:00+00:00,KMIA,Miami,84.2,2026-09-16T12:50:00+00:00
2026-09-16T13:19:00+00:00,KDEN,Denver,53.6,2026-09-16T13:05:00+00:00
2026-09-16T13:19:00+00:00,KDEN,Denver,53.6,2026-09-16T13:00:00+00:00
2026-09-16T13:19:00+00:00,KDEN,Denver,55.4,2026-09-16T12:55:00+00:00
2026-09-16T13:19:00+00:00,KDEN,Denver,55.04,2026-09-16T12:53:00+00:00
2026-09-16T13:19:00+00:00,KDEN,Denver,55.4,2026-09-16T12:50:00+00:00
2026-09-16T13:19:00+00:00,KDEN,Denver,55.4,2026-09-16T12:45:00+00:00
2026-09-16T13:19:00+00:00,KLAX,Los Angeles,69.8,2026-09-16T13:05:00+00:00
2026-09-16T13:19:00+00:00,KLAX,Los Angeles,69.8,2026-09-16T13:00:00+00:00
2026-09-16T13:19:00+00:00,KLAX,Los Angeles,69.8,2026-09-16T12:55:00+00:00
2026-09-16T13:19:00+00:00,KLAX,Los Angeles,69.98,2026-09-16T12:53:00+00:00
2026-09-16T13:19:00+00:00,KLAX,Los Angeles,69.8,2026-09-16T12:50:00+00:00
2026-09-16T13:19:00+00:00,KPHL,Philadelphia,69.8,2026-09-16T13:05:00+00:00
2026-09-16T13:19:00+00:00,KPHL,Philadelphia,68.0,2026-09-16T13:00:00+00:00
2026-09-16T13:19:00+00:00,KPHL,Philadelphia,68.0,2026-09-16T12:55:00+00:00
2026-09-16T13:19:00+00:00,KPHL,Philadelphia,68.0,2026-09-16T12:54:00+00:00
2026-09-16T13:19:00+00:00,KPHL,Philadelphia,68.0,2026-09-16T12:50:00+00:00
2026-09-16T13:19:00+00:00,KPHL,Philadelphia,68.0,2026-09-16T12:45:00+00:00
2026-09-16T13:19:00+00:00,KAUS,Austin,78.08,2026-09-16T13:00:00+00:00
2026-09-16T13:19:00+00:00,KAUS,Austin,77.0,2026-09-16T12:55:00+00:00
2026-09-16T13:19:00+00:00,KAUS,Austin,77.0,2026-09-16T12:53:00+00:00
2026-09-16T13:19:00+00:00,KAUS,Austin,77.0,2026-09-16T12:50:00+00:00
2026-09-16T13:19:00+00:00,KMDW,Chicago,69.8,2026-09-16T13:05:00+00:00
2026-09-16T13:19:00+00:00,KMDW,Chicago,69.8,2026-09-16T13:00:00+00:00
2026-09-16T13:19:00+00:00,KMDW,Chicago,69.8,2026-09-16T12:55:00+00:00
2026-09-16T13:19:00+00:00,KMDW,Chicago,69.08,2026-09-16T12:53:00+00:00
2026-09-16T13:19:00+00:00,KMDW,Chicago,69.8,2026-09-16T12:50:00+00:00
2026-09-16T13:19:00+00:00,KMDW,Chicago,69.8,2026-09-16T12:45:00+00:00
2026-09-16T13:19:00+00:00,KSFO,San Francisco,59.0,2026-09-16T13:05:00+00:00
2026-09-16T13:19:00+00:00,KSFO,San Francisco,59.0,2026-09-16T13:00:00+00:00
2026-09-16T13:19:00+00:00,KSFO,San Francisco,59.0,2026-09-16T12:56:00+00:00
2026-09-16T13:19:00+00:00,KSFO,San Francisco,60.8,2026-09-16T12:55:00+00:00
2026-09-16T13:19:00+00:00,KSFO,San Francisco,60.8,2026-09-16T12:50:00+00:00
2026-09-16T13:19:00+00:00,KPHX,Phoenix,87.8,2026-09-16T13:05:00+00:00
2026-09-16T13:19:00+00:00,KPHX,Phoenix,87.8,2026-09-16T13:00:00+00:00
2026-09-16T13:19:00+00:00,KPHX,Phoenix,86.0,2026-09-16T12:55:00+00:00
2026-09-16T13:19:00+00:00,KPHX,Phoenix,86.0,2026-09-16T12:51:00+00:00
2026-09-16T13:19:00+00:00,KPHX,Phoenix,86.0,2026-09-16T12:50:00+00:00
2026-09-16T13:19:00+00:00,KPHX,Phoenix,86.0,2026-09-16T12:45:00+00:00
2026-09-16T13:19:00+00:00,KDCA,Washington DC,69.8,2026-09-16T13:05:00+00:00
2026-09-16T13:19:00+00:00,KDCA,Washington DC,71.59,2026-09-16T13:00:00+00:00
2026-09-16T13:19:00+00:00,KDCA,Washington DC,69.8,2026-09-16T12:55:00+00:00
2026-09-16T13:19:00+00:00,KDCA,Washington DC,69.98,2026-09-16T12:52:00+00:00
2026-09-16T13:19:00+00:00,KDCA,Washington DC,69.8,2026-09-16T12:50:00+00:00
2026-09-16T13:19:00+00:00,KDCA,Washington DC,69.8,2026-09-16T12:45:00+00:00
2026-09-16T13:19:00+00:00,KATL,Atlanta,75.2,2026-09-16T13:05:00+00:00
2026-09-16T13:19:00+00:00,KATL,Atlanta,75.2,2026-09-16T13:00:00+00:00
2026-09-16T13:19:00+00:00,KATL,Atlanta,75.2,2026-09-16T12:55:00+00:00
2026-09-16T13:19:00+00:00,KATL,Atlanta,75.02,2026-09-16T12:52:00+00:00
2026-09-16T13:19:00+00:00,KATL,Atlanta,75.2,2026-09-16T12:50:00+00:00
2026-09-16T13:19:00+00:00,KDFW,Dallas,82.4,2026-09-16T13:00:00+00:00
2026-09-16T13:19:00+00:00,KDFW,Dallas,82.4,2026-09-16T12:55:00+00:00
2026-09-16T13:19:00+00:00,KDFW,Dallas,82.04,2026-09-16T12:53:00+00:00
2026-09-16T13:19:00+00:00,KDFW,Dallas,82.4,2026-09-16T12:50:00+00:00
2026-09-16T13:19:00+00:00,KDFW,Dallas,82.4,2026-09-16T12:45:00+00:00
2026-09-16T13:19:00+00:00,KSEA,Seattle,53.6,2026-09-16T13:05:00+00:00
2026-09-16T13:19:00+00:00,KSEA,Seattle,53.6,2026-09-16T13:00:00+00:00
2026-09-16T13:19:00+00:00,KSEA,Seattle,55.4,2026-09-16T12:55:00+00:00
2026-09-16T13:19:00+00:00,KSEA,Seattle,55.04,2026-09-16T12:53:00+00:00
2026-09-16T13:19:00+00:00,KSEA,Seattle,55.4,2026-09-16T12:50:00+00:00
2026-09-16T13:19:00+00:00,KLAS,Las Vegas,78.8,2026-09-16T13:05:00+00:00
2026-09-16T13:19:00+00:00,KLAS,Las Vegas,80.59,2026-09-16T13:00:00+00:00
2026-09-16T13:19:00+00:00,KLAS,Las Vegas,78.98,2026-09-16T12:56:00+00:00
2026-09-16T13:19:00+00:00,KLAS,Las Vegas,78.8,2026-09-16T12:55:00+00:00
2026-09-16T13:19:00+00:00,KLAS,Las Vegas,78.8,2026-09-16T12:50:00+00:00
2026-09-16T13:19:00+00:00,KOKC,Oklahoma City,78.8,2026-09-16T13:00:00+00:00
2026-09-16T13:19:00+00:00,KOKC,Oklahoma City,78.8,2026-09-16T12:55:00+00:00
2026-09-16T13:19:00+00:00,KOKC,Oklahoma City,78.08,2026-09-16T12:52:00+00:00
2026-09-16T13:19:00+00:00,KOKC,Oklahoma City,77.0,2026-09-16T12:50:00+00:00
2026-09-16T13:19:00+00:00,KOKC,Oklahoma City,77.0,2026-09-16T12:45:00+00:00
2026-09-16T13:19:00+00:00,KBOS,Boston,62.6,2026-09-16T13:05:00+00:00
2026-09-16T13:19:00+00:00,KBOS,Boston,62.6,2026-09-16T13:00:00+00:00
2026-09-16T13:19:00+00:00,KBOS,Boston,62.6,2026-09-16T12:55:00+00:00
2026-09-16T13:19:00+00:00,KBOS,Boston,62.95,2026-09-16T12:54:00+00:00
2026-09-16T13:19:00+00:00,KMSP,Minneapolis,55.4,2026-09-16T12:55:00+00:00
2026-09-16T13:19:00+00:00,KMSP,Minneapolis,55.94,2026-09-16T12:53:00+00:00
2026-09-16T13:19:00+00:00,KMSP,Minneapolis,55.4,2026-09-16T12:50:00+00:00
2026-09-16T13:19:00+00:00,KSAT,San Antonio,78.8,2026-09-16T13:00:00+00:00
2026-09-16T13:19:00+00:00,KSAT,San Antonio,78.8,2026-09-16T12:55:00+00:00
2026-09-16T13:19:00+00:00,KSAT,San Antonio,78.08,2026-09-16T12:51:00+00:00
2026-09-16T13:19:00+00:00,KSAT,San Antonio,78.8,2026-09-16T12:50:00+00:00
2026-09-16T13:19:00+00:00,KMSY,New Orleans,84.2,2026-09-16T13:00:00+00:00
2026-09-16T13:19:00+00:00,KMSY,New Orleans,84.2,2026-09-16T12:55:00+00:00
2026-09-16T13:19:00+00:00,KMSY,New Orleans,84.02,2026-09-16T12:53:00+00:00
2026-09-16T13:19:00+00:00,KMSY,New Orleans,84.2,2026-09-16T12:50:00+00:00
2026-09-16T13:19:00+00:00,KHOU,Houston,82.4,2026-09-16T13:00:00+00:00
2026-09-16T13:19:00+00:00,KHOU,Houston,80.59,2026-09-16T12:55:00+00:00
2026-09-16T13:19:00+00:00,KHOU,Houston,80.95,2026-09-16T12:53:00+00:00
2026-09-16T13:19:00+00:00,KHOU,Houston,80.59,2026-09-16T12:50:00+00:00
2026-09-16T13:34:00+00:00,KMIA,Miami,84.2,2026-09-16T13:15:00+00:00
2026-09-16T13:34:00+00:00,KMIA,Miami,86.0,2026-09-16T13:10:00+00:00
2026-09-16T13:34:00+00:00,KDEN,Denver,53.6,2026-09-16T13:15:00+00:00
2026-09-16T13:34:00+00:00,KDEN,Denver,53.6,2026-09-16T13:10:00+00:00
2026-09-16T13:34:00+00:00,KLAX,Los Angeles,69.8,2026-09-16T13:15:00+00:00
2026-09-16T13:34:00+00:00,KLAX,Los Angeles,69.8,2026-09-16T13:10:00+00:00
2026-09-16T13:34:00+00:00,KPHL,Philadelphia,69.8,2026-09-16T13:15:00+00:00
2026-09-16T13:34:00+00:00,KPHL,Philadelphia,69.8,2026-09-16T13:10:00+00:00
2026-09-16T13:34:00+00:00,KAUS,Austin,78.8,2026-09-16T13:15:00+00:00
2026-09-16T13:34:00+00:00,KAUS,Austin,78.8,2026-09-16T13:10:00+00:00
2026-09-16T13:34:00+00:00,KAUS,Austin,78.8,2026-09-16T13:05:00+00:00
2026-09-16T13:34:00+00:00,KMDW,Chicago,69.8,2026-09-16T13:20:00+00:00
2026-09-16T13:34:00+00:00,KMDW,Chicago,69.8,2026-09-16T13:15:00+00:00
2026-09-16T13:34:00+00:00,KMDW,Chicago,69.8,2026-09-16T13:10:00+00:00
2026-09-16T13:34:00+00:00,KSFO,San Francisco,59.0,2026-09-16T13:15:00+00:00
2026-09-16T13:34:00+00:00,KSFO,San Francisco,59.0,2026-09-16T13:10:00+00:00
2026-09-16T13:34:00+00:00,KPHX,Phoenix,86.0,2026-09-16T13:20:00+00:00
2026-09-16T13:34:00+00:00,KPHX,Phoenix,86.0,2026-09-16T13:15:00+00:00
2026-09-16T13:34:00+00:00,KPHX,Phoenix,86.0,2026-09-16T13:10:00+00:00
2026-09-16T13:34:00+00:00,KDCA,Washington DC,71.59,2026-09-16T13:15:00+00:00
2026-09-16T13:34:00+00:00,KDCA,Washington DC,71.59,2026-09-16T13:10:00+00:00
2026-09-16T13:34:00+00:00,KATL,Atlanta,75.2,2026-09-16T13:15:00+00:00
2026-09-16T13:34:00+00:00,KATL,Atlanta,75.2,2026-09-16T13:10:00+00:00
2026-09-16T13:34:00+00:00,KDFW,Dallas,82.4,2026-09-16T13:15:00+00:00
2026-09-16T13:34:00+00:00,KDFW,Dallas,82.4,2026-09-16T13:10:00+00:00
2026-09-16T13:34:00+00:00,KDFW,Dallas,82.4,2026-09-16T13:05:00+00:00
2026-09-16T13:34:00+00:00,KSEA,Seattle,55.4,2026-09-16T13:15:00+00:00
2026-09-16T13:34:00+00:00,KSEA,Seattle,53.96,2026-09-16T13:11:00+00:00
2026-09-16T13:34:00+00:00,KSEA,Seattle,53.6,2026-09-16T13:10:00+00:00
2026-09-16T13:34:00+00:00,KLAS,Las Vegas,78.8,2026-09-16T13:20:00+00:00
2026-09-16T13:34:00+00:00,KLAS,Las Vegas,78.8,2026-09-16T13:15:00+00:00
2026-09-16T13:34:00+00:00,KLAS,Las Vegas,78.8,2026-09-16T13:10:00+00:00
2026-09-16T13:34:00+00:00,KOKC,Oklahoma City,78.8,2026-09-16T13:15:00+00:00
2026-09-16T13:34:00+00:00,KOKC,Oklahoma City,78.8,2026-09-16T13:10:00+00:00
2026-09-16T13:34:00+00:00,KOKC,Oklahoma City,78.8,2026-09-16T13:05:00+00:00
2026-09-16T13:34:00+00:00,KBOS,Boston,64.4,2026-09-16T13:20:00+00:00
2026-09-16T13:34:00+00:00,KBOS,Boston,64.4,2026-09-16T13:15:00+00:00
2026-09-16T13:34:00+00:00,KBOS,Boston,64.4,2026-09-16T13:10:00+00:00
2026-09-16T13:34:00+00:00,KSAT,San Antonio,78.8,2026-09-16T13:20:00+00:00
2026-09-16T13:34:00+00:00,KSAT,San Antonio,78.8,2026-09-16T13:15:00+00:00
2026-09-16T13:34:00+00:00,KSAT,San Antonio,78.98,2026-09-16T13:12:00+00:00
2026-09-16T13:34:00+00:00,KSAT,San Antonio,78.8,2026-09-16T13:10:00+00:00
2026-09-16T13:34:00+00:00,KSAT,San Antonio,78.08,2026-09-16T13:07:00+00:00
2026-09-16T13:34:00+00:00,KSAT,San Antonio,78.8,2026-09-16T13:05:00+00:00
2026-09-16T13:34:00+00:00,KMSY,New Orleans,84.2,2026-09-16T13:20:00+00:00
2026-09-16T13:34:00+00:00,KMSY,New Orleans,84.2,2026-09-16T13:15:00+00:00
2026-09-16T13:34:00+00:00,KMSY,New Orleans,84.2,2026-09-16T13:10:00+00:00
2026-09-16T13:34:00+00:00,KMSY,New Orleans,84.2,2026-09-16T13:05:00+00:00
2026-09-16T13:34:00+00:00,KHOU,Houston,82.4,2026-09-16T13:15:00+00:00
2026-09-16T13:34:00+00:00,KHOU,Houston,82.4,2026-09-16T13:10:00+00:00
2026-09-16T13:34:00+00:00,KHOU,Houston,82.4,2026-09-16T13:05:00+00:00
2026-09-16T13:37:00+00:00,KNYC,New York City,66.02,2026-09-16T12:51:00+00:00
2026-09-16T13:37:00+00:00,KMIA,Miami,84.2,2026-09-16T13:20:00+00:00
2026-09-16T13:37:00+00:00,KMIA,Miami,84.2,2026-09-16T13:15:00+00:00
2026-09-16T13:37:00+00:00,KMIA,Miami,86.0,2026-09-16T13:10:00+00:00
2026-09-16T13:37:00+00:00,KMIA,Miami,86.0,2026-09-16T13:05:00+00:00
2026-09-16T13:37:00+00:00,KMIA,Miami,86.0,2026-09-16T13:00:00+00:00
2026-09-16T13:37:00+00:00,KMIA,Miami,86.0,2026-09-16T12:55:00+00:00
2026-09-16T13:37:00+00:00,KMIA,Miami,86.0,2026-09-16T12:53:00+00:00
2026-09-16T13:37:00+00:00,KMIA,Miami,84.2,2026-09-16T12:50:00+00:00
2026-09-16T13:37:00+00:00,KDEN,Denver,55.4,2026-09-16T13:20:00+00:00
2026-09-16T13:37:00+00:00,KDEN,Denver,53.6,2026-09-16T13:15:00+00:00
2026-09-16T13:37:00+00:00,KDEN,Denver,53.6,2026-09-16T13:10:00+00:00
2026-09-16T13:37:00+00:00,KDEN,Denver,53.6,2026-09-16T13:05:00+00:00
2026-09-16T13:37:00+00:00,KDEN,Denver,53.6,2026-09-16T13:00:00+00:00
2026-09-16T13:37:00+00:00,KDEN,Denver,55.4,2026-09-16T12:55:00+00:00
2026-09-16T13:37:00+00:00,KDEN,Denver,55.04,2026-09-16T12:53:00+00:00
2026-09-16T13:37:00+00:00,KLAX,Los Angeles,69.8,2026-09-16T13:20:00+00:00
2026-09-16T13:37:00+00:00,KLAX,Los Angeles,69.8,2026-09-16T13:15:00+00:00
2026-09-16T13:37:00+00:00,KLAX,Los Angeles,69.8,2026-09-16T13:10:00+00:00
2026-09-16T13:37:00+00:00,KLAX,Los Angeles,69.8,2026-09-16T13:05:00+00:00
2026-09-16T13:37:00+00:00,KLAX,Los Angeles,69.8,2026-09-16T13:00:00+00:00
2026-09-16T13:37:00+00:00,KLAX,Los Angeles,69.8,2026-09-16T12:55:00+00:00
2026-09-16T13:37:00+00:00,KLAX,Los Angeles,69.98,2026-09-16T12:53:00+00:00
2026-09-16T13:37:00+00:00,KLAX,Los Angeles,69.8,2026-09-16T12:50:00+00:00
2026-09-16T13:37:00+00:00,KPHL,Philadelphia,69.8,2026-09-16T13:20:00+00:00
2026-09-16T13:37:00+00:00,KPHL,Philadelphia,69.8,2026-09-16T13:15:00+00:00
2026-09-16T13:37:00+00:00,KPHL,Philadelphia,69.8,2026-09-16T13:10:00+00:00
2026-09-16T13:37:00+00:00,KPHL,Philadelphia,69.8,2026-09-16T13:05:00+00:00
2026-09-16T13:37:00+00:00,KPHL,Philadelphia,68.0,2026-09-16T13:00:00+00:00
2026-09-16T13:37:00+00:00,KPHL,Philadelphia,68.0,2026-09-16T12:55:00+00:00
2026-09-16T13:37:00+00:00,KPHL,Philadelphia,68.0,2026-09-16T12:54:00+00:00
2026-09-16T13:37:00+00:00,KAUS,Austin,78.8,2026-09-16T13:15:00+00:00
2026-09-16T13:37:00+00:00,KAUS,Austin,78.8,2026-09-16T13:10:00+00:00
2026-09-16T13:37:00+00:00,KAUS,Austin,78.8,2026-09-16T13:05:00+00:00
2026-09-16T13:37:00+00:00,KAUS,Austin,78.08,2026-09-16T13:00:00+00:00
2026-09-16T13:37:00+00:00,KAUS,Austin,77.0,2026-09-16T12:55:00+00:00
2026-09-16T13:37:00+00:00,KAUS,Austin,77.0,2026-09-16T12:53:00+00:00
2026-09-16T13:37:00+00:00,KAUS,Austin,77.0,2026-09-16T12:50:00+00:00
2026-09-16T13:37:00+00:00,KMDW,Chicago,69.8,2026-09-16T13:20:00+00:00
2026-09-16T13:37:00+00:00,KMDW,Chicago,69.8,2026-09-16T13:15:00+00:00
2026-09-16T13:37:00+00:00,KMDW,Chicago,69.8,2026-09-16T13:10:00+00:00
2026-09-16T13:37:00+00:00,KMDW,Chicago,69.8,2026-09-16T13:05:00+00:00
2026-09-16T13:37:00+00:00,KMDW,Chicago,69.8,2026-09-16T13:00:00+00:00
2026-09-16T13:37:00+00:00,KMDW,Chicago,69.8,2026-09-16T12:55:00+00:00
2026-09-16T13:37:00+00:00,KMDW,Chicago,69.08,2026-09-16T12:53:00+00:00
2026-09-16T13:37:00+00:00,KSFO,San Francisco,59.0,2026-09-16T13:20:00+00:00
2026-09-16T13:37:00+00:00,KSFO,San Francisco,59.0,2026-09-16T13:15:00+00:00
2026-09-16T13:37:00+00:00,KSFO,San Francisco,59.0,2026-09-16T13:10:00+00:00
2026-09-16T13:37:00+00:00,KSFO,San Francisco,59.0,2026-09-16T13:05:00+00:00
2026-09-16T13:37:00+00:00,KSFO,San Francisco,59.0,2026-09-16T13:00:00+00:00
2026-09-16T13:37:00+00:00,KSFO,San Francisco,59.0,2026-09-16T12:56:00+00:00
2026-09-16T13:37:00+00:00,KSFO,San Francisco,60.8,2026-09-16T12:55:00+00:00
2026-09-16T13:37:00+00:00,KSFO,San Francisco,60.8,2026-09-16T12:50:00+00:00
2026-09-16T13:37:00+00:00,KPHX,Phoenix,86.0,2026-09-16T13:20:00+00:00
2026-09-16T13:37:00+00:00,KPHX,Phoenix,86.0,2026-09-16T13:15:00+00:00
2026-09-16T13:37:00+00:00,KPHX,Phoenix,86.0,2026-09-16T13:10:00+00:00
2026-09-16T13:37:00+00:00,KPHX,Phoenix,87.8,2026-09-16T13:05:00+00:00
2026-09-16T13:37:00+00:00,KPHX,Phoenix,87.8,2026-09-16T13:00:00+00:00
2026-09-16T13:37:00+00:00,KPHX,Phoenix,86.0,2026-09-16T12:55:00+00:00
2026-09-16T13:37:00+00:00,KPHX,Phoenix,86.0,2026-09-16T12:51:00+00:00
2026-09-16T13:37:00+00:00,KDCA,Washington DC,71.59,2026-09-16T13:20:00+00:00
2026-09-16T13:37:00+00:00,KDCA,Washington DC,71.59,2026-09-16T13:15:00+00:00
2026-09-16T13:37:00+00:00,KDCA,Washington DC,71.59,2026-09-16T13:10:00+00:00
2026-09-16T13:37:00+00:00,KDCA,Washington DC,69.8,2026-09-16T13:05:00+00:00
2026-09-16T13:37:00+00:00,KDCA,Washington DC,71.59,2026-09-16T13:00:00+00:00
2026-09-16T13:37:00+00:00,KDCA,Washington DC,69.8,2026-09-16T12:55:00+00:00
2026-09-16T13:37:00+00:00,KDCA,Washington DC,69.98,2026-09-16T12:52:00+00:00
2026-09-16T13:37:00+00:00,KATL,Atlanta,75.2,2026-09-16T13:15:00+00:00
2026-09-16T13:37:00+00:00,KATL,Atlanta,75.2,2026-09-16T13:10:00+00:00
2026-09-16T13:37:00+00:00,KATL,Atlanta,75.2,2026-09-16T13:05:00+00:00
2026-09-16T13:37:00+00:00,KATL,Atlanta,75.2,2026-09-16T13:00:00+00:00
2026-09-16T13:37:00+00:00,KATL,Atlanta,75.2,2026-09-16T12:55:00+00:00
2026-09-16T13:37:00+00:00,KATL,Atlanta,75.02,2026-09-16T12:52:00+00:00
2026-09-16T13:37:00+00:00,KATL,Atlanta,75.2,2026-09-16T12:50:00+00:00
2026-09-16T13:37:00+00:00,KDFW,Dallas,82.4,2026-09-16T13:20:00+00:00
2026-09-16T13:37:00+00:00,KDFW,Dallas,82.4,2026-09-16T13:15:00+00:00
2026-09-16T13:37:00+00:00,KDFW,Dallas,82.4,2026-09-16T13:10:00+00:00
2026-09-16T13:37:00+00:00,KDFW,Dallas,82.4,2026-09-16T13:05:00+00:00
2026-09-16T13:37:00+00:00,KDFW,Dallas,82.4,2026-09-16T13:00:00+00:00
2026-09-16T13:37:00+00:00,KDFW,Dallas,82.4,2026-09-16T12:55:00+00:00
2026-09-16T13:37:00+00:00,KDFW,Dallas,82.04,2026-09-16T12:53:00+00:00
2026-09-16T13:37:00+00:00,KSEA,Seattle,55.4,2026-09-16T13:15:00+00:00
2026-09-16T13:37:00+00:00,KSEA,Seattle,53.96,2026-09-16T13:11:00+00:00
2026-09-16T13:37:00+00:00,KSEA,Seattle,53.6,2026-09-16T13:10:00+00:00
2026-09-16T13:37:00+00:00,KSEA,Seattle,53.6,2026-09-16T13:05:00+00:00
2026-09-16T13:37:00+00:00,KSEA,Seattle,53.6,2026-09-16T13:00:00+00:00
2026-09-16T13:37:00+00:00,KSEA,Seattle,55.4,2026-09-16T12:55:00+00:00
2026-09-16T13:37:00+00:00,KSEA,Seattle,55.04,2026-09-16T12:53:00+00:00
2026-09-16T13:37:00+00:00,KSEA,Seattle,55.4,2026-09-16T12:50:00+00:00
2026-09-16T13:37:00+00:00,KLAS,Las Vegas,78.8,2026-09-16T13:20:00+00:00
2026-09-16T13:37:00+00:00,KLAS,Las Vegas,78.8,2026-09-16T13:15:00+00:00
2026-09-16T13:37:00+00:00,KLAS,Las Vegas,78.8,2026-09-16T13:10:00+00:00
2026-09-16T13:37:00+00:00,KLAS,Las Vegas,78.8,2026-09-16T13:05:00+00:00
2026-09-16T13:37:00+00:00,KLAS,Las Vegas,80.59,2026-09-16T13:00:00+00:00
2026-09-16T13:37:00+00:00,KLAS,Las Vegas,78.98,2026-09-16T12:56:00+00:00
2026-09-16T13:37:00+00:00,KLAS,Las Vegas,78.8,2026-09-16T12:55:00+00:00
2026-09-16T13:37:00+00:00,KLAS,Las Vegas,78.8,2026-09-16T12:50:00+00:00
2026-09-16T13:37:00+00:00,KOKC,Oklahoma City,78.8,2026-09-16T13:15:00+00:00
2026-09-16T13:37:00+00:00,KOKC,Oklahoma City,78.8,2026-09-16T13:10:00+00:00
2026-09-16T13:37:00+00:00,KOKC,Oklahoma City,78.8,2026-09-16T13:05:00+00:00
2026-09-16T13:37:00+00:00,KOKC,Oklahoma City,78.8,2026-09-16T13:00:00+00:00
2026-09-16T13:37:00+00:00,KOKC,Oklahoma City,78.8,2026-09-16T12:55:00+00:00
2026-09-16T13:37:00+00:00,KOKC,Oklahoma City,78.08,2026-09-16T12:52:00+00:00
2026-09-16T13:37:00+00:00,KBOS,Boston,64.4,2026-09-16T13:20:00+00:00
2026-09-16T13:37:00+00:00,KBOS,Boston,64.4,2026-09-16T13:15:00+00:00
2026-09-16T13:37:00+00:00,KBOS,Boston,64.4,2026-09-16T13:10:00+00:00
2026-09-16T13:37:00+00:00,KBOS,Boston,62.6,2026-09-16T13:05:00+00:00
2026-09-16T13:37:00+00:00,KBOS,Boston,62.6,2026-09-16T13:00:00+00:00
2026-09-16T13:37:00+00:00,KBOS,Boston,62.6,2026-09-16T12:55:00+00:00
2026-09-16T13:37:00+00:00,KBOS,Boston,62.95,2026-09-16T12:54:00+00:00
2026-09-16T13:37:00+00:00,KMSP,Minneapolis,55.4,2026-09-16T12:55:00+00:00
2026-09-16T13:37:00+00:00,KMSP,Minneapolis,55.94,2026-09-16T12:53:00+00:00
2026-09-16T13:37:00+00:00,KMSP,Minneapolis,55.4,2026-09-16T12:50:00+00:00
2026-09-16T13:37:00+00:00,KSAT,San Antonio,78.8,2026-09-16T13:20:00+00:00
2026-09-16T13:37:00+00:00,KSAT,San Antonio,78.8,2026-09-16T13:15:00+00:00
2026-09-16T13:37:00+00:00,KSAT,San Antonio,78.98,2026-09-16T13:12:00+00:00
2026-09-16T13:37:00+00:00,KSAT,San Antonio,78.8,2026-09-16T13:10:00+00:00
2026-09-16T13:37:00+00:00,KSAT,San Antonio,78.08,2026-09-16T13:07:00+00:00
2026-09-16T13:37:00+00:00,KSAT,San Antonio,78.8,2026-09-16T13:05:00+00:00
2026-09-16T13:37:00+00:00,KSAT,San Antonio,78.8,2026-09-16T13:00:00+00:00
2026-09-16T13:37:00+00:00,KSAT,San Antonio,78.8,2026-09-16T12:55:00+00:00
2026-09-16T13:37:00+00:00,KSAT,San Antonio,78.08,2026-09-16T12:51:00+00:00
2026-09-16T13:37:00+00:00,KSAT,San Antonio,78.8,2026-09-16T12:50:00+00:00
2026-09-16T13:37:00+00:00,KMSY,New Orleans,84.2,2026-09-16T13:20:00+00:00
2026-09-16T13:37:00+00:00,KMSY,New Orleans,84.2,2026-09-16T13:15:00+00:00
2026-09-16T13:37:00+00:00,KMSY,New Orleans,84.2,2026-09-16T13:10:00+00:00
2026-09-16T13:37:00+00:00,KMSY,New Orleans,84.2,2026-09-16T13:05:00+00:00
2026-09-16T13:37:00+00:00,KMSY,New Orleans,84.2,2026-09-16T13:00:00+00:00
2026-09-16T13:37:00+00:00,KMSY,New Orleans,84.2,2026-09-16T12:55:00+00:00
2026-09-16T13:37:00+00:00,KMSY,New Orleans,84.02,2026-09-16T12:53:00+00:00
2026-09-16T13:37:00+00:00,KMSY,New Orleans,84.2,2026-09-16T12:50:00+00:00
2026-09-16T13:37:00+00:00,KHOU,Houston,82.4,2026-09-16T13:20:00+00:00
2026-09-16T13:37:00+00:00,KHOU,Houston,82.4,2026-09-16T13:15:00+00:00
2026-09-16T13:37:00+00:00,KHOU,Houston,82.4,2026-09-16T13:10:00+00:00
2026-09-16T13:37:00+00:00,KHOU,Houston,82.4,2026-09-16T13:05:00+00:00
2026-09-16T13:37:00+00:00,KHOU,Houston,82.4,2026-09-16T13:00:00+00:00
2026-09-16T13:37:00+00:00,KHOU,Houston,80.59,2026-09-16T12:55:00+00:00
2026-09-16T13:37:00+00:00,KHOU,Houston,80.95,2026-09-16T12:53:00+00:00
2026-09-16T13:37:00+00:00,KHOU,Houston,80.59,2026-09-16T12:50:00+00:00
2026-09-16T13:49:00+00:00,KMIA,Miami,84.2,2026-09-16T13:30:00+00:00
2026-09-16T13:49:00+00:00,KMIA,Miami,84.2,2026-09-16T13:25:00+00:00
2026-09-16T13:49:00+00:00,KMIA,Miami,84.2,2026-09-16T13:20:00+00:00
2026-09-16T13:49:00+00:00,KDEN,Denver,57.2,2026-09-16T13:30:00+00:00
2026-09-16T13:49:00+00:00,KDEN,Denver,55.4,2026-09-16T13:25:00+00:00
2026-09-16T13:49:00+00:00,KDEN,Denver,55.4,2026-09-16T13:20:00+00:00
2026-09-16T13:49:00+00:00,KLAX,Los Angeles,69.8,2026-09-16T13:35:00+00:00
2026-09-16T13:49:00+00:00,KLAX,Los Angeles,69.8,2026-09-16T13:30:00+00:00
2026-09-16T13:49:00+00:00,KLAX,Los Angeles,69.8,2026-09-16T13:25:00+00:00
2026-09-16T13:49:00+00:00,KLAX,Los Angeles,69.8,2026-09-16T13:20:00+00:00
2026-09-16T13:49:00+00:00,KPHL,Philadelphia,69.8,2026-09-16T13:30:00+00:00
2026-09-16T13:49:00+00:00,KPHL,Philadelphia,69.8,2026-09-16T13:25:00+00:00
2026-09-16T13:49:00+00:00,KPHL,Philadelphia,69.8,2026-09-16T13:20:00+00:00
2026-09-16T13:49:00+00:00,KAUS,Austin,78.8,2026-09-16T13:30:00+00:00
2026-09-16T13:49:00+00:00,KAUS,Austin,78.8,2026-09-16T13:25:00+00:00
2026-09-16T13:49:00+00:00,KAUS,Austin,78.8,2026-09-16T13:20:00+00:00
2026-09-16T13:49:00+00:00,KMDW,Chicago,69.8,2026-09-16T13:25:00+00:00
2026-09-16T13:49:00+00:00,KSFO,San Francisco,59.0,2026-09-16T13:30:00+00:00
2026-09-16T13:49:00+00:00,KSFO,San Francisco,59.0,2026-09-16T13:25:00+00:00
2026-09-16T13:49:00+00:00,KSFO,San Francisco,59.0,2026-09-16T13:20:00+00:00
2026-09-16T13:49:00+00:00,KPHX,Phoenix,86.0,2026-09-16T13:30:00+00:00
2026-09-16T13:49:00+00:00,KPHX,Phoenix,86.0,2026-09-16T13:25:00+00:00
2026-09-16T13:49:00+00:00,KDCA,Washington DC,71.59,2026-09-16T13:25:00+00:00
2026-09-16T13:49:00+00:00,KDCA,Washington DC,71.59,2026-09-16T13:20:00+00:00
2026-09-16T13:49:00+00:00,KATL,Atlanta,75.2,2026-09-16T13:30:00+00:00
2026-09-16T13:49:00+00:00,KATL,Atlanta,75.2,2026-09-16T13:25:00+00:00
2026-09-16T13:49:00+00:00,KATL,Atlanta,75.2,2026-09-16T13:20:00+00:00
2026-09-16T13:49:00+00:00,KDFW,Dallas,84.2,2026-09-16T13:30:00+00:00
2026-09-16T13:49:00+00:00,KDFW,Dallas,82.4,2026-09-16T13:25:00+00:00
2026-09-16T13:49:00+00:00,KDFW,Dallas,82.4,2026-09-16T13:20:00+00:00
2026-09-16T13:49:00+00:00,KSEA,Seattle,53.6,2026-09-16T13:30:00+00:00
2026-09-16T13:49:00+00:00,KSEA,Seattle,53.6,2026-09-16T13:25:00+00:00
2026-09-16T13:49:00+00:00,KSEA,Seattle,53.6,2026-09-16T13:20:00+00:00
2026-09-16T13:49:00+00:00,KLAS,Las Vegas,78.8,2026-09-16T13:35:00+00:00
2026-09-16T13:49:00+00:00,KLAS,Las Vegas,78.8,2026-09-16T13:30:00+00:00
2026-09-16T13:49:00+00:00,KLAS,Las Vegas,78.8,2026-09-16T13:25:00+00:00
2026-09-16T13:49:00+00:00,KOKC,Oklahoma City,80.59,2026-09-16T13:30:00+00:00
2026-09-16T13:49:00+00:00,KOKC,Oklahoma City,78.8,2026-09-16T13:25:00+00:00
2026-09-16T13:49:00+00:00,KOKC,Oklahoma City,78.8,2026-09-16T13:20:00+00:00
2026-09-16T13:49:00+00:00,KBOS,Boston,66.2,2026-09-16T13:35:00+00:00
2026-09-16T13:49:00+00:00,KBOS,Boston,64.4,2026-09-16T13:30:00+00:00
2026-09-16T13:49:00+00:00,KBOS,Boston,64.4,2026-09-16T13:25:00+00:00
2026-09-16T13:49:00+00:00,KSAT,San Antonio,78.8,2026-09-16T13:30:00+00:00
2026-09-16T13:49:00+00:00,KSAT,San Antonio,78.8,2026-09-16T13:25:00+00:00
2026-09-16T13:49:00+00:00,KMSY,New Orleans,84.2,2026-09-16T13:35:00+00:00
2026-09-16T13:49:00+00:00,KMSY,New Orleans,84.2,2026-09-16T13:30:00+00:00
2026-09-16T13:49:00+00:00,KMSY,New Orleans,84.2,2026-09-16T13:25:00+00:00
2026-09-16T13:49:00+00:00,KHOU,Houston,84.2,2026-09-16T13:30:00+00:00
2026-09-16T13:49:00+00:00,KHOU,Houston,82.4,2026-09-16T13:25:00+00:00
2026-09-16T13:49:00+00:00,KHOU,Houston,82.4,2026-09-16T13:20:00+00:00
2026-09-16T14:04:00+00:00,KMIA,Miami,86.0,2026-09-16T13:45:00+00:00
2026-09-16T14:04:00+00:00,KMIA,Miami,86.0,2026-09-16T13:40:00+00:00
2026-09-16T14:04:00+00:00,KMIA,Miami,86.0,2026-09-16T13:35:00+00:00
2026-09-16T14:04:00+00:00,KDEN,Denver,57.2,2026-09-16T13:40:00+00:00
2026-09-16T14:04:00+00:00,KDEN,Denver,57.2,2026-09-16T13:35:00+00:00
2026-09-16T14:04:00+00:00,KLAX,Los Angeles,69.8,2026-09-16T13:40:00+00:00
2026-09-16T14:04:00+00:00,KPHL,Philadelphia,71.59,2026-09-16T13:40:00+00:00
2026-09-16T14:04:00+00:00,KPHL,Philadelphia,71.59,2026-09-16T13:35:00+00:00
2026-09-16T14:04:00+00:00,KAUS,Austin,78.8,2026-09-16T13:40:00+00:00
2026-09-16T14:04:00+00:00,KAUS,Austin,78.8,2026-09-16T13:35:00+00:00
2026-09-16T14:04:00+00:00,KMDW,Chicago,69.8,2026-09-16T13:40:00+00:00
2026-09-16T14:04:00+00:00,KMDW,Chicago,69.8,2026-09-16T13:35:00+00:00
2026-09-16T14:04:00+00:00,KMDW,Chicago,69.8,2026-09-16T13:30:00+00:00
2026-09-16T14:04:00+00:00,KSFO,San Francisco,59.0,2026-09-16T13:45:00+00:00
2026-09-16T14:04:00+00:00,KSFO,San Francisco,59.0,2026-09-16T13:40:00+00:00
2026-09-16T14:04:00+00:00,KSFO,San Francisco,59.0,2026-09-16T13:35:00+00:00
2026-09-16T14:04:00+00:00,KPHX,Phoenix,86.0,2026-09-16T13:40:00+00:00
2026-09-16T14:04:00+00:00,KPHX,Phoenix,86.0,2026-09-16T13:35:00+00:00
2026-09-16T14:04:00+00:00,KDCA,Washington DC,73.4,2026-09-16T13:40:00+00:00
2026-09-16T14:04:00+00:00,KDCA,Washington DC,71.59,2026-09-16T13:35:00+00:00
2026-09-16T14:04:00+00:00,KDCA,Washington DC,73.4,2026-09-16T13:30:00+00:00
2026-09-16T14:04:00+00:00,KATL,Atlanta,75.2,2026-09-16T13:45:00+00:00
2026-09-16T14:04:00+00:00,KATL,Atlanta,75.2,2026-09-16T13:40:00+00:00
2026-09-16T14:04:00+00:00,KATL,Atlanta,75.2,2026-09-16T13:35:00+00:00
2026-09-16T14:04:00+00:00,KDFW,Dallas,84.2,2026-09-16T13:40:00+00:00
2026-09-16T14:04:00+00:00,KDFW,Dallas,84.2,2026-09-16T13:35:00+00:00
2026-09-16T14:04:00+00:00,KSEA,Seattle,55.4,2026-09-16T13:45:00+00:00
2026-09-16T14:04:00+00:00,KSEA,Seattle,55.4,2026-09-16T13:40:00+00:00
2026-09-16T14:04:00+00:00,KSEA,Seattle,55.4,2026-09-16T13:35:00+00:00
2026-09-16T14:04:00+00:00,KLAS,Las Vegas,78.8,2026-09-16T13:45:00+00:00
2026-09-16T14:04:00+00:00,KLAS,Las Vegas,78.8,2026-09-16T13:40:00+00:00
2026-09-16T14:04:00+00:00,KOKC,Oklahoma City,80.59,2026-09-16T13:40:00+00:00
2026-09-16T14:04:00+00:00,KOKC,Oklahoma City,80.59,2026-09-16T13:35:00+00:00
2026-09-16T14:04:00+00:00,KBOS,Boston,66.2,2026-09-16T13:45:00+00:00
2026-09-16T14:04:00+00:00,KBOS,Boston,66.2,2026-09-16T13:40:00+00:00
2026-09-16T14:04:00+00:00,KMSP,Minneapolis,57.2,2026-09-16T13:30:00+00:00
2026-09-16T14:04:00+00:00,KMSP,Minneapolis,57.2,2026-09-16T13:25:00+00:00
2026-09-16T14:04:00+00:00,KMSP,Minneapolis,57.2,2026-09-16T13:20:00+00:00
2026-09-16T14:04:00+00:00,KMSP,Minneapolis,57.2,2026-09-16T13:15:00+00:00
2026-09-16T14:04:00+00:00,KMSP,Minneapolis,57.2,2026-09-16T13:10:00+00:00
2026-09-16T14:04:00+00:00,KMSP,Minneapolis,57.2,2026-09-16T13:05:00+00:00
2026-09-16T14:04:00+00:00,KMSP,Minneapolis,57.2,2026-09-16T13:00:00+00:00
2026-09-16T14:04:00+00:00,KSAT,San Antonio,78.8,2026-09-16T13:40:00+00:00
2026-09-16T14:04:00+00:00,KSAT,San Antonio,78.8,2026-09-16T13:35:00+00:00
2026-09-16T14:04:00+00:00,KMSY,New Orleans,84.2,2026-09-16T13:40:00+00:00
2026-09-16T14:04:00+00:00,KHOU,Houston,84.2,2026-09-16T13:40:00+00:00
2026-09-16T14:04:00+00:00,KHOU,Houston,84.2,2026-09-16T13:35:00+00:00
2026-09-16T14:07:00+00:00,KMIA,Miami,86.0,2026-09-16T13:45:00+00:00
2026-09-16T14:07:00+00:00,KMIA,Miami,86.0,2026-09-16T13:40:00+00:00
2026-09-16T14:07:00+00:00,KMIA,Miami,86.0,2026-09-16T13:35:00+00:00
2026-09-16T14:07:00+00:00,KMIA,Miami,84.2,2026-09-16T13:30:00+00:00
2026-09-16T14:07:00+00:00,KMIA,Miami,84.2,2026-09-16T13:25:00+00:00
2026-09-16T14:07:00+00:00,KDEN,Denver,57.2,2026-09-16T13:50:00+00:00
2026-09-16T14:07:00+00:00,KDEN,Denver,57.2,2026-09-16T13:45:00+00:00
2026-09-16T14:07:00+00:00,KDEN,Denver,57.2,2026-09-16T13:40:00+00:00
2026-09-16T14:07:00+00:00,KDEN,Denver,57.2,2026-09-16T13:35:00+00:00
2026-09-16T14:07:00+00:00,KDEN,Denver,57.2,2026-09-16T13:30:00+00:00
2026-09-16T14:07:00+00:00,KDEN,Denver,55.4,2026-09-16T13:25:00+00:00
2026-09-16T14:07:00+00:00,KLAX,Los Angeles,69.8,2026-09-16T13:50:00+00:00
2026-09-16T14:07:00+00:00,KLAX,Los Angeles,69.8,2026-09-16T13:45:00+00:00
2026-09-16T14:07:00+00:00,KLAX,Los Angeles,69.8,2026-09-16T13:40:00+00:00
2026-09-16T14:07:00+00:00,KLAX,Los Angeles,69.8,2026-09-16T13:35:00+00:00
2026-09-16T14:07:00+00:00,KLAX,Los Angeles,69.8,2026-09-16T13:30:00+00:00
2026-09-16T14:07:00+00:00,KLAX,Los Angeles,69.8,2026-09-16T13:25:00+00:00
2026-09-16T14:07:00+00:00,KPHL,Philadelphia,71.59,2026-09-16T13:50:00+00:00
2026-09-16T14:07:00+00:00,KPHL,Philadelphia,71.59,2026-09-16T13:45:00+00:00
2026-09-16T14:07:00+00:00,KPHL,Philadelphia,71.59,2026-09-16T13:40:00+00:00
2026-09-16T14:07:00+00:00,KPHL,Philadelphia,71.59,2026-09-16T13:35:00+00:00
2026-09-16T14:07:00+00:00,KPHL,Philadelphia,69.8,2026-09-16T13:30:00+00:00
2026-09-16T14:07:00+00:00,KPHL,Philadelphia,69.8,2026-09-16T13:25:00+00:00
2026-09-16T14:07:00+00:00,KAUS,Austin,78.8,2026-09-16T13:50:00+00:00
2026-09-16T14:07:00+00:00,KAUS,Austin,78.8,2026-09-16T13:45:00+00:00
2026-09-16T14:07:00+00:00,KAUS,Austin,78.8,2026-09-16T13:40:00+00:00
2026-09-16T14:07:00+00:00,KAUS,Austin,78.8,2026-09-16T13:35:00+00:00
2026-09-16T14:07:00+00:00,KAUS,Austin,78.8,2026-09-16T13:30:00+00:00
2026-09-16T14:07:00+00:00,KAUS,Austin,78.8,2026-09-16T13:25:00+00:00
2026-09-16T14:07:00+00:00,KAUS,Austin,78.8,2026-09-16T13:20:00+00:00
2026-09-16T14:07:00+00:00,KMDW,Chicago,69.8,2026-09-16T13:50:00+00:00
2026-09-16T14:07:00+00:00,KMDW,Chicago,69.8,2026-09-16T13:45:00+00:00
2026-09-16T14:07:00+00:00,KMDW,Chicago,69.8,2026-09-16T13:40:00+00:00
2026-09-16T14:07:00+00:00,KMDW,Chicago,69.8,2026-09-16T13:35:00+00:00
2026-09-16T14:07:00+00:00,KMDW,Chicago,69.8,2026-09-16T13:30:00+00:00
2026-09-16T14:07:00+00:00,KMDW,Chicago,69.8,2026-09-16T13:25:00+00:00
2026-09-16T14:07:00+00:00,KSFO,San Francisco,59.0,2026-09-16T13:45:00+00:00
2026-09-16T14:07:00+00:00,KSFO,San Francisco,59.0,2026-09-16T13:40:00+00:00
2026-09-16T14:07:00+00:00,KSFO,San Francisco,59.0,2026-09-16T13:35:00+00:00
2026-09-16T14:07:00+00:00,KSFO,San Francisco,59.0,2026-09-16T13:30:00+00:00
2026-09-16T14:07:00+00:00,KSFO,San Francisco,59.0,2026-09-16T13:25:00+00:00
2026-09-16T14:07:00+00:00,KPHX,Phoenix,86.0,2026-09-16T13:50:00+00:00
2026-09-16T14:07:00+00:00,KPHX,Phoenix,86.0,2026-09-16T13:45:00+00:00
2026-09-16T14:07:00+00:00,KPHX,Phoenix,86.0,2026-09-16T13:40:00+00:00
2026-09-16T14:07:00+00:00,KPHX,Phoenix,86.0,2026-09-16T13:35:00+00:00
2026-09-16T14:07:00+00:00,KPHX,Phoenix,86.0,2026-09-16T13:30:00+00:00
2026-09-16T14:07:00+00:00,KPHX,Phoenix,86.0,2026-09-16T13:25:00+00:00
2026-09-16T14:07:00+00:00,KDCA,Washington DC,73.4,2026-09-16T13:50:00+00:00
2026-09-16T14:07:00+00:00,KDCA,Washington DC,73.4,2026-09-16T13:45:00+00:00
2026-09-16T14:07:00+00:00,KDCA,Washington DC,73.4,2026-09-16T13:40:00+00:00
2026-09-16T14:07:00+00:00,KDCA,Washington DC,71.59,2026-09-16T13:35:00+00:00
2026-09-16T14:07:00+00:00,KDCA,Washington DC,73.4,2026-09-16T13:30:00+00:00
2026-09-16T14:07:00+00:00,KDCA,Washington DC,71.59,2026-09-16T13:25:00+00:00
2026-09-16T14:07:00+00:00,KATL,Atlanta,75.2,2026-09-16T13:45:00+00:00
2026-09-16T14:07:00+00:00,KATL,Atlanta,75.2,2026-09-16T13:40:00+00:00
2026-09-16T14:07:00+00:00,KATL,Atlanta,75.2,2026-09-16T13:35:00+00:00
2026-09-16T14:07:00+00:00,KATL,Atlanta,75.2,2026-09-16T13:30:00+00:00
2026-09-16T14:07:00+00:00,KATL,Atlanta,75.2,2026-09-16T13:25:00+00:00
2026-09-16T14:07:00+00:00,KATL,Atlanta,75.2,2026-09-16T13:20:00+00:00
2026-09-16T14:07:00+00:00,KDFW,Dallas,84.2,2026-09-16T13:50:00+00:00
2026-09-16T14:07:00+00:00,KDFW,Dallas,84.2,2026-09-16T13:45:00+00:00
2026-09-16T14:07:00+00:00,KDFW,Dallas,84.2,2026-09-16T13:40:00+00:00
2026-09-16T14:07:00+00:00,KDFW,Dallas,84.2,2026-09-16T13:35:00+00:00
2026-09-16T14:07:00+00:00,KDFW,Dallas,84.2,2026-09-16T13:30:00+00:00
2026-09-16T14:07:00+00:00,KDFW,Dallas,82.4,2026-09-16T13:25:00+00:00
2026-09-16T14:07:00+00:00,KSEA,Seattle,55.4,2026-09-16T13:45:00+00:00
2026-09-16T14:07:00+00:00,KSEA,Seattle,55.4,2026-09-16T13:40:00+00:00
2026-09-16T14:07:00+00:00,KSEA,Seattle,55.4,2026-09-16T13:35:00+00:00
2026-09-16T14:07:00+00:00,KSEA,Seattle,53.6,2026-09-16T13:30:00+00:00
2026-09-16T14:07:00+00:00,KSEA,Seattle,53.6,2026-09-16T13:25:00+00:00
2026-09-16T14:07:00+00:00,KSEA,Seattle,53.6,2026-09-16T13:20:00+00:00
2026-09-16T14:07:00+00:00,KLAS,Las Vegas,78.8,2026-09-16T13:45:00+00:00
2026-09-16T14:07:00+00:00,KLAS,Las Vegas,78.8,2026-09-16T13:40:00+00:00
2026-09-16T14:07:00+00:00,KLAS,Las Vegas,78.8,2026-09-16T13:35:00+00:00
2026-09-16T14:07:00+00:00,KLAS,Las Vegas,78.8,2026-09-16T13:30:00+00:00
2026-09-16T14:07:00+00:00,KLAS,Las Vegas,78.8,2026-09-16T13:25:00+00:00
2026-09-16T14:07:00+00:00,KOKC,Oklahoma City,80.59,2026-09-16T13:50:00+00:00
2026-09-16T14:07:00+00:00,KOKC,Oklahoma City,80.59,2026-09-16T13:45:00+00:00
2026-09-16T14:07:00+00:00,KOKC,Oklahoma City,80.59,2026-09-16T13:40:00+00:00
2026-09-16T14:07:00+00:00,KOKC,Oklahoma City,80.59,2026-09-16T13:35:00+00:00
2026-09-16T14:07:00+00:00,KOKC,Oklahoma City,80.59,2026-09-16T13:30:00+00:00
2026-09-16T14:07:00+00:00,KOKC,Oklahoma City,78.8,2026-09-16T13:25:00+00:00
2026-09-16T14:07:00+00:00,KOKC,Oklahoma City,78.8,2026-09-16T13:20:00+00:00
2026-09-16T14:07:00+00:00,KBOS,Boston,66.2,2026-09-16T13:45:00+00:00
2026-09-16T14:07:00+00:00,KBOS,Boston,66.2,2026-09-16T13:40:00+00:00
2026-09-16T14:07:00+00:00,KBOS,Boston,66.2,2026-09-16T13:35:00+00:00
2026-09-16T14:07:00+00:00,KBOS,Boston,64.4,2026-09-16T13:30:00+00:00
2026-09-16T14:07:00+00:00,KBOS,Boston,64.4,2026-09-16T13:25:00+00:00
2026-09-16T14:07:00+00:00,KMSP,Minneapolis,57.2,2026-09-16T13:30:00+00:00
2026-09-16T14:07:00+00:00,KMSP,Minneapolis,57.2,2026-09-16T13:25:00+00:00
2026-09-16T14:07:00+00:00,KMSP,Minneapolis,57.2,2026-09-16T13:20:00+00:00
2026-09-16T14:07:00+00:00,KMSP,Minneapolis,57.2,2026-09-16T13:15:00+00:00
2026-09-16T14:07:00+00:00,KMSP,Minneapolis,57.2,2026-09-16T13:10:00+00:00
2026-09-16T14:07:00+00:00,KMSP,Minneapolis,57.2,2026-09-16T13:05:00+00:00
2026-09-16T14:07:00+00:00,KMSP,Minneapolis,57.2,2026-09-16T13:00:00+00:00
2026-09-16T14:07:00+00:00,KSAT,San Antonio,78.8,2026-09-16T13:40:00+00:00
2026-09-16T14:07:00+00:00,KSAT,San Antonio,78.8,2026-09-16T13:35:00+00:00
2026-09-16T14:07:00+00:00,KSAT,San Antonio,78.8,2026-09-16T13:30:00+00:00
2026-09-16T14:07:00+00:00,KSAT,San Antonio,78.8,2026-09-16T13:25:00+00:00
2026-09-16T14:07:00+00:00,KMSY,New Orleans,84.2,2026-09-16T13:40:00+00:00
2026-09-16T14:07:00+00:00,KMSY,New Orleans,84.2,2026-09-16T13:35:00+00:00
2026-09-16T14:07:00+00:00,KMSY,New Orleans,84.2,2026-09-16T13:30:00+00:00
2026-09-16T14:07:00+00:00,KMSY,New Orleans,84.2,2026-09-16T13:25:00+00:00
2026-09-16T14:07:00+00:00,KHOU,Houston,84.2,2026-09-16T13:40:00+00:00
2026-09-16T14:07:00+00:00,KHOU,Houston,84.2,2026-09-16T13:35:00+00:00
2026-09-16T14:07:00+00:00,KHOU,Houston,84.2,2026-09-16T13:30:00+00:00
2026-09-16T14:07:00+00:00,KHOU,Houston,82.4,2026-09-16T13:25:00+00:00
2026-09-16T14:09:48+00:00,KMIA,Miami,86.0,2026-09-16T13:50:00+00:00
2026-09-16T14:09:48+00:00,KDEN,Denver,57.2,2026-09-16T13:50:00+00:00
2026-09-16T14:09:48+00:00,KDEN,Denver,57.2,2026-09-16T13:45:00+00:00
2026-09-16T14:09:48+00:00,KLAX,Los Angeles,69.8,2026-09-16T13:50:00+00:00
2026-09-16T14:09:48+00:00,KLAX,Los Angeles,69.8,2026-09-16T13:45:00+00:00
2026-09-16T14:09:48+00:00,KPHL,Philadelphia,71.59,2026-09-16T13:50:00+00:00
2026-09-16T14:09:48+00:00,KPHL,Philadelphia,71.59,2026-09-16T13:45:00+00:00
2026-09-16T14:09:48+00:00,KAUS,Austin,78.8,2026-09-16T13:50:00+00:00
2026-09-16T14:09:48+00:00,KAUS,Austin,78.8,2026-09-16T13:45:00+00:00
2026-09-16T14:09:48+00:00,KMDW,Chicago,69.8,2026-09-16T13:50:00+00:00
2026-09-16T14:09:48+00:00,KMDW,Chicago,69.8,2026-09-16T13:45:00+00:00
2026-09-16T14:09:48+00:00,KSFO,San Francisco,59.0,2026-09-16T14:00:00+00:00
2026-09-16T14:09:48+00:00,KSFO,San Francisco,59.0,2026-09-16T13:56:00+00:00
2026-09-16T14:09:48+00:00,KSFO,San Francisco,57.2,2026-09-16T13:50:00+00:00
2026-09-16T14:09:48+00:00,KPHX,Phoenix,86.0,2026-09-16T13:50:00+00:00
2026-09-16T14:09:48+00:00,KPHX,Phoenix,86.0,2026-09-16T13:45:00+00:00
2026-09-16T14:09:48+00:00,KDCA,Washington DC,73.4,2026-09-16T13:50:00+00:00
2026-09-16T14:09:48+00:00,KDCA,Washington DC,73.4,2026-09-16T13:45:00+00:00
2026-09-16T14:09:48+00:00,KATL,Atlanta,75.2,2026-09-16T14:00:00+00:00
2026-09-16T14:09:48+00:00,KATL,Atlanta,75.92,2026-09-16T13:52:00+00:00
2026-09-16T14:09:48+00:00,KATL,Atlanta,75.2,2026-09-16T13:50:00+00:00
2026-09-16T14:09:48+00:00,KDFW,Dallas,84.2,2026-09-16T13:50:00+00:00
2026-09-16T14:09:48+00:00,KDFW,Dallas,84.2,2026-09-16T13:45:00+00:00
2026-09-16T14:09:48+00:00,KSEA,Seattle,53.6,2026-09-16T14:00:00+00:00
2026-09-16T14:09:48+00:00,KSEA,Seattle,53.96,2026-09-16T13:53:00+00:00
2026-09-16T14:09:48+00:00,KSEA,Seattle,53.6,2026-09-16T13:50:00+00:00
2026-09-16T14:09:48+00:00,KLAS,Las Vegas,78.8,2026-09-16T14:00:00+00:00
2026-09-16T14:09:48+00:00,KLAS,Las Vegas,78.98,2026-09-16T13:56:00+00:00
2026-09-16T14:09:48+00:00,KLAS,Las Vegas,78.8,2026-09-16T13:50:00+00:00
2026-09-16T14:09:48+00:00,KOKC,Oklahoma City,80.59,2026-09-16T13:50:00+00:00
2026-09-16T14:09:48+00:00,KOKC,Oklahoma City,80.59,2026-09-16T13:45:00+00:00
2026-09-16T14:09:48+00:00,KBOS,Boston,68.0,2026-09-16T14:00:00+00:00
2026-09-16T14:09:48+00:00,KBOS,Boston,68.0,2026-09-16T13:54:00+00:00
2026-09-16T14:09:48+00:00,KBOS,Boston,66.2,2026-09-16T13:50:00+00:00
2026-09-16T14:09:48+00:00,KMSP,Minneapolis,60.8,2026-09-16T14:00:00+00:00
2026-09-16T14:09:48+00:00,KMSP,Minneapolis,60.08,2026-09-16T13:53:00+00:00
2026-09-16T14:09:48+00:00,KMSP,Minneapolis,59.0,2026-09-16T13:50:00+00:00
2026-09-16T14:09:48+00:00,KMSP,Minneapolis,59.0,2026-09-16T13:45:00+00:00
2026-09-16T14:09:48+00:00,KMSP,Minneapolis,59.0,2026-09-16T13:40:00+00:00
2026-09-16T14:09:48+00:00,KMSP,Minneapolis,59.0,2026-09-16T13:35:00+00:00
2026-09-16T14:09:48+00:00,KSAT,San Antonio,80.59,2026-09-16T14:00:00+00:00
2026-09-16T14:09:48+00:00,KSAT,San Antonio,80.06,2026-09-16T13:51:00+00:00
2026-09-16T14:09:48+00:00,KSAT,San Antonio,80.59,2026-09-16T13:50:00+00:00
2026-09-16T14:09:48+00:00,KSAT,San Antonio,78.8,2026-09-16T13:45:00+00:00
2026-09-16T14:09:48+00:00,KMSY,New Orleans,84.2,2026-09-16T14:00:00+00:00
2026-09-16T14:09:48+00:00,KMSY,New Orleans,84.91,2026-09-16T13:53:00+00:00
2026-09-16T14:09:48+00:00,KMSY,New Orleans,84.2,2026-09-16T13:50:00+00:00
2026-09-16T14:09:48+00:00,KMSY,New Orleans,84.2,2026-09-16T13:45:00+00:00
2026-09-16T14:09:48+00:00,KHOU,Houston,84.2,2026-09-16T14:00:00+00:00
2026-09-16T14:09:48+00:00,KHOU,Houston,84.91,2026-09-16T13:53:00+00:00
2026-09-16T14:09:48+00:00,KHOU,Houston,84.2,2026-09-16T13:50:00+00:00
2026-09-16T14:09:48+00:00,KHOU,Houston,84.2,2026-09-16T13:45:00+00:00
2026-09-16T14:19:00+00:00,KNYC,New York City,66.02,2026-09-16T13:51:00+00:00
2026-09-16T14:19:00+00:00,KMIA,Miami,87.8,2026-09-16T14:05:00+00:00
2026-09-16T14:19:00+00:00,KMIA,Miami,87.8,2026-09-16T14:00:00+00:00
2026-09-16T14:19:00+00:00,KMIA,Miami,87.8,2026-09-16T13:55:00+00:00
2026-09-16T14:19:00+00:00,KMIA,Miami,87.08,2026-09-16T13:53:00+00:00
2026-09-16T14:19:00+00:00,KMIA,Miami,86.0,2026-09-16T13:50:00+00:00
2026-09-16T14:19:00+00:00,KDEN,Denver,59.0,2026-09-16T14:05:00+00:00
2026-09-16T14:19:00+00:00,KDEN,Denver,59.0,2026-09-16T14:00:00+00:00
2026-09-16T14:19:00+00:00,KDEN,Denver,59.0,2026-09-16T13:55:00+00:00
2026-09-16T14:19:00+00:00,KDEN,Denver,57.92,2026-09-16T13:53:00+00:00
2026-09-16T14:19:00+00:00,KDEN,Denver,57.2,2026-09-16T13:50:00+00:00
2026-09-16T14:19:00+00:00,KDEN,Denver,57.2,2026-09-16T13:45:00+00:00
2026-09-16T14:19:00+00:00,KLAX,Los Angeles,69.8,2026-09-16T14:05:00+00:00
2026-09-16T14:19:00+00:00,KLAX,Los Angeles,69.8,2026-09-16T14:00:00+00:00
2026-09-16T14:19:00+00:00,KLAX,Los Angeles,69.8,2026-09-16T13:55:00+00:00
2026-09-16T14:19:00+00:00,KLAX,Los Angeles,69.98,2026-09-16T13:53:00+00:00
2026-09-16T14:19:00+00:00,KLAX,Los Angeles,69.8,2026-09-16T13:50:00+00:00
2026-09-16T14:19:00+00:00,KLAX,Los Angeles,69.8,2026-09-16T13:45:00+00:00
2026-09-16T14:19:00+00:00,KPHL,Philadelphia,71.59,2026-09-16T14:05:00+00:00
2026-09-16T14:19:00+00:00,KPHL,Philadelphia,71.59,2026-09-16T14:00:00+00:00
2026-09-16T14:19:00+00:00,KPHL,Philadelphia,71.59,2026-09-16T13:55:00+00:00
2026-09-16T14:19:00+00:00,KPHL,Philadelphia,71.06,2026-09-16T13:54:00+00:00
2026-09-16T14:19:00+00:00,KPHL,Philadelphia,71.59,2026-09-16T13:50:00+00:00
2026-09-16T14:19:00+00:00,KPHL,Philadelphia,71.59,2026-09-16T13:45:00+00:00
2026-09-16T14:19:00+00:00,KAUS,Austin,80.59,2026-09-16T14:00:00+00:00
2026-09-16T14:19:00+00:00,KAUS,Austin,80.59,2026-09-16T13:55:00+00:00
2026-09-16T14:19:00+00:00,KAUS,Austin,80.06,2026-09-16T13:53:00+00:00
2026-09-16T14:19:00+00:00,KAUS,Austin,78.8,2026-09-16T13:50:00+00:00
2026-09-16T14:19:00+00:00,KAUS,Austin,78.8,2026-09-16T13:45:00+00:00
2026-09-16T14:19:00+00:00,KMDW,Chicago,69.8,2026-09-16T14:00:00+00:00
2026-09-16T14:19:00+00:00,KMDW,Chicago,69.8,2026-09-16T13:55:00+00:00
2026-09-16T14:19:00+00:00,KMDW,Chicago,69.08,2026-09-16T13:53:00+00:00
2026-09-16T14:19:00+00:00,KMDW,Chicago,69.8,2026-09-16T13:50:00+00:00
2026-09-16T14:19:00+00:00,KMDW,Chicago,69.8,2026-09-16T13:45:00+00:00
2026-09-16T14:19:00+00:00,KSFO,San Francisco,59.0,2026-09-16T14:05:00+00:00
2026-09-16T14:19:00+00:00,KSFO,San Francisco,59.0,2026-09-16T14:00:00+00:00
2026-09-16T14:19:00+00:00,KSFO,San Francisco,59.0,2026-09-16T13:56:00+00:00
2026-09-16T14:19:00+00:00,KSFO,San Francisco,57.2,2026-09-16T13:55:00+00:00
2026-09-16T14:19:00+00:00,KSFO,San Francisco,57.2,2026-09-16T13:50:00+00:00
2026-09-16T14:19:00+00:00,KPHX,Phoenix,86.0,2026-09-16T14:05:00+00:00
2026-09-16T14:19:00+00:00,KPHX,Phoenix,86.0,2026-09-16T14:00:00+00:00
2026-09-16T14:19:00+00:00,KPHX,Phoenix,86.0,2026-09-16T13:55:00+00:00
2026-09-16T14:19:00+00:00,KPHX,Phoenix,86.0,2026-09-16T13:51:00+00:00
2026-09-16T14:19:00+00:00,KPHX,Phoenix,86.0,2026-09-16T13:50:00+00:00
2026-09-16T14:19:00+00:00,KPHX,Phoenix,86.0,2026-09-16T13:45:00+00:00
2026-09-16T14:19:00+00:00,KDCA,Washington DC,73.4,2026-09-16T14:05:00+00:00
2026-09-16T14:19:00+00:00,KDCA,Washington DC,73.4,2026-09-16T14:00:00+00:00
2026-09-16T14:19:00+00:00,KDCA,Washington DC,73.4,2026-09-16T13:55:00+00:00
2026-09-16T14:19:00+00:00,KDCA,Washington DC,73.04,2026-09-16T13:52:00+00:00
2026-09-16T14:19:00+00:00,KDCA,Washington DC,73.4,2026-09-16T13:50:00+00:00
2026-09-16T14:19:00+00:00,KDCA,Washington DC,73.4,2026-09-16T13:45:00+00:00
2026-09-16T14:19:00+00:00,KATL,Atlanta,75.2,2026-09-16T14:00:00+00:00
2026-09-16T14:19:00+00:00,KATL,Atlanta,75.2,2026-09-16T13:55:00+00:00
2026-09-16T14:19:00+00:00,KATL,Atlanta,75.92,2026-09-16T13:52:00+00:00
2026-09-16T14:19:00+00:00,KATL,Atlanta,75.2,2026-09-16T13:50:00+00:00
2026-09-16T14:19:00+00:00,KDFW,Dallas,84.2,2026-09-16T14:00:00+00:00
2026-09-16T14:19:00+00:00,KDFW,Dallas,84.2,2026-09-16T13:55:00+00:00
2026-09-16T14:19:00+00:00,KDFW,Dallas,84.02,2026-09-16T13:53:00+00:00
2026-09-16T14:19:00+00:00,KDFW,Dallas,84.2,2026-09-16T13:50:00+00:00
2026-09-16T14:19:00+00:00,KDFW,Dallas,84.2,2026-09-16T13:45:00+00:00
2026-09-16T14:19:00+00:00,KSEA,Seattle,53.6,2026-09-16T14:05:00+00:00
2026-09-16T14:19:00+00:00,KSEA,Seattle,53.6,2026-09-16T14:00:00+00:00
2026-09-16T14:19:00+00:00,KSEA,Seattle,53.6,2026-09-16T13:55:00+00:00
2026-09-16T14:19:00+00:00,KSEA,Seattle,53.96,2026-09-16T13:53:00+00:00
2026-09-16T14:19:00+00:00,KSEA,Seattle,53.6,2026-09-16T13:50:00+00:00
2026-09-16T14:19:00+00:00,KLAS,Las Vegas,80.59,2026-09-16T14:05:00+00:00
2026-09-16T14:19:00+00:00,KLAS,Las Vegas,78.8,2026-09-16T14:00:00+00:00
2026-09-16T14:19:00+00:00,KLAS,Las Vegas,78.98,2026-09-16T13:56:00+00:00
2026-09-16T14:19:00+00:00,KLAS,Las Vegas,78.8,2026-09-16T13:55:00+00:00
2026-09-16T14:19:00+00:00,KLAS,Las Vegas,78.8,2026-09-16T13:50:00+00:00
2026-09-16T14:19:00+00:00,KOKC,Oklahoma City,82.4,2026-09-16T14:00:00+00:00
2026-09-16T14:19:00+00:00,KOKC,Oklahoma City,82.4,2026-09-16T13:55:00+00:00
2026-09-16T14:19:00+00:00,KOKC,Oklahoma City,82.04,2026-09-16T13:52:00+00:00
2026-09-16T14:19:00+00:00,KOKC,Oklahoma City,80.59,2026-09-16T13:50:00+00:00
2026-09-16T14:19:00+00:00,KOKC,Oklahoma City,80.59,2026-09-16T13:45:00+00:00
2026-09-16T14:19:00+00:00,KBOS,Boston,68.0,2026-09-16T14:05:00+00:00
2026-09-16T14:19:00+00:00,KBOS,Boston,68.0,2026-09-16T14:00:00+00:00
2026-09-16T14:19:00+00:00,KBOS,Boston,68.0,2026-09-16T13:55:00+00:00
2026-09-16T14:19:00+00:00,KBOS,Boston,68.0,2026-09-16T13:54:00+00:00
2026-09-16T14:19:00+00:00,KBOS,Boston,66.2,2026-09-16T13:50:00+00:00
2026-09-16T14:19:00+00:00,KMSP,Minneapolis,60.8,2026-09-16T14:00:00+00:00
2026-09-16T14:19:00+00:00,KMSP,Minneapolis,60.8,2026-09-16T13:55:00+00:00
2026-09-16T14:19:00+00:00,KMSP,Minneapolis,60.08,2026-09-16T13:53:00+00:00
2026-09-16T14:19:00+00:00,KMSP,Minneapolis,59.0,2026-09-16T13:50:00+00:00
2026-09-16T14:19:00+00:00,KMSP,Minneapolis,59.0,2026-09-16T13:45:00+00:00
2026-09-16T14:19:00+00:00,KMSP,Minneapolis,59.0,2026-09-16T13:40:00+00:00
2026-09-16T14:19:00+00:00,KMSP,Minneapolis,59.0,2026-09-16T13:35:00+00:00
2026-09-16T14:19:00+00:00,KSAT,San Antonio,80.59,2026-09-16T14:00:00+00:00
2026-09-16T14:19:00+00:00,KSAT,San Antonio,80.59,2026-09-16T13:55:00+00:00
2026-09-16T14:19:00+00:00,KSAT,San Antonio,80.06,2026-09-16T13:51:00+00:00
2026-09-16T14:19:00+00:00,KSAT,San Antonio,80.59,2026-09-16T13:50:00+00:00
2026-09-16T14:19:00+00:00,KSAT,San Antonio,78.8,2026-09-16T13:45:00+00:00
2026-09-16T14:19:00+00:00,KMSY,New Orleans,84.2,2026-09-16T14:00:00+00:00
2026-09-16T14:19:00+00:00,KMSY,New Orleans,84.2,2026-09-16T13:55:00+00:00
2026-09-16T14:19:00+00:00,KMSY,New Orleans,84.91,2026-09-16T13:53:00+00:00
2026-09-16T14:19:00+00:00,KMSY,New Orleans,84.2,2026-09-16T13:50:00+00:00
2026-09-16T14:19:00+00:00,KMSY,New Orleans,84.2,2026-09-16T13:45:00+00:00
2026-09-16T14:19:00+00:00,KHOU,Houston,84.2,2026-09-16T14:00:00+00:00
2026-09-16T14:19:00+00:00,KHOU,Houston,84.2,2026-09-16T13:55:00+00:00
2026-09-16T14:19:00+00:00,KHOU,Houston,84.91,2026-09-16T13:53:00+00:00
2026-09-16T14:19:00+00:00,KHOU,Houston,84.2,2026-09-16T13:50:00+00:00
2026-09-16T14:19:00+00:00,KHOU,Houston,84.2,2026-09-16T13:45:00+00:00
2026-09-16T14:34:00+00:00,KMIA,Miami,87.8,2026-09-16T14:20:00+00:00
2026-09-16T14:34:00+00:00,KMIA,Miami,87.8,2026-09-16T14:15:00+00:00
2026-09-16T14:34:00+00:00,KMIA,Miami,87.8,2026-09-16T14:10:00+00:00
2026-09-16T14:34:00+00:00,KDEN,Denver,60.8,2026-09-16T14:15:00+00:00
2026-09-16T14:34:00+00:00,KDEN,Denver,60.8,2026-09-16T14:10:00+00:00
2026-09-16T14:34:00+00:00,KLAX,Los Angeles,71.59,2026-09-16T14:15:00+00:00
2026-09-16T14:34:00+00:00,KLAX,Los Angeles,69.8,2026-09-16T14:10:00+00:00
2026-09-16T14:34:00+00:00,KPHL,Philadelphia,69.8,2026-09-16T14:15:00+00:00
2026-09-16T14:34:00+00:00,KPHL,Philadelphia,71.59,2026-09-16T14:10:00+00:00
2026-09-16T14:34:00+00:00,KAUS,Austin,82.4,2026-09-16T14:15:00+00:00
2026-09-16T14:34:00+00:00,KAUS,Austin,80.59,2026-09-16T14:10:00+00:00
2026-09-16T14:34:00+00:00,KAUS,Austin,80.59,2026-09-16T14:05:00+00:00
2026-09-16T14:34:00+00:00,KAUS,Austin,80.06,2026-09-16T14:03:00+00:00
2026-09-16T14:34:00+00:00,KMDW,Chicago,71.59,2026-09-16T14:15:00+00:00
2026-09-16T14:34:00+00:00,KMDW,Chicago,71.59,2026-09-16T14:10:00+00:00
2026-09-16T14:34:00+00:00,KMDW,Chicago,69.8,2026-09-16T14:05:00+00:00
2026-09-16T14:34:00+00:00,KSFO,San Francisco,59.0,2026-09-16T14:20:00+00:00
2026-09-16T14:34:00+00:00,KSFO,San Francisco,60.8,2026-09-16T14:15:00+00:00
2026-09-16T14:34:00+00:00,KSFO,San Francisco,59.0,2026-09-16T14:10:00+00:00
2026-09-16T14:34:00+00:00,KPHX,Phoenix,87.8,2026-09-16T14:20:00+00:00
2026-09-16T14:34:00+00:00,KPHX,Phoenix,87.8,2026-09-16T14:15:00+00:00
2026-09-16T14:34:00+00:00,KPHX,Phoenix,86.0,2026-09-16T14:10:00+00:00
2026-09-16T14:34:00+00:00,KDCA,Washington DC,73.4,2026-09-16T14:15:00+00:00
2026-09-16T14:34:00+00:00,KDCA,Washington DC,73.4,2026-09-16T14:10:00+00:00
2026-09-16T14:34:00+00:00,KATL,Atlanta,77.0,2026-09-16T14:20:00+00:00
2026-09-16T14:34:00+00:00,KATL,Atlanta,77.0,2026-09-16T14:15:00+00:00
2026-09-16T14:34:00+00:00,KATL,Atlanta,77.0,2026-09-16T14:10:00+00:00
2026-09-16T14:34:00+00:00,KATL,Atlanta,77.0,2026-09-16T14:05:00+00:00
2026-09-16T14:34:00+00:00,KDFW,Dallas,84.2,2026-09-16T14:15:00+00:00
2026-09-16T14:34:00+00:00,KDFW,Dallas,84.2,2026-09-16T14:10:00+00:00
2026-09-16T14:34:00+00:00,KDFW,Dallas,84.2,2026-09-16T14:05:00+00:00
2026-09-16T14:34:00+00:00,KSEA,Seattle,55.4,2026-09-16T14:20:00+00:00
2026-09-16T14:34:00+00:00,KSEA,Seattle,55.4,2026-09-16T14:15:00+00:00
2026-09-16T14:34:00+00:00,KSEA,Seattle,53.6,2026-09-16T14:10:00+00:00
2026-09-16T14:34:00+00:00,KLAS,Las Vegas,80.59,2026-09-16T14:20:00+00:00
2026-09-16T14:34:00+00:00,KLAS,Las Vegas,80.59,2026-09-16T14:15:00+00:00
2026-09-16T14:34:00+00:00,KLAS,Las Vegas,80.59,2026-09-16T14:10:00+00:00
2026-09-16T14:34:00+00:00,KOKC,Oklahoma City,84.2,2026-09-16T14:15:00+00:00
2026-09-16T14:34:00+00:00,KOKC,Oklahoma City,82.4,2026-09-16T14:10:00+00:00
2026-09-16T14:34:00+00:00,KOKC,Oklahoma City,82.4,2026-09-16T14:05:00+00:00
2026-09-16T14:34:00+00:00,KBOS,Boston,69.8,2026-09-16T14:20:00+00:00
2026-09-16T14:34:00+00:00,KBOS,Boston,69.8,2026-09-16T14:15:00+00:00
2026-09-16T14:34:00+00:00,KBOS,Boston,69.8,2026-09-16T14:10:00+00:00
2026-09-16T14:34:00+00:00,KMSP,Minneapolis,62.6,2026-09-16T14:20:00+00:00
2026-09-16T14:34:00+00:00,KMSP,Minneapolis,62.6,2026-09-16T14:15:00+00:00
2026-09-16T14:34:00+00:00,KMSP,Minneapolis,62.6,2026-09-16T14:10:00+00:00
2026-09-16T14:34:00+00:00,KMSP,Minneapolis,60.8,2026-09-16T14:05:00+00:00
2026-09-16T14:34:00+00:00,KSAT,San Antonio,80.59,2026-09-16T14:20:00+00:00
2026-09-16T14:34:00+00:00,KSAT,San Antonio,80.59,2026-09-16T14:15:00+00:00
2026-09-16T14:34:00+00:00,KSAT,San Antonio,80.59,2026-09-16T14:10:00+00:00
2026-09-16T14:34:00+00:00,KSAT,San Antonio,80.59,2026-09-16T14:05:00+00:00
2026-09-16T14:34:00+00:00,KMSY,New Orleans,84.2,2026-09-16T14:20:00+00:00
2026-09-16T14:34:00+00:00,KMSY,New Orleans,84.2,2026-09-16T14:15:00+00:00
2026-09-16T14:34:00+00:00,KMSY,New Orleans,84.2,2026-09-16T14:10:00+00:00
2026-09-16T14:34:00+00:00,KMSY,New Orleans,84.2,2026-09-16T14:05:00+00:00
2026-09-16T14:34:00+00:00,KHOU,Houston,86.0,2026-09-16T14:20:00+00:00
2026-09-16T14:34:00+00:00,KHOU,Houston,86.0,2026-09-16T14:15:00+00:00
2026-09-16T14:34:00+00:00,KHOU,Houston,84.2,2026-09-16T14:10:00+00:00
2026-09-16T14:34:00+00:00,KHOU,Houston,84.2,2026-09-16T14:05:00+00:00
2026-09-16T14:37:00+00:00,KNYC,New York City,66.02,2026-09-16T13:51:00+00:00
2026-09-16T14:37:00+00:00,KMIA,Miami,87.8,2026-09-16T14:20:00+00:00
2026-09-16T14:37:00+00:00,KMIA,Miami,87.8,2026-09-16T14:15:00+00:00
2026-09-16T14:37:00+00:00,KMIA,Miami,87.8,2026-09-16T14:10:00+00:00
2026-09-16T14:37:00+00:00,KMIA,Miami,87.8,2026-09-16T14:05:00+00:00
2026-09-16T14:37:00+00:00,KMIA,Miami,87.8,2026-09-16T14:00:00+00:00
2026-09-16T14:37:00+00:00,KMIA,Miami,87.8,2026-09-16T13:55:00+00:00
2026-09-16T14:37:00+00:00,KMIA,Miami,87.08,2026-09-16T13:53:00+00:00
2026-09-16T14:37:00+00:00,KMIA,Miami,86.0,2026-09-16T13:50:00+00:00
2026-09-16T14:37:00+00:00,KDEN,Denver,60.8,2026-09-16T14:20:00+00:00
2026-09-16T14:37:00+00:00,KDEN,Denver,60.8,2026-09-16T14:15:00+00:00
2026-09-16T14:37:00+00:00,KDEN,Denver,60.8,2026-09-16T14:10:00+00:00
2026-09-16T14:37:00+00:00,KDEN,Denver,59.0,2026-09-16T14:05:00+00:00
2026-09-16T14:37:00+00:00,KDEN,Denver,59.0,2026-09-16T14:00:00+00:00
2026-09-16T14:37:00+00:00,KDEN,Denver,59.0,2026-09-16T13:55:00+00:00
2026-09-16T14:37:00+00:00,KDEN,Denver,57.92,2026-09-16T13:53:00+00:00
2026-09-16T14:37:00+00:00,KLAX,Los Angeles,71.59,2026-09-16T14:20:00+00:00
2026-09-16T14:37:00+00:00,KLAX,Los Angeles,71.59,2026-09-16T14:15:00+00:00
2026-09-16T14:37:00+00:00,KLAX,Los Angeles,69.8,2026-09-16T14:10:00+00:00
2026-09-16T14:37:00+00:00,KLAX,Los Angeles,69.8,2026-09-16T14:05:00+00:00
2026-09-16T14:37:00+00:00,KLAX,Los Angeles,69.8,2026-09-16T14:00:00+00:00
2026-09-16T14:37:00+00:00,KLAX,Los Angeles,69.8,2026-09-16T13:55:00+00:00
2026-09-16T14:37:00+00:00,KLAX,Los Angeles,69.98,2026-09-16T13:53:00+00:00
2026-09-16T14:37:00+00:00,KPHL,Philadelphia,71.59,2026-09-16T14:20:00+00:00
2026-09-16T14:37:00+00:00,KPHL,Philadelphia,69.8,2026-09-16T14:15:00+00:00
2026-09-16T14:37:00+00:00,KPHL,Philadelphia,71.59,2026-09-16T14:10:00+00:00
2026-09-16T14:37:00+00:00,KPHL,Philadelphia,71.59,2026-09-16T14:05:00+00:00
2026-09-16T14:37:00+00:00,KPHL,Philadelphia,71.59,2026-09-16T14:00:00+00:00
2026-09-16T14:37:00+00:00,KPHL,Philadelphia,71.59,2026-09-16T13:55:00+00:00
2026-09-16T14:37:00+00:00,KPHL,Philadelphia,71.06,2026-09-16T13:54:00+00:00
2026-09-16T14:37:00+00:00,KAUS,Austin,82.4,2026-09-16T14:20:00+00:00
2026-09-16T14:37:00+00:00,KAUS,Austin,82.4,2026-09-16T14:15:00+00:00
2026-09-16T14:37:00+00:00,KAUS,Austin,80.59,2026-09-16T14:10:00+00:00
2026-09-16T14:37:00+00:00,KAUS,Austin,80.59,2026-09-16T14:05:00+00:00
2026-09-16T14:37:00+00:00,KAUS,Austin,80.06,2026-09-16T14:03:00+00:00
2026-09-16T14:37:00+00:00,KAUS,Austin,80.59,2026-09-16T14:00:00+00:00
2026-09-16T14:37:00+00:00,KAUS,Austin,80.59,2026-09-16T13:55:00+00:00
2026-09-16T14:37:00+00:00,KAUS,Austin,80.06,2026-09-16T13:53:00+00:00
2026-09-16T14:37:00+00:00,KMDW,Chicago,71.59,2026-09-16T14:15:00+00:00
2026-09-16T14:37:00+00:00,KMDW,Chicago,71.59,2026-09-16T14:10:00+00:00
2026-09-16T14:37:00+00:00,KMDW,Chicago,69.8,2026-09-16T14:05:00+00:00
2026-09-16T14:37:00+00:00,KMDW,Chicago,69.8,2026-09-16T14:00:00+00:00
2026-09-16T14:37:00+00:00,KMDW,Chicago,69.8,2026-09-16T13:55:00+00:00
2026-09-16T14:37:00+00:00,KMDW,Chicago,69.08,2026-09-16T13:53:00+00:00
2026-09-16T14:37:00+00:00,KSFO,San Francisco,59.0,2026-09-16T14:20:00+00:00
2026-09-16T14:37:00+00:00,KSFO,San Francisco,60.8,2026-09-16T14:15:00+00:00
2026-09-16T14:37:00+00:00,KSFO,San Francisco,59.0,2026-09-16T14:10:00+00:00
2026-09-16T14:37:00+00:00,KSFO,San Francisco,59.0,2026-09-16T14:05:00+00:00
2026-09-16T14:37:00+00:00,KSFO,San Francisco,59.0,2026-09-16T14:00:00+00:00
2026-09-16T14:37:00+00:00,KSFO,San Francisco,59.0,2026-09-16T13:56:00+00:00
2026-09-16T14:37:00+00:00,KSFO,San Francisco,57.2,2026-09-16T13:55:00+00:00
2026-09-16T14:37:00+00:00,KSFO,San Francisco,57.2,2026-09-16T13:50:00+00:00
2026-09-16T14:37:00+00:00,KPHX,Phoenix,87.8,2026-09-16T14:20:00+00:00
2026-09-16T14:37:00+00:00,KPHX,Phoenix,87.8,2026-09-16T14:15:00+00:00
2026-09-16T14:37:00+00:00,KPHX,Phoenix,86.0,2026-09-16T14:10:00+00:00
2026-09-16T14:37:00+00:00,KPHX,Phoenix,86.0,2026-09-16T14:05:00+00:00
2026-09-16T14:37:00+00:00,KPHX,Phoenix,86.0,2026-09-16T14:00:00+00:00
2026-09-16T14:37:00+00:00,KPHX,Phoenix,86.0,2026-09-16T13:55:00+00:00
2026-09-16T14:37:00+00:00,KPHX,Phoenix,86.0,2026-09-16T13:51:00+00:00
2026-09-16T14:37:00+00:00,KDCA,Washington DC,73.4,2026-09-16T14:20:00+00:00
2026-09-16T14:37:00+00:00,KDCA,Washington DC,73.4,2026-09-16T14:15:00+00:00
2026-09-16T14:37:00+00:00,KDCA,Washington DC,73.4,2026-09-16T14:10:00+00:00
2026-09-16T14:37:00+00:00,KDCA,Washington DC,73.4,2026-09-16T14:05:00+00:00
2026-09-16T14:37:00+00:00,KDCA,Washington DC,73.4,2026-09-16T14:00:00+00:00
2026-09-16T14:37:00+00:00,KDCA,Washington DC,73.4,2026-09-16T13:55:00+00:00
2026-09-16T14:37:00+00:00,KDCA,Washington DC,73.04,2026-09-16T13:52:00+00:00
2026-09-16T14:37:00+00:00,KATL,Atlanta,77.0,2026-09-16T14:20:00+00:00
2026-09-16T14:37:00+00:00,KATL,Atlanta,77.0,2026-09-16T14:15:00+00:00
2026-09-16T14:37:00+00:00,KATL,Atlanta,77.0,2026-09-16T14:10:00+00:00
2026-09-16T14:37:00+00:00,KATL,Atlanta,77.0,2026-09-16T14:05:00+00:00
2026-09-16T14:37:00+00:00,KATL,Atlanta,75.2,2026-09-16T14:00:00+00:00
2026-09-16T14:37:00+00:00,KATL,Atlanta,75.2,2026-09-16T13:55:00+00:00
2026-09-16T14:37:00+00:00,KATL,Atlanta,75.92,2026-09-16T13:52:00+00:00
2026-09-16T14:37:00+00:00,KATL,Atlanta,75.2,2026-09-16T13:50:00+00:00
2026-09-16T14:37:00+00:00,KDFW,Dallas,84.2,2026-09-16T14:15:00+00:00
2026-09-16T14:37:00+00:00,KDFW,Dallas,84.2,2026-09-16T14:10:00+00:00
2026-09-16T14:37:00+00:00,KDFW,Dallas,84.2,2026-09-16T14:05:00+00:00
2026-09-16T14:37:00+00:00,KDFW,Dallas,84.2,2026-09-16T14:00:00+00:00
2026-09-16T14:37:00+00:00,KDFW,Dallas,84.2,2026-09-16T13:55:00+00:00
2026-09-16T14:37:00+00:00,KDFW,Dallas,84.02,2026-09-16T13:53:00+00:00
2026-09-16T14:37:00+00:00,KSEA,Seattle,55.4,2026-09-16T14:20:00+00:00
2026-09-16T14:37:00+00:00,KSEA,Seattle,55.4,2026-09-16T14:15:00+00:00
2026-09-16T14:37:00+00:00,KSEA,Seattle,53.6,2026-09-16T14:10:00+00:00
2026-09-16T14:37:00+00:00,KSEA,Seattle,53.6,2026-09-16T14:05:00+00:00
2026-09-16T14:37:00+00:00,KSEA,Seattle,53.6,2026-09-16T14:00:00+00:00
2026-09-16T14:37:00+00:00,KSEA,Seattle,53.6,2026-09-16T13:55:00+00:00
2026-09-16T14:37:00+00:00,KSEA,Seattle,53.96,2026-09-16T13:53:00+00:00
2026-09-16T14:37:00+00:00,KSEA,Seattle,53.6,2026-09-16T13:50:00+00:00
2026-09-16T14:37:00+00:00,KLAS,Las Vegas,80.59,2026-09-16T14:20:00+00:00
2026-09-16T14:37:00+00:00,KLAS,Las Vegas,80.59,2026-09-16T14:15:00+00:00
2026-09-16T14:37:00+00:00,KLAS,Las Vegas,80.59,2026-09-16T14:10:00+00:00
2026-09-16T14:37:00+00:00,KLAS,Las Vegas,80.59,2026-09-16T14:05:00+00:00
2026-09-16T14:37:00+00:00,KLAS,Las Vegas,78.8,2026-09-16T14:00:00+00:00
2026-09-16T14:37:00+00:00,KLAS,Las Vegas,78.98,2026-09-16T13:56:00+00:00
2026-09-16T14:37:00+00:00,KLAS,Las Vegas,78.8,2026-09-16T13:55:00+00:00
2026-09-16T14:37:00+00:00,KLAS,Las Vegas,78.8,2026-09-16T13:50:00+00:00
2026-09-16T14:37:00+00:00,KOKC,Oklahoma City,84.2,2026-09-16T14:20:00+00:00
2026-09-16T14:37:00+00:00,KOKC,Oklahoma City,84.2,2026-09-16T14:15:00+00:00
2026-09-16T14:37:00+00:00,KOKC,Oklahoma City,82.4,2026-09-16T14:10:00+00:00
2026-09-16T14:37:00+00:00,KOKC,Oklahoma City,82.4,2026-09-16T14:05:00+00:00
2026-09-16T14:37:00+00:00,KOKC,Oklahoma City,82.4,2026-09-16T14:00:00+00:00
2026-09-16T14:37:00+00:00,KOKC,Oklahoma City,82.4,2026-09-16T13:55:00+00:00
2026-09-16T14:37:00+00:00,KOKC,Oklahoma City,82.04,2026-09-16T13:52:00+00:00
2026-09-16T14:37:00+00:00,KBOS,Boston,69.8,2026-09-16T14:20:00+00:00
2026-09-16T14:37:00+00:00,KBOS,Boston,69.8,2026-09-16T14:15:00+00:00
2026-09-16T14:37:00+00:00,KBOS,Boston,69.8,2026-09-16T14:10:00+00:00
2026-09-16T14:37:00+00:00,KBOS,Boston,68.0,2026-09-16T14:05:00+00:00
2026-09-16T14:37:00+00:00,KBOS,Boston,68.0,2026-09-16T14:00:00+00:00
2026-09-16T14:37:00+00:00,KBOS,Boston,68.0,2026-09-16T13:55:00+00:00
2026-09-16T14:37:00+00:00,KBOS,Boston,68.0,2026-09-16T13:54:00+00:00
2026-09-16T14:37:00+00:00,KBOS,Boston,66.2,2026-09-16T13:50:00+00:00
2026-09-16T14:37:00+00:00,KMSP,Minneapolis,62.6,2026-09-16T14:20:00+00:00
2026-09-16T14:37:00+00:00,KMSP,Minneapolis,62.6,2026-09-16T14:15:00+00:00
2026-09-16T14:37:00+00:00,KMSP,Minneapolis,62.6,2026-09-16T14:10:00+00:00
2026-09-16T14:37:00+00:00,KMSP,Minneapolis,60.8,2026-09-16T14:05:00+00:00
2026-09-16T14:37:00+00:00,KMSP,Minneapolis,60.8,2026-09-16T14:00:00+00:00
2026-09-16T14:37:00+00:00,KMSP,Minneapolis,60.8,2026-09-16T13:55:00+00:00
2026-09-16T14:37:00+00:00,KMSP,Minneapolis,60.08,2026-09-16T13:53:00+00:00
2026-09-16T14:37:00+00:00,KMSP,Minneapolis,59.0,2026-09-16T13:50:00+00:00
2026-09-16T14:37:00+00:00,KMSP,Minneapolis,59.0,2026-09-16T13:45:00+00:00
2026-09-16T14:37:00+00:00,KMSP,Minneapolis,59.0,2026-09-16T13:40:00+00:00
2026-09-16T14:37:00+00:00,KMSP,Minneapolis,59.0,2026-09-16T13:35:00+00:00
2026-09-16T14:37:00+00:00,KSAT,San Antonio,80.59,2026-09-16T14:20:00+00:00
2026-09-16T14:37:00+00:00,KSAT,San Antonio,80.59,2026-09-16T14:15:00+00:00
2026-09-16T14:37:00+00:00,KSAT,San Antonio,80.59,2026-09-16T14:10:00+00:00
2026-09-16T14:37:00+00:00,KSAT,San Antonio,80.59,2026-09-16T14:05:00+00:00
2026-09-16T14:37:00+00:00,KSAT,San Antonio,80.59,2026-09-16T14:00:00+00:00
2026-09-16T14:37:00+00:00,KSAT,San Antonio,80.59,2026-09-16T13:55:00+00:00
2026-09-16T14:37:00+00:00,KSAT,San Antonio,80.06,2026-09-16T13:51:00+00:00
2026-09-16T14:37:00+00:00,KSAT,San Antonio,80.59,2026-09-16T13:50:00+00:00
2026-09-16T14:37:00+00:00,KSAT,San Antonio,78.8,2026-09-16T13:45:00+00:00
2026-09-16T14:37:00+00:00,KMSY,New Orleans,84.2,2026-09-16T14:20:00+00:00
2026-09-16T14:37:00+00:00,KMSY,New Orleans,84.2,2026-09-16T14:15:00+00:00
2026-09-16T14:37:00+00:00,KMSY,New Orleans,84.2,2026-09-16T14:10:00+00:00
2026-09-16T14:37:00+00:00,KMSY,New Orleans,84.2,2026-09-16T14:05:00+00:00
2026-09-16T14:37:00+00:00,KMSY,New Orleans,84.2,2026-09-16T14:00:00+00:00
2026-09-16T14:37:00+00:00,KMSY,New Orleans,84.2,2026-09-16T13:55:00+00:00
2026-09-16T14:37:00+00:00,KMSY,New Orleans,84.91,2026-09-16T13:53:00+00:00
2026-09-16T14:37:00+00:00,KMSY,New Orleans,84.2,2026-09-16T13:50:00+00:00
2026-09-16T14:37:00+00:00,KMSY,New Orleans,84.2,2026-09-16T13:45:00+00:00
2026-09-16T14:37:00+00:00,KHOU,Houston,86.0,2026-09-16T14:20:00+00:00
2026-09-16T14:37:00+00:00,KHOU,Houston,86.0,2026-09-16T14:15:00+00:00
2026-09-16T14:37:00+00:00,KHOU,Houston,84.2,2026-09-16T14:10:00+00:00
2026-09-16T14:37:00+00:00,KHOU,Houston,84.2,2026-09-16T14:05:00+00:00
2026-09-16T14:37:00+00:00,KHOU,Houston,84.2,2026-09-16T14:00:00+00:00
2026-09-16T14:37:00+00:00,KHOU,Houston,84.2,2026-09-16T13:55:00+00:00
2026-09-16T14:37:00+00:00,KHOU,Houston,84.91,2026-09-16T13:53:00+00:00
2026-09-16T14:37:00+00:00,KHOU,Houston,84.2,2026-09-16T13:50:00+00:00
2026-09-16T14:37:00+00:00,KHOU,Houston,84.2,2026-09-16T13:45:00+00:00
2026-09-16T14:49:00+00:00,KMIA,Miami,87.8,2026-09-16T14:30:00+00:00
2026-09-16T14:49:00+00:00,KMIA,Miami,87.8,2026-09-16T14:25:00+00:00
2026-09-16T14:49:00+00:00,KDEN,Denver,62.6,2026-09-16T14:30:00+00:00
2026-09-16T14:49:00+00:00,KDEN,Denver,60.8,2026-09-16T14:25:00+00:00
2026-09-16T14:49:00+00:00,KDEN,Denver,60.8,2026-09-16T14:20:00+00:00
2026-09-16T14:49:00+00:00,KLAX,Los Angeles,71.59,2026-09-16T14:30:00+00:00
2026-09-16T14:49:00+00:00,KLAX,Los Angeles,71.59,2026-09-16T14:25:00+00:00
2026-09-16T14:49:00+00:00,KLAX,Los Angeles,71.59,2026-09-16T14:20:00+00:00
2026-09-16T14:49:00+00:00,KPHL,Philadelphia,71.59,2026-09-16T14:30:00+00:00
2026-09-16T14:49:00+00:00,KPHL,Philadelphia,69.8,2026-09-16T14:25:00+00:00
2026-09-16T14:49:00+00:00,KPHL,Philadelphia,71.59,2026-09-16T14:20:00+00:00
2026-09-16T14:49:00+00:00,KAUS,Austin,82.4,2026-09-16T14:30:00+00:00
2026-09-16T14:49:00+00:00,KAUS,Austin,82.4,2026-09-16T14:25:00+00:00
2026-09-16T14:49:00+00:00,KAUS,Austin,82.4,2026-09-16T14:20:00+00:00
2026-09-16T14:49:00+00:00,KMDW,Chicago,71.59,2026-09-16T14:30:00+00:00
2026-09-16T14:49:00+00:00,KMDW,Chicago,71.59,2026-09-16T14:25:00+00:00
2026-09-16T14:49:00+00:00,KMDW,Chicago,71.59,2026-09-16T14:20:00+00:00
2026-09-16T14:49:00+00:00,KSFO,San Francisco,60.8,2026-09-16T14:30:00+00:00
2026-09-16T14:49:00+00:00,KSFO,San Francisco,60.8,2026-09-16T14:25:00+00:00
2026-09-16T14:49:00+00:00,KPHX,Phoenix,87.8,2026-09-16T14:30:00+00:00
2026-09-16T14:49:00+00:00,KPHX,Phoenix,87.8,2026-09-16T14:25:00+00:00
2026-09-16T14:49:00+00:00,KDCA,Washington DC,73.4,2026-09-16T14:25:00+00:00
2026-09-16T14:49:00+00:00,KDCA,Washington DC,73.4,2026-09-16T14:20:00+00:00
2026-09-16T14:49:00+00:00,KATL,Atlanta,77.0,2026-09-16T14:30:00+00:00
2026-09-16T14:49:00+00:00,KATL,Atlanta,77.0,2026-09-16T14:25:00+00:00
2026-09-16T14:49:00+00:00,KATL,Atlanta,77.0,2026-09-16T14:17:00+00:00
2026-09-16T14:49:00+00:00,KDFW,Dallas,86.0,2026-09-16T14:30:00+00:00
2026-09-16T14:49:00+00:00,KDFW,Dallas,86.0,2026-09-16T14:25:00+00:00
2026-09-16T14:49:00+00:00,KDFW,Dallas,84.2,2026-09-16T14:20:00+00:00
2026-09-16T14:49:00+00:00,KSEA,Seattle,53.6,2026-09-16T14:30:00+00:00
2026-09-16T14:49:00+00:00,KSEA,Seattle,53.6,2026-09-16T14:25:00+00:00
2026-09-16T14:49:00+00:00,KLAS,Las Vegas,80.59,2026-09-16T14:30:00+00:00
2026-09-16T14:49:00+00:00,KLAS,Las Vegas,80.59,2026-09-16T14:25:00+00:00
2026-09-16T14:49:00+00:00,KOKC,Oklahoma City,86.0,2026-09-16T14:30:00+00:00
2026-09-16T14:49:00+00:00,KOKC,Oklahoma City,84.2,2026-09-16T14:25:00+00:00
2026-09-16T14:49:00+00:00,KOKC,Oklahoma City,84.2,2026-09-16T14:20:00+00:00
2026-09-16T14:49:00+00:00,KBOS,Boston,69.8,2026-09-16T14:30:00+00:00
2026-09-16T14:49:00+00:00,KBOS,Boston,69.8,2026-09-16T14:25:00+00:00
2026-09-16T14:49:00+00:00,KMSP,Minneapolis,62.6,2026-09-16T14:30:00+00:00
2026-09-16T14:49:00+00:00,KMSP,Minneapolis,62.6,2026-09-16T14:25:00+00:00
2026-09-16T14:49:00+00:00,KSAT,San Antonio,82.04,2026-09-16T14:30:00+00:00
2026-09-16T14:49:00+00:00,KSAT,San Antonio,80.59,2026-09-16T14:25:00+00:00
2026-09-16T14:49:00+00:00,KSAT,San Antonio,80.95,2026-09-16T14:22:00+00:00
2026-09-16T14:49:00+00:00,KMSY,New Orleans,84.2,2026-09-16T14:30:00+00:00
2026-09-16T14:49:00+00:00,KMSY,New Orleans,84.2,2026-09-16T14:25:00+00:00
2026-09-16T14:49:00+00:00,KHOU,Houston,86.0,2026-09-16T14:30:00+00:00
2026-09-16T14:49:00+00:00,KHOU,Houston,86.0,2026-09-16T14:25:00+00:00
2026-09-16T15:04:00+00:00,KMIA,Miami,87.8,2026-09-16T14:45:00+00:00
2026-09-16T15:04:00+00:00,KMIA,Miami,87.8,2026-09-16T14:40:00+00:00
2026-09-16T15:04:00+00:00,KMIA,Miami,87.8,2026-09-16T14:35:00+00:00
2026-09-16T15:04:00+00:00,KDEN,Denver,62.6,2026-09-16T14:45:00+00:00
2026-09-16T15:04:00+00:00,KDEN,Denver,62.6,2026-09-16T14:40:00+00:00
2026-09-16T15:04:00+00:00,KDEN,Denver,62.6,2026-09-16T14:35:00+00:00
2026-09-16T15:04:00+00:00,KLAX,Los Angeles,71.59,2026-09-16T14:40:00+00:00
2026-09-16T15:04:00+00:00,KLAX,Los Angeles,71.59,2026-09-16T14:35:00+00:00
2026-09-16T15:04:00+00:00,KPHL,Philadelphia,71.59,2026-09-16T14:40:00+00:00
2026-09-16T15:04:00+00:00,KPHL,Philadelphia,71.59,2026-09-16T14:35:00+00:00
2026-09-16T15:04:00+00:00,KAUS,Austin,84.2,2026-09-16T14:45:00+00:00
2026-09-16T15:04:00+00:00,KAUS,Austin,82.4,2026-09-16T14:40:00+00:00
2026-09-16T15:04:00+00:00,KAUS,Austin,82.4,2026-09-16T14:35:00+00:00
2026-09-16T15:04:00+00:00,KMDW,Chicago,71.59,2026-09-16T14:45:00+00:00
2026-09-16T15:04:00+00:00,KMDW,Chicago,71.59,2026-09-16T14:40:00+00:00
2026-09-16T15:04:00+00:00,KMDW,Chicago,71.59,2026-09-16T14:35:00+00:00
2026-09-16T15:04:00+00:00,KSFO,San Francisco,60.8,2026-09-16T14:45:00+00:00
2026-09-16T15:04:00+00:00,KSFO,San Francisco,60.8,2026-09-16T14:40:00+00:00
2026-09-16T15:04:00+00:00,KSFO,San Francisco,60.8,2026-09-16T14:35:00+00:00
2026-09-16T15:04:00+00:00,KPHX,Phoenix,87.8,2026-09-16T14:40:00+00:00
2026-09-16T15:04:00+00:00,KPHX,Phoenix,87.8,2026-09-16T14:35:00+00:00
2026-09-16T15:04:00+00:00,KDCA,Washington DC,75.2,2026-09-16T14:40:00+00:00
2026-09-16T15:04:00+00:00,KDCA,Washington DC,75.2,2026-09-16T14:35:00+00:00
2026-09-16T15:04:00+00:00,KDCA,Washington DC,75.2,2026-09-16T14:30:00+00:00
2026-09-16T15:04:00+00:00,KATL,Atlanta,78.8,2026-09-16T14:45:00+00:00
2026-09-16T15:04:00+00:00,KATL,Atlanta,78.8,2026-09-16T14:40:00+00:00
2026-09-16T15:04:00+00:00,KATL,Atlanta,77.0,2026-09-16T14:35:00+00:00
2026-09-16T15:04:00+00:00,KDFW,Dallas,87.8,2026-09-16T14:45:00+00:00
2026-09-16T15:04:00+00:00,KDFW,Dallas,87.8,2026-09-16T14:40:00+00:00
2026-09-16T15:04:00+00:00,KDFW,Dallas,87.8,2026-09-16T14:35:00+00:00
2026-09-16T15:04:00+00:00,KSEA,Seattle,55.4,2026-09-16T14:45:00+00:00
2026-09-16T15:04:00+00:00,KSEA,Seattle,55.4,2026-09-16T14:40:00+00:00
2026-09-16T15:04:00+00:00,KSEA,Seattle,53.6,2026-09-16T14:35:00+00:00
2026-09-16T15:04:00+00:00,KLAS,Las Vegas,80.59,2026-09-16T14:40:00+00:00
2026-09-16T15:04:00+00:00,KLAS,Las Vegas,80.59,2026-09-16T14:35:00+00:00
2026-09-16T15:04:00+00:00,KOKC,Oklahoma City,87.8,2026-09-16T14:45:00+00:00
2026-09-16T15:04:00+00:00,KOKC,Oklahoma City,87.8,2026-09-16T14:40:00+00:00
2026-09-16T15:04:00+00:00,KOKC,Oklahoma City,86.0,2026-09-16T14:35:00+00:00
2026-09-16T15:04:00+00:00,KBOS,Boston,69.8,2026-09-16T14:45:00+00:00
2026-09-16T15:04:00+00:00,KBOS,Boston,71.59,2026-09-16T14:40:00+00:00
2026-09-16T15:04:00+00:00,KBOS,Boston,69.8,2026-09-16T14:35:00+00:00
2026-09-16T15:04:00+00:00,KMSP,Minneapolis,64.4,2026-09-16T14:40:00+00:00
2026-09-16T15:04:00+00:00,KMSP,Minneapolis,62.6,2026-09-16T14:35:00+00:00
2026-09-16T15:04:00+00:00,KSAT,San Antonio,84.2,2026-09-16T14:45:00+00:00
2026-09-16T15:04:00+00:00,KSAT,San Antonio,82.4,2026-09-16T14:40:00+00:00
2026-09-16T15:04:00+00:00,KSAT,San Antonio,82.94,2026-09-16T14:38:00+00:00
2026-09-16T15:04:00+00:00,KSAT,San Antonio,82.4,2026-09-16T14:35:00+00:00
2026-09-16T15:04:00+00:00,KMSY,New Orleans,86.0,2026-09-16T14:45:00+00:00
2026-09-16T15:04:00+00:00,KMSY,New Orleans,86.0,2026-09-16T14:40:00+00:00
2026-09-16T15:04:00+00:00,KMSY,New Orleans,84.2,2026-09-16T14:35:00+00:00
2026-09-16T15:04:00+00:00,KHOU,Houston,87.8,2026-09-16T14:45:00+00:00
2026-09-16T15:04:00+00:00,KHOU,Houston,86.0,2026-09-16T14:40:00+00:00
2026-09-16T15:04:00+00:00,KHOU,Houston,87.8,2026-09-16T14:35:00+00:00
2026-09-16T15:07:00+00:00,KMIA,Miami,87.8,2026-09-16T14:45:00+00:00
2026-09-16T15:07:00+00:00,KMIA,Miami,87.8,2026-09-16T14:40:00+00:00
2026-09-16T15:07:00+00:00,KMIA,Miami,87.8,2026-09-16T14:35:00+00:00
2026-09-16T15:07:00+00:00,KMIA,Miami,87.8,2026-09-16T14:30:00+00:00
2026-09-16T15:07:00+00:00,KMIA,Miami,87.8,2026-09-16T14:25:00+00:00
2026-09-16T15:07:00+00:00,KDEN,Denver,62.6,2026-09-16T14:45:00+00:00
2026-09-16T15:07:00+00:00,KDEN,Denver,62.6,2026-09-16T14:40:00+00:00
2026-09-16T15:07:00+00:00,KDEN,Denver,62.6,2026-09-16T14:35:00+00:00
2026-09-16T15:07:00+00:00,KDEN,Denver,62.6,2026-09-16T14:30:00+00:00
2026-09-16T15:07:00+00:00,KDEN,Denver,60.8,2026-09-16T14:25:00+00:00
2026-09-16T15:07:00+00:00,KLAX,Los Angeles,71.59,2026-09-16T14:50:00+00:00
2026-09-16T15:07:00+00:00,KLAX,Los Angeles,71.59,2026-09-16T14:45:00+00:00
2026-09-16T15:07:00+00:00,KLAX,Los Angeles,71.59,2026-09-16T14:40:00+00:00
2026-09-16T15:07:00+00:00,KLAX,Los Angeles,71.59,2026-09-16T14:35:00+00:00
2026-09-16T15:07:00+00:00,KLAX,Los Angeles,71.59,2026-09-16T14:30:00+00:00
2026-09-16T15:07:00+00:00,KLAX,Los Angeles,71.59,2026-09-16T14:25:00+00:00
2026-09-16T15:07:00+00:00,KPHL,Philadelphia,73.4,2026-09-16T14:50:00+00:00
2026-09-16T15:07:00+00:00,KPHL,Philadelphia,73.4,2026-09-16T14:45:00+00:00
2026-09-16T15:07:00+00:00,KPHL,Philadelphia,71.59,2026-09-16T14:40:00+00:00
2026-09-16T15:07:00+00:00,KPHL,Philadelphia,71.59,2026-09-16T14:35:00+00:00
2026-09-16T15:07:00+00:00,KPHL,Philadelphia,71.59,2026-09-16T14:30:00+00:00
2026-09-16T15:07:00+00:00,KPHL,Philadelphia,69.8,2026-09-16T14:25:00+00:00
2026-09-16T15:07:00+00:00,KAUS,Austin,84.2,2026-09-16T14:45:00+00:00
2026-09-16T15:07:00+00:00,KAUS,Austin,82.4,2026-09-16T14:40:00+00:00
2026-09-16T15:07:00+00:00,KAUS,Austin,82.4,2026-09-16T14:35:00+00:00
2026-09-16T15:07:00+00:00,KAUS,Austin,82.4,2026-09-16T14:30:00+00:00
2026-09-16T15:07:00+00:00,KAUS,Austin,82.4,2026-09-16T14:25:00+00:00
2026-09-16T15:07:00+00:00,KMDW,Chicago,71.59,2026-09-16T14:45:00+00:00
2026-09-16T15:07:00+00:00,KMDW,Chicago,71.59,2026-09-16T14:40:00+00:00
2026-09-16T15:07:00+00:00,KMDW,Chicago,71.59,2026-09-16T14:35:00+00:00
2026-09-16T15:07:00+00:00,KMDW,Chicago,71.59,2026-09-16T14:30:00+00:00
2026-09-16T15:07:00+00:00,KMDW,Chicago,71.59,2026-09-16T14:25:00+00:00
2026-09-16T15:07:00+00:00,KMDW,Chicago,71.59,2026-09-16T14:20:00+00:00
2026-09-16T15:07:00+00:00,KSFO,San Francisco,60.8,2026-09-16T14:45:00+00:00
2026-09-16T15:07:00+00:00,KSFO,San Francisco,60.8,2026-09-16T14:40:00+00:00
2026-09-16T15:07:00+00:00,KSFO,San Francisco,60.8,2026-09-16T14:35:00+00:00
2026-09-16T15:07:00+00:00,KSFO,San Francisco,60.8,2026-09-16T14:30:00+00:00
2026-09-16T15:07:00+00:00,KSFO,San Francisco,60.8,2026-09-16T14:25:00+00:00
2026-09-16T15:07:00+00:00,KPHX,Phoenix,89.6,2026-09-16T14:50:00+00:00
2026-09-16T15:07:00+00:00,KPHX,Phoenix,87.8,2026-09-16T14:45:00+00:00
2026-09-16T15:07:00+00:00,KPHX,Phoenix,87.8,2026-09-16T14:40:00+00:00
2026-09-16T15:07:00+00:00,KPHX,Phoenix,87.8,2026-09-16T14:35:00+00:00
2026-09-16T15:07:00+00:00,KPHX,Phoenix,87.8,2026-09-16T14:30:00+00:00
2026-09-16T15:07:00+00:00,KPHX,Phoenix,87.8,2026-09-16T14:25:00+00:00
2026-09-16T15:07:00+00:00,KDCA,Washington DC,75.2,2026-09-16T14:50:00+00:00
2026-09-16T15:07:00+00:00,KDCA,Washington DC,75.2,2026-09-16T14:45:00+00:00
2026-09-16T15:07:00+00:00,KDCA,Washington DC,75.2,2026-09-16T14:40:00+00:00
2026-09-16T15:07:00+00:00,KDCA,Washington DC,75.2,2026-09-16T14:35:00+00:00
2026-09-16T15:07:00+00:00,KDCA,Washington DC,75.2,2026-09-16T14:30:00+00:00
2026-09-16T15:07:00+00:00,KDCA,Washington DC,73.4,2026-09-16T14:25:00+00:00
2026-09-16T15:07:00+00:00,KATL,Atlanta,78.8,2026-09-16T14:45:00+00:00
2026-09-16T15:07:00+00:00,KATL,Atlanta,78.8,2026-09-16T14:40:00+00:00
2026-09-16T15:07:00+00:00,KATL,Atlanta,77.0,2026-09-16T14:35:00+00:00
2026-09-16T15:07:00+00:00,KATL,Atlanta,77.0,2026-09-16T14:30:00+00:00
2026-09-16T15:07:00+00:00,KATL,Atlanta,77.0,2026-09-16T14:25:00+00:00
2026-09-16T15:07:00+00:00,KATL,Atlanta,77.0,2026-09-16T14:17:00+00:00
2026-09-16T15:07:00+00:00,KDFW,Dallas,87.8,2026-09-16T14:45:00+00:00
2026-09-16T15:07:00+00:00,KDFW,Dallas,87.8,2026-09-16T14:40:00+00:00
2026-09-16T15:07:00+00:00,KDFW,Dallas,87.8,2026-09-16T14:35:00+00:00
2026-09-16T15:07:00+00:00,KDFW,Dallas,86.0,2026-09-16T14:30:00+00:00
2026-09-16T15:07:00+00:00,KDFW,Dallas,86.0,2026-09-16T14:25:00+00:00
2026-09-16T15:07:00+00:00,KDFW,Dallas,84.2,2026-09-16T14:20:00+00:00
2026-09-16T15:07:00+00:00,KSEA,Seattle,55.4,2026-09-16T14:45:00+00:00
2026-09-16T15:07:00+00:00,KSEA,Seattle,55.4,2026-09-16T14:40:00+00:00
2026-09-16T15:07:00+00:00,KSEA,Seattle,53.6,2026-09-16T14:35:00+00:00
2026-09-16T15:07:00+00:00,KSEA,Seattle,53.6,2026-09-16T14:30:00+00:00
2026-09-16T15:07:00+00:00,KSEA,Seattle,53.6,2026-09-16T14:25:00+00:00
2026-09-16T15:07:00+00:00,KLAS,Las Vegas,82.4,2026-09-16T14:50:00+00:00
2026-09-16T15:07:00+00:00,KLAS,Las Vegas,80.59,2026-09-16T14:45:00+00:00
2026-09-16T15:07:00+00:00,KLAS,Las Vegas,80.59,2026-09-16T14:40:00+00:00
2026-09-16T15:07:00+00:00,KLAS,Las Vegas,80.59,2026-09-16T14:35:00+00:00
2026-09-16T15:07:00+00:00,KLAS,Las Vegas,80.59,2026-09-16T14:30:00+00:00
2026-09-16T15:07:00+00:00,KLAS,Las Vegas,80.59,2026-09-16T14:25:00+00:00
2026-09-16T15:07:00+00:00,KOKC,Oklahoma City,87.8,2026-09-16T14:50:00+00:00
2026-09-16T15:07:00+00:00,KOKC,Oklahoma City,87.8,2026-09-16T14:45:00+00:00
2026-09-16T15:07:00+00:00,KOKC,Oklahoma City,87.8,2026-09-16T14:40:00+00:00
2026-09-16T15:07:00+00:00,KOKC,Oklahoma City,86.0,2026-09-16T14:35:00+00:00
2026-09-16T15:07:00+00:00,KOKC,Oklahoma City,86.0,2026-09-16T14:30:00+00:00
2026-09-16T15:07:00+00:00,KOKC,Oklahoma City,84.2,2026-09-16T14:25:00+00:00
2026-09-16T15:07:00+00:00,KBOS,Boston,69.8,2026-09-16T14:45:00+00:00
2026-09-16T15:07:00+00:00,KBOS,Boston,71.59,2026-09-16T14:40:00+00:00
2026-09-16T15:07:00+00:00,KBOS,Boston,69.8,2026-09-16T14:35:00+00:00
2026-09-16T15:07:00+00:00,KBOS,Boston,69.8,2026-09-16T14:30:00+00:00
2026-09-16T15:07:00+00:00,KBOS,Boston,69.8,2026-09-16T14:25:00+00:00
2026-09-16T15:07:00+00:00,KMSP,Minneapolis,64.4,2026-09-16T14:50:00+00:00
2026-09-16T15:07:00+00:00,KMSP,Minneapolis,64.4,2026-09-16T14:45:00+00:00
2026-09-16T15:07:00+00:00,KMSP,Minneapolis,64.4,2026-09-16T14:40:00+00:00
2026-09-16T15:07:00+00:00,KMSP,Minneapolis,62.6,2026-09-16T14:35:00+00:00
2026-09-16T15:07:00+00:00,KMSP,Minneapolis,62.6,2026-09-16T14:30:00+00:00
2026-09-16T15:07:00+00:00,KMSP,Minneapolis,62.6,2026-09-16T14:25:00+00:00
2026-09-16T15:07:00+00:00,KSAT,San Antonio,84.2,2026-09-16T14:45:00+00:00
2026-09-16T15:07:00+00:00,KSAT,San Antonio,82.4,2026-09-16T14:40:00+00:00
2026-09-16T15:07:00+00:00,KSAT,San Antonio,82.94,2026-09-16T14:38:00+00:00
2026-09-16T15:07:00+00:00,KSAT,San Antonio,82.4,2026-09-16T14:35:00+00:00
2026-09-16T15:07:00+00:00,KSAT,San Antonio,82.04,2026-09-16T14:30:00+00:00
2026-09-16T15:07:00+00:00,KSAT,San Antonio,80.59,2026-09-16T14:25:00+00:00
2026-09-16T15:07:00+00:00,KSAT,San Antonio,80.95,2026-09-16T14:22:00+00:00
2026-09-16T15:07:00+00:00,KMSY,New Orleans,86.0,2026-09-16T14:45:00+00:00
2026-09-16T15:07:00+00:00,KMSY,New Orleans,86.0,2026-09-16T14:40:00+00:00
2026-09-16T15:07:00+00:00,KMSY,New Orleans,84.2,2026-09-16T14:35:00+00:00
2026-09-16T15:07:00+00:00,KMSY,New Orleans,84.2,2026-09-16T14:30:00+00:00
2026-09-16T15:07:00+00:00,KMSY,New Orleans,84.2,2026-09-16T14:25:00+00:00
2026-09-16T15:07:00+00:00,KHOU,Houston,87.8,2026-09-16T14:45:00+00:00
2026-09-16T15:07:00+00:00,KHOU,Houston,86.0,2026-09-16T14:40:00+00:00
2026-09-16T15:07:00+00:00,KHOU,Houston,87.8,2026-09-16T14:35:00+00:00
2026-09-16T15:07:00+00:00,KHOU,Houston,86.0,2026-09-16T14:30:00+00:00
2026-09-16T15:07:00+00:00,KHOU,Houston,86.0,2026-09-16T14:25:00+00:00
2026-09-16T15:19:00+00:00,KNYC,New York City,68.0,2026-09-16T14:51:00+00:00
2026-09-16T15:19:00+00:00,KMIA,Miami,89.6,2026-09-16T15:00:00+00:00
2026-09-16T15:19:00+00:00,KMIA,Miami,89.6,2026-09-16T14:55:00+00:00
2026-09-16T15:19:00+00:00,KMIA,Miami,89.06,2026-09-16T14:53:00+00:00
2026-09-16T15:19:00+00:00,KMIA,Miami,89.6,2026-09-16T14:50:00+00:00
2026-09-16T15:19:00+00:00,KDEN,Denver,64.4,2026-09-16T15:00:00+00:00
2026-09-16T15:19:00+00:00,KDEN,Denver,62.6,2026-09-16T14:55:00+00:00
2026-09-16T15:19:00+00:00,KDEN,Denver,62.95,2026-09-16T14:53:00+00:00
2026-09-16T15:19:00+00:00,KDEN,Denver,62.6,2026-09-16T14:50:00+00:00
2026-09-16T15:19:00+00:00,KLAX,Los Angeles,71.59,2026-09-16T15:05:00+00:00
2026-09-16T15:19:00+00:00,KLAX,Los Angeles,71.59,2026-09-16T15:00:00+00:00
2026-09-16T15:19:00+00:00,KLAX,Los Angeles,71.59,2026-09-16T14:55:00+00:00
2026-09-16T15:19:00+00:00,KLAX,Los Angeles,71.06,2026-09-16T14:53:00+00:00
2026-09-16T15:19:00+00:00,KLAX,Los Angeles,71.59,2026-09-16T14:50:00+00:00
2026-09-16T15:19:00+00:00,KLAX,Los Angeles,71.59,2026-09-16T14:45:00+00:00
2026-09-16T15:19:00+00:00,KPHL,Philadelphia,73.4,2026-09-16T15:00:00+00:00
2026-09-16T15:19:00+00:00,KPHL,Philadelphia,73.4,2026-09-16T14:55:00+00:00
2026-09-16T15:19:00+00:00,KPHL,Philadelphia,73.04,2026-09-16T14:54:00+00:00
2026-09-16T15:19:00+00:00,KPHL,Philadelphia,73.4,2026-09-16T14:50:00+00:00
2026-09-16T15:19:00+00:00,KPHL,Philadelphia,73.4,2026-09-16T14:45:00+00:00
2026-09-16T15:19:00+00:00,KAUS,Austin,84.2,2026-09-16T15:00:00+00:00
2026-09-16T15:19:00+00:00,KAUS,Austin,84.2,2026-09-16T14:55:00+00:00
2026-09-16T15:19:00+00:00,KAUS,Austin,84.91,2026-09-16T14:53:00+00:00
2026-09-16T15:19:00+00:00,KAUS,Austin,84.2,2026-09-16T14:50:00+00:00
2026-09-16T15:19:00+00:00,KMDW,Chicago,71.59,2026-09-16T15:00:00+00:00
2026-09-16T15:19:00+00:00,KMDW,Chicago,71.59,2026-09-16T14:55:00+00:00
2026-09-16T15:19:00+00:00,KMDW,Chicago,71.95,2026-09-16T14:53:00+00:00
2026-09-16T15:19:00+00:00,KMDW,Chicago,71.59,2026-09-16T14:50:00+00:00
2026-09-16T15:19:00+00:00,KSFO,San Francisco,62.6,2026-09-16T15:05:00+00:00
2026-09-16T15:19:00+00:00,KSFO,San Francisco,60.8,2026-09-16T15:00:00+00:00
2026-09-16T15:19:00+00:00,KSFO,San Francisco,60.98,2026-09-16T14:56:00+00:00
2026-09-16T15:19:00+00:00,KSFO,San Francisco,60.8,2026-09-16T14:55:00+00:00
2026-09-16T15:19:00+00:00,KSFO,San Francisco,60.8,2026-09-16T14:50:00+00:00
2026-09-16T15:19:00+00:00,KPHX,Phoenix,87.8,2026-09-16T15:00:00+00:00
2026-09-16T15:19:00+00:00,KPHX,Phoenix,87.8,2026-09-16T14:55:00+00:00
2026-09-16T15:19:00+00:00,KPHX,Phoenix,89.06,2026-09-16T14:51:00+00:00
2026-09-16T15:19:00+00:00,KPHX,Phoenix,89.6,2026-09-16T14:50:00+00:00
2026-09-16T15:19:00+00:00,KPHX,Phoenix,87.8,2026-09-16T14:45:00+00:00
2026-09-16T15:19:00+00:00,KDCA,Washington DC,75.2,2026-09-16T15:00:00+00:00
2026-09-16T15:19:00+00:00,KDCA,Washington DC,75.2,2026-09-16T14:55:00+00:00
2026-09-16T15:19:00+00:00,KDCA,Washington DC,75.02,2026-09-16T14:52:00+00:00
2026-09-16T15:19:00+00:00,KDCA,Washington DC,75.2,2026-09-16T14:50:00+00:00
2026-09-16T15:19:00+00:00,KDCA,Washington DC,75.2,2026-09-16T14:45:00+00:00
2026-09-16T15:19:00+00:00,KATL,Atlanta,78.8,2026-09-16T15:00:00+00:00
2026-09-16T15:19:00+00:00,KATL,Atlanta,78.8,2026-09-16T14:55:00+00:00
2026-09-16T15:19:00+00:00,KATL,Atlanta,78.98,2026-09-16T14:52:00+00:00
2026-09-16T15:19:00+00:00,KATL,Atlanta,78.8,2026-09-16T14:50:00+00:00
2026-09-16T15:19:00+00:00,KDFW,Dallas,87.8,2026-09-16T15:00:00+00:00
2026-09-16T15:19:00+00:00,KDFW,Dallas,87.8,2026-09-16T14:55:00+00:00
2026-09-16T15:19:00+00:00,KDFW,Dallas,87.98,2026-09-16T14:53:00+00:00
2026-09-16T15:19:00+00:00,KDFW,Dallas,87.8,2026-09-16T14:50:00+00:00
2026-09-16T15:19:00+00:00,KSEA,Seattle,55.4,2026-09-16T15:05:00+00:00
2026-09-16T15:19:00+00:00,KSEA,Seattle,55.4,2026-09-16T15:00:00+00:00
2026-09-16T15:19:00+00:00,KSEA,Seattle,55.4,2026-09-16T14:55:00+00:00
2026-09-16T15:19:00+00:00,KSEA,Seattle,55.04,2026-09-16T14:53:00+00:00
2026-09-16T15:19:00+00:00,KSEA,Seattle,55.4,2026-09-16T14:50:00+00:00
2026-09-16T15:19:00+00:00,KLAS,Las Vegas,82.4,2026-09-16T15:00:00+00:00
2026-09-16T15:19:00+00:00,KLAS,Las Vegas,82.04,2026-09-16T14:56:00+00:00
2026-09-16T15:19:00+00:00,KLAS,Las Vegas,82.4,2026-09-16T14:55:00+00:00
2026-09-16T15:19:00+00:00,KLAS,Las Vegas,82.4,2026-09-16T14:50:00+00:00
2026-09-16T15:19:00+00:00,KLAS,Las Vegas,80.59,2026-09-16T14:45:00+00:00
2026-09-16T15:19:00+00:00,KOKC,Oklahoma City,87.8,2026-09-16T15:00:00+00:00
2026-09-16T15:19:00+00:00,KOKC,Oklahoma City,87.8,2026-09-16T14:55:00+00:00
2026-09-16T15:19:00+00:00,KOKC,Oklahoma City,87.98,2026-09-16T14:52:00+00:00
2026-09-16T15:19:00+00:00,KOKC,Oklahoma City,87.8,2026-09-16T14:50:00+00:00
2026-09-16T15:19:00+00:00,KBOS,Boston,71.59,2026-09-16T15:00:00+00:00
2026-09-16T15:19:00+00:00,KBOS,Boston,71.59,2026-09-16T14:55:00+00:00
2026-09-16T15:19:00+00:00,KBOS,Boston,71.06,2026-09-16T14:54:00+00:00
2026-09-16T15:19:00+00:00,KBOS,Boston,69.8,2026-09-16T14:50:00+00:00
2026-09-16T15:19:00+00:00,KMSP,Minneapolis,64.4,2026-09-16T15:00:00+00:00
2026-09-16T15:19:00+00:00,KMSP,Minneapolis,64.94,2026-09-16T14:53:00+00:00
2026-09-16T15:19:00+00:00,KMSP,Minneapolis,64.4,2026-09-16T14:50:00+00:00
2026-09-16T15:19:00+00:00,KMSP,Minneapolis,64.4,2026-09-16T14:45:00+00:00
2026-09-16T15:19:00+00:00,KSAT,San Antonio,82.4,2026-09-16T15:00:00+00:00
2026-09-16T15:19:00+00:00,KSAT,San Antonio,82.4,2026-09-16T14:55:00+00:00
2026-09-16T15:19:00+00:00,KSAT,San Antonio,82.94,2026-09-16T14:51:00+00:00
2026-09-16T15:19:00+00:00,KSAT,San Antonio,82.4,2026-09-16T14:50:00+00:00
2026-09-16T15:19:00+00:00,KMSY,New Orleans,87.8,2026-09-16T15:00:00+00:00
2026-09-16T15:19:00+00:00,KMSY,New Orleans,86.0,2026-09-16T14:55:00+00:00
2026-09-16T15:19:00+00:00,KMSY,New Orleans,86.0,2026-09-16T14:53:00+00:00
2026-09-16T15:19:00+00:00,KMSY,New Orleans,86.0,2026-09-16T14:50:00+00:00
2026-09-16T15:19:00+00:00,KHOU,Houston,87.8,2026-09-16T15:00:00+00:00
2026-09-16T15:19:00+00:00,KHOU,Houston,87.8,2026-09-16T14:55:00+00:00
2026-09-16T15:19:00+00:00,KHOU,Houston,87.98,2026-09-16T14:53:00+00:00
2026-09-16T15:19:00+00:00,KHOU,Houston,87.8,2026-09-16T14:50:00+00:00
2026-09-16T15:34:00+00:00,KMIA,Miami,87.8,2026-09-16T15:15:00+00:00
2026-09-16T15:34:00+00:00,KMIA,Miami,87.8,2026-09-16T15:10:00+00:00
2026-09-16T15:34:00+00:00,KMIA,Miami,89.6,2026-09-16T15:05:00+00:00
2026-09-16T15:34:00+00:00,KDEN,Denver,66.2,2026-09-16T15:20:00+00:00
2026-09-16T15:34:00+00:00,KDEN,Denver,66.2,2026-09-16T15:15:00+00:00
2026-09-16T15:34:00+00:00,KDEN,Denver,66.2,2026-09-16T15:10:00+00:00
2026-09-16T15:34:00+00:00,KDEN,Denver,64.4,2026-09-16T15:05:00+00:00
2026-09-16T15:34:00+00:00,KLAX,Los Angeles,71.59,2026-09-16T15:15:00+00:00
2026-09-16T15:34:00+00:00,KLAX,Los Angeles,71.59,2026-09-16T15:10:00+00:00
2026-09-16T15:34:00+00:00,KPHL,Philadelphia,73.4,2026-09-16T15:15:00+00:00
2026-09-16T15:34:00+00:00,KPHL,Philadelphia,73.4,2026-09-16T15:10:00+00:00
2026-09-16T15:34:00+00:00,KPHL,Philadelphia,73.4,2026-09-16T15:05:00+00:00
2026-09-16T15:34:00+00:00,KAUS,Austin,86.0,2026-09-16T15:20:00+00:00
2026-09-16T15:34:00+00:00,KAUS,Austin,86.0,2026-09-16T15:16:00+00:00
2026-09-16T15:34:00+00:00,KAUS,Austin,86.0,2026-09-16T15:15:00+00:00
2026-09-16T15:34:00+00:00,KAUS,Austin,86.0,2026-09-16T15:10:00+00:00
2026-09-16T15:34:00+00:00,KAUS,Austin,84.2,2026-09-16T15:05:00+00:00
2026-09-16T15:34:00+00:00,KMDW,Chicago,73.4,2026-09-16T15:20:00+00:00
2026-09-16T15:34:00+00:00,KMDW,Chicago,73.4,2026-09-16T15:15:00+00:00
2026-09-16T15:34:00+00:00,KMDW,Chicago,73.4,2026-09-16T15:10:00+00:00
2026-09-16T15:34:00+00:00,KMDW,Chicago,73.4,2026-09-16T15:05:00+00:00
2026-09-16T15:34:00+00:00,KSFO,San Francisco,60.8,2026-09-16T15:15:00+00:00
2026-09-16T15:34:00+00:00,KSFO,San Francisco,60.8,2026-09-16T15:10:00+00:00
2026-09-16T15:34:00+00:00,KPHX,Phoenix,89.6,2026-09-16T15:15:00+00:00
2026-09-16T15:34:00+00:00,KPHX,Phoenix,87.8,2026-09-16T15:10:00+00:00
2026-09-16T15:34:00+00:00,KPHX,Phoenix,87.8,2026-09-16T15:05:00+00:00
2026-09-16T15:34:00+00:00,KDCA,Washington DC,75.2,2026-09-16T15:15:00+00:00
2026-09-16T15:34:00+00:00,KDCA,Washington DC,75.2,2026-09-16T15:10:00+00:00
2026-09-16T15:34:00+00:00,KDCA,Washington DC,75.2,2026-09-16T15:05:00+00:00
2026-09-16T15:34:00+00:00,KATL,Atlanta,78.8,2026-09-16T15:20:00+00:00
2026-09-16T15:34:00+00:00,KATL,Atlanta,78.8,2026-09-16T15:15:00+00:00
2026-09-16T15:34:00+00:00,KATL,Atlanta,78.8,2026-09-16T15:10:00+00:00
2026-09-16T15:34:00+00:00,KATL,Atlanta,78.8,2026-09-16T15:05:00+00:00
2026-09-16T15:34:00+00:00,KDFW,Dallas,87.8,2026-09-16T15:15:00+00:00
2026-09-16T15:34:00+00:00,KDFW,Dallas,87.8,2026-09-16T15:10:00+00:00
2026-09-16T15:34:00+00:00,KDFW,Dallas,87.8,2026-09-16T15:05:00+00:00
2026-09-16T15:34:00+00:00,KSEA,Seattle,55.4,2026-09-16T15:15:00+00:00
2026-09-16T15:34:00+00:00,KSEA,Seattle,55.4,2026-09-16T15:10:00+00:00
2026-09-16T15:34:00+00:00,KLAS,Las Vegas,82.4,2026-09-16T15:15:00+00:00
2026-09-16T15:34:00+00:00,KLAS,Las Vegas,82.4,2026-09-16T15:10:00+00:00
2026-09-16T15:34:00+00:00,KLAS,Las Vegas,82.4,2026-09-16T15:05:00+00:00
2026-09-16T15:34:00+00:00,KOKC,Oklahoma City,89.6,2026-09-16T15:20:00+00:00
2026-09-16T15:34:00+00:00,KOKC,Oklahoma City,89.6,2026-09-16T15:15:00+00:00
2026-09-16T15:34:00+00:00,KOKC,Oklahoma City,89.6,2026-09-16T15:10:00+00:00
2026-09-16T15:34:00+00:00,KOKC,Oklahoma City,89.6,2026-09-16T15:05:00+00:00
2026-09-16T15:34:00+00:00,KBOS,Boston,71.59,2026-09-16T15:15:00+00:00
2026-09-16T15:34:00+00:00,KBOS,Boston,71.59,2026-09-16T15:10:00+00:00
2026-09-16T15:34:00+00:00,KBOS,Boston,71.59,2026-09-16T15:05:00+00:00
2026-09-16T15:34:00+00:00,KMSP,Minneapolis,66.2,2026-09-16T15:10:00+00:00
2026-09-16T15:34:00+00:00,KMSP,Minneapolis,66.2,2026-09-16T15:05:00+00:00
2026-09-16T15:34:00+00:00,KMSP,Minneapolis,64.4,2026-09-16T14:55:00+00:00
2026-09-16T15:34:00+00:00,KSAT,San Antonio,82.4,2026-09-16T15:15:00+00:00
2026-09-16T15:34:00+00:00,KSAT,San Antonio,82.4,2026-09-16T15:10:00+00:00
2026-09-16T15:34:00+00:00,KSAT,San Antonio,82.94,2026-09-16T15:09:00+00:00
2026-09-16T15:34:00+00:00,KSAT,San Antonio,82.4,2026-09-16T15:05:00+00:00
2026-09-16T15:34:00+00:00,KMSY,New Orleans,87.8,2026-09-16T15:20:00+00:00
2026-09-16T15:34:00+00:00,KMSY,New Orleans,87.8,2026-09-16T15:15:00+00:00
2026-09-16T15:34:00+00:00,KMSY,New Orleans,87.8,2026-09-16T15:10:00+00:00
2026-09-16T15:34:00+00:00,KMSY,New Orleans,87.8,2026-09-16T15:05:00+00:00
2026-09-16T15:34:00+00:00,KHOU,Houston,89.6,2026-09-16T15:15:00+00:00
2026-09-16T15:34:00+00:00,KHOU,Houston,87.8,2026-09-16T15:10:00+00:00
2026-09-16T15:34:00+00:00,KHOU,Houston,87.8,2026-09-16T15:05:00+00:00
2026-09-16T15:37:00+00:00,KNYC,New York City,68.0,2026-09-16T14:51:00+00:00
2026-09-16T15:37:00+00:00,KMIA,Miami,87.8,2026-09-16T15:20:00+00:00
2026-09-16T15:37:00+00:00,KMIA,Miami,87.8,2026-09-16T15:15:00+00:00
2026-09-16T15:37:00+00:00,KMIA,Miami,87.8,2026-09-16T15:10:00+00:00
2026-09-16T15:37:00+00:00,KMIA,Miami,89.6,2026-09-16T15:05:00+00:00
2026-09-16T15:37:00+00:00,KMIA,Miami,89.6,2026-09-16T15:00:00+00:00
2026-09-16T15:37:00+00:00,KMIA,Miami,89.6,2026-09-16T14:55:00+00:00
2026-09-16T15:37:00+00:00,KMIA,Miami,89.06,2026-09-16T14:53:00+00:00
2026-09-16T15:37:00+00:00,KMIA,Miami,89.6,2026-09-16T14:50:00+00:00
2026-09-16T15:37:00+00:00,KDEN,Denver,66.2,2026-09-16T15:20:00+00:00
2026-09-16T15:37:00+00:00,KDEN,Denver,66.2,2026-09-16T15:15:00+00:00
2026-09-16T15:37:00+00:00,KDEN,Denver,66.2,2026-09-16T15:10:00+00:00
2026-09-16T15:37:00+00:00,KDEN,Denver,64.4,2026-09-16T15:05:00+00:00
2026-09-16T15:37:00+00:00,KDEN,Denver,64.4,2026-09-16T15:00:00+00:00
2026-09-16T15:37:00+00:00,KDEN,Denver,62.6,2026-09-16T14:55:00+00:00
2026-09-16T15:37:00+00:00,KDEN,Denver,62.95,2026-09-16T14:53:00+00:00
2026-09-16T15:37:00+00:00,KDEN,Denver,62.6,2026-09-16T14:50:00+00:00
2026-09-16T15:37:00+00:00,KLAX,Los Angeles,71.59,2026-09-16T15:20:00+00:00
2026-09-16T15:37:00+00:00,KLAX,Los Angeles,71.59,2026-09-16T15:15:00+00:00
2026-09-16T15:37:00+00:00,KLAX,Los Angeles,71.59,2026-09-16T15:10:00+00:00
2026-09-16T15:37:00+00:00,KLAX,Los Angeles,71.59,2026-09-16T15:05:00+00:00
2026-09-16T15:37:00+00:00,KLAX,Los Angeles,71.59,2026-09-16T15:00:00+00:00
2026-09-16T15:37:00+00:00,KLAX,Los Angeles,71.59,2026-09-16T14:55:00+00:00
2026-09-16T15:37:00+00:00,KLAX,Los Angeles,71.06,2026-09-16T14:53:00+00:00
2026-09-16T15:37:00+00:00,KPHL,Philadelphia,73.4,2026-09-16T15:20:00+00:00
2026-09-16T15:37:00+00:00,KPHL,Philadelphia,73.4,2026-09-16T15:15:00+00:00
2026-09-16T15:37:00+00:00,KPHL,Philadelphia,73.4,2026-09-16T15:10:00+00:00
2026-09-16T15:37:00+00:00,KPHL,Philadelphia,73.4,2026-09-16T15:05:00+00:00
2026-09-16T15:37:00+00:00,KPHL,Philadelphia,73.4,2026-09-16T15:00:00+00:00
2026-09-16T15:37:00+00:00,KPHL,Philadelphia,73.4,2026-09-16T14:55:00+00:00
2026-09-16T15:37:00+00:00,KPHL,Philadelphia,73.04,2026-09-16T14:54:00+00:00
2026-09-16T15:37:00+00:00,KAUS,Austin,86.0,2026-09-16T15:20:00+00:00
2026-09-16T15:37:00+00:00,KAUS,Austin,86.0,2026-09-16T15:16:00+00:00
2026-09-16T15:37:00+00:00,KAUS,Austin,86.0,2026-09-16T15:15:00+00:00
2026-09-16T15:37:00+00:00,KAUS,Austin,86.0,2026-09-16T15:10:00+00:00
2026-09-16T15:37:00+00:00,KAUS,Austin,84.2,2026-09-16T15:05:00+00:00
2026-09-16T15:37:00+00:00,KAUS,Austin,84.2,2026-09-16T15:00:00+00:00
2026-09-16T15:37:00+00:00,KAUS,Austin,84.2,2026-09-16T14:55:00+00:00
2026-09-16T15:37:00+00:00,KAUS,Austin,84.91,2026-09-16T14:53:00+00:00
2026-09-16T15:37:00+00:00,KAUS,Austin,84.2,2026-09-16T14:50:00+00:00
2026-09-16T15:37:00+00:00,KMDW,Chicago,73.4,2026-09-16T15:20:00+00:00
2026-09-16T15:37:00+00:00,KMDW,Chicago,73.4,2026-09-16T15:15:00+00:00
2026-09-16T15:37:00+00:00,KMDW,Chicago,73.4,2026-09-16T15:10:00+00:00
2026-09-16T15:37:00+00:00,KMDW,Chicago,73.4,2026-09-16T15:05:00+00:00
2026-09-16T15:37:00+00:00,KMDW,Chicago,71.59,2026-09-16T15:00:00+00:00
2026-09-16T15:37:00+00:00,KMDW,Chicago,71.59,2026-09-16T14:55:00+00:00
2026-09-16T15:37:00+00:00,KMDW,Chicago,71.95,2026-09-16T14:53:00+00:00
2026-09-16T15:37:00+00:00,KMDW,Chicago,71.59,2026-09-16T14:50:00+00:00
2026-09-16T15:37:00+00:00,KSFO,San Francisco,62.6,2026-09-16T15:20:00+00:00
2026-09-16T15:37:00+00:00,KSFO,San Francisco,60.8,2026-09-16T15:15:00+00:00
2026-09-16T15:37:00+00:00,KSFO,San Francisco,60.8,2026-09-16T15:10:00+00:00
2026-09-16T15:37:00+00:00,KSFO,San Francisco,62.6,2026-09-16T15:05:00+00:00
2026-09-16T15:37:00+00:00,KSFO,San Francisco,60.8,2026-09-16T15:00:00+00:00
2026-09-16T15:37:00+00:00,KSFO,San Francisco,60.98,2026-09-16T14:56:00+00:00
2026-09-16T15:37:00+00:00,KSFO,San Francisco,60.8,2026-09-16T14:55:00+00:00
2026-09-16T15:37:00+00:00,KSFO,San Francisco,60.8,2026-09-16T14:50:00+00:00
2026-09-16T15:37:00+00:00,KPHX,Phoenix,87.8,2026-09-16T15:20:00+00:00
2026-09-16T15:37:00+00:00,KPHX,Phoenix,89.6,2026-09-16T15:15:00+00:00
2026-09-16T15:37:00+00:00,KPHX,Phoenix,87.8,2026-09-16T15:10:00+00:00
2026-09-16T15:37:00+00:00,KPHX,Phoenix,87.8,2026-09-16T15:05:00+00:00
2026-09-16T15:37:00+00:00,KPHX,Phoenix,87.8,2026-09-16T15:00:00+00:00
2026-09-16T15:37:00+00:00,KPHX,Phoenix,87.8,2026-09-16T14:55:00+00:00
2026-09-16T15:37:00+00:00,KPHX,Phoenix,89.06,2026-09-16T14:51:00+00:00
2026-09-16T15:37:00+00:00,KDCA,Washington DC,75.2,2026-09-16T15:20:00+00:00
2026-09-16T15:37:00+00:00,KDCA,Washington DC,75.2,2026-09-16T15:15:00+00:00
2026-09-16T15:37:00+00:00,KDCA,Washington DC,75.2,2026-09-16T15:10:00+00:00
2026-09-16T15:37:00+00:00,KDCA,Washington DC,75.2,2026-09-16T15:05:00+00:00
2026-09-16T15:37:00+00:00,KDCA,Washington DC,75.2,2026-09-16T15:00:00+00:00
2026-09-16T15:37:00+00:00,KDCA,Washington DC,75.2,2026-09-16T14:55:00+00:00
2026-09-16T15:37:00+00:00,KDCA,Washington DC,75.02,2026-09-16T14:52:00+00:00
2026-09-16T15:37:00+00:00,KATL,Atlanta,78.8,2026-09-16T15:20:00+00:00
2026-09-16T15:37:00+00:00,KATL,Atlanta,78.8,2026-09-16T15:15:00+00:00
2026-09-16T15:37:00+00:00,KATL,Atlanta,78.8,2026-09-16T15:10:00+00:00
2026-09-16T15:37:00+00:00,KATL,Atlanta,78.8,2026-09-16T15:05:00+00:00
2026-09-16T15:37:00+00:00,KATL,Atlanta,78.8,2026-09-16T15:00:00+00:00
2026-09-16T15:37:00+00:00,KATL,Atlanta,78.8,2026-09-16T14:55:00+00:00
2026-09-16T15:37:00+00:00,KATL,Atlanta,78.98,2026-09-16T14:52:00+00:00
2026-09-16T15:37:00+00:00,KATL,Atlanta,78.8,2026-09-16T14:50:00+00:00
2026-09-16T15:37:00+00:00,KDFW,Dallas,87.8,2026-09-16T15:15:00+00:00
2026-09-16T15:37:00+00:00,KDFW,Dallas,87.8,2026-09-16T15:10:00+00:00
2026-09-16T15:37:00+00:00,KDFW,Dallas,87.8,2026-09-16T15:05:00+00:00
2026-09-16T15:37:00+00:00,KDFW,Dallas,87.8,2026-09-16T15:00:00+00:00
2026-09-16T15:37:00+00:00,KDFW,Dallas,87.8,2026-09-16T14:55:00+00:00
2026-09-16T15:37:00+00:00,KDFW,Dallas,87.98,2026-09-16T14:53:00+00:00
2026-09-16T15:37:00+00:00,KDFW,Dallas,87.8,2026-09-16T14:50:00+00:00
2026-09-16T15:37:00+00:00,KSEA,Seattle,57.2,2026-09-16T15:20:00+00:00
2026-09-16T15:37:00+00:00,KSEA,Seattle,55.4,2026-09-16T15:15:00+00:00
2026-09-16T15:37:00+00:00,KSEA,Seattle,55.4,2026-09-16T15:10:00+00:00
2026-09-16T15:37:00+00:00,KSEA,Seattle,55.4,2026-09-16T15:05:00+00:00
2026-09-16T15:37:00+00:00,KSEA,Seattle,55.4,2026-09-16T15:00:00+00:00
2026-09-16T15:37:00+00:00,KSEA,Seattle,55.4,2026-09-16T14:55:00+00:00
2026-09-16T15:37:00+00:00,KSEA,Seattle,55.04,2026-09-16T14:53:00+00:00
2026-09-16T15:37:00+00:00,KSEA,Seattle,55.4,2026-09-16T14:50:00+00:00
2026-09-16T15:37:00+00:00,KLAS,Las Vegas,82.4,2026-09-16T15:20:00+00:00
2026-09-16T15:37:00+00:00,KLAS,Las Vegas,82.4,2026-09-16T15:15:00+00:00
2026-09-16T15:37:00+00:00,KLAS,Las Vegas,82.4,2026-09-16T15:10:00+00:00
2026-09-16T15:37:00+00:00,KLAS,Las Vegas,82.4,2026-09-16T15:05:00+00:00
2026-09-16T15:37:00+00:00,KLAS,Las Vegas,82.4,2026-09-16T15:00:00+00:00
2026-09-16T15:37:00+00:00,KLAS,Las Vegas,82.04,2026-09-16T14:56:00+00:00
2026-09-16T15:37:00+00:00,KLAS,Las Vegas,82.4,2026-09-16T14:55:00+00:00
2026-09-16T15:37:00+00:00,KOKC,Oklahoma City,89.6,2026-09-16T15:20:00+00:00
2026-09-16T15:37:00+00:00,KOKC,Oklahoma City,89.6,2026-09-16T15:15:00+00:00
2026-09-16T15:37:00+00:00,KOKC,Oklahoma City,89.6,2026-09-16T15:10:00+00:00
2026-09-16T15:37:00+00:00,KOKC,Oklahoma City,89.6,2026-09-16T15:05:00+00:00
2026-09-16T15:37:00+00:00,KOKC,Oklahoma City,87.8,2026-09-16T15:00:00+00:00
2026-09-16T15:37:00+00:00,KOKC,Oklahoma City,87.8,2026-09-16T14:55:00+00:00
2026-09-16T15:37:00+00:00,KOKC,Oklahoma City,87.98,2026-09-16T14:52:00+00:00
2026-09-16T15:37:00+00:00,KBOS,Boston,71.59,2026-09-16T15:20:00+00:00
2026-09-16T15:37:00+00:00,KBOS,Boston,71.59,2026-09-16T15:15:00+00:00
2026-09-16T15:37:00+00:00,KBOS,Boston,71.59,2026-09-16T15:10:00+00:00
2026-09-16T15:37:00+00:00,KBOS,Boston,71.59,2026-09-16T15:05:00+00:00
2026-09-16T15:37:00+00:00,KBOS,Boston,71.59,2026-09-16T15:00:00+00:00
2026-09-16T15:37:00+00:00,KBOS,Boston,71.59,2026-09-16T14:55:00+00:00
2026-09-16T15:37:00+00:00,KBOS,Boston,71.06,2026-09-16T14:54:00+00:00
2026-09-16T15:37:00+00:00,KBOS,Boston,69.8,2026-09-16T14:50:00+00:00
2026-09-16T15:37:00+00:00,KMSP,Minneapolis,66.2,2026-09-16T15:20:00+00:00
2026-09-16T15:37:00+00:00,KMSP,Minneapolis,66.2,2026-09-16T15:10:00+00:00
2026-09-16T15:37:00+00:00,KMSP,Minneapolis,66.2,2026-09-16T15:05:00+00:00
2026-09-16T15:37:00+00:00,KMSP,Minneapolis,64.4,2026-09-16T15:00:00+00:00
2026-09-16T15:37:00+00:00,KMSP,Minneapolis,64.4,2026-09-16T14:55:00+00:00
2026-09-16T15:37:00+00:00,KMSP,Minneapolis,64.94,2026-09-16T14:53:00+00:00
2026-09-16T15:37:00+00:00,KSAT,San Antonio,82.4,2026-09-16T15:15:00+00:00
2026-09-16T15:37:00+00:00,KSAT,San Antonio,82.4,2026-09-16T15:10:00+00:00
2026-09-16T15:37:00+00:00,KSAT,San Antonio,82.94,2026-09-16T15:09:00+00:00
2026-09-16T15:37:00+00:00,KSAT,San Antonio,82.4,2026-09-16T15:05:00+00:00
2026-09-16T15:37:00+00:00,KSAT,San Antonio,82.4,2026-09-16T15:00:00+00:00
2026-09-16T15:37:00+00:00,KSAT,San Antonio,82.4,2026-09-16T14:55:00+00:00
2026-09-16T15:37:00+00:00,KSAT,San Antonio,82.94,2026-09-16T14:51:00+00:00
2026-09-16T15:37:00+00:00,KSAT,San Antonio,82.4,2026-09-16T14:50:00+00:00
2026-09-16T15:37:00+00:00,KMSY,New Orleans,87.8,2026-09-16T15:20:00+00:00
2026-09-16T15:37:00+00:00,KMSY,New Orleans,87.8,2026-09-16T15:15:00+00:00
2026-09-16T15:37:00+00:00,KMSY,New Orleans,87.8,2026-09-16T15:10:00+00:00
2026-09-16T15:37:00+00:00,KMSY,New Orleans,87.8,2026-09-16T15:05:00+00:00
2026-09-16T15:37:00+00:00,KMSY,New Orleans,87.8,2026-09-16T15:00:00+00:00
2026-09-16T15:37:00+00:00,KMSY,New Orleans,86.0,2026-09-16T14:55:00+00:00
2026-09-16T15:37:00+00:00,KMSY,New Orleans,86.0,2026-09-16T14:53:00+00:00
2026-09-16T15:37:00+00:00,KMSY,New Orleans,86.0,2026-09-16T14:50:00+00:00
2026-09-16T15:37:00+00:00,KHOU,Houston,87.8,2026-09-16T15:20:00+00:00
2026-09-16T15:37:00+00:00,KHOU,Houston,89.6,2026-09-16T15:15:00+00:00
2026-09-16T15:37:00+00:00,KHOU,Houston,87.8,2026-09-16T15:10:00+00:00
2026-09-16T15:37:00+00:00,KHOU,Houston,87.8,2026-09-16T15:05:00+00:00
2026-09-16T15:37:00+00:00,KHOU,Houston,87.8,2026-09-16T15:00:00+00:00
2026-09-16T15:37:00+00:00,KHOU,Houston,87.8,2026-09-16T14:55:00+00:00
2026-09-16T15:37:00+00:00,KHOU,Houston,87.98,2026-09-16T14:53:00+00:00
2026-09-16T15:37:00+00:00,KHOU,Houston,87.8,2026-09-16T14:50:00+00:00
2026-09-16T15:49:00+00:00,KMIA,Miami,87.8,2026-09-16T15:25:00+00:00
2026-09-16T15:49:00+00:00,KMIA,Miami,87.8,2026-09-16T15:20:00+00:00
2026-09-16T15:49:00+00:00,KDEN,Denver,68.0,2026-09-16T15:30:00+00:00
2026-09-16T15:49:00+00:00,KDEN,Denver,68.0,2026-09-16T15:25:00+00:00
2026-09-16T15:49:00+00:00,KLAX,Los Angeles,71.59,2026-09-16T15:30:00+00:00
2026-09-16T15:49:00+00:00,KLAX,Los Angeles,71.59,2026-09-16T15:25:00+00:00
2026-09-16T15:49:00+00:00,KLAX,Los Angeles,71.59,2026-09-16T15:20:00+00:00
2026-09-16T15:49:00+00:00,KPHL,Philadelphia,73.4,2026-09-16T15:30:00+00:00
2026-09-16T15:49:00+00:00,KPHL,Philadelphia,73.4,2026-09-16T15:25:00+00:00
2026-09-16T15:49:00+00:00,KPHL,Philadelphia,73.4,2026-09-16T15:20:00+00:00
2026-09-16T15:49:00+00:00,KAUS,Austin,87.8,2026-09-16T15:30:00+00:00
2026-09-16T15:49:00+00:00,KAUS,Austin,87.8,2026-09-16T15:25:00+00:00
2026-09-16T15:49:00+00:00,KMDW,Chicago,73.4,2026-09-16T15:30:00+00:00
2026-09-16T15:49:00+00:00,KMDW,Chicago,73.4,2026-09-16T15:25:00+00:00
2026-09-16T15:49:00+00:00,KSFO,San Francisco,62.6,2026-09-16T15:30:00+00:00
2026-09-16T15:49:00+00:00,KSFO,San Francisco,62.6,2026-09-16T15:25:00+00:00
2026-09-16T15:49:00+00:00,KSFO,San Francisco,62.6,2026-09-16T15:20:00+00:00
2026-09-16T15:49:00+00:00,KPHX,Phoenix,87.8,2026-09-16T15:30:00+00:00
2026-09-16T15:49:00+00:00,KPHX,Phoenix,87.8,2026-09-16T15:25:00+00:00
2026-09-16T15:49:00+00:00,KPHX,Phoenix,87.8,2026-09-16T15:20:00+00:00
2026-09-16T15:49:00+00:00,KDCA,Washington DC,77.0,2026-09-16T15:30:00+00:00
2026-09-16T15:49:00+00:00,KDCA,Washington DC,77.0,2026-09-16T15:25:00+00:00
2026-09-16T15:49:00+00:00,KDCA,Washington DC,75.2,2026-09-16T15:20:00+00:00
2026-09-16T15:49:00+00:00,KATL,Atlanta,78.8,2026-09-16T15:30:00+00:00
2026-09-16T15:49:00+00:00,KATL,Atlanta,78.8,2026-09-16T15:25:00+00:00
2026-09-16T15:49:00+00:00,KDFW,Dallas,89.6,2026-09-16T15:30:00+00:00
2026-09-16T15:49:00+00:00,KDFW,Dallas,89.6,2026-09-16T15:25:00+00:00
2026-09-16T15:49:00+00:00,KDFW,Dallas,89.6,2026-09-16T15:20:00+00:00
2026-09-16T15:49:00+00:00,KSEA,Seattle,59.0,2026-09-16T15:30:00+00:00
2026-09-16T15:49:00+00:00,KSEA,Seattle,57.2,2026-09-16T15:25:00+00:00
2026-09-16T15:49:00+00:00,KSEA,Seattle,57.2,2026-09-16T15:20:00+00:00
2026-09-16T15:49:00+00:00,KLAS,Las Vegas,82.4,2026-09-16T15:30:00+00:00
2026-09-16T15:49:00+00:00,KLAS,Las Vegas,82.4,2026-09-16T15:25:00+00:00
2026-09-16T15:49:00+00:00,KLAS,Las Vegas,82.4,2026-09-16T15:20:00+00:00
2026-09-16T15:49:00+00:00,KOKC,Oklahoma City,89.6,2026-09-16T15:30:00+00:00
2026-09-16T15:49:00+00:00,KOKC,Oklahoma City,89.6,2026-09-16T15:25:00+00:00
2026-09-16T15:49:00+00:00,KBOS,Boston,71.59,2026-09-16T15:30:00+00:00
2026-09-16T15:49:00+00:00,KBOS,Boston,73.4,2026-09-16T15:25:00+00:00
2026-09-16T15:49:00+00:00,KBOS,Boston,71.59,2026-09-16T15:20:00+00:00
2026-09-16T15:49:00+00:00,KMSP,Minneapolis,66.2,2026-09-16T15:30:00+00:00
2026-09-16T15:49:00+00:00,KMSP,Minneapolis,66.2,2026-09-16T15:25:00+00:00
2026-09-16T15:49:00+00:00,KMSP,Minneapolis,66.2,2026-09-16T15:20:00+00:00
2026-09-16T15:49:00+00:00,KSAT,San Antonio,84.2,2026-09-16T15:30:00+00:00
2026-09-16T15:49:00+00:00,KSAT,San Antonio,82.4,2026-09-16T15:25:00+00:00
2026-09-16T15:49:00+00:00,KSAT,San Antonio,82.4,2026-09-16T15:20:00+00:00
2026-09-16T15:49:00+00:00,KMSY,New Orleans,87.8,2026-09-16T15:30:00+00:00
2026-09-16T15:49:00+00:00,KMSY,New Orleans,87.8,2026-09-16T15:25:00+00:00
2026-09-16T15:49:00+00:00,KHOU,Houston,87.8,2026-09-16T15:30:00+00:00
2026-09-16T15:49:00+00:00,KHOU,Houston,89.6,2026-09-16T15:25:00+00:00
2026-09-16T15:49:00+00:00,KHOU,Houston,87.8,2026-09-16T15:20:00+00:00
2026-09-16T16:04:00+00:00,KMIA,Miami,89.6,2026-09-16T15:45:00+00:00
2026-09-16T16:04:00+00:00,KMIA,Miami,87.8,2026-09-16T15:40:00+00:00
2026-09-16T16:04:00+00:00,KMIA,Miami,87.8,2026-09-16T15:35:00+00:00
2026-09-16T16:04:00+00:00,KDEN,Denver,68.0,2026-09-16T15:45:00+00:00
2026-09-16T16:04:00+00:00,KDEN,Denver,68.0,2026-09-16T15:40:00+00:00
2026-09-16T16:04:00+00:00,KDEN,Denver,68.0,2026-09-16T15:35:00+00:00
2026-09-16T16:04:00+00:00,KLAX,Los Angeles,71.59,2026-09-16T15:45:00+00:00
2026-09-16T16:04:00+00:00,KLAX,Los Angeles,71.59,2026-09-16T15:40:00+00:00
2026-09-16T16:04:00+00:00,KLAX,Los Angeles,71.59,2026-09-16T15:35:00+00:00
2026-09-16T16:04:00+00:00,KPHL,Philadelphia,75.2,2026-09-16T15:40:00+00:00
2026-09-16T16:04:00+00:00,KPHL,Philadelphia,75.2,2026-09-16T15:35:00+00:00
2026-09-16T16:04:00+00:00,KAUS,Austin,87.8,2026-09-16T15:45:00+00:00
2026-09-16T16:04:00+00:00,KAUS,Austin,87.8,2026-09-16T15:40:00+00:00
2026-09-16T16:04:00+00:00,KAUS,Austin,87.8,2026-09-16T15:35:00+00:00
2026-09-16T16:04:00+00:00,KMDW,Chicago,71.59,2026-09-16T15:45:00+00:00
2026-09-16T16:04:00+00:00,KMDW,Chicago,71.59,2026-09-16T15:40:00+00:00
2026-09-16T16:04:00+00:00,KMDW,Chicago,71.95,2026-09-16T15:39:00+00:00
2026-09-16T16:04:00+00:00,KMDW,Chicago,73.4,2026-09-16T15:35:00+00:00
2026-09-16T16:04:00+00:00,KSFO,San Francisco,62.6,2026-09-16T15:45:00+00:00
2026-09-16T16:04:00+00:00,KSFO,San Francisco,62.6,2026-09-16T15:40:00+00:00
2026-09-16T16:04:00+00:00,KSFO,San Francisco,62.6,2026-09-16T15:35:00+00:00
2026-09-16T16:04:00+00:00,KPHX,Phoenix,89.6,2026-09-16T15:45:00+00:00
2026-09-16T16:04:00+00:00,KPHX,Phoenix,89.6,2026-09-16T15:40:00+00:00
2026-09-16T16:04:00+00:00,KPHX,Phoenix,87.8,2026-09-16T15:35:00+00:00
2026-09-16T16:04:00+00:00,KDCA,Washington DC,77.0,2026-09-16T15:40:00+00:00
2026-09-16T16:04:00+00:00,KDCA,Washington DC,77.0,2026-09-16T15:35:00+00:00
2026-09-16T16:04:00+00:00,KATL,Atlanta,78.8,2026-09-16T15:45:00+00:00
2026-09-16T16:04:00+00:00,KATL,Atlanta,78.8,2026-09-16T15:40:00+00:00
2026-09-16T16:04:00+00:00,KATL,Atlanta,78.8,2026-09-16T15:35:00+00:00
2026-09-16T16:04:00+00:00,KATL,Atlanta,78.08,2026-09-16T15:33:00+00:00
2026-09-16T16:04:00+00:00,KDFW,Dallas,89.6,2026-09-16T15:45:00+00:00
2026-09-16T16:04:00+00:00,KDFW,Dallas,89.6,2026-09-16T15:40:00+00:00
2026-09-16T16:04:00+00:00,KDFW,Dallas,89.6,2026-09-16T15:35:00+00:00
2026-09-16T16:04:00+00:00,KSEA,Seattle,60.8,2026-09-16T15:45:00+00:00
2026-09-16T16:04:00+00:00,KSEA,Seattle,60.8,2026-09-16T15:40:00+00:00
2026-09-16T16:04:00+00:00,KSEA,Seattle,59.0,2026-09-16T15:35:00+00:00
2026-09-16T16:04:00+00:00,KLAS,Las Vegas,82.4,2026-09-16T15:45:00+00:00
2026-09-16T16:04:00+00:00,KLAS,Las Vegas,82.4,2026-09-16T15:40:00+00:00
2026-09-16T16:04:00+00:00,KLAS,Las Vegas,82.4,2026-09-16T15:35:00+00:00
2026-09-16T16:04:00+00:00,KOKC,Oklahoma City,91.4,2026-09-16T15:45:00+00:00
2026-09-16T16:04:00+00:00,KOKC,Oklahoma City,91.4,2026-09-16T15:40:00+00:00
2026-09-16T16:04:00+00:00,KOKC,Oklahoma City,91.4,2026-09-16T15:35:00+00:00
2026-09-16T16:04:00+00:00,KBOS,Boston,73.4,2026-09-16T15:45:00+00:00
2026-09-16T16:04:00+00:00,KBOS,Boston,73.4,2026-09-16T15:40:00+00:00
2026-09-16T16:04:00+00:00,KBOS,Boston,73.4,2026-09-16T15:35:00+00:00
2026-09-16T16:04:00+00:00,KMSP,Minneapolis,68.0,2026-09-16T15:40:00+00:00
2026-09-16T16:04:00+00:00,KMSP,Minneapolis,66.2,2026-09-16T15:35:00+00:00
2026-09-16T16:04:00+00:00,KSAT,San Antonio,84.2,2026-09-16T15:45:00+00:00
2026-09-16T16:04:00+00:00,KSAT,San Antonio,84.2,2026-09-16T15:40:00+00:00
2026-09-16T16:04:00+00:00,KSAT,San Antonio,84.2,2026-09-16T15:35:00+00:00
2026-09-16T16:04:00+00:00,KMSY,New Orleans,87.8,2026-09-16T15:45:00+00:00
2026-09-16T16:04:00+00:00,KMSY,New Orleans,87.8,2026-09-16T15:40:00+00:00
2026-09-16T16:04:00+00:00,KMSY,New Orleans,87.8,2026-09-16T15:35:00+00:00
2026-09-16T16:04:00+00:00,KHOU,Houston,89.6,2026-09-16T15:45:00+00:00
2026-09-16T16:04:00+00:00,KHOU,Houston,89.6,2026-09-16T15:40:00+00:00
2026-09-16T16:04:00+00:00,KHOU,Houston,87.8,2026-09-16T15:35:00+00:00
2026-09-16T16:07:00+00:00,KMIA,Miami,89.6,2026-09-16T15:45:00+00:00
2026-09-16T16:07:00+00:00,KMIA,Miami,87.8,2026-09-16T15:40:00+00:00
2026-09-16T16:07:00+00:00,KMIA,Miami,87.8,2026-09-16T15:35:00+00:00
2026-09-16T16:07:00+00:00,KMIA,Miami,87.8,2026-09-16T15:25:00+00:00
2026-09-16T16:07:00+00:00,KDEN,Denver,68.0,2026-09-16T15:45:00+00:00
2026-09-16T16:07:00+00:00,KDEN,Denver,68.0,2026-09-16T15:40:00+00:00
2026-09-16T16:07:00+00:00,KDEN,Denver,68.0,2026-09-16T15:35:00+00:00
2026-09-16T16:07:00+00:00,KDEN,Denver,68.0,2026-09-16T15:30:00+00:00
2026-09-16T16:07:00+00:00,KDEN,Denver,68.0,2026-09-16T15:25:00+00:00
2026-09-16T16:07:00+00:00,KLAX,Los Angeles,71.59,2026-09-16T15:50:00+00:00
2026-09-16T16:07:00+00:00,KLAX,Los Angeles,71.59,2026-09-16T15:45:00+00:00
2026-09-16T16:07:00+00:00,KLAX,Los Angeles,71.59,2026-09-16T15:40:00+00:00
2026-09-16T16:07:00+00:00,KLAX,Los Angeles,71.59,2026-09-16T15:35:00+00:00
2026-09-16T16:07:00+00:00,KLAX,Los Angeles,71.59,2026-09-16T15:30:00+00:00
2026-09-16T16:07:00+00:00,KLAX,Los Angeles,71.59,2026-09-16T15:25:00+00:00
2026-09-16T16:07:00+00:00,KPHL,Philadelphia,73.4,2026-09-16T15:50:00+00:00
2026-09-16T16:07:00+00:00,KPHL,Philadelphia,75.2,2026-09-16T15:45:00+00:00
2026-09-16T16:07:00+00:00,KPHL,Philadelphia,75.2,2026-09-16T15:40:00+00:00
2026-09-16T16:07:00+00:00,KPHL,Philadelphia,75.2,2026-09-16T15:35:00+00:00
2026-09-16T16:07:00+00:00,KPHL,Philadelphia,73.4,2026-09-16T15:30:00+00:00
2026-09-16T16:07:00+00:00,KPHL,Philadelphia,73.4,2026-09-16T15:25:00+00:00
2026-09-16T16:07:00+00:00,KAUS,Austin,87.8,2026-09-16T15:45:00+00:00
2026-09-16T16:07:00+00:00,KAUS,Austin,87.8,2026-09-16T15:40:00+00:00
2026-09-16T16:07:00+00:00,KAUS,Austin,87.8,2026-09-16T15:35:00+00:00
2026-09-16T16:07:00+00:00,KAUS,Austin,87.8,2026-09-16T15:30:00+00:00
2026-09-16T16:07:00+00:00,KAUS,Austin,87.8,2026-09-16T15:25:00+00:00
2026-09-16T16:07:00+00:00,KMDW,Chicago,71.59,2026-09-16T15:45:00+00:00
2026-09-16T16:07:00+00:00,KMDW,Chicago,71.59,2026-09-16T15:40:00+00:00
2026-09-16T16:07:00+00:00,KMDW,Chicago,71.95,2026-09-16T15:39:00+00:00
2026-09-16T16:07:00+00:00,KMDW,Chicago,73.4,2026-09-16T15:35:00+00:00
2026-09-16T16:07:00+00:00,KMDW,Chicago,73.4,2026-09-16T15:30:00+00:00
2026-09-16T16:07:00+00:00,KMDW,Chicago,73.4,2026-09-16T15:25:00+00:00
2026-09-16T16:07:00+00:00,KSFO,San Francisco,62.6,2026-09-16T15:45:00+00:00
2026-09-16T16:07:00+00:00,KSFO,San Francisco,62.6,2026-09-16T15:40:00+00:00
2026-09-16T16:07:00+00:00,KSFO,San Francisco,62.6,2026-09-16T15:35:00+00:00
2026-09-16T16:07:00+00:00,KSFO,San Francisco,62.6,2026-09-16T15:30:00+00:00
2026-09-16T16:07:00+00:00,KSFO,San Francisco,62.6,2026-09-16T15:25:00+00:00
2026-09-16T16:07:00+00:00,KPHX,Phoenix,89.6,2026-09-16T15:50:00+00:00
2026-09-16T16:07:00+00:00,KPHX,Phoenix,89.6,2026-09-16T15:45:00+00:00
2026-09-16T16:07:00+00:00,KPHX,Phoenix,89.6,2026-09-16T15:40:00+00:00
2026-09-16T16:07:00+00:00,KPHX,Phoenix,87.8,2026-09-16T15:35:00+00:00
2026-09-16T16:07:00+00:00,KPHX,Phoenix,87.8,2026-09-16T15:30:00+00:00
2026-09-16T16:07:00+00:00,KPHX,Phoenix,87.8,2026-09-16T15:25:00+00:00
2026-09-16T16:07:00+00:00,KDCA,Washington DC,77.0,2026-09-16T15:50:00+00:00
2026-09-16T16:07:00+00:00,KDCA,Washington DC,77.0,2026-09-16T15:45:00+00:00
2026-09-16T16:07:00+00:00,KDCA,Washington DC,77.0,2026-09-16T15:40:00+00:00
2026-09-16T16:07:00+00:00,KDCA,Washington DC,77.0,2026-09-16T15:35:00+00:00
2026-09-16T16:07:00+00:00,KDCA,Washington DC,77.0,2026-09-16T15:30:00+00:00
2026-09-16T16:07:00+00:00,KDCA,Washington DC,77.0,2026-09-16T15:25:00+00:00
2026-09-16T16:07:00+00:00,KATL,Atlanta,78.8,2026-09-16T15:45:00+00:00
2026-09-16T16:07:00+00:00,KATL,Atlanta,78.8,2026-09-16T15:40:00+00:00
2026-09-16T16:07:00+00:00,KATL,Atlanta,78.8,2026-09-16T15:35:00+00:00
2026-09-16T16:07:00+00:00,KATL,Atlanta,78.08,2026-09-16T15:33:00+00:00
2026-09-16T16:07:00+00:00,KATL,Atlanta,78.8,2026-09-16T15:30:00+00:00
2026-09-16T16:07:00+00:00,KATL,Atlanta,78.8,2026-09-16T15:25:00+00:00
2026-09-16T16:07:00+00:00,KDFW,Dallas,89.6,2026-09-16T15:45:00+00:00
2026-09-16T16:07:00+00:00,KDFW,Dallas,89.6,2026-09-16T15:40:00+00:00
2026-09-16T16:07:00+00:00,KDFW,Dallas,89.6,2026-09-16T15:35:00+00:00
2026-09-16T16:07:00+00:00,KDFW,Dallas,89.6,2026-09-16T15:30:00+00:00
2026-09-16T16:07:00+00:00,KDFW,Dallas,89.6,2026-09-16T15:25:00+00:00
2026-09-16T16:07:00+00:00,KDFW,Dallas,89.6,2026-09-16T15:20:00+00:00
2026-09-16T16:07:00+00:00,KSEA,Seattle,60.8,2026-09-16T15:45:00+00:00
2026-09-16T16:07:00+00:00,KSEA,Seattle,60.8,2026-09-16T15:40:00+00:00
2026-09-16T16:07:00+00:00,KSEA,Seattle,59.0,2026-09-16T15:35:00+00:00
2026-09-16T16:07:00+00:00,KSEA,Seattle,59.0,2026-09-16T15:30:00+00:00
2026-09-16T16:07:00+00:00,KSEA,Seattle,57.2,2026-09-16T15:25:00+00:00
2026-09-16T16:07:00+00:00,KLAS,Las Vegas,84.2,2026-09-16T15:50:00+00:00
2026-09-16T16:07:00+00:00,KLAS,Las Vegas,82.4,2026-09-16T15:45:00+00:00
2026-09-16T16:07:00+00:00,KLAS,Las Vegas,82.4,2026-09-16T15:40:00+00:00
2026-09-16T16:07:00+00:00,KLAS,Las Vegas,82.4,2026-09-16T15:35:00+00:00
2026-09-16T16:07:00+00:00,KLAS,Las Vegas,82.4,2026-09-16T15:30:00+00:00
2026-09-16T16:07:00+00:00,KLAS,Las Vegas,82.4,2026-09-16T15:25:00+00:00
2026-09-16T16:07:00+00:00,KOKC,Oklahoma City,91.4,2026-09-16T15:45:00+00:00
2026-09-16T16:07:00+00:00,KOKC,Oklahoma City,91.4,2026-09-16T15:40:00+00:00
2026-09-16T16:07:00+00:00,KOKC,Oklahoma City,91.4,2026-09-16T15:35:00+00:00
2026-09-16T16:07:00+00:00,KOKC,Oklahoma City,89.6,2026-09-16T15:30:00+00:00
2026-09-16T16:07:00+00:00,KOKC,Oklahoma City,89.6,2026-09-16T15:25:00+00:00
2026-09-16T16:07:00+00:00,KBOS,Boston,73.4,2026-09-16T15:45:00+00:00
2026-09-16T16:07:00+00:00,KBOS,Boston,73.4,2026-09-16T15:40:00+00:00
2026-09-16T16:07:00+00:00,KBOS,Boston,73.4,2026-09-16T15:35:00+00:00
2026-09-16T16:07:00+00:00,KBOS,Boston,71.59,2026-09-16T15:30:00+00:00
2026-09-16T16:07:00+00:00,KBOS,Boston,73.4,2026-09-16T15:25:00+00:00
2026-09-16T16:07:00+00:00,KMSP,Minneapolis,68.0,2026-09-16T15:50:00+00:00
2026-09-16T16:07:00+00:00,KMSP,Minneapolis,66.2,2026-09-16T15:45:00+00:00
2026-09-16T16:07:00+00:00,KMSP,Minneapolis,68.0,2026-09-16T15:40:00+00:00
2026-09-16T16:07:00+00:00,KMSP,Minneapolis,66.2,2026-09-16T15:35:00+00:00
2026-09-16T16:07:00+00:00,KMSP,Minneapolis,66.2,2026-09-16T15:30:00+00:00
2026-09-16T16:07:00+00:00,KMSP,Minneapolis,66.2,2026-09-16T15:25:00+00:00
2026-09-16T16:07:00+00:00,KSAT,San Antonio,84.2,2026-09-16T15:45:00+00:00
2026-09-16T16:07:00+00:00,KSAT,San Antonio,84.2,2026-09-16T15:40:00+00:00
2026-09-16T16:07:00+00:00,KSAT,San Antonio,84.2,2026-09-16T15:35:00+00:00
2026-09-16T16:07:00+00:00,KSAT,San Antonio,84.2,2026-09-16T15:30:00+00:00
2026-09-16T16:07:00+00:00,KSAT,San Antonio,82.4,2026-09-16T15:25:00+00:00
2026-09-16T16:07:00+00:00,KSAT,San Antonio,82.4,2026-09-16T15:20:00+00:00
2026-09-16T16:07:00+00:00,KMSY,New Orleans,87.8,2026-09-16T15:45:00+00:00
2026-09-16T16:07:00+00:00,KMSY,New Orleans,87.8,2026-09-16T15:40:00+00:00
2026-09-16T16:07:00+00:00,KMSY,New Orleans,87.8,2026-09-16T15:35:00+00:00
2026-09-16T16:07:00+00:00,KMSY,New Orleans,87.8,2026-09-16T15:30:00+00:00
2026-09-16T16:07:00+00:00,KMSY,New Orleans,87.8,2026-09-16T15:25:00+00:00
2026-09-16T16:07:00+00:00,KHOU,Houston,89.6,2026-09-16T15:45:00+00:00
2026-09-16T16:07:00+00:00,KHOU,Houston,89.6,2026-09-16T15:40:00+00:00
2026-09-16T16:07:00+00:00,KHOU,Houston,87.8,2026-09-16T15:35:00+00:00
2026-09-16T16:07:00+00:00,KHOU,Houston,87.8,2026-09-16T15:30:00+00:00
2026-09-16T16:07:00+00:00,KHOU,Houston,89.6,2026-09-16T15:25:00+00:00
2026-09-16T16:19:00+00:00,KNYC,New York City,71.95,2026-09-16T15:51:00+00:00
2026-09-16T16:19:00+00:00,KMIA,Miami,91.4,2026-09-16T16:05:00+00:00
2026-09-16T16:19:00+00:00,KMIA,Miami,91.4,2026-09-16T16:00:00+00:00
2026-09-16T16:19:00+00:00,KMIA,Miami,91.4,2026-09-16T15:55:00+00:00
2026-09-16T16:19:00+00:00,KMIA,Miami,91.04,2026-09-16T15:53:00+00:00
2026-09-16T16:19:00+00:00,KMIA,Miami,89.6,2026-09-16T15:50:00+00:00
2026-09-16T16:19:00+00:00,KDEN,Denver,69.8,2026-09-16T16:00:00+00:00
2026-09-16T16:19:00+00:00,KDEN,Denver,69.8,2026-09-16T15:55:00+00:00
2026-09-16T16:19:00+00:00,KDEN,Denver,69.08,2026-09-16T15:53:00+00:00
2026-09-16T16:19:00+00:00,KDEN,Denver,68.0,2026-09-16T15:50:00+00:00
2026-09-16T16:19:00+00:00,KLAX,Los Angeles,73.4,2026-09-16T16:05:00+00:00
2026-09-16T16:19:00+00:00,KLAX,Los Angeles,73.4,2026-09-16T16:00:00+00:00
2026-09-16T16:19:00+00:00,KLAX,Los Angeles,71.59,2026-09-16T15:55:00+00:00
2026-09-16T16:19:00+00:00,KLAX,Los Angeles,71.95,2026-09-16T15:53:00+00:00
2026-09-16T16:19:00+00:00,KLAX,Los Angeles,71.59,2026-09-16T15:50:00+00:00
2026-09-16T16:19:00+00:00,KPHL,Philadelphia,75.2,2026-09-16T16:00:00+00:00
2026-09-16T16:19:00+00:00,KPHL,Philadelphia,73.4,2026-09-16T15:55:00+00:00
2026-09-16T16:19:00+00:00,KPHL,Philadelphia,73.04,2026-09-16T15:54:00+00:00
2026-09-16T16:19:00+00:00,KPHL,Philadelphia,73.4,2026-09-16T15:50:00+00:00
2026-09-16T16:19:00+00:00,KPHL,Philadelphia,75.2,2026-09-16T15:45:00+00:00
2026-09-16T16:19:00+00:00,KAUS,Austin,89.6,2026-09-16T16:00:00+00:00
2026-09-16T16:19:00+00:00,KAUS,Austin,87.8,2026-09-16T15:55:00+00:00
2026-09-16T16:19:00+00:00,KAUS,Austin,87.98,2026-09-16T15:53:00+00:00
2026-09-16T16:19:00+00:00,KAUS,Austin,87.8,2026-09-16T15:50:00+00:00
2026-09-16T16:19:00+00:00,KMDW,Chicago,73.4,2026-09-16T16:05:00+00:00
2026-09-16T16:19:00+00:00,KMDW,Chicago,73.4,2026-09-16T16:00:00+00:00
2026-09-16T16:19:00+00:00,KMDW,Chicago,73.4,2026-09-16T15:55:00+00:00
2026-09-16T16:19:00+00:00,KMDW,Chicago,73.04,2026-09-16T15:53:00+00:00
2026-09-16T16:19:00+00:00,KMDW,Chicago,73.4,2026-09-16T15:50:00+00:00
2026-09-16T16:19:00+00:00,KSFO,San Francisco,62.6,2026-09-16T16:05:00+00:00
2026-09-16T16:19:00+00:00,KSFO,San Francisco,62.6,2026-09-16T16:00:00+00:00
2026-09-16T16:19:00+00:00,KSFO,San Francisco,62.05,2026-09-16T15:56:00+00:00
2026-09-16T16:19:00+00:00,KSFO,San Francisco,62.6,2026-09-16T15:55:00+00:00
2026-09-16T16:19:00+00:00,KSFO,San Francisco,62.6,2026-09-16T15:50:00+00:00
2026-09-16T16:19:00+00:00,KPHX,Phoenix,91.4,2026-09-16T16:05:00+00:00
2026-09-16T16:19:00+00:00,KPHX,Phoenix,89.6,2026-09-16T16:00:00+00:00
2026-09-16T16:19:00+00:00,KPHX,Phoenix,89.6,2026-09-16T15:55:00+00:00
2026-09-16T16:19:00+00:00,KPHX,Phoenix,89.96,2026-09-16T15:51:00+00:00
2026-09-16T16:19:00+00:00,KPHX,Phoenix,89.6,2026-09-16T15:50:00+00:00
2026-09-16T16:19:00+00:00,KDCA,Washington DC,78.8,2026-09-16T16:00:00+00:00
2026-09-16T16:19:00+00:00,KDCA,Washington DC,78.8,2026-09-16T15:55:00+00:00
2026-09-16T16:19:00+00:00,KDCA,Washington DC,78.08,2026-09-16T15:52:00+00:00
2026-09-16T16:19:00+00:00,KDCA,Washington DC,77.0,2026-09-16T15:50:00+00:00
2026-09-16T16:19:00+00:00,KDCA,Washington DC,77.0,2026-09-16T15:45:00+00:00
2026-09-16T16:19:00+00:00,KATL,Atlanta,82.4,2026-09-16T16:05:00+00:00
2026-09-16T16:19:00+00:00,KATL,Atlanta,80.59,2026-09-16T16:00:00+00:00
2026-09-16T16:19:00+00:00,KATL,Atlanta,80.59,2026-09-16T15:55:00+00:00
2026-09-16T16:19:00+00:00,KATL,Atlanta,82.04,2026-09-16T15:52:00+00:00
2026-09-16T16:19:00+00:00,KATL,Atlanta,82.4,2026-09-16T15:50:00+00:00
2026-09-16T16:19:00+00:00,KDFW,Dallas,89.6,2026-09-16T16:05:00+00:00
2026-09-16T16:19:00+00:00,KDFW,Dallas,89.6,2026-09-16T16:00:00+00:00
2026-09-16T16:19:00+00:00,KDFW,Dallas,89.6,2026-09-16T15:55:00+00:00
2026-09-16T16:19:00+00:00,KDFW,Dallas,89.96,2026-09-16T15:53:00+00:00
2026-09-16T16:19:00+00:00,KDFW,Dallas,89.6,2026-09-16T15:50:00+00:00
2026-09-16T16:19:00+00:00,KSEA,Seattle,60.8,2026-09-16T16:00:00+00:00
2026-09-16T16:19:00+00:00,KSEA,Seattle,60.8,2026-09-16T15:55:00+00:00
2026-09-16T16:19:00+00:00,KSEA,Seattle,60.98,2026-09-16T15:53:00+00:00
2026-09-16T16:19:00+00:00,KSEA,Seattle,60.8,2026-09-16T15:50:00+00:00
2026-09-16T16:19:00+00:00,KLAS,Las Vegas,84.2,2026-09-16T16:05:00+00:00
2026-09-16T16:19:00+00:00,KLAS,Las Vegas,84.2,2026-09-16T16:00:00+00:00
2026-09-16T16:19:00+00:00,KLAS,Las Vegas,84.02,2026-09-16T15:56:00+00:00
2026-09-16T16:19:00+00:00,KLAS,Las Vegas,84.2,2026-09-16T15:55:00+00:00
2026-09-16T16:19:00+00:00,KLAS,Las Vegas,84.2,2026-09-16T15:50:00+00:00
2026-09-16T16:19:00+00:00,KOKC,Oklahoma City,91.4,2026-09-16T16:00:00+00:00
2026-09-16T16:19:00+00:00,KOKC,Oklahoma City,93.2,2026-09-16T15:55:00+00:00
2026-09-16T16:19:00+00:00,KOKC,Oklahoma City,91.94,2026-09-16T15:52:00+00:00
2026-09-16T16:19:00+00:00,KOKC,Oklahoma City,91.4,2026-09-16T15:50:00+00:00
2026-09-16T16:19:00+00:00,KBOS,Boston,73.4,2026-09-16T16:05:00+00:00
2026-09-16T16:19:00+00:00,KBOS,Boston,73.4,2026-09-16T16:00:00+00:00
2026-09-16T16:19:00+00:00,KBOS,Boston,73.4,2026-09-16T15:55:00+00:00
2026-09-16T16:19:00+00:00,KBOS,Boston,73.04,2026-09-16T15:54:00+00:00
2026-09-16T16:19:00+00:00,KBOS,Boston,73.4,2026-09-16T15:50:00+00:00
2026-09-16T16:19:00+00:00,KMSP,Minneapolis,68.0,2026-09-16T16:00:00+00:00
2026-09-16T16:19:00+00:00,KMSP,Minneapolis,69.8,2026-09-16T15:55:00+00:00
2026-09-16T16:19:00+00:00,KMSP,Minneapolis,69.08,2026-09-16T15:53:00+00:00
2026-09-16T16:19:00+00:00,KMSP,Minneapolis,68.0,2026-09-16T15:50:00+00:00
2026-09-16T16:19:00+00:00,KMSP,Minneapolis,66.2,2026-09-16T15:45:00+00:00
2026-09-16T16:19:00+00:00,KSAT,San Antonio,86.0,2026-09-16T16:05:00+00:00
2026-09-16T16:19:00+00:00,KSAT,San Antonio,86.0,2026-09-16T16:00:00+00:00
2026-09-16T16:19:00+00:00,KSAT,San Antonio,86.0,2026-09-16T15:55:00+00:00
2026-09-16T16:19:00+00:00,KSAT,San Antonio,84.91,2026-09-16T15:51:00+00:00
2026-09-16T16:19:00+00:00,KSAT,San Antonio,84.2,2026-09-16T15:50:00+00:00
2026-09-16T16:19:00+00:00,KMSY,New Orleans,87.8,2026-09-16T16:05:00+00:00
2026-09-16T16:19:00+00:00,KMSY,New Orleans,87.8,2026-09-16T16:00:00+00:00
2026-09-16T16:19:00+00:00,KMSY,New Orleans,87.8,2026-09-16T15:55:00+00:00
2026-09-16T16:19:00+00:00,KMSY,New Orleans,87.98,2026-09-16T15:53:00+00:00
2026-09-16T16:19:00+00:00,KMSY,New Orleans,89.6,2026-09-16T15:50:00+00:00
2026-09-16T16:19:00+00:00,KHOU,Houston,89.6,2026-09-16T16:05:00+00:00
2026-09-16T16:19:00+00:00,KHOU,Houston,89.6,2026-09-16T16:00:00+00:00
2026-09-16T16:19:00+00:00,KHOU,Houston,89.6,2026-09-16T15:55:00+00:00
2026-09-16T16:19:00+00:00,KHOU,Houston,89.06,2026-09-16T15:53:00+00:00
2026-09-16T16:19:00+00:00,KHOU,Houston,89.6,2026-09-16T15:50:00+00:00
2026-09-16T16:34:00+00:00,KMIA,Miami,89.6,2026-09-16T16:15:00+00:00
2026-09-16T16:34:00+00:00,KMIA,Miami,89.6,2026-09-16T16:10:00+00:00
2026-09-16T16:34:00+00:00,KDEN,Denver,69.8,2026-09-16T16:15:00+00:00
2026-09-16T16:34:00+00:00,KDEN,Denver,71.59,2026-09-16T16:10:00+00:00
2026-09-16T16:34:00+00:00,KDEN,Denver,69.8,2026-09-16T16:05:00+00:00
2026-09-16T16:34:00+00:00,KLAX,Los Angeles,73.4,2026-09-16T16:15:00+00:00
2026-09-16T16:34:00+00:00,KLAX,Los Angeles,73.4,2026-09-16T16:10:00+00:00
2026-09-16T16:34:00+00:00,KPHL,Philadelphia,78.8,2026-09-16T16:15:00+00:00
2026-09-16T16:34:00+00:00,KPHL,Philadelphia,75.2,2026-09-16T16:10:00+00:00
2026-09-16T16:34:00+00:00,KPHL,Philadelphia,77.0,2026-09-16T16:05:00+00:00
2026-09-16T16:34:00+00:00,KAUS,Austin,89.6,2026-09-16T16:20:00+00:00
2026-09-16T16:34:00+00:00,KAUS,Austin,89.6,2026-09-16T16:15:00+00:00
2026-09-16T16:34:00+00:00,KAUS,Austin,87.8,2026-09-16T16:10:00+00:00
2026-09-16T16:34:00+00:00,KAUS,Austin,87.8,2026-09-16T16:05:00+00:00
2026-09-16T16:34:00+00:00,KMDW,Chicago,73.4,2026-09-16T16:15:00+00:00
2026-09-16T16:34:00+00:00,KMDW,Chicago,73.4,2026-09-16T16:10:00+00:00
2026-09-16T16:34:00+00:00,KSFO,San Francisco,62.6,2026-09-16T16:15:00+00:00
2026-09-16T16:34:00+00:00,KSFO,San Francisco,62.6,2026-09-16T16:10:00+00:00
2026-09-16T16:34:00+00:00,KPHX,Phoenix,91.4,2026-09-16T16:20:00+00:00
2026-09-16T16:34:00+00:00,KPHX,Phoenix,89.6,2026-09-16T16:15:00+00:00
2026-09-16T16:34:00+00:00,KPHX,Phoenix,91.4,2026-09-16T16:10:00+00:00
2026-09-16T16:34:00+00:00,KDCA,Washington DC,78.8,2026-09-16T16:15:00+00:00
2026-09-16T16:34:00+00:00,KDCA,Washington DC,78.8,2026-09-16T16:10:00+00:00
2026-09-16T16:34:00+00:00,KDCA,Washington DC,78.8,2026-09-16T16:05:00+00:00
2026-09-16T16:34:00+00:00,KATL,Atlanta,82.4,2026-09-16T16:25:00+00:00
2026-09-16T16:34:00+00:00,KATL,Atlanta,82.4,2026-09-16T16:20:00+00:00
2026-09-16T16:34:00+00:00,KATL,Atlanta,82.4,2026-09-16T16:15:00+00:00
2026-09-16T16:34:00+00:00,KATL,Atlanta,82.4,2026-09-16T16:10:00+00:00
2026-09-16T16:34:00+00:00,KDFW,Dallas,91.4,2026-09-16T16:20:00+00:00
2026-09-16T16:34:00+00:00,KDFW,Dallas,91.4,2026-09-16T16:15:00+00:00
2026-09-16T16:34:00+00:00,KDFW,Dallas,91.4,2026-09-16T16:10:00+00:00
2026-09-16T16:34:00+00:00,KSEA,Seattle,62.6,2026-09-16T16:15:00+00:00
2026-09-16T16:34:00+00:00,KSEA,Seattle,62.6,2026-09-16T16:10:00+00:00
2026-09-16T16:34:00+00:00,KSEA,Seattle,62.6,2026-09-16T16:05:00+00:00
2026-09-16T16:34:00+00:00,KLAS,Las Vegas,86.0,2026-09-16T16:15:00+00:00
2026-09-16T16:34:00+00:00,KLAS,Las Vegas,86.0,2026-09-16T16:10:00+00:00
2026-09-16T16:34:00+00:00,KOKC,Oklahoma City,93.2,2026-09-16T16:20:00+00:00
2026-09-16T16:34:00+00:00,KOKC,Oklahoma City,93.2,2026-09-16T16:15:00+00:00
2026-09-16T16:34:00+00:00,KOKC,Oklahoma City,93.2,2026-09-16T16:10:00+00:00
2026-09-16T16:34:00+00:00,KOKC,Oklahoma City,91.4,2026-09-16T16:05:00+00:00
2026-09-16T16:34:00+00:00,KBOS,Boston,75.2,2026-09-16T16:20:00+00:00
2026-09-16T16:34:00+00:00,KBOS,Boston,75.2,2026-09-16T16:15:00+00:00
2026-09-16T16:34:00+00:00,KBOS,Boston,75.2,2026-09-16T16:10:00+00:00
2026-09-16T16:34:00+00:00,KMSP,Minneapolis,69.8,2026-09-16T16:15:00+00:00
2026-09-16T16:34:00+00:00,KMSP,Minneapolis,69.8,2026-09-16T16:10:00+00:00
2026-09-16T16:34:00+00:00,KMSP,Minneapolis,69.8,2026-09-16T16:05:00+00:00
2026-09-16T16:34:00+00:00,KSAT,San Antonio,87.8,2026-09-16T16:25:00+00:00
2026-09-16T16:34:00+00:00,KSAT,San Antonio,87.8,2026-09-16T16:20:00+00:00
2026-09-16T16:34:00+00:00,KSAT,San Antonio,87.8,2026-09-16T16:15:00+00:00
2026-09-16T16:34:00+00:00,KSAT,San Antonio,87.8,2026-09-16T16:10:00+00:00
2026-09-16T16:34:00+00:00,KMSY,New Orleans,87.8,2026-09-16T16:25:00+00:00
2026-09-16T16:34:00+00:00,KMSY,New Orleans,87.8,2026-09-16T16:20:00+00:00
2026-09-16T16:34:00+00:00,KMSY,New Orleans,87.8,2026-09-16T16:15:00+00:00
2026-09-16T16:34:00+00:00,KMSY,New Orleans,87.8,2026-09-16T16:10:00+00:00
2026-09-16T16:34:00+00:00,KHOU,Houston,89.6,2026-09-16T16:20:00+00:00
2026-09-16T16:34:00+00:00,KHOU,Houston,89.6,2026-09-16T16:15:00+00:00
2026-09-16T16:34:00+00:00,KHOU,Houston,89.6,2026-09-16T16:10:00+00:00
2026-09-16T16:37:00+00:00,KNYC,New York City,71.95,2026-09-16T15:51:00+00:00
2026-09-16T16:37:00+00:00,KMIA,Miami,89.6,2026-09-16T16:15:00+00:00
2026-09-16T16:37:00+00:00,KMIA,Miami,89.6,2026-09-16T16:10:00+00:00
2026-09-16T16:37:00+00:00,KMIA,Miami,91.4,2026-09-16T16:05:00+00:00
2026-09-16T16:37:00+00:00,KMIA,Miami,91.4,2026-09-16T16:00:00+00:00
2026-09-16T16:37:00+00:00,KMIA,Miami,91.4,2026-09-16T15:55:00+00:00
2026-09-16T16:37:00+00:00,KMIA,Miami,91.04,2026-09-16T15:53:00+00:00
2026-09-16T16:37:00+00:00,KMIA,Miami,89.6,2026-09-16T15:50:00+00:00
2026-09-16T16:37:00+00:00,KDEN,Denver,69.8,2026-09-16T16:15:00+00:00
2026-09-16T16:37:00+00:00,KDEN,Denver,71.59,2026-09-16T16:10:00+00:00
2026-09-16T16:37:00+00:00,KDEN,Denver,69.8,2026-09-16T16:05:00+00:00
2026-09-16T16:37:00+00:00,KDEN,Denver,69.8,2026-09-16T16:00:00+00:00
2026-09-16T16:37:00+00:00,KDEN,Denver,69.8,2026-09-16T15:55:00+00:00
2026-09-16T16:37:00+00:00,KDEN,Denver,69.08,2026-09-16T15:53:00+00:00
2026-09-16T16:37:00+00:00,KDEN,Denver,68.0,2026-09-16T15:50:00+00:00
2026-09-16T16:37:00+00:00,KLAX,Los Angeles,73.4,2026-09-16T16:25:00+00:00
2026-09-16T16:37:00+00:00,KLAX,Los Angeles,73.4,2026-09-16T16:20:00+00:00
2026-09-16T16:37:00+00:00,KLAX,Los Angeles,73.4,2026-09-16T16:15:00+00:00
2026-09-16T16:37:00+00:00,KLAX,Los Angeles,73.4,2026-09-16T16:10:00+00:00
2026-09-16T16:37:00+00:00,KLAX,Los Angeles,73.4,2026-09-16T16:05:00+00:00
2026-09-16T16:37:00+00:00,KLAX,Los Angeles,73.4,2026-09-16T16:00:00+00:00
2026-09-16T16:37:00+00:00,KLAX,Los Angeles,71.59,2026-09-16T15:55:00+00:00
2026-09-16T16:37:00+00:00,KLAX,Los Angeles,71.95,2026-09-16T15:53:00+00:00
2026-09-16T16:37:00+00:00,KPHL,Philadelphia,77.0,2026-09-16T16:20:00+00:00
2026-09-16T16:37:00+00:00,KPHL,Philadelphia,78.8,2026-09-16T16:15:00+00:00
2026-09-16T16:37:00+00:00,KPHL,Philadelphia,75.2,2026-09-16T16:10:00+00:00
2026-09-16T16:37:00+00:00,KPHL,Philadelphia,77.0,2026-09-16T16:05:00+00:00
2026-09-16T16:37:00+00:00,KPHL,Philadelphia,75.2,2026-09-16T16:00:00+00:00
2026-09-16T16:37:00+00:00,KPHL,Philadelphia,73.4,2026-09-16T15:55:00+00:00
2026-09-16T16:37:00+00:00,KPHL,Philadelphia,73.04,2026-09-16T15:54:00+00:00
2026-09-16T16:37:00+00:00,KAUS,Austin,87.8,2026-09-16T16:25:00+00:00
2026-09-16T16:37:00+00:00,KAUS,Austin,89.6,2026-09-16T16:20:00+00:00
2026-09-16T16:37:00+00:00,KAUS,Austin,89.6,2026-09-16T16:15:00+00:00
2026-09-16T16:37:00+00:00,KAUS,Austin,87.8,2026-09-16T16:10:00+00:00
2026-09-16T16:37:00+00:00,KAUS,Austin,87.8,2026-09-16T16:05:00+00:00
2026-09-16T16:37:00+00:00,KAUS,Austin,89.6,2026-09-16T16:00:00+00:00
2026-09-16T16:37:00+00:00,KAUS,Austin,87.8,2026-09-16T15:55:00+00:00
2026-09-16T16:37:00+00:00,KAUS,Austin,87.98,2026-09-16T15:53:00+00:00
2026-09-16T16:37:00+00:00,KAUS,Austin,87.8,2026-09-16T15:50:00+00:00
2026-09-16T16:37:00+00:00,KMDW,Chicago,73.4,2026-09-16T16:25:00+00:00
2026-09-16T16:37:00+00:00,KMDW,Chicago,73.4,2026-09-16T16:20:00+00:00
2026-09-16T16:37:00+00:00,KMDW,Chicago,73.4,2026-09-16T16:15:00+00:00
2026-09-16T16:37:00+00:00,KMDW,Chicago,73.4,2026-09-16T16:10:00+00:00
2026-09-16T16:37:00+00:00,KMDW,Chicago,73.4,2026-09-16T16:05:00+00:00
2026-09-16T16:37:00+00:00,KMDW,Chicago,73.4,2026-09-16T16:00:00+00:00
2026-09-16T16:37:00+00:00,KMDW,Chicago,73.4,2026-09-16T15:55:00+00:00
2026-09-16T16:37:00+00:00,KMDW,Chicago,73.04,2026-09-16T15:53:00+00:00
2026-09-16T16:37:00+00:00,KMDW,Chicago,73.4,2026-09-16T15:50:00+00:00
2026-09-16T16:37:00+00:00,KSFO,San Francisco,62.6,2026-09-16T16:25:00+00:00
2026-09-16T16:37:00+00:00,KSFO,San Francisco,62.6,2026-09-16T16:20:00+00:00
2026-09-16T16:37:00+00:00,KSFO,San Francisco,62.6,2026-09-16T16:15:00+00:00
2026-09-16T16:37:00+00:00,KSFO,San Francisco,62.6,2026-09-16T16:10:00+00:00
2026-09-16T16:37:00+00:00,KSFO,San Francisco,62.6,2026-09-16T16:05:00+00:00
2026-09-16T16:37:00+00:00,KSFO,San Francisco,62.6,2026-09-16T16:00:00+00:00
2026-09-16T16:37:00+00:00,KSFO,San Francisco,62.05,2026-09-16T15:56:00+00:00
2026-09-16T16:37:00+00:00,KSFO,San Francisco,62.6,2026-09-16T15:55:00+00:00
2026-09-16T16:37:00+00:00,KSFO,San Francisco,62.6,2026-09-16T15:50:00+00:00
2026-09-16T16:37:00+00:00,KPHX,Phoenix,91.4,2026-09-16T16:20:00+00:00
2026-09-16T16:37:00+00:00,KPHX,Phoenix,89.6,2026-09-16T16:15:00+00:00
2026-09-16T16:37:00+00:00,KPHX,Phoenix,91.4,2026-09-16T16:10:00+00:00
2026-09-16T16:37:00+00:00,KPHX,Phoenix,91.4,2026-09-16T16:05:00+00:00
2026-09-16T16:37:00+00:00,KPHX,Phoenix,89.6,2026-09-16T16:00:00+00:00
2026-09-16T16:37:00+00:00,KPHX,Phoenix,89.6,2026-09-16T15:55:00+00:00
2026-09-16T16:37:00+00:00,KPHX,Phoenix,89.96,2026-09-16T15:51:00+00:00
2026-09-16T16:37:00+00:00,KDCA,Washington DC,78.8,2026-09-16T16:20:00+00:00
2026-09-16T16:37:00+00:00,KDCA,Washington DC,78.8,2026-09-16T16:15:00+00:00
2026-09-16T16:37:00+00:00,KDCA,Washington DC,78.8,2026-09-16T16:10:00+00:00
2026-09-16T16:37:00+00:00,KDCA,Washington DC,78.8,2026-09-16T16:05:00+00:00
2026-09-16T16:37:00+00:00,KDCA,Washington DC,78.8,2026-09-16T16:00:00+00:00
2026-09-16T16:37:00+00:00,KDCA,Washington DC,78.8,2026-09-16T15:55:00+00:00
2026-09-16T16:37:00+00:00,KDCA,Washington DC,78.08,2026-09-16T15:52:00+00:00
2026-09-16T16:37:00+00:00,KATL,Atlanta,82.4,2026-09-16T16:25:00+00:00
2026-09-16T16:37:00+00:00,KATL,Atlanta,82.4,2026-09-16T16:20:00+00:00
2026-09-16T16:37:00+00:00,KATL,Atlanta,82.4,2026-09-16T16:15:00+00:00
2026-09-16T16:37:00+00:00,KATL,Atlanta,82.4,2026-09-16T16:10:00+00:00
2026-09-16T16:37:00+00:00,KATL,Atlanta,82.4,2026-09-16T16:05:00+00:00
2026-09-16T16:37:00+00:00,KATL,Atlanta,80.59,2026-09-16T16:00:00+00:00
2026-09-16T16:37:00+00:00,KATL,Atlanta,80.59,2026-09-16T15:55:00+00:00
2026-09-16T16:37:00+00:00,KATL,Atlanta,82.04,2026-09-16T15:52:00+00:00
2026-09-16T16:37:00+00:00,KATL,Atlanta,82.4,2026-09-16T15:50:00+00:00
2026-09-16T16:37:00+00:00,KDFW,Dallas,91.4,2026-09-16T16:25:00+00:00
2026-09-16T16:37:00+00:00,KDFW,Dallas,91.4,2026-09-16T16:20:00+00:00
2026-09-16T16:37:00+00:00,KDFW,Dallas,91.4,2026-09-16T16:15:00+00:00
2026-09-16T16:37:00+00:00,KDFW,Dallas,91.4,2026-09-16T16:10:00+00:00
2026-09-16T16:37:00+00:00,KDFW,Dallas,89.6,2026-09-16T16:05:00+00:00
2026-09-16T16:37:00+00:00,KDFW,Dallas,89.6,2026-09-16T16:00:00+00:00
2026-09-16T16:37:00+00:00,KDFW,Dallas,89.6,2026-09-16T15:55:00+00:00
2026-09-16T16:37:00+00:00,KDFW,Dallas,89.96,2026-09-16T15:53:00+00:00
2026-09-16T16:37:00+00:00,KDFW,Dallas,89.6,2026-09-16T15:50:00+00:00
2026-09-16T16:37:00+00:00,KSEA,Seattle,62.6,2026-09-16T16:15:00+00:00
2026-09-16T16:37:00+00:00,KSEA,Seattle,62.6,2026-09-16T16:10:00+00:00
2026-09-16T16:37:00+00:00,KSEA,Seattle,62.6,2026-09-16T16:05:00+00:00
2026-09-16T16:37:00+00:00,KSEA,Seattle,60.8,2026-09-16T16:00:00+00:00
2026-09-16T16:37:00+00:00,KSEA,Seattle,60.8,2026-09-16T15:55:00+00:00
2026-09-16T16:37:00+00:00,KSEA,Seattle,60.98,2026-09-16T15:53:00+00:00
2026-09-16T16:37:00+00:00,KSEA,Seattle,60.8,2026-09-16T15:50:00+00:00
2026-09-16T16:37:00+00:00,KLAS,Las Vegas,86.0,2026-09-16T16:15:00+00:00
2026-09-16T16:37:00+00:00,KLAS,Las Vegas,86.0,2026-09-16T16:10:00+00:00
2026-09-16T16:37:00+00:00,KLAS,Las Vegas,84.2,2026-09-16T16:05:00+00:00
2026-09-16T16:37:00+00:00,KLAS,Las Vegas,84.2,2026-09-16T16:00:00+00:00
2026-09-16T16:37:00+00:00,KLAS,Las Vegas,84.02,2026-09-16T15:56:00+00:00
2026-09-16T16:37:00+00:00,KLAS,Las Vegas,84.2,2026-09-16T15:55:00+00:00
2026-09-16T16:37:00+00:00,KOKC,Oklahoma City,95.0,2026-09-16T16:25:00+00:00
2026-09-16T16:37:00+00:00,KOKC,Oklahoma City,93.2,2026-09-16T16:20:00+00:00
2026-09-16T16:37:00+00:00,KOKC,Oklahoma City,93.2,2026-09-16T16:15:00+00:00
2026-09-16T16:37:00+00:00,KOKC,Oklahoma City,93.2,2026-09-16T16:10:00+00:00
2026-09-16T16:37:00+00:00,KOKC,Oklahoma City,91.4,2026-09-16T16:05:00+00:00
2026-09-16T16:37:00+00:00,KOKC,Oklahoma City,91.4,2026-09-16T16:00:00+00:00
2026-09-16T16:37:00+00:00,KOKC,Oklahoma City,93.2,2026-09-16T15:55:00+00:00
2026-09-16T16:37:00+00:00,KOKC,Oklahoma City,91.94,2026-09-16T15:52:00+00:00
2026-09-16T16:37:00+00:00,KOKC,Oklahoma City,91.4,2026-09-16T15:50:00+00:00
2026-09-16T16:37:00+00:00,KBOS,Boston,75.2,2026-09-16T16:20:00+00:00
2026-09-16T16:37:00+00:00,KBOS,Boston,75.2,2026-09-16T16:15:00+00:00
2026-09-16T16:37:00+00:00,KBOS,Boston,75.2,2026-09-16T16:10:00+00:00
2026-09-16T16:37:00+00:00,KBOS,Boston,73.4,2026-09-16T16:05:00+00:00
2026-09-16T16:37:00+00:00,KBOS,Boston,73.4,2026-09-16T16:00:00+00:00
2026-09-16T16:37:00+00:00,KBOS,Boston,73.4,2026-09-16T15:55:00+00:00
2026-09-16T16:37:00+00:00,KBOS,Boston,73.04,2026-09-16T15:54:00+00:00
2026-09-16T16:37:00+00:00,KBOS,Boston,73.4,2026-09-16T15:50:00+00:00
2026-09-16T16:37:00+00:00,KMSP,Minneapolis,69.8,2026-09-16T16:25:00+00:00
2026-09-16T16:37:00+00:00,KMSP,Minneapolis,69.8,2026-09-16T16:20:00+00:00
2026-09-16T16:37:00+00:00,KMSP,Minneapolis,69.8,2026-09-16T16:15:00+00:00
2026-09-16T16:37:00+00:00,KMSP,Minneapolis,69.8,2026-09-16T16:10:00+00:00
2026-09-16T16:37:00+00:00,KMSP,Minneapolis,69.8,2026-09-16T16:05:00+00:00
2026-09-16T16:37:00+00:00,KMSP,Minneapolis,68.0,2026-09-16T16:00:00+00:00
2026-09-16T16:37:00+00:00,KMSP,Minneapolis,69.8,2026-09-16T15:55:00+00:00
2026-09-16T16:37:00+00:00,KMSP,Minneapolis,69.08,2026-09-16T15:53:00+00:00
2026-09-16T16:37:00+00:00,KSAT,San Antonio,87.8,2026-09-16T16:25:00+00:00
2026-09-16T16:37:00+00:00,KSAT,San Antonio,87.8,2026-09-16T16:20:00+00:00
2026-09-16T16:37:00+00:00,KSAT,San Antonio,87.8,2026-09-16T16:15:00+00:00
2026-09-16T16:37:00+00:00,KSAT,San Antonio,87.8,2026-09-16T16:10:00+00:00
2026-09-16T16:37:00+00:00,KSAT,San Antonio,86.0,2026-09-16T16:05:00+00:00
2026-09-16T16:37:00+00:00,KSAT,San Antonio,86.0,2026-09-16T16:00:00+00:00
2026-09-16T16:37:00+00:00,KSAT,San Antonio,86.0,2026-09-16T15:55:00+00:00
2026-09-16T16:37:00+00:00,KSAT,San Antonio,84.91,2026-09-16T15:51:00+00:00
2026-09-16T16:37:00+00:00,KSAT,San Antonio,84.2,2026-09-16T15:50:00+00:00
2026-09-16T16:37:00+00:00,KMSY,New Orleans,87.8,2026-09-16T16:25:00+00:00
2026-09-16T16:37:00+00:00,KMSY,New Orleans,87.8,2026-09-16T16:20:00+00:00
2026-09-16T16:37:00+00:00,KMSY,New Orleans,87.8,2026-09-16T16:15:00+00:00
2026-09-16T16:37:00+00:00,KMSY,New Orleans,87.8,2026-09-16T16:10:00+00:00
2026-09-16T16:37:00+00:00,KMSY,New Orleans,87.8,2026-09-16T16:05:00+00:00
2026-09-16T16:37:00+00:00,KMSY,New Orleans,87.8,2026-09-16T16:00:00+00:00
2026-09-16T16:37:00+00:00,KMSY,New Orleans,87.8,2026-09-16T15:55:00+00:00
2026-09-16T16:37:00+00:00,KMSY,New Orleans,87.98,2026-09-16T15:53:00+00:00
2026-09-16T16:37:00+00:00,KMSY,New Orleans,89.6,2026-09-16T15:50:00+00:00
2026-09-16T16:37:00+00:00,KHOU,Houston,89.6,2026-09-16T16:25:00+00:00
2026-09-16T16:37:00+00:00,KHOU,Houston,89.6,2026-09-16T16:20:00+00:00
2026-09-16T16:37:00+00:00,KHOU,Houston,89.6,2026-09-16T16:15:00+00:00
2026-09-16T16:37:00+00:00,KHOU,Houston,89.6,2026-09-16T16:10:00+00:00
2026-09-16T16:37:00+00:00,KHOU,Houston,89.6,2026-09-16T16:05:00+00:00
2026-09-16T16:37:00+00:00,KHOU,Houston,89.6,2026-09-16T16:00:00+00:00
2026-09-16T16:37:00+00:00,KHOU,Houston,89.6,2026-09-16T15:55:00+00:00
2026-09-16T16:37:00+00:00,KHOU,Houston,89.06,2026-09-16T15:53:00+00:00
2026-09-16T16:37:00+00:00,KHOU,Houston,89.6,2026-09-16T15:50:00+00:00
2026-09-16T16:49:00+00:00,KMIA,Miami,91.4,2026-09-16T16:35:00+00:00
2026-09-16T16:49:00+00:00,KMIA,Miami,91.4,2026-09-16T16:30:00+00:00
2026-09-16T16:49:00+00:00,KMIA,Miami,91.4,2026-09-16T16:25:00+00:00
2026-09-16T16:49:00+00:00,KMIA,Miami,91.4,2026-09-16T16:20:00+00:00
2026-09-16T16:49:00+00:00,KDEN,Denver,71.59,2026-09-16T16:35:00+00:00
2026-09-16T16:49:00+00:00,KDEN,Denver,71.59,2026-09-16T16:30:00+00:00
2026-09-16T16:49:00+00:00,KDEN,Denver,71.59,2026-09-16T16:25:00+00:00
2026-09-16T16:49:00+00:00,KDEN,Denver,71.59,2026-09-16T16:20:00+00:00
2026-09-16T16:49:00+00:00,KLAX,Los Angeles,71.59,2026-09-16T16:30:00+00:00
2026-09-16T16:49:00+00:00,KLAX,Los Angeles,73.4,2026-09-16T16:25:00+00:00
2026-09-16T16:49:00+00:00,KLAX,Los Angeles,73.4,2026-09-16T16:20:00+00:00
2026-09-16T16:49:00+00:00,KPHL,Philadelphia,77.0,2026-09-16T16:35:00+00:00
2026-09-16T16:49:00+00:00,KPHL,Philadelphia,77.0,2026-09-16T16:30:00+00:00
2026-09-16T16:49:00+00:00,KPHL,Philadelphia,77.0,2026-09-16T16:25:00+00:00
2026-09-16T16:49:00+00:00,KPHL,Philadelphia,77.0,2026-09-16T16:20:00+00:00
2026-09-16T16:49:00+00:00,KAUS,Austin,89.6,2026-09-16T16:30:00+00:00
2026-09-16T16:49:00+00:00,KAUS,Austin,87.8,2026-09-16T16:25:00+00:00
2026-09-16T16:49:00+00:00,KMDW,Chicago,73.4,2026-09-16T16:35:00+00:00
2026-09-16T16:49:00+00:00,KMDW,Chicago,73.4,2026-09-16T16:30:00+00:00
2026-09-16T16:49:00+00:00,KMDW,Chicago,73.4,2026-09-16T16:25:00+00:00
2026-09-16T16:49:00+00:00,KMDW,Chicago,73.4,2026-09-16T16:20:00+00:00
2026-09-16T16:49:00+00:00,KSFO,San Francisco,62.6,2026-09-16T16:30:00+00:00
2026-09-16T16:49:00+00:00,KSFO,San Francisco,62.6,2026-09-16T16:25:00+00:00
2026-09-16T16:49:00+00:00,KSFO,San Francisco,62.05,2026-09-16T16:20:00+00:00
2026-09-16T16:49:00+00:00,KPHX,Phoenix,91.4,2026-09-16T16:35:00+00:00
2026-09-16T16:49:00+00:00,KPHX,Phoenix,91.4,2026-09-16T16:30:00+00:00
2026-09-16T16:49:00+00:00,KPHX,Phoenix,91.4,2026-09-16T16:25:00+00:00
2026-09-16T16:49:00+00:00,KDCA,Washington DC,78.8,2026-09-16T16:35:00+00:00
2026-09-16T16:49:00+00:00,KDCA,Washington DC,78.8,2026-09-16T16:30:00+00:00
2026-09-16T16:49:00+00:00,KDCA,Washington DC,78.8,2026-09-16T16:25:00+00:00
2026-09-16T16:49:00+00:00,KDCA,Washington DC,78.8,2026-09-16T16:20:00+00:00
2026-09-16T16:49:00+00:00,KATL,Atlanta,82.4,2026-09-16T16:35:00+00:00
2026-09-16T16:49:00+00:00,KATL,Atlanta,80.59,2026-09-16T16:30:00+00:00
2026-09-16T16:49:00+00:00,KDFW,Dallas,91.4,2026-09-16T16:30:00+00:00
2026-09-16T16:49:00+00:00,KDFW,Dallas,91.4,2026-09-16T16:25:00+00:00
2026-09-16T16:49:00+00:00,KSEA,Seattle,62.6,2026-09-16T16:30:00+00:00
2026-09-16T16:49:00+00:00,KSEA,Seattle,62.6,2026-09-16T16:25:00+00:00
2026-09-16T16:49:00+00:00,KSEA,Seattle,62.6,2026-09-16T16:20:00+00:00
2026-09-16T16:49:00+00:00,KLAS,Las Vegas,86.0,2026-09-16T16:35:00+00:00
2026-09-16T16:49:00+00:00,KLAS,Las Vegas,86.0,2026-09-16T16:30:00+00:00
2026-09-16T16:49:00+00:00,KLAS,Las Vegas,86.0,2026-09-16T16:25:00+00:00
2026-09-16T16:49:00+00:00,KLAS,Las Vegas,86.0,2026-09-16T16:20:00+00:00
2026-09-16T16:49:00+00:00,KOKC,Oklahoma City,93.2,2026-09-16T16:30:00+00:00
2026-09-16T16:49:00+00:00,KOKC,Oklahoma City,95.0,2026-09-16T16:25:00+00:00
2026-09-16T16:49:00+00:00,KBOS,Boston,75.2,2026-09-16T16:35:00+00:00
2026-09-16T16:49:00+00:00,KBOS,Boston,75.2,2026-09-16T16:30:00+00:00
2026-09-16T16:49:00+00:00,KBOS,Boston,75.2,2026-09-16T16:25:00+00:00
2026-09-16T16:49:00+00:00,KMSP,Minneapolis,69.8,2026-09-16T16:30:00+00:00
2026-09-16T16:49:00+00:00,KMSP,Minneapolis,69.8,2026-09-16T16:25:00+00:00
2026-09-16T16:49:00+00:00,KMSP,Minneapolis,69.8,2026-09-16T16:20:00+00:00
2026-09-16T16:49:00+00:00,KSAT,San Antonio,89.6,2026-09-16T16:35:00+00:00
2026-09-16T16:49:00+00:00,KSAT,San Antonio,87.8,2026-09-16T16:30:00+00:00
2026-09-16T16:49:00+00:00,KMSY,New Orleans,87.8,2026-09-16T16:30:00+00:00
2026-09-16T16:49:00+00:00,KHOU,Houston,91.4,2026-09-16T16:30:00+00:00
2026-09-16T16:49:00+00:00,KHOU,Houston,89.6,2026-09-16T16:25:00+00:00
2026-09-16T17:04:00+00:00,KMIA,Miami,91.4,2026-09-16T16:40:00+00:00
2026-09-16T17:04:00+00:00,KDEN,Denver,73.4,2026-09-16T16:45:00+00:00
2026-09-16T17:04:00+00:00,KDEN,Denver,71.59,2026-09-16T16:40:00+00:00
2026-09-16T17:04:00+00:00,KLAX,Los Angeles,73.4,2026-09-16T16:40:00+00:00
2026-09-16T17:04:00+00:00,KLAX,Los Angeles,73.4,2026-09-16T16:35:00+00:00
2026-09-16T17:04:00+00:00,KPHL,Philadelphia,78.8,2026-09-16T16:45:00+00:00
2026-09-16T17:04:00+00:00,KPHL,Philadelphia,78.8,2026-09-16T16:40:00+00:00
2026-09-16T17:04:00+00:00,KAUS,Austin,89.6,2026-09-16T16:45:00+00:00
2026-09-16T17:04:00+00:00,KAUS,Austin,91.4,2026-09-16T16:40:00+00:00
2026-09-16T17:04:00+00:00,KAUS,Austin,89.6,2026-09-16T16:35:00+00:00
2026-09-16T17:04:00+00:00,KMDW,Chicago,73.4,2026-09-16T16:45:00+00:00
2026-09-16T17:04:00+00:00,KMDW,Chicago,73.4,2026-09-16T16:40:00+00:00
2026-09-16T17:04:00+00:00,KSFO,San Francisco,62.6,2026-09-16T16:40:00+00:00
2026-09-16T17:04:00+00:00,KSFO,San Francisco,62.6,2026-09-16T16:35:00+00:00
2026-09-16T17:04:00+00:00,KPHX,Phoenix,91.4,2026-09-16T16:40:00+00:00
2026-09-16T17:04:00+00:00,KDCA,Washington DC,78.8,2026-09-16T16:45:00+00:00
2026-09-16T17:04:00+00:00,KDCA,Washington DC,78.8,2026-09-16T16:40:00+00:00
2026-09-16T17:04:00+00:00,KATL,Atlanta,82.4,2026-09-16T16:45:00+00:00
2026-09-16T17:04:00+00:00,KATL,Atlanta,84.2,2026-09-16T16:40:00+00:00
2026-09-16T17:04:00+00:00,KDFW,Dallas,91.4,2026-09-16T16:45:00+00:00
2026-09-16T17:04:00+00:00,KDFW,Dallas,93.2,2026-09-16T16:40:00+00:00
2026-09-16T17:04:00+00:00,KDFW,Dallas,91.4,2026-09-16T16:35:00+00:00
2026-09-16T17:04:00+00:00,KSEA,Seattle,64.4,2026-09-16T16:45:00+00:00
2026-09-16T17:04:00+00:00,KSEA,Seattle,62.6,2026-09-16T16:40:00+00:00
2026-09-16T17:04:00+00:00,KSEA,Seattle,62.6,2026-09-16T16:35:00+00:00
2026-09-16T17:04:00+00:00,KLAS,Las Vegas,86.0,2026-09-16T16:40:00+00:00
2026-09-16T17:04:00+00:00,KOKC,Oklahoma City,96.8,2026-09-16T16:45:00+00:00
2026-09-16T17:04:00+00:00,KOKC,Oklahoma City,95.0,2026-09-16T16:40:00+00:00
2026-09-16T17:04:00+00:00,KOKC,Oklahoma City,95.0,2026-09-16T16:35:00+00:00
2026-09-16T17:04:00+00:00,KBOS,Boston,75.2,2026-09-16T16:45:00+00:00
2026-09-16T17:04:00+00:00,KBOS,Boston,75.2,2026-09-16T16:40:00+00:00
2026-09-16T17:04:00+00:00,KMSP,Minneapolis,69.8,2026-09-16T16:45:00+00:00
2026-09-16T17:04:00+00:00,KMSP,Minneapolis,69.8,2026-09-16T16:40:00+00:00
2026-09-16T17:04:00+00:00,KMSP,Minneapolis,69.8,2026-09-16T16:35:00+00:00
2026-09-16T17:04:00+00:00,KSAT,San Antonio,87.8,2026-09-16T16:45:00+00:00
2026-09-16T17:04:00+00:00,KSAT,San Antonio,87.8,2026-09-16T16:40:00+00:00
2026-09-16T17:04:00+00:00,KMSY,New Orleans,89.6,2026-09-16T16:45:00+00:00
2026-09-16T17:04:00+00:00,KMSY,New Orleans,89.6,2026-09-16T16:40:00+00:00
2026-09-16T17:04:00+00:00,KMSY,New Orleans,89.6,2026-09-16T16:35:00+00:00
2026-09-16T17:04:00+00:00,KHOU,Houston,91.4,2026-09-16T16:40:00+00:00
2026-09-16T17:04:00+00:00,KHOU,Houston,89.6,2026-09-16T16:35:00+00:00
2026-09-16T17:07:00+00:00,KMIA,Miami,89.6,2026-09-16T16:50:00+00:00
2026-09-16T17:07:00+00:00,KMIA,Miami,91.4,2026-09-16T16:45:00+00:00
2026-09-16T17:07:00+00:00,KMIA,Miami,91.4,2026-09-16T16:40:00+00:00
2026-09-16T17:07:00+00:00,KMIA,Miami,91.4,2026-09-16T16:35:00+00:00
2026-09-16T17:07:00+00:00,KMIA,Miami,91.4,2026-09-16T16:30:00+00:00
2026-09-16T17:07:00+00:00,KMIA,Miami,91.4,2026-09-16T16:25:00+00:00
2026-09-16T17:07:00+00:00,KMIA,Miami,91.4,2026-09-16T16:20:00+00:00
2026-09-16T17:07:00+00:00,KDEN,Denver,73.4,2026-09-16T16:45:00+00:00
2026-09-16T17:07:00+00:00,KDEN,Denver,71.59,2026-09-16T16:40:00+00:00
2026-09-16T17:07:00+00:00,KDEN,Denver,71.59,2026-09-16T16:35:00+00:00
2026-09-16T17:07:00+00:00,KDEN,Denver,71.59,2026-09-16T16:30:00+00:00
2026-09-16T17:07:00+00:00,KDEN,Denver,71.59,2026-09-16T16:25:00+00:00
2026-09-16T17:07:00+00:00,KDEN,Denver,71.59,2026-09-16T16:20:00+00:00
2026-09-16T17:07:00+00:00,KLAX,Los Angeles,73.4,2026-09-16T16:50:00+00:00
2026-09-16T17:07:00+00:00,KLAX,Los Angeles,73.4,2026-09-16T16:45:00+00:00
2026-09-16T17:07:00+00:00,KLAX,Los Angeles,73.4,2026-09-16T16:40:00+00:00
2026-09-16T17:07:00+00:00,KLAX,Los Angeles,73.4,2026-09-16T16:35:00+00:00
2026-09-16T17:07:00+00:00,KLAX,Los Angeles,71.59,2026-09-16T16:30:00+00:00
2026-09-16T17:07:00+00:00,KPHL,Philadelphia,78.8,2026-09-16T16:45:00+00:00
2026-09-16T17:07:00+00:00,KPHL,Philadelphia,78.8,2026-09-16T16:40:00+00:00
2026-09-16T17:07:00+00:00,KPHL,Philadelphia,77.0,2026-09-16T16:35:00+00:00
2026-09-16T17:07:00+00:00,KPHL,Philadelphia,77.0,2026-09-16T16:30:00+00:00
2026-09-16T17:07:00+00:00,KPHL,Philadelphia,77.0,2026-09-16T16:25:00+00:00
2026-09-16T17:07:00+00:00,KAUS,Austin,89.6,2026-09-16T16:50:00+00:00
2026-09-16T17:07:00+00:00,KAUS,Austin,89.6,2026-09-16T16:45:00+00:00
2026-09-16T17:07:00+00:00,KAUS,Austin,91.4,2026-09-16T16:40:00+00:00
2026-09-16T17:07:00+00:00,KAUS,Austin,89.6,2026-09-16T16:35:00+00:00
2026-09-16T17:07:00+00:00,KAUS,Austin,89.6,2026-09-16T16:30:00+00:00
2026-09-16T17:07:00+00:00,KMDW,Chicago,73.4,2026-09-16T16:50:00+00:00
2026-09-16T17:07:00+00:00,KMDW,Chicago,73.4,2026-09-16T16:45:00+00:00
2026-09-16T17:07:00+00:00,KMDW,Chicago,73.4,2026-09-16T16:40:00+00:00
2026-09-16T17:07:00+00:00,KMDW,Chicago,73.4,2026-09-16T16:35:00+00:00
2026-09-16T17:07:00+00:00,KMDW,Chicago,73.4,2026-09-16T16:30:00+00:00
2026-09-16T17:07:00+00:00,KSFO,San Francisco,62.6,2026-09-16T16:50:00+00:00
2026-09-16T17:07:00+00:00,KSFO,San Francisco,62.6,2026-09-16T16:45:00+00:00
2026-09-16T17:07:00+00:00,KSFO,San Francisco,62.6,2026-09-16T16:40:00+00:00
2026-09-16T17:07:00+00:00,KSFO,San Francisco,62.6,2026-09-16T16:35:00+00:00
2026-09-16T17:07:00+00:00,KSFO,San Francisco,62.6,2026-09-16T16:30:00+00:00
2026-09-16T17:07:00+00:00,KPHX,Phoenix,91.4,2026-09-16T16:50:00+00:00
2026-09-16T17:07:00+00:00,KPHX,Phoenix,91.4,2026-09-16T16:45:00+00:00
2026-09-16T17:07:00+00:00,KPHX,Phoenix,91.4,2026-09-16T16:40:00+00:00
2026-09-16T17:07:00+00:00,KPHX,Phoenix,91.4,2026-09-16T16:35:00+00:00
2026-09-16T17:07:00+00:00,KPHX,Phoenix,91.4,2026-09-16T16:30:00+00:00
2026-09-16T17:07:00+00:00,KPHX,Phoenix,91.4,2026-09-16T16:25:00+00:00
2026-09-16T17:07:00+00:00,KDCA,Washington DC,78.8,2026-09-16T16:45:00+00:00
2026-09-16T17:07:00+00:00,KDCA,Washington DC,78.8,2026-09-16T16:40:00+00:00
2026-09-16T17:07:00+00:00,KDCA,Washington DC,78.8,2026-09-16T16:35:00+00:00
2026-09-16T17:07:00+00:00,KDCA,Washington DC,78.8,2026-09-16T16:30:00+00:00
2026-09-16T17:07:00+00:00,KDCA,Washington DC,78.8,2026-09-16T16:25:00+00:00
2026-09-16T17:07:00+00:00,KATL,Atlanta,82.4,2026-09-16T16:45:00+00:00
2026-09-16T17:07:00+00:00,KATL,Atlanta,84.2,2026-09-16T16:40:00+00:00
2026-09-16T17:07:00+00:00,KATL,Atlanta,82.4,2026-09-16T16:35:00+00:00
2026-09-16T17:07:00+00:00,KATL,Atlanta,80.59,2026-09-16T16:30:00+00:00
2026-09-16T17:07:00+00:00,KDFW,Dallas,93.2,2026-09-16T16:50:00+00:00
2026-09-16T17:07:00+00:00,KDFW,Dallas,91.4,2026-09-16T16:45:00+00:00
2026-09-16T17:07:00+00:00,KDFW,Dallas,93.2,2026-09-16T16:40:00+00:00
2026-09-16T17:07:00+00:00,KDFW,Dallas,91.4,2026-09-16T16:35:00+00:00
2026-09-16T17:07:00+00:00,KDFW,Dallas,91.4,2026-09-16T16:30:00+00:00
2026-09-16T17:07:00+00:00,KSEA,Seattle,64.4,2026-09-16T16:45:00+00:00
2026-09-16T17:07:00+00:00,KSEA,Seattle,62.6,2026-09-16T16:40:00+00:00
2026-09-16T17:07:00+00:00,KSEA,Seattle,62.6,2026-09-16T16:35:00+00:00
2026-09-16T17:07:00+00:00,KSEA,Seattle,62.6,2026-09-16T16:30:00+00:00
2026-09-16T17:07:00+00:00,KSEA,Seattle,62.6,2026-09-16T16:25:00+00:00
2026-09-16T17:07:00+00:00,KSEA,Seattle,62.6,2026-09-16T16:20:00+00:00
2026-09-16T17:07:00+00:00,KLAS,Las Vegas,87.8,2026-09-16T16:50:00+00:00
2026-09-16T17:07:00+00:00,KLAS,Las Vegas,87.8,2026-09-16T16:45:00+00:00
2026-09-16T17:07:00+00:00,KLAS,Las Vegas,86.0,2026-09-16T16:40:00+00:00
2026-09-16T17:07:00+00:00,KLAS,Las Vegas,86.0,2026-09-16T16:35:00+00:00
2026-09-16T17:07:00+00:00,KLAS,Las Vegas,86.0,2026-09-16T16:30:00+00:00
2026-09-16T17:07:00+00:00,KLAS,Las Vegas,86.0,2026-09-16T16:25:00+00:00
2026-09-16T17:07:00+00:00,KLAS,Las Vegas,86.0,2026-09-16T16:20:00+00:00
2026-09-16T17:07:00+00:00,KOKC,Oklahoma City,96.8,2026-09-16T16:45:00+00:00
2026-09-16T17:07:00+00:00,KOKC,Oklahoma City,95.0,2026-09-16T16:40:00+00:00
2026-09-16T17:07:00+00:00,KOKC,Oklahoma City,95.0,2026-09-16T16:35:00+00:00
2026-09-16T17:07:00+00:00,KOKC,Oklahoma City,93.2,2026-09-16T16:30:00+00:00
2026-09-16T17:07:00+00:00,KBOS,Boston,75.2,2026-09-16T16:45:00+00:00
2026-09-16T17:07:00+00:00,KBOS,Boston,75.2,2026-09-16T16:40:00+00:00
2026-09-16T17:07:00+00:00,KBOS,Boston,75.2,2026-09-16T16:35:00+00:00
2026-09-16T17:07:00+00:00,KBOS,Boston,75.2,2026-09-16T16:30:00+00:00
2026-09-16T17:07:00+00:00,KBOS,Boston,75.2,2026-09-16T16:25:00+00:00
2026-09-16T17:07:00+00:00,KMSP,Minneapolis,69.8,2026-09-16T16:45:00+00:00
2026-09-16T17:07:00+00:00,KMSP,Minneapolis,69.8,2026-09-16T16:40:00+00:00
2026-09-16T17:07:00+00:00,KMSP,Minneapolis,69.8,2026-09-16T16:35:00+00:00
2026-09-16T17:07:00+00:00,KMSP,Minneapolis,69.8,2026-09-16T16:30:00+00:00
2026-09-16T17:07:00+00:00,KSAT,San Antonio,87.8,2026-09-16T16:45:00+00:00
2026-09-16T17:07:00+00:00,KSAT,San Antonio,87.8,2026-09-16T16:40:00+00:00
2026-09-16T17:07:00+00:00,KSAT,San Antonio,89.6,2026-09-16T16:35:00+00:00
2026-09-16T17:07:00+00:00,KSAT,San Antonio,87.8,2026-09-16T16:30:00+00:00
2026-09-16T17:07:00+00:00,KMSY,New Orleans,89.6,2026-09-16T16:45:00+00:00
2026-09-16T17:07:00+00:00,KMSY,New Orleans,89.6,2026-09-16T16:40:00+00:00
2026-09-16T17:07:00+00:00,KMSY,New Orleans,89.6,2026-09-16T16:35:00+00:00
2026-09-16T17:07:00+00:00,KMSY,New Orleans,87.8,2026-09-16T16:30:00+00:00
2026-09-16T17:07:00+00:00,KHOU,Houston,91.4,2026-09-16T16:50:00+00:00
2026-09-16T17:07:00+00:00,KHOU,Houston,91.4,2026-09-16T16:45:00+00:00
2026-09-16T17:07:00+00:00,KHOU,Houston,91.4,2026-09-16T16:40:00+00:00
2026-09-16T17:07:00+00:00,KHOU,Houston,89.6,2026-09-16T16:35:00+00:00
2026-09-16T17:07:00+00:00,KHOU,Houston,91.4,2026-09-16T16:30:00+00:00
2026-09-16T17:19:00+00:00,KNYC,New York City,73.94,2026-09-16T16:51:00+00:00
2026-09-16T17:19:00+00:00,KMIA,Miami,91.4,2026-09-16T17:00:00+00:00
2026-09-16T17:19:00+00:00,KMIA,Miami,91.4,2026-09-16T16:55:00+00:00
2026-09-16T17:19:00+00:00,KMIA,Miami,89.96,2026-09-16T16:53:00+00:00
2026-09-16T17:19:00+00:00,KMIA,Miami,89.6,2026-09-16T16:50:00+00:00
2026-09-16T17:19:00+00:00,KMIA,Miami,91.4,2026-09-16T16:45:00+00:00
2026-09-16T17:19:00+00:00,KDEN,Denver,75.2,2026-09-16T17:00:00+00:00
2026-09-16T17:19:00+00:00,KDEN,Denver,75.2,2026-09-16T16:55:00+00:00
2026-09-16T17:19:00+00:00,KDEN,Denver,75.02,2026-09-16T16:53:00+00:00
2026-09-16T17:19:00+00:00,KDEN,Denver,73.4,2026-09-16T16:50:00+00:00
2026-09-16T17:19:00+00:00,KLAX,Los Angeles,73.4,2026-09-16T17:00:00+00:00
2026-09-16T17:19:00+00:00,KLAX,Los Angeles,73.4,2026-09-16T16:55:00+00:00
2026-09-16T17:19:00+00:00,KLAX,Los Angeles,73.94,2026-09-16T16:53:00+00:00
2026-09-16T17:19:00+00:00,KLAX,Los Angeles,73.4,2026-09-16T16:50:00+00:00
2026-09-16T17:19:00+00:00,KLAX,Los Angeles,73.4,2026-09-16T16:45:00+00:00
2026-09-16T17:19:00+00:00,KPHL,Philadelphia,78.8,2026-09-16T17:00:00+00:00
2026-09-16T17:19:00+00:00,KPHL,Philadelphia,77.0,2026-09-16T16:55:00+00:00
2026-09-16T17:19:00+00:00,KPHL,Philadelphia,77.0,2026-09-16T16:54:00+00:00
2026-09-16T17:19:00+00:00,KPHL,Philadelphia,78.8,2026-09-16T16:50:00+00:00
2026-09-16T17:19:00+00:00,KAUS,Austin,89.6,2026-09-16T17:05:00+00:00
2026-09-16T17:19:00+00:00,KAUS,Austin,89.6,2026-09-16T17:00:00+00:00
2026-09-16T17:19:00+00:00,KAUS,Austin,91.4,2026-09-16T16:55:00+00:00
2026-09-16T17:19:00+00:00,KAUS,Austin,91.04,2026-09-16T16:53:00+00:00
2026-09-16T17:19:00+00:00,KAUS,Austin,89.6,2026-09-16T16:50:00+00:00
2026-09-16T17:19:00+00:00,KMDW,Chicago,73.4,2026-09-16T17:00:00+00:00
2026-09-16T17:19:00+00:00,KMDW,Chicago,73.4,2026-09-16T16:55:00+00:00
2026-09-16T17:19:00+00:00,KMDW,Chicago,73.94,2026-09-16T16:53:00+00:00
2026-09-16T17:19:00+00:00,KMDW,Chicago,73.4,2026-09-16T16:50:00+00:00
2026-09-16T17:19:00+00:00,KSFO,San Francisco,62.6,2026-09-16T17:00:00+00:00
2026-09-16T17:19:00+00:00,KSFO,San Francisco,62.6,2026-09-16T16:55:00+00:00
2026-09-16T17:19:00+00:00,KSFO,San Francisco,62.6,2026-09-16T16:50:00+00:00
2026-09-16T17:19:00+00:00,KSFO,San Francisco,62.6,2026-09-16T16:45:00+00:00
2026-09-16T17:19:00+00:00,KPHX,Phoenix,93.2,2026-09-16T17:00:00+00:00
2026-09-16T17:19:00+00:00,KPHX,Phoenix,91.4,2026-09-16T16:55:00+00:00
2026-09-16T17:19:00+00:00,KPHX,Phoenix,91.04,2026-09-16T16:51:00+00:00
2026-09-16T17:19:00+00:00,KPHX,Phoenix,91.4,2026-09-16T16:50:00+00:00
2026-09-16T17:19:00+00:00,KPHX,Phoenix,91.4,2026-09-16T16:45:00+00:00
2026-09-16T17:19:00+00:00,KDCA,Washington DC,80.59,2026-09-16T17:00:00+00:00
2026-09-16T17:19:00+00:00,KDCA,Washington DC,80.59,2026-09-16T16:55:00+00:00
2026-09-16T17:19:00+00:00,KDCA,Washington DC,80.06,2026-09-16T16:52:00+00:00
2026-09-16T17:19:00+00:00,KDCA,Washington DC,78.8,2026-09-16T16:50:00+00:00
2026-09-16T17:19:00+00:00,KATL,Atlanta,84.2,2026-09-16T17:00:00+00:00
2026-09-16T17:19:00+00:00,KATL,Atlanta,84.2,2026-09-16T16:55:00+00:00
2026-09-16T17:19:00+00:00,KATL,Atlanta,84.02,2026-09-16T16:52:00+00:00
2026-09-16T17:19:00+00:00,KATL,Atlanta,82.4,2026-09-16T16:50:00+00:00
2026-09-16T17:19:00+00:00,KDFW,Dallas,93.2,2026-09-16T17:05:00+00:00
2026-09-16T17:19:00+00:00,KDFW,Dallas,93.2,2026-09-16T17:00:00+00:00
2026-09-16T17:19:00+00:00,KDFW,Dallas,93.2,2026-09-16T16:55:00+00:00
2026-09-16T17:19:00+00:00,KDFW,Dallas,93.02,2026-09-16T16:53:00+00:00
2026-09-16T17:19:00+00:00,KDFW,Dallas,93.2,2026-09-16T16:50:00+00:00
2026-09-16T17:19:00+00:00,KSEA,Seattle,64.4,2026-09-16T17:00:00+00:00
2026-09-16T17:19:00+00:00,KSEA,Seattle,64.4,2026-09-16T16:55:00+00:00
2026-09-16T17:19:00+00:00,KSEA,Seattle,64.04,2026-09-16T16:53:00+00:00
2026-09-16T17:19:00+00:00,KLAS,Las Vegas,87.8,2026-09-16T17:00:00+00:00
2026-09-16T17:19:00+00:00,KLAS,Las Vegas,87.8,2026-09-16T16:55:00+00:00
2026-09-16T17:19:00+00:00,KLAS,Las Vegas,87.8,2026-09-16T16:50:00+00:00
2026-09-16T17:19:00+00:00,KLAS,Las Vegas,87.8,2026-09-16T16:45:00+00:00
2026-09-16T17:19:00+00:00,KOKC,Oklahoma City,93.2,2026-09-16T17:05:00+00:00
2026-09-16T17:19:00+00:00,KOKC,Oklahoma City,96.8,2026-09-16T17:00:00+00:00
2026-09-16T17:19:00+00:00,KOKC,Oklahoma City,96.8,2026-09-16T16:55:00+00:00
2026-09-16T17:19:00+00:00,KOKC,Oklahoma City,96.08,2026-09-16T16:52:00+00:00
2026-09-16T17:19:00+00:00,KOKC,Oklahoma City,95.0,2026-09-16T16:50:00+00:00
2026-09-16T17:19:00+00:00,KBOS,Boston,75.2,2026-09-16T17:00:00+00:00
2026-09-16T17:19:00+00:00,KBOS,Boston,75.2,2026-09-16T16:55:00+00:00
2026-09-16T17:19:00+00:00,KBOS,Boston,75.92,2026-09-16T16:54:00+00:00
2026-09-16T17:19:00+00:00,KBOS,Boston,75.2,2026-09-16T16:50:00+00:00
2026-09-16T17:19:00+00:00,KMSP,Minneapolis,71.59,2026-09-16T17:05:00+00:00
2026-09-16T17:19:00+00:00,KMSP,Minneapolis,69.8,2026-09-16T17:00:00+00:00
2026-09-16T17:19:00+00:00,KMSP,Minneapolis,69.8,2026-09-16T16:55:00+00:00
2026-09-16T17:19:00+00:00,KMSP,Minneapolis,69.98,2026-09-16T16:53:00+00:00
2026-09-16T17:19:00+00:00,KSAT,San Antonio,89.6,2026-09-16T17:05:00+00:00
2026-09-16T17:19:00+00:00,KSAT,San Antonio,89.6,2026-09-16T17:00:00+00:00
2026-09-16T17:19:00+00:00,KSAT,San Antonio,87.8,2026-09-16T16:55:00+00:00
2026-09-16T17:19:00+00:00,KSAT,San Antonio,89.06,2026-09-16T16:51:00+00:00
2026-09-16T17:19:00+00:00,KSAT,San Antonio,89.6,2026-09-16T16:50:00+00:00
2026-09-16T17:19:00+00:00,KMSY,New Orleans,89.6,2026-09-16T17:05:00+00:00
2026-09-16T17:19:00+00:00,KMSY,New Orleans,89.6,2026-09-16T17:00:00+00:00
2026-09-16T17:19:00+00:00,KMSY,New Orleans,89.6,2026-09-16T16:55:00+00:00
2026-09-16T17:19:00+00:00,KMSY,New Orleans,89.06,2026-09-16T16:53:00+00:00
2026-09-16T17:19:00+00:00,KMSY,New Orleans,89.6,2026-09-16T16:50:00+00:00
2026-09-16T17:19:00+00:00,KHOU,Houston,91.4,2026-09-16T17:05:00+00:00
2026-09-16T17:19:00+00:00,KHOU,Houston,91.4,2026-09-16T17:00:00+00:00
2026-09-16T17:19:00+00:00,KHOU,Houston,91.4,2026-09-16T16:55:00+00:00
2026-09-16T17:19:00+00:00,KHOU,Houston,89.96,2026-09-16T16:53:00+00:00
2026-09-16T17:19:00+00:00,KHOU,Houston,91.4,2026-09-16T16:50:00+00:00
2026-09-16T17:19:00+00:00,KHOU,Houston,91.4,2026-09-16T16:45:00+00:00
2026-09-16T17:35:46+00:00,KMIA,Miami,91.4,2026-09-16T17:15:00+00:00
2026-09-16T17:35:46+00:00,KMIA,Miami,91.4,2026-09-16T17:10:00+00:00
2026-09-16T17:35:46+00:00,KMIA,Miami,89.6,2026-09-16T17:05:00+00:00
2026-09-16T17:35:46+00:00,KDEN,Denver,75.2,2026-09-16T17:15:00+00:00
2026-09-16T17:35:46+00:00,KDEN,Denver,75.2,2026-09-16T17:10:00+00:00
2026-09-16T17:35:46+00:00,KDEN,Denver,75.2,2026-09-16T17:05:00+00:00
2026-09-16T17:35:46+00:00,KLAX,Los Angeles,73.4,2026-09-16T17:15:00+00:00
2026-09-16T17:35:46+00:00,KLAX,Los Angeles,73.4,2026-09-16T17:10:00+00:00
2026-09-16T17:35:46+00:00,KLAX,Los Angeles,73.4,2026-09-16T17:05:00+00:00
2026-09-16T17:35:46+00:00,KPHL,Philadelphia,80.59,2026-09-16T17:15:00+00:00
2026-09-16T17:35:46+00:00,KPHL,Philadelphia,78.8,2026-09-16T17:10:00+00:00
2026-09-16T17:35:46+00:00,KPHL,Philadelphia,78.8,2026-09-16T17:05:00+00:00
2026-09-16T17:35:46+00:00,KAUS,Austin,91.4,2026-09-16T17:20:00+00:00
2026-09-16T17:35:46+00:00,KAUS,Austin,91.4,2026-09-16T17:15:00+00:00
2026-09-16T17:35:46+00:00,KAUS,Austin,91.4,2026-09-16T17:10:00+00:00
2026-09-16T17:35:46+00:00,KMDW,Chicago,73.4,2026-09-16T17:20:00+00:00
2026-09-16T17:35:46+00:00,KMDW,Chicago,75.2,2026-09-16T17:15:00+00:00
2026-09-16T17:35:46+00:00,KMDW,Chicago,73.4,2026-09-16T17:10:00+00:00
2026-09-16T17:35:46+00:00,KMDW,Chicago,73.4,2026-09-16T17:05:00+00:00
2026-09-16T17:35:46+00:00,KSFO,San Francisco,62.6,2026-09-16T17:25:00+00:00
2026-09-16T17:35:46+00:00,KSFO,San Francisco,62.6,2026-09-16T17:20:00+00:00
2026-09-16T17:35:46+00:00,KSFO,San Francisco,62.6,2026-09-16T17:15:00+00:00
2026-09-16T17:35:46+00:00,KSFO,San Francisco,62.6,2026-09-16T17:10:00+00:00
2026-09-16T17:35:46+00:00,KSFO,San Francisco,62.6,2026-09-16T17:05:00+00:00
2026-09-16T17:35:46+00:00,KSFO,San Francisco,62.05,2026-09-16T16:56:00+00:00
2026-09-16T17:35:46+00:00,KPHX,Phoenix,93.2,2026-09-16T17:15:00+00:00
2026-09-16T17:35:46+00:00,KPHX,Phoenix,93.2,2026-09-16T17:10:00+00:00
2026-09-16T17:35:46+00:00,KPHX,Phoenix,91.4,2026-09-16T17:05:00+00:00
2026-09-16T17:35:46+00:00,KDCA,Washington DC,80.59,2026-09-16T17:15:00+00:00
2026-09-16T17:35:46+00:00,KDCA,Washington DC,80.59,2026-09-16T17:10:00+00:00
2026-09-16T17:35:46+00:00,KDCA,Washington DC,80.59,2026-09-16T17:05:00+00:00
2026-09-16T17:35:46+00:00,KATL,Atlanta,82.4,2026-09-16T17:20:00+00:00
2026-09-16T17:35:46+00:00,KATL,Atlanta,84.2,2026-09-16T17:15:00+00:00
2026-09-16T17:35:46+00:00,KATL,Atlanta,84.2,2026-09-16T17:10:00+00:00
2026-09-16T17:35:46+00:00,KATL,Atlanta,86.0,2026-09-16T17:05:00+00:00
2026-09-16T17:35:46+00:00,KDFW,Dallas,93.2,2026-09-16T17:20:00+00:00
2026-09-16T17:35:46+00:00,KDFW,Dallas,93.2,2026-09-16T17:15:00+00:00
2026-09-16T17:35:46+00:00,KDFW,Dallas,93.2,2026-09-16T17:10:00+00:00
2026-09-16T17:35:46+00:00,KSEA,Seattle,64.4,2026-09-16T17:15:00+00:00
2026-09-16T17:35:46+00:00,KSEA,Seattle,64.4,2026-09-16T17:10:00+00:00
2026-09-16T17:35:46+00:00,KSEA,Seattle,64.4,2026-09-16T17:05:00+00:00
2026-09-16T17:35:46+00:00,KLAS,Las Vegas,87.8,2026-09-16T17:15:00+00:00
2026-09-16T17:35:46+00:00,KLAS,Las Vegas,89.6,2026-09-16T17:10:00+00:00
2026-09-16T17:35:46+00:00,KLAS,Las Vegas,87.8,2026-09-16T17:05:00+00:00
2026-09-16T17:35:46+00:00,KLAS,Las Vegas,87.08,2026-09-16T16:56:00+00:00
2026-09-16T17:35:46+00:00,KOKC,Oklahoma City,96.8,2026-09-16T17:20:00+00:00
2026-09-16T17:35:46+00:00,KOKC,Oklahoma City,96.8,2026-09-16T17:15:00+00:00
2026-09-16T17:35:46+00:00,KOKC,Oklahoma City,96.8,2026-09-16T17:10:00+00:00
2026-09-16T17:35:46+00:00,KBOS,Boston,75.2,2026-09-16T17:25:00+00:00
2026-09-16T17:35:46+00:00,KBOS,Boston,75.2,2026-09-16T17:20:00+00:00
2026-09-16T17:35:46+00:00,KBOS,Boston,77.0,2026-09-16T17:05:00+00:00
2026-09-16T17:35:46+00:00,KMSP,Minneapolis,71.59,2026-09-16T17:10:00+00:00
2026-09-16T17:35:46+00:00,KSAT,San Antonio,89.6,2026-09-16T17:20:00+00:00
2026-09-16T17:35:46+00:00,KSAT,San Antonio,89.6,2026-09-16T17:15:00+00:00
2026-09-16T17:35:46+00:00,KSAT,San Antonio,89.6,2026-09-16T17:10:00+00:00
2026-09-16T17:35:46+00:00,KMSY,New Orleans,87.8,2026-09-16T17:20:00+00:00
2026-09-16T17:35:46+00:00,KMSY,New Orleans,87.8,2026-09-16T17:15:00+00:00
2026-09-16T17:35:46+00:00,KMSY,New Orleans,87.8,2026-09-16T17:10:00+00:00
2026-09-16T17:35:46+00:00,KHOU,Houston,91.4,2026-09-16T17:20:00+00:00
2026-09-16T17:35:46+00:00,KHOU,Houston,91.4,2026-09-16T17:15:00+00:00
2026-09-16T17:35:46+00:00,KHOU,Houston,91.4,2026-09-16T17:10:00+00:00
2026-09-16T17:34:00+00:00,KMIA,Miami,91.4,2026-09-16T17:15:00+00:00
2026-09-16T17:34:00+00:00,KMIA,Miami,91.4,2026-09-16T17:10:00+00:00
2026-09-16T17:34:00+00:00,KMIA,Miami,89.6,2026-09-16T17:05:00+00:00
2026-09-16T17:34:00+00:00,KDEN,Denver,75.2,2026-09-16T17:15:00+00:00
2026-09-16T17:34:00+00:00,KDEN,Denver,75.2,2026-09-16T17:10:00+00:00
2026-09-16T17:34:00+00:00,KDEN,Denver,75.2,2026-09-16T17:05:00+00:00
2026-09-16T17:34:00+00:00,KLAX,Los Angeles,73.4,2026-09-16T17:15:00+00:00
2026-09-16T17:34:00+00:00,KLAX,Los Angeles,73.4,2026-09-16T17:10:00+00:00
2026-09-16T17:34:00+00:00,KLAX,Los Angeles,73.4,2026-09-16T17:05:00+00:00
2026-09-16T17:34:00+00:00,KPHL,Philadelphia,80.59,2026-09-16T17:15:00+00:00
2026-09-16T17:34:00+00:00,KPHL,Philadelphia,78.8,2026-09-16T17:10:00+00:00
2026-09-16T17:34:00+00:00,KPHL,Philadelphia,78.8,2026-09-16T17:05:00+00:00
2026-09-16T17:34:00+00:00,KAUS,Austin,91.4,2026-09-16T17:20:00+00:00
2026-09-16T17:34:00+00:00,KAUS,Austin,91.4,2026-09-16T17:15:00+00:00
2026-09-16T17:34:00+00:00,KAUS,Austin,91.4,2026-09-16T17:10:00+00:00
2026-09-16T17:34:00+00:00,KMDW,Chicago,73.4,2026-09-16T17:20:00+00:00
2026-09-16T17:34:00+00:00,KMDW,Chicago,75.2,2026-09-16T17:15:00+00:00
2026-09-16T17:34:00+00:00,KMDW,Chicago,73.4,2026-09-16T17:10:00+00:00
2026-09-16T17:34:00+00:00,KMDW,Chicago,73.4,2026-09-16T17:05:00+00:00
2026-09-16T17:34:00+00:00,KSFO,San Francisco,62.6,2026-09-16T17:25:00+00:00
2026-09-16T17:34:00+00:00,KSFO,San Francisco,62.6,2026-09-16T17:20:00+00:00
2026-09-16T17:34:00+00:00,KSFO,San Francisco,62.6,2026-09-16T17:15:00+00:00
2026-09-16T17:34:00+00:00,KSFO,San Francisco,62.6,2026-09-16T17:10:00+00:00
2026-09-16T17:34:00+00:00,KSFO,San Francisco,62.6,2026-09-16T17:05:00+00:00
2026-09-16T17:34:00+00:00,KSFO,San Francisco,62.05,2026-09-16T16:56:00+00:00
2026-09-16T17:34:00+00:00,KPHX,Phoenix,93.2,2026-09-16T17:15:00+00:00
2026-09-16T17:34:00+00:00,KPHX,Phoenix,93.2,2026-09-16T17:10:00+00:00
2026-09-16T17:34:00+00:00,KPHX,Phoenix,91.4,2026-09-16T17:05:00+00:00
2026-09-16T17:34:00+00:00,KDCA,Washington DC,80.59,2026-09-16T17:15:00+00:00
2026-09-16T17:34:00+00:00,KDCA,Washington DC,80.59,2026-09-16T17:10:00+00:00
2026-09-16T17:34:00+00:00,KDCA,Washington DC,80.59,2026-09-16T17:05:00+00:00
2026-09-16T17:34:00+00:00,KATL,Atlanta,82.4,2026-09-16T17:20:00+00:00
2026-09-16T17:34:00+00:00,KATL,Atlanta,84.2,2026-09-16T17:15:00+00:00
2026-09-16T17:34:00+00:00,KATL,Atlanta,84.2,2026-09-16T17:10:00+00:00
2026-09-16T17:34:00+00:00,KATL,Atlanta,86.0,2026-09-16T17:05:00+00:00
2026-09-16T17:34:00+00:00,KDFW,Dallas,93.2,2026-09-16T17:20:00+00:00
2026-09-16T17:34:00+00:00,KDFW,Dallas,93.2,2026-09-16T17:15:00+00:00
2026-09-16T17:34:00+00:00,KDFW,Dallas,93.2,2026-09-16T17:10:00+00:00
2026-09-16T17:34:00+00:00,KSEA,Seattle,64.4,2026-09-16T17:15:00+00:00
2026-09-16T17:34:00+00:00,KSEA,Seattle,64.4,2026-09-16T17:10:00+00:00
2026-09-16T17:34:00+00:00,KSEA,Seattle,64.4,2026-09-16T17:05:00+00:00
2026-09-16T17:34:00+00:00,KLAS,Las Vegas,87.8,2026-09-16T17:15:00+00:00
2026-09-16T17:34:00+00:00,KLAS,Las Vegas,89.6,2026-09-16T17:10:00+00:00
2026-09-16T17:34:00+00:00,KLAS,Las Vegas,87.8,2026-09-16T17:05:00+00:00
2026-09-16T17:34:00+00:00,KLAS,Las Vegas,87.08,2026-09-16T16:56:00+00:00
2026-09-16T17:34:00+00:00,KOKC,Oklahoma City,96.8,2026-09-16T17:20:00+00:00
2026-09-16T17:34:00+00:00,KOKC,Oklahoma City,96.8,2026-09-16T17:15:00+00:00
2026-09-16T17:34:00+00:00,KOKC,Oklahoma City,96.8,2026-09-16T17:10:00+00:00
2026-09-16T17:34:00+00:00,KBOS,Boston,75.2,2026-09-16T17:25:00+00:00
2026-09-16T17:34:00+00:00,KBOS,Boston,75.2,2026-09-16T17:20:00+00:00
2026-09-16T17:34:00+00:00,KBOS,Boston,77.0,2026-09-16T17:05:00+00:00
2026-09-16T17:34:00+00:00,KMSP,Minneapolis,71.59,2026-09-16T17:10:00+00:00
2026-09-16T17:34:00+00:00,KSAT,San Antonio,89.6,2026-09-16T17:20:00+00:00
2026-09-16T17:34:00+00:00,KSAT,San Antonio,89.6,2026-09-16T17:15:00+00:00
2026-09-16T17:34:00+00:00,KSAT,San Antonio,89.6,2026-09-16T17:10:00+00:00
2026-09-16T17:34:00+00:00,KMSY,New Orleans,87.8,2026-09-16T17:20:00+00:00
2026-09-16T17:34:00+00:00,KMSY,New Orleans,87.8,2026-09-16T17:15:00+00:00
2026-09-16T17:34:00+00:00,KMSY,New Orleans,87.8,2026-09-16T17:10:00+00:00
2026-09-16T17:34:00+00:00,KHOU,Houston,91.4,2026-09-16T17:20:00+00:00
2026-09-16T17:34:00+00:00,KHOU,Houston,91.4,2026-09-16T17:15:00+00:00
2026-09-16T17:34:00+00:00,KHOU,Houston,91.4,2026-09-16T17:10:00+00:00
2026-09-16T17:37:00+00:00,KNYC,New York City,73.94,2026-09-16T16:51:00+00:00
2026-09-16T17:37:00+00:00,KMIA,Miami,91.4,2026-09-16T17:25:00+00:00
2026-09-16T17:37:00+00:00,KMIA,Miami,91.4,2026-09-16T17:20:00+00:00
2026-09-16T17:37:00+00:00,KMIA,Miami,91.4,2026-09-16T17:15:00+00:00
2026-09-16T17:37:00+00:00,KMIA,Miami,91.4,2026-09-16T17:10:00+00:00
2026-09-16T17:37:00+00:00,KMIA,Miami,89.6,2026-09-16T17:05:00+00:00
2026-09-16T17:37:00+00:00,KMIA,Miami,91.4,2026-09-16T17:00:00+00:00
2026-09-16T17:37:00+00:00,KMIA,Miami,91.4,2026-09-16T16:55:00+00:00
2026-09-16T17:37:00+00:00,KMIA,Miami,89.96,2026-09-16T16:53:00+00:00
2026-09-16T17:37:00+00:00,KDEN,Denver,77.0,2026-09-16T17:25:00+00:00
2026-09-16T17:37:00+00:00,KDEN,Denver,77.0,2026-09-16T17:20:00+00:00
2026-09-16T17:37:00+00:00,KDEN,Denver,75.2,2026-09-16T17:15:00+00:00
2026-09-16T17:37:00+00:00,KDEN,Denver,75.2,2026-09-16T17:10:00+00:00
2026-09-16T17:37:00+00:00,KDEN,Denver,75.2,2026-09-16T17:05:00+00:00
2026-09-16T17:37:00+00:00,KDEN,Denver,75.2,2026-09-16T17:00:00+00:00
2026-09-16T17:37:00+00:00,KDEN,Denver,75.2,2026-09-16T16:55:00+00:00
2026-09-16T17:37:00+00:00,KDEN,Denver,75.02,2026-09-16T16:53:00+00:00
2026-09-16T17:37:00+00:00,KDEN,Denver,73.4,2026-09-16T16:50:00+00:00
2026-09-16T17:37:00+00:00,KLAX,Los Angeles,73.4,2026-09-16T17:15:00+00:00
2026-09-16T17:37:00+00:00,KLAX,Los Angeles,73.4,2026-09-16T17:10:00+00:00
2026-09-16T17:37:00+00:00,KLAX,Los Angeles,73.4,2026-09-16T17:05:00+00:00
2026-09-16T17:37:00+00:00,KLAX,Los Angeles,73.4,2026-09-16T17:00:00+00:00
2026-09-16T17:37:00+00:00,KLAX,Los Angeles,73.4,2026-09-16T16:55:00+00:00
2026-09-16T17:37:00+00:00,KLAX,Los Angeles,73.94,2026-09-16T16:53:00+00:00
2026-09-16T17:37:00+00:00,KPHL,Philadelphia,78.8,2026-09-16T17:25:00+00:00
2026-09-16T17:37:00+00:00,KPHL,Philadelphia,78.8,2026-09-16T17:20:00+00:00
2026-09-16T17:37:00+00:00,KPHL,Philadelphia,80.59,2026-09-16T17:15:00+00:00
2026-09-16T17:37:00+00:00,KPHL,Philadelphia,78.8,2026-09-16T17:10:00+00:00
2026-09-16T17:37:00+00:00,KPHL,Philadelphia,78.8,2026-09-16T17:05:00+00:00
2026-09-16T17:37:00+00:00,KPHL,Philadelphia,78.8,2026-09-16T17:00:00+00:00
2026-09-16T17:37:00+00:00,KPHL,Philadelphia,77.0,2026-09-16T16:55:00+00:00
2026-09-16T17:37:00+00:00,KPHL,Philadelphia,77.0,2026-09-16T16:54:00+00:00
2026-09-16T17:37:00+00:00,KPHL,Philadelphia,78.8,2026-09-16T16:50:00+00:00
2026-09-16T17:37:00+00:00,KAUS,Austin,91.4,2026-09-16T17:20:00+00:00
2026-09-16T17:37:00+00:00,KAUS,Austin,91.4,2026-09-16T17:15:00+00:00
2026-09-16T17:37:00+00:00,KAUS,Austin,91.4,2026-09-16T17:10:00+00:00
2026-09-16T17:37:00+00:00,KAUS,Austin,89.6,2026-09-16T17:05:00+00:00
2026-09-16T17:37:00+00:00,KAUS,Austin,89.6,2026-09-16T17:00:00+00:00
2026-09-16T17:37:00+00:00,KAUS,Austin,91.4,2026-09-16T16:55:00+00:00
2026-09-16T17:37:00+00:00,KAUS,Austin,91.04,2026-09-16T16:53:00+00:00
2026-09-16T17:37:00+00:00,KMDW,Chicago,73.4,2026-09-16T17:20:00+00:00
2026-09-16T17:37:00+00:00,KMDW,Chicago,75.2,2026-09-16T17:15:00+00:00
2026-09-16T17:37:00+00:00,KMDW,Chicago,73.4,2026-09-16T17:10:00+00:00
2026-09-16T17:37:00+00:00,KMDW,Chicago,73.4,2026-09-16T17:05:00+00:00
2026-09-16T17:37:00+00:00,KMDW,Chicago,73.4,2026-09-16T17:00:00+00:00
2026-09-16T17:37:00+00:00,KMDW,Chicago,73.4,2026-09-16T16:55:00+00:00
2026-09-16T17:37:00+00:00,KMDW,Chicago,73.94,2026-09-16T16:53:00+00:00
2026-09-16T17:37:00+00:00,KSFO,San Francisco,62.6,2026-09-16T17:25:00+00:00
2026-09-16T17:37:00+00:00,KSFO,San Francisco,62.6,2026-09-16T17:20:00+00:00
2026-09-16T17:37:00+00:00,KSFO,San Francisco,62.6,2026-09-16T17:15:00+00:00
2026-09-16T17:37:00+00:00,KSFO,San Francisco,62.6,2026-09-16T17:10:00+00:00
2026-09-16T17:37:00+00:00,KSFO,San Francisco,62.6,2026-09-16T17:05:00+00:00
2026-09-16T17:37:00+00:00,KSFO,San Francisco,62.6,2026-09-16T17:00:00+00:00
2026-09-16T17:37:00+00:00,KSFO,San Francisco,62.05,2026-09-16T16:56:00+00:00
2026-09-16T17:37:00+00:00,KSFO,San Francisco,62.6,2026-09-16T16:55:00+00:00
2026-09-16T17:37:00+00:00,KPHX,Phoenix,93.2,2026-09-16T17:25:00+00:00
2026-09-16T17:37:00+00:00,KPHX,Phoenix,93.2,2026-09-16T17:20:00+00:00
2026-09-16T17:37:00+00:00,KPHX,Phoenix,93.2,2026-09-16T17:15:00+00:00
2026-09-16T17:37:00+00:00,KPHX,Phoenix,93.2,2026-09-16T17:10:00+00:00
2026-09-16T17:37:00+00:00,KPHX,Phoenix,91.4,2026-09-16T17:05:00+00:00
2026-09-16T17:37:00+00:00,KPHX,Phoenix,93.2,2026-09-16T17:00:00+00:00
2026-09-16T17:37:00+00:00,KPHX,Phoenix,91.4,2026-09-16T16:55:00+00:00
2026-09-16T17:37:00+00:00,KPHX,Phoenix,91.04,2026-09-16T16:51:00+00:00
2026-09-16T17:37:00+00:00,KDCA,Washington DC,80.59,2026-09-16T17:15:00+00:00
2026-09-16T17:37:00+00:00,KDCA,Washington DC,80.59,2026-09-16T17:10:00+00:00
2026-09-16T17:37:00+00:00,KDCA,Washington DC,80.59,2026-09-16T17:05:00+00:00
2026-09-16T17:37:00+00:00,KDCA,Washington DC,80.59,2026-09-16T17:00:00+00:00
2026-09-16T17:37:00+00:00,KDCA,Washington DC,80.59,2026-09-16T16:55:00+00:00
2026-09-16T17:37:00+00:00,KDCA,Washington DC,80.06,2026-09-16T16:52:00+00:00
2026-09-16T17:37:00+00:00,KDCA,Washington DC,78.8,2026-09-16T16:50:00+00:00
2026-09-16T17:37:00+00:00,KATL,Atlanta,86.0,2026-09-16T17:25:00+00:00
2026-09-16T17:37:00+00:00,KATL,Atlanta,82.4,2026-09-16T17:20:00+00:00
2026-09-16T17:37:00+00:00,KATL,Atlanta,84.2,2026-09-16T17:15:00+00:00
2026-09-16T17:37:00+00:00,KATL,Atlanta,84.2,2026-09-16T17:10:00+00:00
2026-09-16T17:37:00+00:00,KATL,Atlanta,86.0,2026-09-16T17:05:00+00:00
2026-09-16T17:37:00+00:00,KATL,Atlanta,84.2,2026-09-16T17:00:00+00:00
2026-09-16T17:37:00+00:00,KATL,Atlanta,84.2,2026-09-16T16:55:00+00:00
2026-09-16T17:37:00+00:00,KATL,Atlanta,84.02,2026-09-16T16:52:00+00:00
2026-09-16T17:37:00+00:00,KATL,Atlanta,82.4,2026-09-16T16:50:00+00:00
2026-09-16T17:37:00+00:00,KDFW,Dallas,93.2,2026-09-16T17:20:00+00:00
2026-09-16T17:37:00+00:00,KDFW,Dallas,93.2,2026-09-16T17:15:00+00:00
2026-09-16T17:37:00+00:00,KDFW,Dallas,93.2,2026-09-16T17:10:00+00:00
2026-09-16T17:37:00+00:00,KDFW,Dallas,93.2,2026-09-16T17:05:00+00:00
2026-09-16T17:37:00+00:00,KDFW,Dallas,93.2,2026-09-16T17:00:00+00:00
2026-09-16T17:37:00+00:00,KDFW,Dallas,93.2,2026-09-16T16:55:00+00:00
2026-09-16T17:37:00+00:00,KDFW,Dallas,93.02,2026-09-16T16:53:00+00:00
2026-09-16T17:37:00+00:00,KSEA,Seattle,64.4,2026-09-16T17:25:00+00:00
2026-09-16T17:37:00+00:00,KSEA,Seattle,64.4,2026-09-16T17:20:00+00:00
2026-09-16T17:37:00+00:00,KSEA,Seattle,64.4,2026-09-16T17:15:00+00:00
2026-09-16T17:37:00+00:00,KSEA,Seattle,64.4,2026-09-16T17:10:00+00:00
2026-09-16T17:37:00+00:00,KSEA,Seattle,64.4,2026-09-16T17:05:00+00:00
2026-09-16T17:37:00+00:00,KSEA,Seattle,64.4,2026-09-16T17:00:00+00:00
2026-09-16T17:37:00+00:00,KSEA,Seattle,64.4,2026-09-16T16:55:00+00:00
2026-09-16T17:37:00+00:00,KSEA,Seattle,64.04,2026-09-16T16:53:00+00:00
2026-09-16T17:37:00+00:00,KLAS,Las Vegas,87.8,2026-09-16T17:15:00+00:00
2026-09-16T17:37:00+00:00,KLAS,Las Vegas,89.6,2026-09-16T17:10:00+00:00
2026-09-16T17:37:00+00:00,KLAS,Las Vegas,87.8,2026-09-16T17:05:00+00:00
2026-09-16T17:37:00+00:00,KLAS,Las Vegas,87.8,2026-09-16T17:00:00+00:00
2026-09-16T17:37:00+00:00,KLAS,Las Vegas,87.08,2026-09-16T16:56:00+00:00
2026-09-16T17:37:00+00:00,KLAS,Las Vegas,87.8,2026-09-16T16:55:00+00:00
2026-09-16T17:37:00+00:00,KOKC,Oklahoma City,96.8,2026-09-16T17:20:00+00:00
2026-09-16T17:37:00+00:00,KOKC,Oklahoma City,96.8,2026-09-16T17:15:00+00:00
2026-09-16T17:37:00+00:00,KOKC,Oklahoma City,96.8,2026-09-16T17:10:00+00:00
2026-09-16T17:37:00+00:00,KOKC,Oklahoma City,93.2,2026-09-16T17:05:00+00:00
2026-09-16T17:37:00+00:00,KOKC,Oklahoma City,96.8,2026-09-16T17:00:00+00:00
2026-09-16T17:37:00+00:00,KOKC,Oklahoma City,96.8,2026-09-16T16:55:00+00:00
2026-09-16T17:37:00+00:00,KOKC,Oklahoma City,96.08,2026-09-16T16:52:00+00:00
2026-09-16T17:37:00+00:00,KOKC,Oklahoma City,95.0,2026-09-16T16:50:00+00:00
2026-09-16T17:37:00+00:00,KBOS,Boston,75.2,2026-09-16T17:25:00+00:00
2026-09-16T17:37:00+00:00,KBOS,Boston,75.2,2026-09-16T17:20:00+00:00
2026-09-16T17:37:00+00:00,KBOS,Boston,77.0,2026-09-16T17:05:00+00:00
2026-09-16T17:37:00+00:00,KBOS,Boston,75.2,2026-09-16T17:00:00+00:00
2026-09-16T17:37:00+00:00,KBOS,Boston,75.2,2026-09-16T16:55:00+00:00
2026-09-16T17:37:00+00:00,KBOS,Boston,75.92,2026-09-16T16:54:00+00:00
2026-09-16T17:37:00+00:00,KBOS,Boston,75.2,2026-09-16T16:50:00+00:00
2026-09-16T17:37:00+00:00,KMSP,Minneapolis,71.59,2026-09-16T17:10:00+00:00
2026-09-16T17:37:00+00:00,KMSP,Minneapolis,71.59,2026-09-16T17:05:00+00:00
2026-09-16T17:37:00+00:00,KMSP,Minneapolis,69.8,2026-09-16T17:00:00+00:00
2026-09-16T17:37:00+00:00,KMSP,Minneapolis,69.8,2026-09-16T16:55:00+00:00
2026-09-16T17:37:00+00:00,KMSP,Minneapolis,69.98,2026-09-16T16:53:00+00:00
2026-09-16T17:37:00+00:00,KSAT,San Antonio,89.6,2026-09-16T17:20:00+00:00
2026-09-16T17:37:00+00:00,KSAT,San Antonio,89.6,2026-09-16T17:15:00+00:00
2026-09-16T17:37:00+00:00,KSAT,San Antonio,89.6,2026-09-16T17:10:00+00:00
2026-09-16T17:37:00+00:00,KSAT,San Antonio,89.6,2026-09-16T17:05:00+00:00
2026-09-16T17:37:00+00:00,KSAT,San Antonio,89.6,2026-09-16T17:00:00+00:00
2026-09-16T17:37:00+00:00,KSAT,San Antonio,87.8,2026-09-16T16:55:00+00:00
2026-09-16T17:37:00+00:00,KSAT,San Antonio,89.06,2026-09-16T16:51:00+00:00
2026-09-16T17:37:00+00:00,KSAT,San Antonio,89.6,2026-09-16T16:50:00+00:00
2026-09-16T17:37:00+00:00,KMSY,New Orleans,87.8,2026-09-16T17:20:00+00:00
2026-09-16T17:37:00+00:00,KMSY,New Orleans,87.8,2026-09-16T17:15:00+00:00
2026-09-16T17:37:00+00:00,KMSY,New Orleans,87.8,2026-09-16T17:10:00+00:00
2026-09-16T17:37:00+00:00,KMSY,New Orleans,89.6,2026-09-16T17:05:00+00:00
2026-09-16T17:37:00+00:00,KMSY,New Orleans,89.6,2026-09-16T17:00:00+00:00
2026-09-16T17:37:00+00:00,KMSY,New Orleans,89.6,2026-09-16T16:55:00+00:00
2026-09-16T17:37:00+00:00,KMSY,New Orleans,89.06,2026-09-16T16:53:00+00:00
2026-09-16T17:37:00+00:00,KMSY,New Orleans,89.6,2026-09-16T16:50:00+00:00
2026-09-16T17:37:00+00:00,KHOU,Houston,91.4,2026-09-16T17:20:00+00:00
2026-09-16T17:37:00+00:00,KHOU,Houston,91.4,2026-09-16T17:15:00+00:00
2026-09-16T17:37:00+00:00,KHOU,Houston,91.4,2026-09-16T17:10:00+00:00
2026-09-16T17:37:00+00:00,KHOU,Houston,91.4,2026-09-16T17:05:00+00:00
2026-09-16T17:37:00+00:00,KHOU,Houston,91.4,2026-09-16T17:00:00+00:00
2026-09-16T17:37:00+00:00,KHOU,Houston,91.4,2026-09-16T16:55:00+00:00
2026-09-16T17:37:00+00:00,KHOU,Houston,89.96,2026-09-16T16:53:00+00:00
2026-09-16T17:49:00+00:00,KMIA,Miami,91.4,2026-09-16T17:35:00+00:00
2026-09-16T17:49:00+00:00,KMIA,Miami,89.6,2026-09-16T17:30:00+00:00
2026-09-16T17:49:00+00:00,KMIA,Miami,91.4,2026-09-16T17:25:00+00:00
2026-09-16T17:49:00+00:00,KMIA,Miami,91.4,2026-09-16T17:20:00+00:00
2026-09-16T17:49:00+00:00,KDEN,Denver,78.8,2026-09-16T17:35:00+00:00
2026-09-16T17:49:00+00:00,KDEN,Denver,77.0,2026-09-16T17:30:00+00:00
2026-09-16T17:49:00+00:00,KDEN,Denver,77.0,2026-09-16T17:25:00+00:00
2026-09-16T17:49:00+00:00,KDEN,Denver,77.0,2026-09-16T17:20:00+00:00
2026-09-16T17:49:00+00:00,KLAX,Los Angeles,73.4,2026-09-16T17:35:00+00:00
2026-09-16T17:49:00+00:00,KLAX,Los Angeles,73.4,2026-09-16T17:30:00+00:00
2026-09-16T17:49:00+00:00,KLAX,Los Angeles,73.4,2026-09-16T17:25:00+00:00
2026-09-16T17:49:00+00:00,KLAX,Los Angeles,73.4,2026-09-16T17:20:00+00:00
2026-09-16T17:49:00+00:00,KPHL,Philadelphia,80.59,2026-09-16T17:35:00+00:00
2026-09-16T17:49:00+00:00,KPHL,Philadelphia,80.59,2026-09-16T17:30:00+00:00
2026-09-16T17:49:00+00:00,KPHL,Philadelphia,78.8,2026-09-16T17:25:00+00:00
2026-09-16T17:49:00+00:00,KPHL,Philadelphia,78.8,2026-09-16T17:20:00+00:00
2026-09-16T17:49:00+00:00,KAUS,Austin,91.4,2026-09-16T17:25:00+00:00
2026-09-16T17:49:00+00:00,KMDW,Chicago,73.4,2026-09-16T17:30:00+00:00
2026-09-16T17:49:00+00:00,KMDW,Chicago,73.4,2026-09-16T17:25:00+00:00
2026-09-16T17:49:00+00:00,KSFO,San Francisco,62.6,2026-09-16T17:35:00+00:00
2026-09-16T17:49:00+00:00,KSFO,San Francisco,62.6,2026-09-16T17:30:00+00:00
2026-09-16T17:49:00+00:00,KPHX,Phoenix,93.2,2026-09-16T17:35:00+00:00
2026-09-16T17:49:00+00:00,KPHX,Phoenix,93.2,2026-09-16T17:30:00+00:00
2026-09-16T17:49:00+00:00,KPHX,Phoenix,93.2,2026-09-16T17:25:00+00:00
2026-09-16T17:49:00+00:00,KPHX,Phoenix,93.2,2026-09-16T17:20:00+00:00
2026-09-16T17:49:00+00:00,KDCA,Washington DC,80.59,2026-09-16T17:35:00+00:00
2026-09-16T17:49:00+00:00,KDCA,Washington DC,80.59,2026-09-16T17:30:00+00:00
2026-09-16T17:49:00+00:00,KDCA,Washington DC,80.59,2026-09-16T17:25:00+00:00
2026-09-16T17:49:00+00:00,KDCA,Washington DC,80.59,2026-09-16T17:20:00+00:00
2026-09-16T17:49:00+00:00,KATL,Atlanta,86.0,2026-09-16T17:30:00+00:00
2026-09-16T17:49:00+00:00,KATL,Atlanta,86.0,2026-09-16T17:25:00+00:00
2026-09-16T17:49:00+00:00,KDFW,Dallas,95.0,2026-09-16T17:30:00+00:00
2026-09-16T17:49:00+00:00,KDFW,Dallas,93.2,2026-09-16T17:25:00+00:00
2026-09-16T17:49:00+00:00,KSEA,Seattle,64.4,2026-09-16T17:35:00+00:00
2026-09-16T17:49:00+00:00,KSEA,Seattle,64.4,2026-09-16T17:30:00+00:00
2026-09-16T17:49:00+00:00,KSEA,Seattle,64.4,2026-09-16T17:25:00+00:00
2026-09-16T17:49:00+00:00,KSEA,Seattle,64.4,2026-09-16T17:20:00+00:00
2026-09-16T17:49:00+00:00,KLAS,Las Vegas,89.6,2026-09-16T17:35:00+00:00
2026-09-16T17:49:00+00:00,KLAS,Las Vegas,89.6,2026-09-16T17:30:00+00:00
2026-09-16T17:49:00+00:00,KLAS,Las Vegas,89.6,2026-09-16T17:25:00+00:00
2026-09-16T17:49:00+00:00,KLAS,Las Vegas,89.6,2026-09-16T17:20:00+00:00
2026-09-16T17:49:00+00:00,KOKC,Oklahoma City,96.8,2026-09-16T17:25:00+00:00
2026-09-16T17:49:00+00:00,KBOS,Boston,75.2,2026-09-16T17:35:00+00:00
2026-09-16T17:49:00+00:00,KBOS,Boston,75.2,2026-09-16T17:30:00+00:00
2026-09-16T17:49:00+00:00,KMSP,Minneapolis,71.59,2026-09-16T17:30:00+00:00
2026-09-16T17:49:00+00:00,KMSP,Minneapolis,71.59,2026-09-16T17:25:00+00:00
2026-09-16T17:49:00+00:00,KMSP,Minneapolis,69.8,2026-09-16T17:20:00+00:00
2026-09-16T17:49:00+00:00,KSAT,San Antonio,91.4,2026-09-16T17:30:00+00:00
2026-09-16T17:49:00+00:00,KSAT,San Antonio,89.6,2026-09-16T17:25:00+00:00
2026-09-16T17:49:00+00:00,KMSY,New Orleans,89.6,2026-09-16T17:30:00+00:00
2026-09-16T17:49:00+00:00,KMSY,New Orleans,89.6,2026-09-16T17:25:00+00:00
2026-09-16T17:49:00+00:00,KHOU,Houston,91.4,2026-09-16T17:30:00+00:00
2026-09-16T17:49:00+00:00,KHOU,Houston,91.4,2026-09-16T17:25:00+00:00
2026-09-16T18:04:00+00:00,KMIA,Miami,91.4,2026-09-16T17:40:00+00:00
2026-09-16T18:04:00+00:00,KDEN,Denver,78.8,2026-09-16T17:45:00+00:00
2026-09-16T18:04:00+00:00,KDEN,Denver,78.8,2026-09-16T17:40:00+00:00
2026-09-16T18:04:00+00:00,KLAX,Los Angeles,73.4,2026-09-16T17:45:00+00:00
2026-09-16T18:04:00+00:00,KLAX,Los Angeles,75.2,2026-09-16T17:40:00+00:00
2026-09-16T18:04:00+00:00,KPHL,Philadelphia,80.59,2026-09-16T17:40:00+00:00
2026-09-16T18:04:00+00:00,KAUS,Austin,93.2,2026-09-16T17:45:00+00:00
2026-09-16T18:04:00+00:00,KAUS,Austin,93.2,2026-09-16T17:40:00+00:00
2026-09-16T18:04:00+00:00,KAUS,Austin,93.2,2026-09-16T17:35:00+00:00
2026-09-16T18:04:00+00:00,KAUS,Austin,93.2,2026-09-16T17:30:00+00:00
2026-09-16T18:04:00+00:00,KMDW,Chicago,75.2,2026-09-16T17:40:00+00:00
2026-09-16T18:04:00+00:00,KMDW,Chicago,73.4,2026-09-16T17:35:00+00:00
2026-09-16T18:04:00+00:00,KSFO,San Francisco,62.6,2026-09-16T17:45:00+00:00
2026-09-16T18:04:00+00:00,KSFO,San Francisco,62.6,2026-09-16T17:40:00+00:00
2026-09-16T18:04:00+00:00,KPHX,Phoenix,93.2,2026-09-16T17:45:00+00:00
2026-09-16T18:04:00+00:00,KPHX,Phoenix,93.2,2026-09-16T17:40:00+00:00
2026-09-16T18:04:00+00:00,KDCA,Washington DC,80.59,2026-09-16T17:45:00+00:00
2026-09-16T18:04:00+00:00,KDCA,Washington DC,80.59,2026-09-16T17:40:00+00:00
2026-09-16T18:04:00+00:00,KATL,Atlanta,84.2,2026-09-16T17:45:00+00:00
2026-09-16T18:04:00+00:00,KATL,Atlanta,84.2,2026-09-16T17:40:00+00:00
2026-09-16T18:04:00+00:00,KATL,Atlanta,84.2,2026-09-16T17:35:00+00:00
2026-09-16T18:04:00+00:00,KDFW,Dallas,95.0,2026-09-16T17:45:00+00:00
2026-09-16T18:04:00+00:00,KDFW,Dallas,95.0,2026-09-16T17:40:00+00:00
2026-09-16T18:04:00+00:00,KDFW,Dallas,95.0,2026-09-16T17:35:00+00:00
2026-09-16T18:04:00+00:00,KSEA,Seattle,64.4,2026-09-16T17:40:00+00:00
2026-09-16T18:04:00+00:00,KLAS,Las Vegas,89.6,2026-09-16T17:40:00+00:00
2026-09-16T18:04:00+00:00,KOKC,Oklahoma City,96.8,2026-09-16T17:40:00+00:00
2026-09-16T18:04:00+00:00,KOKC,Oklahoma City,98.6,2026-09-16T17:35:00+00:00
2026-09-16T18:04:00+00:00,KOKC,Oklahoma City,96.8,2026-09-16T17:30:00+00:00
2026-09-16T18:04:00+00:00,KBOS,Boston,77.0,2026-09-16T17:40:00+00:00
2026-09-16T18:04:00+00:00,KMSP,Minneapolis,71.59,2026-09-16T17:45:00+00:00
2026-09-16T18:04:00+00:00,KMSP,Minneapolis,69.8,2026-09-16T17:40:00+00:00
2026-09-16T18:04:00+00:00,KMSP,Minneapolis,71.59,2026-09-16T17:35:00+00:00
2026-09-16T18:04:00+00:00,KSAT,San Antonio,91.4,2026-09-16T17:45:00+00:00
2026-09-16T18:04:00+00:00,KSAT,San Antonio,91.4,2026-09-16T17:40:00+00:00
2026-09-16T18:04:00+00:00,KSAT,San Antonio,89.6,2026-09-16T17:35:00+00:00
2026-09-16T18:04:00+00:00,KMSY,New Orleans,89.6,2026-09-16T17:45:00+00:00
2026-09-16T18:04:00+00:00,KMSY,New Orleans,89.6,2026-09-16T17:40:00+00:00
2026-09-16T18:04:00+00:00,KMSY,New Orleans,89.6,2026-09-16T17:35:00+00:00
2026-09-16T18:04:00+00:00,KHOU,Houston,93.2,2026-09-16T17:45:00+00:00
2026-09-16T18:04:00+00:00,KHOU,Houston,93.2,2026-09-16T17:40:00+00:00
2026-09-16T18:04:00+00:00,KHOU,Houston,93.2,2026-09-16T17:35:00+00:00
2026-09-16T18:07:00+00:00,KMIA,Miami,91.4,2026-09-16T17:50:00+00:00
2026-09-16T18:07:00+00:00,KMIA,Miami,91.4,2026-09-16T17:45:00+00:00
2026-09-16T18:07:00+00:00,KMIA,Miami,91.4,2026-09-16T17:40:00+00:00
2026-09-16T18:07:00+00:00,KMIA,Miami,91.4,2026-09-16T17:35:00+00:00
2026-09-16T18:07:00+00:00,KMIA,Miami,89.6,2026-09-16T17:30:00+00:00
2026-09-16T18:07:00+00:00,KDEN,Denver,78.8,2026-09-16T17:45:00+00:00
2026-09-16T18:07:00+00:00,KDEN,Denver,78.8,2026-09-16T17:40:00+00:00
2026-09-16T18:07:00+00:00,KDEN,Denver,78.8,2026-09-16T17:35:00+00:00
2026-09-16T18:07:00+00:00,KDEN,Denver,77.0,2026-09-16T17:30:00+00:00
2026-09-16T18:07:00+00:00,KLAX,Los Angeles,73.4,2026-09-16T17:45:00+00:00
2026-09-16T18:07:00+00:00,KLAX,Los Angeles,75.2,2026-09-16T17:40:00+00:00
2026-09-16T18:07:00+00:00,KLAX,Los Angeles,73.4,2026-09-16T17:35:00+00:00
2026-09-16T18:07:00+00:00,KLAX,Los Angeles,73.4,2026-09-16T17:30:00+00:00
2026-09-16T18:07:00+00:00,KLAX,Los Angeles,73.4,2026-09-16T17:25:00+00:00
2026-09-16T18:07:00+00:00,KLAX,Los Angeles,73.4,2026-09-16T17:20:00+00:00
2026-09-16T18:07:00+00:00,KPHL,Philadelphia,80.59,2026-09-16T17:50:00+00:00
2026-09-16T18:07:00+00:00,KPHL,Philadelphia,80.59,2026-09-16T17:45:00+00:00
2026-09-16T18:07:00+00:00,KPHL,Philadelphia,80.59,2026-09-16T17:40:00+00:00
2026-09-16T18:07:00+00:00,KPHL,Philadelphia,80.59,2026-09-16T17:35:00+00:00
2026-09-16T18:07:00+00:00,KPHL,Philadelphia,80.59,2026-09-16T17:30:00+00:00
2026-09-16T18:07:00+00:00,KAUS,Austin,93.2,2026-09-16T17:45:00+00:00
2026-09-16T18:07:00+00:00,KAUS,Austin,93.2,2026-09-16T17:40:00+00:00
2026-09-16T18:07:00+00:00,KAUS,Austin,93.2,2026-09-16T17:35:00+00:00
2026-09-16T18:07:00+00:00,KAUS,Austin,93.2,2026-09-16T17:30:00+00:00
2026-09-16T18:07:00+00:00,KAUS,Austin,91.4,2026-09-16T17:25:00+00:00
2026-09-16T18:07:00+00:00,KMDW,Chicago,75.2,2026-09-16T17:50:00+00:00
2026-09-16T18:07:00+00:00,KMDW,Chicago,73.4,2026-09-16T17:45:00+00:00
2026-09-16T18:07:00+00:00,KMDW,Chicago,75.2,2026-09-16T17:40:00+00:00
2026-09-16T18:07:00+00:00,KMDW,Chicago,73.4,2026-09-16T17:35:00+00:00
2026-09-16T18:07:00+00:00,KMDW,Chicago,73.4,2026-09-16T17:30:00+00:00
2026-09-16T18:07:00+00:00,KMDW,Chicago,73.4,2026-09-16T17:25:00+00:00
2026-09-16T18:07:00+00:00,KSFO,San Francisco,62.6,2026-09-16T17:45:00+00:00
2026-09-16T18:07:00+00:00,KSFO,San Francisco,62.6,2026-09-16T17:40:00+00:00
2026-09-16T18:07:00+00:00,KSFO,San Francisco,62.6,2026-09-16T17:35:00+00:00
2026-09-16T18:07:00+00:00,KSFO,San Francisco,62.6,2026-09-16T17:30:00+00:00
2026-09-16T18:07:00+00:00,KPHX,Phoenix,93.2,2026-09-16T17:45:00+00:00
2026-09-16T18:07:00+00:00,KPHX,Phoenix,93.2,2026-09-16T17:40:00+00:00
2026-09-16T18:07:00+00:00,KPHX,Phoenix,93.2,2026-09-16T17:35:00+00:00
2026-09-16T18:07:00+00:00,KPHX,Phoenix,93.2,2026-09-16T17:30:00+00:00
2026-09-16T18:07:00+00:00,KDCA,Washington DC,80.59,2026-09-16T17:45:00+00:00
2026-09-16T18:07:00+00:00,KDCA,Washington DC,80.59,2026-09-16T17:40:00+00:00
2026-09-16T18:07:00+00:00,KDCA,Washington DC,80.59,2026-09-16T17:35:00+00:00
2026-09-16T18:07:00+00:00,KDCA,Washington DC,80.59,2026-09-16T17:30:00+00:00
2026-09-16T18:07:00+00:00,KDCA,Washington DC,80.59,2026-09-16T17:25:00+00:00
2026-09-16T18:07:00+00:00,KDCA,Washington DC,80.59,2026-09-16T17:20:00+00:00
2026-09-16T18:07:00+00:00,KATL,Atlanta,84.2,2026-09-16T17:45:00+00:00
2026-09-16T18:07:00+00:00,KATL,Atlanta,84.2,2026-09-16T17:40:00+00:00
2026-09-16T18:07:00+00:00,KATL,Atlanta,84.2,2026-09-16T17:35:00+00:00
2026-09-16T18:07:00+00:00,KATL,Atlanta,86.0,2026-09-16T17:30:00+00:00
2026-09-16T18:07:00+00:00,KDFW,Dallas,96.8,2026-09-16T17:50:00+00:00
2026-09-16T18:07:00+00:00,KDFW,Dallas,95.0,2026-09-16T17:45:00+00:00
2026-09-16T18:07:00+00:00,KDFW,Dallas,95.0,2026-09-16T17:40:00+00:00
2026-09-16T18:07:00+00:00,KDFW,Dallas,95.0,2026-09-16T17:35:00+00:00
2026-09-16T18:07:00+00:00,KDFW,Dallas,95.0,2026-09-16T17:30:00+00:00
2026-09-16T18:07:00+00:00,KDFW,Dallas,93.2,2026-09-16T17:25:00+00:00
2026-09-16T18:07:00+00:00,KSEA,Seattle,64.4,2026-09-16T17:50:00+00:00
2026-09-16T18:07:00+00:00,KSEA,Seattle,64.4,2026-09-16T17:45:00+00:00
2026-09-16T18:07:00+00:00,KSEA,Seattle,64.4,2026-09-16T17:40:00+00:00
2026-09-16T18:07:00+00:00,KSEA,Seattle,64.4,2026-09-16T17:35:00+00:00
2026-09-16T18:07:00+00:00,KSEA,Seattle,64.4,2026-09-16T17:30:00+00:00
2026-09-16T18:07:00+00:00,KLAS,Las Vegas,89.6,2026-09-16T17:45:00+00:00
2026-09-16T18:07:00+00:00,KLAS,Las Vegas,89.6,2026-09-16T17:40:00+00:00
2026-09-16T18:07:00+00:00,KLAS,Las Vegas,89.6,2026-09-16T17:35:00+00:00
2026-09-16T18:07:00+00:00,KLAS,Las Vegas,89.6,2026-09-16T17:30:00+00:00
2026-09-16T18:07:00+00:00,KLAS,Las Vegas,89.6,2026-09-16T17:25:00+00:00
2026-09-16T18:07:00+00:00,KLAS,Las Vegas,89.6,2026-09-16T17:20:00+00:00
2026-09-16T18:07:00+00:00,KOKC,Oklahoma City,98.6,2026-09-16T17:50:00+00:00
2026-09-16T18:07:00+00:00,KOKC,Oklahoma City,96.8,2026-09-16T17:45:00+00:00
2026-09-16T18:07:00+00:00,KOKC,Oklahoma City,96.8,2026-09-16T17:40:00+00:00
2026-09-16T18:07:00+00:00,KOKC,Oklahoma City,98.6,2026-09-16T17:35:00+00:00
2026-09-16T18:07:00+00:00,KOKC,Oklahoma City,96.8,2026-09-16T17:30:00+00:00
2026-09-16T18:07:00+00:00,KOKC,Oklahoma City,96.8,2026-09-16T17:25:00+00:00
2026-09-16T18:07:00+00:00,KBOS,Boston,78.8,2026-09-16T17:50:00+00:00
2026-09-16T18:07:00+00:00,KBOS,Boston,77.0,2026-09-16T17:45:00+00:00
2026-09-16T18:07:00+00:00,KBOS,Boston,77.0,2026-09-16T17:40:00+00:00
2026-09-16T18:07:00+00:00,KBOS,Boston,75.2,2026-09-16T17:35:00+00:00
2026-09-16T18:07:00+00:00,KBOS,Boston,75.2,2026-09-16T17:30:00+00:00
2026-09-16T18:07:00+00:00,KMSP,Minneapolis,71.59,2026-09-16T17:45:00+00:00
2026-09-16T18:07:00+00:00,KMSP,Minneapolis,69.8,2026-09-16T17:40:00+00:00
2026-09-16T18:07:00+00:00,KMSP,Minneapolis,71.59,2026-09-16T17:35:00+00:00
2026-09-16T18:07:00+00:00,KMSP,Minneapolis,71.59,2026-09-16T17:30:00+00:00
2026-09-16T18:07:00+00:00,KMSP,Minneapolis,71.59,2026-09-16T17:25:00+00:00
2026-09-16T18:07:00+00:00,KMSP,Minneapolis,69.8,2026-09-16T17:20:00+00:00
2026-09-16T18:07:00+00:00,KSAT,San Antonio,91.4,2026-09-16T17:50:00+00:00
2026-09-16T18:07:00+00:00,KSAT,San Antonio,91.4,2026-09-16T17:45:00+00:00
2026-09-16T18:07:00+00:00,KSAT,San Antonio,91.4,2026-09-16T17:40:00+00:00
2026-09-16T18:07:00+00:00,KSAT,San Antonio,89.6,2026-09-16T17:35:00+00:00
2026-09-16T18:07:00+00:00,KSAT,San Antonio,91.4,2026-09-16T17:30:00+00:00
2026-09-16T18:07:00+00:00,KSAT,San Antonio,89.6,2026-09-16T17:25:00+00:00
2026-09-16T18:07:00+00:00,KMSY,New Orleans,89.6,2026-09-16T17:45:00+00:00
2026-09-16T18:07:00+00:00,KMSY,New Orleans,89.6,2026-09-16T17:40:00+00:00
2026-09-16T18:07:00+00:00,KMSY,New Orleans,89.6,2026-09-16T17:35:00+00:00
2026-09-16T18:07:00+00:00,KMSY,New Orleans,89.6,2026-09-16T17:30:00+00:00
2026-09-16T18:07:00+00:00,KMSY,New Orleans,89.6,2026-09-16T17:25:00+00:00
2026-09-16T18:07:00+00:00,KHOU,Houston,93.2,2026-09-16T17:45:00+00:00
2026-09-16T18:07:00+00:00,KHOU,Houston,93.2,2026-09-16T17:40:00+00:00
2026-09-16T18:07:00+00:00,KHOU,Houston,93.2,2026-09-16T17:35:00+00:00
2026-09-16T18:07:00+00:00,KHOU,Houston,91.4,2026-09-16T17:30:00+00:00
2026-09-16T18:07:00+00:00,KHOU,Houston,91.4,2026-09-16T17:25:00+00:00
2026-09-16T18:07:24+00:00,KATL,Atlanta,86.0,2026-09-16T17:50:00+00:00
2026-09-16T18:19:00+00:00,KNYC,New York City,75.02,2026-09-16T17:51:00+00:00
2026-09-16T18:19:00+00:00,KMIA,Miami,89.6,2026-09-16T18:05:00+00:00
2026-09-16T18:19:00+00:00,KMIA,Miami,89.6,2026-09-16T18:00:00+00:00
2026-09-16T18:19:00+00:00,KMIA,Miami,91.4,2026-09-16T17:55:00+00:00
2026-09-16T18:19:00+00:00,KMIA,Miami,91.04,2026-09-16T17:53:00+00:00
2026-09-16T18:19:00+00:00,KMIA,Miami,91.4,2026-09-16T17:50:00+00:00
2026-09-16T18:19:00+00:00,KMIA,Miami,91.4,2026-09-16T17:45:00+00:00
2026-09-16T18:19:00+00:00,KDEN,Denver,78.8,2026-09-16T18:05:00+00:00
2026-09-16T18:19:00+00:00,KDEN,Denver,78.8,2026-09-16T18:00:00+00:00
2026-09-16T18:19:00+00:00,KDEN,Denver,78.8,2026-09-16T17:55:00+00:00
2026-09-16T18:19:00+00:00,KDEN,Denver,78.8,2026-09-16T17:53:00+00:00
2026-09-16T18:19:00+00:00,KDEN,Denver,78.8,2026-09-16T17:50:00+00:00
2026-09-16T18:19:00+00:00,KLAX,Los Angeles,75.2,2026-09-16T18:05:00+00:00
2026-09-16T18:19:00+00:00,KLAX,Los Angeles,75.2,2026-09-16T18:00:00+00:00
2026-09-16T18:19:00+00:00,KLAX,Los Angeles,75.2,2026-09-16T17:55:00+00:00
2026-09-16T18:19:00+00:00,KLAX,Los Angeles,75.02,2026-09-16T17:53:00+00:00
2026-09-16T18:19:00+00:00,KLAX,Los Angeles,73.4,2026-09-16T17:50:00+00:00
2026-09-16T18:19:00+00:00,KPHL,Philadelphia,80.59,2026-09-16T18:00:00+00:00
2026-09-16T18:19:00+00:00,KPHL,Philadelphia,80.59,2026-09-16T17:55:00+00:00
2026-09-16T18:19:00+00:00,KPHL,Philadelphia,80.95,2026-09-16T17:54:00+00:00
2026-09-16T18:19:00+00:00,KPHL,Philadelphia,80.59,2026-09-16T17:50:00+00:00
2026-09-16T18:19:00+00:00,KPHL,Philadelphia,80.59,2026-09-16T17:45:00+00:00
2026-09-16T18:19:00+00:00,KAUS,Austin,95.0,2026-09-16T18:05:00+00:00
2026-09-16T18:19:00+00:00,KAUS,Austin,93.2,2026-09-16T18:00:00+00:00
2026-09-16T18:19:00+00:00,KAUS,Austin,93.2,2026-09-16T17:55:00+00:00
2026-09-16T18:19:00+00:00,KAUS,Austin,93.02,2026-09-16T17:53:00+00:00
2026-09-16T18:19:00+00:00,KAUS,Austin,93.2,2026-09-16T17:50:00+00:00
2026-09-16T18:19:00+00:00,KMDW,Chicago,73.4,2026-09-16T18:00:00+00:00
2026-09-16T18:19:00+00:00,KMDW,Chicago,75.2,2026-09-16T17:55:00+00:00
2026-09-16T18:19:00+00:00,KMDW,Chicago,75.02,2026-09-16T17:53:00+00:00
2026-09-16T18:19:00+00:00,KMDW,Chicago,75.2,2026-09-16T17:50:00+00:00
2026-09-16T18:19:00+00:00,KMDW,Chicago,73.4,2026-09-16T17:45:00+00:00
2026-09-16T18:19:00+00:00,KSFO,San Francisco,62.6,2026-09-16T18:00:00+00:00
2026-09-16T18:19:00+00:00,KSFO,San Francisco,62.95,2026-09-16T17:56:00+00:00
2026-09-16T18:19:00+00:00,KSFO,San Francisco,62.6,2026-09-16T17:55:00+00:00
2026-09-16T18:19:00+00:00,KSFO,San Francisco,62.6,2026-09-16T17:50:00+00:00
2026-09-16T18:19:00+00:00,KPHX,Phoenix,93.2,2026-09-16T18:05:00+00:00
2026-09-16T18:19:00+00:00,KPHX,Phoenix,93.2,2026-09-16T18:00:00+00:00
2026-09-16T18:19:00+00:00,KPHX,Phoenix,93.2,2026-09-16T17:55:00+00:00
2026-09-16T18:19:00+00:00,KPHX,Phoenix,93.02,2026-09-16T17:51:00+00:00
2026-09-16T18:19:00+00:00,KPHX,Phoenix,93.2,2026-09-16T17:50:00+00:00
2026-09-16T18:19:00+00:00,KDCA,Washington DC,80.59,2026-09-16T18:00:00+00:00
2026-09-16T18:19:00+00:00,KDCA,Washington DC,80.59,2026-09-16T17:55:00+00:00
2026-09-16T18:19:00+00:00,KDCA,Washington DC,80.95,2026-09-16T17:52:00+00:00
2026-09-16T18:19:00+00:00,KDCA,Washington DC,80.59,2026-09-16T17:50:00+00:00
2026-09-16T18:19:00+00:00,KATL,Atlanta,86.0,2026-09-16T18:05:00+00:00
2026-09-16T18:19:00+00:00,KATL,Atlanta,86.0,2026-09-16T18:00:00+00:00
2026-09-16T18:19:00+00:00,KATL,Atlanta,86.0,2026-09-16T17:55:00+00:00
2026-09-16T18:19:00+00:00,KATL,Atlanta,86.0,2026-09-16T17:52:00+00:00
2026-09-16T18:19:00+00:00,KATL,Atlanta,86.0,2026-09-16T17:50:00+00:00
2026-09-16T18:19:00+00:00,KDFW,Dallas,95.0,2026-09-16T18:05:00+00:00
2026-09-16T18:19:00+00:00,KDFW,Dallas,95.0,2026-09-16T18:00:00+00:00
2026-09-16T18:19:00+00:00,KDFW,Dallas,93.2,2026-09-16T17:55:00+00:00
2026-09-16T18:19:00+00:00,KDFW,Dallas,96.08,2026-09-16T17:53:00+00:00
2026-09-16T18:19:00+00:00,KDFW,Dallas,96.8,2026-09-16T17:50:00+00:00
2026-09-16T18:19:00+00:00,KSEA,Seattle,66.2,2026-09-16T18:00:00+00:00
2026-09-16T18:19:00+00:00,KSEA,Seattle,64.4,2026-09-16T17:55:00+00:00
2026-09-16T18:19:00+00:00,KSEA,Seattle,64.94,2026-09-16T17:53:00+00:00
2026-09-16T18:19:00+00:00,KSEA,Seattle,64.4,2026-09-16T17:50:00+00:00
2026-09-16T18:19:00+00:00,KSEA,Seattle,64.4,2026-09-16T17:45:00+00:00
2026-09-16T18:19:00+00:00,KLAS,Las Vegas,89.6,2026-09-16T18:00:00+00:00
2026-09-16T18:19:00+00:00,KLAS,Las Vegas,89.96,2026-09-16T17:56:00+00:00
2026-09-16T18:19:00+00:00,KLAS,Las Vegas,89.6,2026-09-16T17:55:00+00:00
2026-09-16T18:19:00+00:00,KLAS,Las Vegas,89.6,2026-09-16T17:50:00+00:00
2026-09-16T18:19:00+00:00,KLAS,Las Vegas,89.6,2026-09-16T17:45:00+00:00
2026-09-16T18:19:00+00:00,KOKC,Oklahoma City,98.6,2026-09-16T18:05:00+00:00
2026-09-16T18:19:00+00:00,KOKC,Oklahoma City,98.6,2026-09-16T18:00:00+00:00
2026-09-16T18:19:00+00:00,KOKC,Oklahoma City,98.6,2026-09-16T17:55:00+00:00
2026-09-16T18:19:00+00:00,KOKC,Oklahoma City,98.96,2026-09-16T17:52:00+00:00
2026-09-16T18:19:00+00:00,KOKC,Oklahoma City,98.6,2026-09-16T17:50:00+00:00
2026-09-16T18:19:00+00:00,KOKC,Oklahoma City,96.8,2026-09-16T17:45:00+00:00
2026-09-16T18:19:00+00:00,KBOS,Boston,78.8,2026-09-16T18:00:00+00:00
2026-09-16T18:19:00+00:00,KBOS,Boston,78.8,2026-09-16T17:50:00+00:00
2026-09-16T18:19:00+00:00,KBOS,Boston,77.0,2026-09-16T17:45:00+00:00
2026-09-16T18:19:00+00:00,KMSP,Minneapolis,71.59,2026-09-16T18:10:00+00:00
2026-09-16T18:19:00+00:00,KMSP,Minneapolis,71.59,2026-09-16T18:05:00+00:00
2026-09-16T18:19:00+00:00,KMSP,Minneapolis,71.59,2026-09-16T18:00:00+00:00
2026-09-16T18:19:00+00:00,KMSP,Minneapolis,71.59,2026-09-16T17:55:00+00:00
2026-09-16T18:19:00+00:00,KMSP,Minneapolis,71.95,2026-09-16T17:53:00+00:00
2026-09-16T18:19:00+00:00,KMSP,Minneapolis,71.59,2026-09-16T17:50:00+00:00
2026-09-16T18:19:00+00:00,KSAT,San Antonio,93.2,2026-09-16T18:10:00+00:00
2026-09-16T18:19:00+00:00,KSAT,San Antonio,93.2,2026-09-16T18:05:00+00:00
2026-09-16T18:19:00+00:00,KSAT,San Antonio,93.2,2026-09-16T18:00:00+00:00
2026-09-16T18:19:00+00:00,KSAT,San Antonio,91.4,2026-09-16T17:55:00+00:00
2026-09-16T18:19:00+00:00,KSAT,San Antonio,91.94,2026-09-16T17:51:00+00:00
2026-09-16T18:19:00+00:00,KSAT,San Antonio,91.4,2026-09-16T17:50:00+00:00
2026-09-16T18:19:00+00:00,KMSY,New Orleans,87.8,2026-09-16T18:10:00+00:00
2026-09-16T18:19:00+00:00,KMSY,New Orleans,87.8,2026-09-16T18:05:00+00:00
2026-09-16T18:19:00+00:00,KMSY,New Orleans,87.8,2026-09-16T18:00:00+00:00
2026-09-16T18:19:00+00:00,KMSY,New Orleans,87.8,2026-09-16T17:55:00+00:00
2026-09-16T18:19:00+00:00,KMSY,New Orleans,87.98,2026-09-16T17:53:00+00:00
2026-09-16T18:19:00+00:00,KMSY,New Orleans,89.6,2026-09-16T17:50:00+00:00
2026-09-16T18:19:00+00:00,KHOU,Houston,91.4,2026-09-16T18:10:00+00:00
2026-09-16T18:19:00+00:00,KHOU,Houston,93.2,2026-09-16T18:05:00+00:00
2026-09-16T18:19:00+00:00,KHOU,Houston,91.4,2026-09-16T18:00:00+00:00
2026-09-16T18:19:00+00:00,KHOU,Houston,91.4,2026-09-16T17:55:00+00:00
2026-09-16T18:19:00+00:00,KHOU,Houston,91.94,2026-09-16T17:53:00+00:00
2026-09-16T18:19:00+00:00,KHOU,Houston,93.2,2026-09-16T17:50:00+00:00
2026-09-16T18:34:00+00:00,KMIA,Miami,91.4,2026-09-16T18:15:00+00:00
2026-09-16T18:34:00+00:00,KMIA,Miami,89.6,2026-09-16T18:10:00+00:00
2026-09-16T18:34:00+00:00,KDEN,Denver,78.8,2026-09-16T18:15:00+00:00
2026-09-16T18:34:00+00:00,KDEN,Denver,78.8,2026-09-16T18:10:00+00:00
2026-09-16T18:34:00+00:00,KLAX,Los Angeles,75.2,2026-09-16T18:20:00+00:00
2026-09-16T18:34:00+00:00,KLAX,Los Angeles,75.2,2026-09-16T18:15:00+00:00
2026-09-16T18:34:00+00:00,KLAX,Los Angeles,75.2,2026-09-16T18:10:00+00:00
2026-09-16T18:34:00+00:00,KPHL,Philadelphia,82.4,2026-09-16T18:20:00+00:00
2026-09-16T18:34:00+00:00,KPHL,Philadelphia,80.59,2026-09-16T18:15:00+00:00
2026-09-16T18:34:00+00:00,KPHL,Philadelphia,80.59,2026-09-16T18:10:00+00:00
2026-09-16T18:34:00+00:00,KPHL,Philadelphia,80.59,2026-09-16T18:05:00+00:00
2026-09-16T18:34:00+00:00,KAUS,Austin,93.2,2026-09-16T18:15:00+00:00
2026-09-16T18:34:00+00:00,KAUS,Austin,93.2,2026-09-16T18:10:00+00:00
2026-09-16T18:34:00+00:00,KMDW,Chicago,73.4,2026-09-16T18:20:00+00:00
2026-09-16T18:34:00+00:00,KMDW,Chicago,73.4,2026-09-16T18:15:00+00:00
2026-09-16T18:34:00+00:00,KMDW,Chicago,73.4,2026-09-16T18:10:00+00:00
2026-09-16T18:34:00+00:00,KMDW,Chicago,73.4,2026-09-16T18:05:00+00:00
2026-09-16T18:34:00+00:00,KSFO,San Francisco,62.6,2026-09-16T18:15:00+00:00
2026-09-16T18:34:00+00:00,KSFO,San Francisco,62.6,2026-09-16T18:10:00+00:00
2026-09-16T18:34:00+00:00,KSFO,San Francisco,62.6,2026-09-16T18:05:00+00:00
2026-09-16T18:34:00+00:00,KPHX,Phoenix,95.0,2026-09-16T18:15:00+00:00
2026-09-16T18:34:00+00:00,KPHX,Phoenix,93.2,2026-09-16T18:10:00+00:00
2026-09-16T18:34:00+00:00,KDCA,Washington DC,82.4,2026-09-16T18:20:00+00:00
2026-09-16T18:34:00+00:00,KDCA,Washington DC,80.59,2026-09-16T18:15:00+00:00
2026-09-16T18:34:00+00:00,KDCA,Washington DC,80.59,2026-09-16T18:10:00+00:00
2026-09-16T18:34:00+00:00,KDCA,Washington DC,80.59,2026-09-16T18:05:00+00:00
2026-09-16T18:34:00+00:00,KATL,Atlanta,86.0,2026-09-16T18:20:00+00:00
2026-09-16T18:34:00+00:00,KATL,Atlanta,86.0,2026-09-16T18:15:00+00:00
2026-09-16T18:34:00+00:00,KATL,Atlanta,86.0,2026-09-16T18:10:00+00:00
2026-09-16T18:34:00+00:00,KDFW,Dallas,96.8,2026-09-16T18:15:00+00:00
2026-09-16T18:34:00+00:00,KDFW,Dallas,95.0,2026-09-16T18:10:00+00:00
2026-09-16T18:34:00+00:00,KSEA,Seattle,66.2,2026-09-16T18:15:00+00:00
2026-09-16T18:34:00+00:00,KSEA,Seattle,66.2,2026-09-16T18:10:00+00:00
2026-09-16T18:34:00+00:00,KSEA,Seattle,66.2,2026-09-16T18:05:00+00:00
2026-09-16T18:34:00+00:00,KLAS,Las Vegas,91.4,2026-09-16T18:15:00+00:00
2026-09-16T18:34:00+00:00,KLAS,Las Vegas,91.4,2026-09-16T18:10:00+00:00
2026-09-16T18:34:00+00:00,KLAS,Las Vegas,89.6,2026-09-16T18:05:00+00:00
2026-09-16T18:34:00+00:00,KOKC,Oklahoma City,98.6,2026-09-16T18:15:00+00:00
2026-09-16T18:34:00+00:00,KOKC,Oklahoma City,98.6,2026-09-16T18:10:00+00:00
2026-09-16T18:34:00+00:00,KBOS,Boston,77.0,2026-09-16T18:20:00+00:00
2026-09-16T18:34:00+00:00,KBOS,Boston,77.0,2026-09-16T18:15:00+00:00
2026-09-16T18:34:00+00:00,KBOS,Boston,77.0,2026-09-16T18:10:00+00:00
2026-09-16T18:34:00+00:00,KBOS,Boston,78.8,2026-09-16T18:05:00+00:00
2026-09-16T18:34:00+00:00,KMSP,Minneapolis,71.59,2026-09-16T18:20:00+00:00
2026-09-16T18:34:00+00:00,KMSP,Minneapolis,71.59,2026-09-16T18:15:00+00:00
2026-09-16T18:34:00+00:00,KSAT,San Antonio,93.2,2026-09-16T18:20:00+00:00
2026-09-16T18:34:00+00:00,KSAT,San Antonio,93.2,2026-09-16T18:15:00+00:00
2026-09-16T18:34:00+00:00,KMSY,New Orleans,87.8,2026-09-16T18:20:00+00:00
2026-09-16T18:34:00+00:00,KMSY,New Orleans,87.8,2026-09-16T18:15:00+00:00
2026-09-16T18:34:00+00:00,KHOU,Houston,93.2,2026-09-16T18:15:00+00:00
2026-09-16T18:37:00+00:00,KNYC,New York City,75.02,2026-09-16T17:51:00+00:00
2026-09-16T18:37:00+00:00,KMIA,Miami,91.4,2026-09-16T18:20:00+00:00
2026-09-16T18:37:00+00:00,KMIA,Miami,91.4,2026-09-16T18:15:00+00:00
2026-09-16T18:37:00+00:00,KMIA,Miami,89.6,2026-09-16T18:10:00+00:00
2026-09-16T18:37:00+00:00,KMIA,Miami,89.6,2026-09-16T18:05:00+00:00
2026-09-16T18:37:00+00:00,KMIA,Miami,89.6,2026-09-16T18:00:00+00:00
2026-09-16T18:37:00+00:00,KMIA,Miami,91.4,2026-09-16T17:55:00+00:00
2026-09-16T18:37:00+00:00,KMIA,Miami,91.04,2026-09-16T17:53:00+00:00
2026-09-16T18:37:00+00:00,KDEN,Denver,78.8,2026-09-16T18:20:00+00:00
2026-09-16T18:37:00+00:00,KDEN,Denver,78.8,2026-09-16T18:15:00+00:00
2026-09-16T18:37:00+00:00,KDEN,Denver,78.8,2026-09-16T18:10:00+00:00
2026-09-16T18:37:00+00:00,KDEN,Denver,78.8,2026-09-16T18:05:00+00:00
2026-09-16T18:37:00+00:00,KDEN,Denver,78.8,2026-09-16T18:00:00+00:00
2026-09-16T18:37:00+00:00,KDEN,Denver,78.8,2026-09-16T17:55:00+00:00
2026-09-16T18:37:00+00:00,KDEN,Denver,78.8,2026-09-16T17:53:00+00:00
2026-09-16T18:37:00+00:00,KDEN,Denver,78.8,2026-09-16T17:50:00+00:00
2026-09-16T18:37:00+00:00,KLAX,Los Angeles,75.2,2026-09-16T18:20:00+00:00
2026-09-16T18:37:00+00:00,KLAX,Los Angeles,75.2,2026-09-16T18:15:00+00:00
2026-09-16T18:37:00+00:00,KLAX,Los Angeles,75.2,2026-09-16T18:10:00+00:00
2026-09-16T18:37:00+00:00,KLAX,Los Angeles,75.2,2026-09-16T18:05:00+00:00
2026-09-16T18:37:00+00:00,KLAX,Los Angeles,75.2,2026-09-16T18:00:00+00:00
2026-09-16T18:37:00+00:00,KLAX,Los Angeles,75.2,2026-09-16T17:55:00+00:00
2026-09-16T18:37:00+00:00,KLAX,Los Angeles,75.02,2026-09-16T17:53:00+00:00
2026-09-16T18:37:00+00:00,KLAX,Los Angeles,73.4,2026-09-16T17:50:00+00:00
2026-09-16T18:37:00+00:00,KPHL,Philadelphia,82.4,2026-09-16T18:20:00+00:00
2026-09-16T18:37:00+00:00,KPHL,Philadelphia,80.59,2026-09-16T18:15:00+00:00
2026-09-16T18:37:00+00:00,KPHL,Philadelphia,80.59,2026-09-16T18:10:00+00:00
2026-09-16T18:37:00+00:00,KPHL,Philadelphia,80.59,2026-09-16T18:05:00+00:00
2026-09-16T18:37:00+00:00,KPHL,Philadelphia,80.59,2026-09-16T18:00:00+00:00
2026-09-16T18:37:00+00:00,KPHL,Philadelphia,80.59,2026-09-16T17:55:00+00:00
2026-09-16T18:37:00+00:00,KPHL,Philadelphia,80.95,2026-09-16T17:54:00+00:00
2026-09-16T18:37:00+00:00,KAUS,Austin,95.0,2026-09-16T18:20:00+00:00
2026-09-16T18:37:00+00:00,KAUS,Austin,93.2,2026-09-16T18:15:00+00:00
2026-09-16T18:37:00+00:00,KAUS,Austin,93.2,2026-09-16T18:10:00+00:00
2026-09-16T18:37:00+00:00,KAUS,Austin,95.0,2026-09-16T18:05:00+00:00
2026-09-16T18:37:00+00:00,KAUS,Austin,93.2,2026-09-16T18:00:00+00:00
2026-09-16T18:37:00+00:00,KAUS,Austin,93.2,2026-09-16T17:55:00+00:00
2026-09-16T18:37:00+00:00,KAUS,Austin,93.02,2026-09-16T17:53:00+00:00
2026-09-16T18:37:00+00:00,KAUS,Austin,93.2,2026-09-16T17:50:00+00:00
2026-09-16T18:37:00+00:00,KMDW,Chicago,73.4,2026-09-16T18:20:00+00:00
2026-09-16T18:37:00+00:00,KMDW,Chicago,73.4,2026-09-16T18:15:00+00:00
2026-09-16T18:37:00+00:00,KMDW,Chicago,73.4,2026-09-16T18:10:00+00:00
2026-09-16T18:37:00+00:00,KMDW,Chicago,73.4,2026-09-16T18:05:00+00:00
2026-09-16T18:37:00+00:00,KMDW,Chicago,73.4,2026-09-16T18:00:00+00:00
2026-09-16T18:37:00+00:00,KMDW,Chicago,75.2,2026-09-16T17:55:00+00:00
2026-09-16T18:37:00+00:00,KMDW,Chicago,75.02,2026-09-16T17:53:00+00:00
2026-09-16T18:37:00+00:00,KSFO,San Francisco,62.6,2026-09-16T18:20:00+00:00
2026-09-16T18:37:00+00:00,KSFO,San Francisco,62.6,2026-09-16T18:15:00+00:00
2026-09-16T18:37:00+00:00,KSFO,San Francisco,62.6,2026-09-16T18:10:00+00:00
2026-09-16T18:37:00+00:00,KSFO,San Francisco,62.6,2026-09-16T18:05:00+00:00
2026-09-16T18:37:00+00:00,KSFO,San Francisco,62.6,2026-09-16T18:00:00+00:00
2026-09-16T18:37:00+00:00,KSFO,San Francisco,62.95,2026-09-16T17:56:00+00:00
2026-09-16T18:37:00+00:00,KSFO,San Francisco,62.6,2026-09-16T17:55:00+00:00
2026-09-16T18:37:00+00:00,KSFO,San Francisco,62.6,2026-09-16T17:50:00+00:00
2026-09-16T18:37:00+00:00,KPHX,Phoenix,93.2,2026-09-16T18:20:00+00:00
2026-09-16T18:37:00+00:00,KPHX,Phoenix,95.0,2026-09-16T18:15:00+00:00
2026-09-16T18:37:00+00:00,KPHX,Phoenix,93.2,2026-09-16T18:10:00+00:00
2026-09-16T18:37:00+00:00,KPHX,Phoenix,93.2,2026-09-16T18:05:00+00:00
2026-09-16T18:37:00+00:00,KPHX,Phoenix,93.2,2026-09-16T18:00:00+00:00
2026-09-16T18:37:00+00:00,KPHX,Phoenix,93.2,2026-09-16T17:55:00+00:00
2026-09-16T18:37:00+00:00,KPHX,Phoenix,93.02,2026-09-16T17:51:00+00:00
2026-09-16T18:37:00+00:00,KPHX,Phoenix,93.2,2026-09-16T17:50:00+00:00
2026-09-16T18:37:00+00:00,KDCA,Washington DC,82.4,2026-09-16T18:20:00+00:00
2026-09-16T18:37:00+00:00,KDCA,Washington DC,80.59,2026-09-16T18:15:00+00:00
2026-09-16T18:37:00+00:00,KDCA,Washington DC,80.59,2026-09-16T18:10:00+00:00
2026-09-16T18:37:00+00:00,KDCA,Washington DC,80.59,2026-09-16T18:05:00+00:00
2026-09-16T18:37:00+00:00,KDCA,Washington DC,80.59,2026-09-16T18:00:00+00:00
2026-09-16T18:37:00+00:00,KDCA,Washington DC,80.59,2026-09-16T17:55:00+00:00
2026-09-16T18:37:00+00:00,KDCA,Washington DC,80.95,2026-09-16T17:52:00+00:00
2026-09-16T18:37:00+00:00,KDCA,Washington DC,80.59,2026-09-16T17:50:00+00:00
2026-09-16T18:37:00+00:00,KATL,Atlanta,84.2,2026-09-16T18:25:00+00:00
2026-09-16T18:37:00+00:00,KATL,Atlanta,86.0,2026-09-16T18:20:00+00:00
2026-09-16T18:37:00+00:00,KATL,Atlanta,86.0,2026-09-16T18:15:00+00:00
2026-09-16T18:37:00+00:00,KATL,Atlanta,86.0,2026-09-16T18:10:00+00:00
2026-09-16T18:37:00+00:00,KATL,Atlanta,86.0,2026-09-16T18:05:00+00:00
2026-09-16T18:37:00+00:00,KATL,Atlanta,86.0,2026-09-16T18:00:00+00:00
2026-09-16T18:37:00+00:00,KATL,Atlanta,86.0,2026-09-16T17:55:00+00:00
2026-09-16T18:37:00+00:00,KATL,Atlanta,86.0,2026-09-16T17:52:00+00:00
2026-09-16T18:37:00+00:00,KDFW,Dallas,96.8,2026-09-16T18:20:00+00:00
2026-09-16T18:37:00+00:00,KDFW,Dallas,96.8,2026-09-16T18:15:00+00:00
2026-09-16T18:37:00+00:00,KDFW,Dallas,95.0,2026-09-16T18:10:00+00:00
2026-09-16T18:37:00+00:00,KDFW,Dallas,95.0,2026-09-16T18:05:00+00:00
2026-09-16T18:37:00+00:00,KDFW,Dallas,95.0,2026-09-16T18:00:00+00:00
2026-09-16T18:37:00+00:00,KDFW,Dallas,93.2,2026-09-16T17:55:00+00:00
2026-09-16T18:37:00+00:00,KDFW,Dallas,96.08,2026-09-16T17:53:00+00:00
2026-09-16T18:37:00+00:00,KSEA,Seattle,66.2,2026-09-16T18:20:00+00:00
2026-09-16T18:37:00+00:00,KSEA,Seattle,66.2,2026-09-16T18:15:00+00:00
2026-09-16T18:37:00+00:00,KSEA,Seattle,66.2,2026-09-16T18:10:00+00:00
2026-09-16T18:37:00+00:00,KSEA,Seattle,66.2,2026-09-16T18:05:00+00:00
2026-09-16T18:37:00+00:00,KSEA,Seattle,66.2,2026-09-16T18:00:00+00:00
2026-09-16T18:37:00+00:00,KSEA,Seattle,64.4,2026-09-16T17:55:00+00:00
2026-09-16T18:37:00+00:00,KSEA,Seattle,64.94,2026-09-16T17:53:00+00:00
2026-09-16T18:37:00+00:00,KLAS,Las Vegas,91.4,2026-09-16T18:20:00+00:00
2026-09-16T18:37:00+00:00,KLAS,Las Vegas,91.4,2026-09-16T18:15:00+00:00
2026-09-16T18:37:00+00:00,KLAS,Las Vegas,91.4,2026-09-16T18:10:00+00:00
2026-09-16T18:37:00+00:00,KLAS,Las Vegas,89.6,2026-09-16T18:05:00+00:00
2026-09-16T18:37:00+00:00,KLAS,Las Vegas,89.6,2026-09-16T18:00:00+00:00
2026-09-16T18:37:00+00:00,KLAS,Las Vegas,89.96,2026-09-16T17:56:00+00:00
2026-09-16T18:37:00+00:00,KLAS,Las Vegas,89.6,2026-09-16T17:55:00+00:00
2026-09-16T18:37:00+00:00,KLAS,Las Vegas,89.6,2026-09-16T17:50:00+00:00
2026-09-16T18:37:00+00:00,KOKC,Oklahoma City,98.6,2026-09-16T18:20:00+00:00
2026-09-16T18:37:00+00:00,KOKC,Oklahoma City,98.6,2026-09-16T18:15:00+00:00
2026-09-16T18:37:00+00:00,KOKC,Oklahoma City,98.6,2026-09-16T18:10:00+00:00
2026-09-16T18:37:00+00:00,KOKC,Oklahoma City,98.6,2026-09-16T18:05:00+00:00
2026-09-16T18:37:00+00:00,KOKC,Oklahoma City,98.6,2026-09-16T18:00:00+00:00
2026-09-16T18:37:00+00:00,KOKC,Oklahoma City,98.6,2026-09-16T17:55:00+00:00
2026-09-16T18:37:00+00:00,KOKC,Oklahoma City,98.96,2026-09-16T17:52:00+00:00
2026-09-16T18:37:00+00:00,KBOS,Boston,77.0,2026-09-16T18:20:00+00:00
2026-09-16T18:37:00+00:00,KBOS,Boston,77.0,2026-09-16T18:15:00+00:00
2026-09-16T18:37:00+00:00,KBOS,Boston,77.0,2026-09-16T18:10:00+00:00
2026-09-16T18:37:00+00:00,KBOS,Boston,78.8,2026-09-16T18:05:00+00:00
2026-09-16T18:37:00+00:00,KBOS,Boston,78.8,2026-09-16T18:00:00+00:00
2026-09-16T18:37:00+00:00,KMSP,Minneapolis,71.59,2026-09-16T18:20:00+00:00
2026-09-16T18:37:00+00:00,KMSP,Minneapolis,71.59,2026-09-16T18:15:00+00:00
2026-09-16T18:37:00+00:00,KMSP,Minneapolis,71.59,2026-09-16T18:10:00+00:00
2026-09-16T18:37:00+00:00,KMSP,Minneapolis,71.59,2026-09-16T18:05:00+00:00
2026-09-16T18:37:00+00:00,KMSP,Minneapolis,71.59,2026-09-16T18:00:00+00:00
2026-09-16T18:37:00+00:00,KMSP,Minneapolis,71.59,2026-09-16T17:55:00+00:00
2026-09-16T18:37:00+00:00,KMSP,Minneapolis,71.95,2026-09-16T17:53:00+00:00
2026-09-16T18:37:00+00:00,KMSP,Minneapolis,71.59,2026-09-16T17:50:00+00:00
2026-09-16T18:37:00+00:00,KSAT,San Antonio,93.2,2026-09-16T18:20:00+00:00
2026-09-16T18:37:00+00:00,KSAT,San Antonio,93.2,2026-09-16T18:15:00+00:00
2026-09-16T18:37:00+00:00,KSAT,San Antonio,93.2,2026-09-16T18:10:00+00:00
2026-09-16T18:37:00+00:00,KSAT,San Antonio,93.2,2026-09-16T18:05:00+00:00
2026-09-16T18:37:00+00:00,KSAT,San Antonio,93.2,2026-09-16T18:00:00+00:00
2026-09-16T18:37:00+00:00,KSAT,San Antonio,91.4,2026-09-16T17:55:00+00:00
2026-09-16T18:37:00+00:00,KSAT,San Antonio,91.94,2026-09-16T17:51:00+00:00
2026-09-16T18:37:00+00:00,KMSY,New Orleans,87.8,2026-09-16T18:20:00+00:00
2026-09-16T18:37:00+00:00,KMSY,New Orleans,87.8,2026-09-16T18:15:00+00:00
2026-09-16T18:37:00+00:00,KMSY,New Orleans,87.8,2026-09-16T18:10:00+00:00
2026-09-16T18:37:00+00:00,KMSY,New Orleans,87.8,2026-09-16T18:05:00+00:00
2026-09-16T18:37:00+00:00,KMSY,New Orleans,87.8,2026-09-16T18:00:00+00:00
2026-09-16T18:37:00+00:00,KMSY,New Orleans,87.8,2026-09-16T17:55:00+00:00
2026-09-16T18:37:00+00:00,KMSY,New Orleans,87.98,2026-09-16T17:53:00+00:00
2026-09-16T18:37:00+00:00,KMSY,New Orleans,89.6,2026-09-16T17:50:00+00:00
2026-09-16T18:37:00+00:00,KHOU,Houston,93.2,2026-09-16T18:20:00+00:00
2026-09-16T18:37:00+00:00,KHOU,Houston,93.2,2026-09-16T18:15:00+00:00
2026-09-16T18:37:00+00:00,KHOU,Houston,91.4,2026-09-16T18:10:00+00:00
2026-09-16T18:37:00+00:00,KHOU,Houston,93.2,2026-09-16T18:05:00+00:00
2026-09-16T18:37:00+00:00,KHOU,Houston,91.4,2026-09-16T18:00:00+00:00
2026-09-16T18:37:00+00:00,KHOU,Houston,91.4,2026-09-16T17:55:00+00:00
2026-09-16T18:37:00+00:00,KHOU,Houston,91.94,2026-09-16T17:53:00+00:00
2026-09-16T18:37:00+00:00,KHOU,Houston,93.2,2026-09-16T17:50:00+00:00
2026-09-16T18:49:00+00:00,KMIA,Miami,91.4,2026-09-16T18:35:00+00:00
2026-09-16T18:49:00+00:00,KMIA,Miami,91.4,2026-09-16T18:30:00+00:00
2026-09-16T18:49:00+00:00,KMIA,Miami,89.6,2026-09-16T18:25:00+00:00
2026-09-16T18:49:00+00:00,KMIA,Miami,91.4,2026-09-16T18:20:00+00:00
2026-09-16T18:49:00+00:00,KDEN,Denver,80.59,2026-09-16T18:30:00+00:00
2026-09-16T18:49:00+00:00,KDEN,Denver,80.59,2026-09-16T18:25:00+00:00
2026-09-16T18:49:00+00:00,KDEN,Denver,78.8,2026-09-16T18:20:00+00:00
2026-09-16T18:49:00+00:00,KLAX,Los Angeles,75.2,2026-09-16T18:30:00+00:00
2026-09-16T18:49:00+00:00,KLAX,Los Angeles,75.2,2026-09-16T18:25:00+00:00
2026-09-16T18:49:00+00:00,KPHL,Philadelphia,80.59,2026-09-16T18:25:00+00:00
2026-09-16T18:49:00+00:00,KAUS,Austin,95.0,2026-09-16T18:30:00+00:00
2026-09-16T18:49:00+00:00,KAUS,Austin,95.0,2026-09-16T18:25:00+00:00
2026-09-16T18:49:00+00:00,KAUS,Austin,95.0,2026-09-16T18:20:00+00:00
2026-09-16T18:49:00+00:00,KMDW,Chicago,73.4,2026-09-16T18:30:00+00:00
2026-09-16T18:49:00+00:00,KMDW,Chicago,73.4,2026-09-16T18:25:00+00:00
2026-09-16T18:49:00+00:00,KSFO,San Francisco,62.6,2026-09-16T18:30:00+00:00
2026-09-16T18:49:00+00:00,KSFO,San Francisco,62.6,2026-09-16T18:25:00+00:00
2026-09-16T18:49:00+00:00,KSFO,San Francisco,62.6,2026-09-16T18:20:00+00:00
2026-09-16T18:49:00+00:00,KPHX,Phoenix,93.2,2026-09-16T18:35:00+00:00
2026-09-16T18:49:00+00:00,KPHX,Phoenix,93.2,2026-09-16T18:30:00+00:00
2026-09-16T18:49:00+00:00,KPHX,Phoenix,93.2,2026-09-16T18:25:00+00:00
2026-09-16T18:49:00+00:00,KPHX,Phoenix,93.2,2026-09-16T18:20:00+00:00
2026-09-16T18:49:00+00:00,KDCA,Washington DC,82.4,2026-09-16T18:25:00+00:00
2026-09-16T18:49:00+00:00,KATL,Atlanta,86.0,2026-09-16T18:30:00+00:00
2026-09-16T18:49:00+00:00,KATL,Atlanta,84.2,2026-09-16T18:25:00+00:00
2026-09-16T18:49:00+00:00,KDFW,Dallas,96.8,2026-09-16T18:35:00+00:00
2026-09-16T18:49:00+00:00,KDFW,Dallas,96.8,2026-09-16T18:30:00+00:00
2026-09-16T18:49:00+00:00,KDFW,Dallas,96.8,2026-09-16T18:25:00+00:00
2026-09-16T18:49:00+00:00,KDFW,Dallas,96.8,2026-09-16T18:20:00+00:00
2026-09-16T18:49:00+00:00,KSEA,Seattle,66.2,2026-09-16T18:35:00+00:00
2026-09-16T18:49:00+00:00,KSEA,Seattle,66.2,2026-09-16T18:30:00+00:00
2026-09-16T18:49:00+00:00,KSEA,Seattle,66.2,2026-09-16T18:25:00+00:00
2026-09-16T18:49:00+00:00,KSEA,Seattle,66.2,2026-09-16T18:20:00+00:00
2026-09-16T18:49:00+00:00,KLAS,Las Vegas,91.4,2026-09-16T18:35:00+00:00
2026-09-16T18:49:00+00:00,KLAS,Las Vegas,93.2,2026-09-16T18:30:00+00:00
2026-09-16T18:49:00+00:00,KLAS,Las Vegas,91.4,2026-09-16T18:25:00+00:00
2026-09-16T18:49:00+00:00,KLAS,Las Vegas,91.4,2026-09-16T18:20:00+00:00
2026-09-16T18:49:00+00:00,KOKC,Oklahoma City,98.6,2026-09-16T18:35:00+00:00
2026-09-16T18:49:00+00:00,KOKC,Oklahoma City,98.6,2026-09-16T18:30:00+00:00
2026-09-16T18:49:00+00:00,KOKC,Oklahoma City,98.6,2026-09-16T18:25:00+00:00
2026-09-16T18:49:00+00:00,KOKC,Oklahoma City,98.6,2026-09-16T18:20:00+00:00
2026-09-16T18:49:00+00:00,KBOS,Boston,75.2,2026-09-16T18:35:00+00:00
2026-09-16T18:49:00+00:00,KBOS,Boston,75.2,2026-09-16T18:30:00+00:00
2026-09-16T18:49:00+00:00,KBOS,Boston,78.8,2026-09-16T18:25:00+00:00
2026-09-16T18:49:00+00:00,KMSP,Minneapolis,73.4,2026-09-16T18:30:00+00:00
2026-09-16T18:49:00+00:00,KMSP,Minneapolis,71.59,2026-09-16T18:25:00+00:00
2026-09-16T18:49:00+00:00,KSAT,San Antonio,93.2,2026-09-16T18:35:00+00:00
2026-09-16T18:49:00+00:00,KSAT,San Antonio,93.2,2026-09-16T18:30:00+00:00
2026-09-16T18:49:00+00:00,KSAT,San Antonio,93.2,2026-09-16T18:25:00+00:00
2026-09-16T18:49:00+00:00,KMSY,New Orleans,89.6,2026-09-16T18:35:00+00:00
2026-09-16T18:49:00+00:00,KMSY,New Orleans,89.6,2026-09-16T18:30:00+00:00
2026-09-16T18:49:00+00:00,KMSY,New Orleans,89.6,2026-09-16T18:25:00+00:00
2026-09-16T18:49:00+00:00,KHOU,Houston,93.2,2026-09-16T18:30:00+00:00
2026-09-16T18:49:00+00:00,KHOU,Houston,93.2,2026-09-16T18:25:00+00:00
2026-09-16T18:49:00+00:00,KHOU,Houston,93.2,2026-09-16T18:20:00+00:00
2026-09-16T19:04:00+00:00,KMIA,Miami,91.4,2026-09-16T18:45:00+00:00
2026-09-16T19:04:00+00:00,KMIA,Miami,91.4,2026-09-16T18:40:00+00:00
2026-09-16T19:04:00+00:00,KDEN,Denver,80.59,2026-09-16T18:45:00+00:00
2026-09-16T19:04:00+00:00,KDEN,Denver,80.59,2026-09-16T18:40:00+00:00
2026-09-16T19:04:00+00:00,KDEN,Denver,80.59,2026-09-16T18:35:00+00:00
2026-09-16T19:04:00+00:00,KLAX,Los Angeles,75.2,2026-09-16T18:45:00+00:00
2026-09-16T19:04:00+00:00,KLAX,Los Angeles,75.2,2026-09-16T18:40:00+00:00
2026-09-16T19:04:00+00:00,KLAX,Los Angeles,75.2,2026-09-16T18:35:00+00:00
2026-09-16T19:04:00+00:00,KPHL,Philadelphia,82.4,2026-09-16T18:40:00+00:00
2026-09-16T19:04:00+00:00,KPHL,Philadelphia,80.59,2026-09-16T18:35:00+00:00
2026-09-16T19:04:00+00:00,KPHL,Philadelphia,80.59,2026-09-16T18:30:00+00:00
2026-09-16T19:04:00+00:00,KAUS,Austin,93.2,2026-09-16T18:45:00+00:00
2026-09-16T19:04:00+00:00,KAUS,Austin,93.2,2026-09-16T18:40:00+00:00
2026-09-16T19:04:00+00:00,KAUS,Austin,93.2,2026-09-16T18:35:00+00:00
2026-09-16T19:04:00+00:00,KMDW,Chicago,73.4,2026-09-16T18:45:00+00:00
2026-09-16T19:04:00+00:00,KMDW,Chicago,73.4,2026-09-16T18:40:00+00:00
2026-09-16T19:04:00+00:00,KMDW,Chicago,73.4,2026-09-16T18:35:00+00:00
2026-09-16T19:04:00+00:00,KSFO,San Francisco,62.6,2026-09-16T18:40:00+00:00
2026-09-16T19:04:00+00:00,KSFO,San Francisco,62.6,2026-09-16T18:35:00+00:00
2026-09-16T19:04:00+00:00,KPHX,Phoenix,93.2,2026-09-16T18:40:00+00:00
2026-09-16T19:04:00+00:00,KDCA,Washington DC,82.4,2026-09-16T18:40:00+00:00
2026-09-16T19:04:00+00:00,KDCA,Washington DC,82.4,2026-09-16T18:35:00+00:00
2026-09-16T19:04:00+00:00,KDCA,Washington DC,82.4,2026-09-16T18:30:00+00:00
2026-09-16T19:04:00+00:00,KATL,Atlanta,87.8,2026-09-16T18:45:00+00:00
2026-09-16T19:04:00+00:00,KATL,Atlanta,84.2,2026-09-16T18:40:00+00:00
2026-09-16T19:04:00+00:00,KATL,Atlanta,84.2,2026-09-16T18:35:00+00:00
2026-09-16T19:04:00+00:00,KDFW,Dallas,96.8,2026-09-16T18:45:00+00:00
2026-09-16T19:04:00+00:00,KDFW,Dallas,96.8,2026-09-16T18:40:00+00:00
2026-09-16T19:04:00+00:00,KSEA,Seattle,66.2,2026-09-16T18:45:00+00:00
2026-09-16T19:04:00+00:00,KSEA,Seattle,68.0,2026-09-16T18:40:00+00:00
2026-09-16T19:04:00+00:00,KLAS,Las Vegas,91.4,2026-09-16T18:45:00+00:00
2026-09-16T19:04:00+00:00,KLAS,Las Vegas,91.4,2026-09-16T18:40:00+00:00
2026-09-16T19:04:00+00:00,KOKC,Oklahoma City,98.6,2026-09-16T18:45:00+00:00
2026-09-16T19:04:00+00:00,KOKC,Oklahoma City,98.6,2026-09-16T18:40:00+00:00
2026-09-16T19:04:00+00:00,KBOS,Boston,77.0,2026-09-16T18:45:00+00:00
2026-09-16T19:04:00+00:00,KBOS,Boston,77.0,2026-09-16T18:40:00+00:00
2026-09-16T19:04:00+00:00,KBOS,Boston,78.08,2026-09-16T17:54:00+00:00
2026-09-16T19:04:00+00:00,KMSP,Minneapolis,71.59,2026-09-16T18:45:00+00:00
2026-09-16T19:04:00+00:00,KMSP,Minneapolis,71.59,2026-09-16T18:40:00+00:00
2026-09-16T19:04:00+00:00,KMSP,Minneapolis,71.59,2026-09-16T18:35:00+00:00
2026-09-16T19:04:00+00:00,KSAT,San Antonio,93.2,2026-09-16T18:45:00+00:00
2026-09-16T19:04:00+00:00,KSAT,San Antonio,93.2,2026-09-16T18:40:00+00:00
2026-09-16T19:04:00+00:00,KMSY,New Orleans,91.4,2026-09-16T18:45:00+00:00
2026-09-16T19:04:00+00:00,KMSY,New Orleans,89.6,2026-09-16T18:40:00+00:00
2026-09-16T19:04:00+00:00,KHOU,Houston,93.2,2026-09-16T18:45:00+00:00
2026-09-16T19:04:00+00:00,KHOU,Houston,93.2,2026-09-16T18:40:00+00:00
2026-09-16T19:04:00+00:00,KHOU,Houston,93.2,2026-09-16T18:35:00+00:00
2026-09-16T19:19:00+00:00,KMIA,Miami,89.6,2026-09-16T19:00:00+00:00
2026-09-16T19:19:00+00:00,KMIA,Miami,89.6,2026-09-16T18:55:00+00:00
2026-09-16T19:19:00+00:00,KMIA,Miami,89.6,2026-09-16T18:50:00+00:00
2026-09-16T19:19:00+00:00,KDEN,Denver,80.59,2026-09-16T19:00:00+00:00
2026-09-16T19:19:00+00:00,KDEN,Denver,80.59,2026-09-16T18:55:00+00:00
2026-09-16T19:19:00+00:00,KDEN,Denver,80.59,2026-09-16T18:50:00+00:00
2026-09-16T19:19:00+00:00,KLAX,Los Angeles,78.8,2026-09-16T19:00:00+00:00
2026-09-16T19:19:00+00:00,KLAX,Los Angeles,78.8,2026-09-16T18:55:00+00:00
2026-09-16T19:19:00+00:00,KLAX,Los Angeles,78.8,2026-09-16T18:50:00+00:00
2026-09-16T19:19:00+00:00,KPHL,Philadelphia,82.4,2026-09-16T19:00:00+00:00
2026-09-16T19:19:00+00:00,KPHL,Philadelphia,82.4,2026-09-16T18:55:00+00:00
2026-09-16T19:19:00+00:00,KPHL,Philadelphia,82.4,2026-09-16T18:50:00+00:00
2026-09-16T19:19:00+00:00,KPHL,Philadelphia,82.4,2026-09-16T18:45:00+00:00
2026-09-16T19:19:00+00:00,KAUS,Austin,93.2,2026-09-16T19:00:00+00:00
2026-09-16T19:19:00+00:00,KAUS,Austin,93.2,2026-09-16T18:55:00+00:00
2026-09-16T19:19:00+00:00,KAUS,Austin,93.91,2026-09-16T18:53:00+00:00
2026-09-16T19:19:00+00:00,KAUS,Austin,95.0,2026-09-16T18:50:00+00:00
2026-09-16T19:19:00+00:00,KMDW,Chicago,73.4,2026-09-16T19:05:00+00:00
2026-09-16T19:19:00+00:00,KMDW,Chicago,73.4,2026-09-16T19:00:00+00:00
2026-09-16T19:19:00+00:00,KMDW,Chicago,73.4,2026-09-16T18:55:00+00:00
2026-09-16T19:19:00+00:00,KMDW,Chicago,73.94,2026-09-16T18:53:00+00:00
2026-09-16T19:19:00+00:00,KMDW,Chicago,73.4,2026-09-16T18:50:00+00:00
2026-09-16T19:19:00+00:00,KSFO,San Francisco,62.6,2026-09-16T19:00:00+00:00
2026-09-16T19:19:00+00:00,KSFO,San Francisco,62.6,2026-09-16T18:55:00+00:00
2026-09-16T19:19:00+00:00,KSFO,San Francisco,62.6,2026-09-16T18:50:00+00:00
2026-09-16T19:19:00+00:00,KSFO,San Francisco,62.6,2026-09-16T18:45:00+00:00
2026-09-16T19:19:00+00:00,KPHX,Phoenix,91.4,2026-09-16T18:50:00+00:00
2026-09-16T19:19:00+00:00,KPHX,Phoenix,93.2,2026-09-16T18:45:00+00:00
2026-09-16T19:19:00+00:00,KDCA,Washington DC,82.4,2026-09-16T19:00:00+00:00
2026-09-16T19:19:00+00:00,KDCA,Washington DC,82.4,2026-09-16T18:55:00+00:00
2026-09-16T19:19:00+00:00,KDCA,Washington DC,82.4,2026-09-16T18:50:00+00:00
2026-09-16T19:19:00+00:00,KDCA,Washington DC,82.4,2026-09-16T18:45:00+00:00
2026-09-16T19:19:00+00:00,KATL,Atlanta,86.0,2026-09-16T19:05:00+00:00
2026-09-16T19:19:00+00:00,KATL,Atlanta,86.0,2026-09-16T19:00:00+00:00
2026-09-16T19:19:00+00:00,KATL,Atlanta,86.0,2026-09-16T18:55:00+00:00
2026-09-16T19:19:00+00:00,KATL,Atlanta,86.0,2026-09-16T18:52:00+00:00
2026-09-16T19:19:00+00:00,KATL,Atlanta,87.8,2026-09-16T18:50:00+00:00
2026-09-16T19:19:00+00:00,KDFW,Dallas,96.8,2026-09-16T19:00:00+00:00
2026-09-16T19:19:00+00:00,KDFW,Dallas,96.8,2026-09-16T18:55:00+00:00
2026-09-16T19:19:00+00:00,KDFW,Dallas,96.98,2026-09-16T18:53:00+00:00
2026-09-16T19:19:00+00:00,KDFW,Dallas,96.8,2026-09-16T18:50:00+00:00
2026-09-16T19:19:00+00:00,KSEA,Seattle,68.0,2026-09-16T19:00:00+00:00
2026-09-16T19:19:00+00:00,KSEA,Seattle,68.0,2026-09-16T18:55:00+00:00
2026-09-16T19:19:00+00:00,KSEA,Seattle,68.0,2026-09-16T18:50:00+00:00
2026-09-16T19:19:00+00:00,KLAS,Las Vegas,91.4,2026-09-16T19:00:00+00:00
2026-09-16T19:19:00+00:00,KLAS,Las Vegas,93.2,2026-09-16T18:55:00+00:00
2026-09-16T19:19:00+00:00,KLAS,Las Vegas,93.2,2026-09-16T18:50:00+00:00
2026-09-16T19:19:00+00:00,KOKC,Oklahoma City,100.4,2026-09-16T19:00:00+00:00
2026-09-16T19:19:00+00:00,KOKC,Oklahoma City,98.6,2026-09-16T18:55:00+00:00
2026-09-16T19:19:00+00:00,KOKC,Oklahoma City,98.96,2026-09-16T18:52:00+00:00
2026-09-16T19:19:00+00:00,KOKC,Oklahoma City,98.6,2026-09-16T18:50:00+00:00
2026-09-16T19:19:00+00:00,KBOS,Boston,78.8,2026-09-16T19:00:00+00:00
2026-09-16T19:19:00+00:00,KBOS,Boston,78.8,2026-09-16T18:55:00+00:00
2026-09-16T19:19:00+00:00,KBOS,Boston,77.0,2026-09-16T18:50:00+00:00
2026-09-16T19:19:00+00:00,KMSP,Minneapolis,73.4,2026-09-16T19:00:00+00:00
2026-09-16T19:19:00+00:00,KMSP,Minneapolis,73.4,2026-09-16T18:55:00+00:00
2026-09-16T19:19:00+00:00,KMSP,Minneapolis,73.04,2026-09-16T18:53:00+00:00
2026-09-16T19:19:00+00:00,KMSP,Minneapolis,71.59,2026-09-16T18:50:00+00:00
2026-09-16T19:19:00+00:00,KSAT,San Antonio,93.2,2026-09-16T19:00:00+00:00
2026-09-16T19:19:00+00:00,KSAT,San Antonio,93.2,2026-09-16T18:55:00+00:00
2026-09-16T19:19:00+00:00,KSAT,San Antonio,93.91,2026-09-16T18:51:00+00:00
2026-09-16T19:19:00+00:00,KSAT,San Antonio,93.2,2026-09-16T18:50:00+00:00
2026-09-16T19:19:00+00:00,KMSY,New Orleans,89.6,2026-09-16T19:00:00+00:00
2026-09-16T19:19:00+00:00,KMSY,New Orleans,89.6,2026-09-16T18:55:00+00:00
2026-09-16T19:19:00+00:00,KMSY,New Orleans,89.96,2026-09-16T18:53:00+00:00
2026-09-16T19:19:00+00:00,KMSY,New Orleans,89.6,2026-09-16T18:50:00+00:00
2026-09-16T19:19:00+00:00,KHOU,Houston,93.2,2026-09-16T19:00:00+00:00
2026-09-16T19:19:00+00:00,KHOU,Houston,93.2,2026-09-16T18:55:00+00:00
2026-09-16T19:19:00+00:00,KHOU,Houston,93.02,2026-09-16T18:53:00+00:00
2026-09-16T19:19:00+00:00,KHOU,Houston,93.2,2026-09-16T18:50:00+00:00
2026-09-16T19:34:00+00:00,KNYC,New York City,75.02,2026-09-16T18:51:00+00:00
2026-09-16T19:34:00+00:00,KMIA,Miami,91.4,2026-09-16T19:15:00+00:00
2026-09-16T19:34:00+00:00,KMIA,Miami,91.4,2026-09-16T19:10:00+00:00
2026-09-16T19:34:00+00:00,KMIA,Miami,91.4,2026-09-16T19:05:00+00:00
2026-09-16T19:34:00+00:00,KMIA,Miami,89.06,2026-09-16T18:53:00+00:00
2026-09-16T19:34:00+00:00,KDEN,Denver,80.59,2026-09-16T19:15:00+00:00
2026-09-16T19:34:00+00:00,KDEN,Denver,80.59,2026-09-16T19:10:00+00:00
2026-09-16T19:34:00+00:00,KDEN,Denver,80.59,2026-09-16T19:05:00+00:00
2026-09-16T19:34:00+00:00,KDEN,Denver,80.06,2026-09-16T18:53:00+00:00
2026-09-16T19:34:00+00:00,KLAX,Los Angeles,75.2,2026-09-16T19:20:00+00:00
2026-09-16T19:34:00+00:00,KLAX,Los Angeles,78.8,2026-09-16T19:15:00+00:00
2026-09-16T19:34:00+00:00,KLAX,Los Angeles,77.0,2026-09-16T19:10:00+00:00
2026-09-16T19:34:00+00:00,KLAX,Los Angeles,77.0,2026-09-16T19:05:00+00:00
2026-09-16T19:34:00+00:00,KLAX,Los Angeles,78.08,2026-09-16T18:53:00+00:00
2026-09-16T19:34:00+00:00,KPHL,Philadelphia,82.4,2026-09-16T19:15:00+00:00
2026-09-16T19:34:00+00:00,KPHL,Philadelphia,82.4,2026-09-16T19:10:00+00:00
2026-09-16T19:34:00+00:00,KPHL,Philadelphia,80.59,2026-09-16T19:05:00+00:00
2026-09-16T19:34:00+00:00,KPHL,Philadelphia,82.04,2026-09-16T18:54:00+00:00
2026-09-16T19:34:00+00:00,KAUS,Austin,96.8,2026-09-16T19:15:00+00:00
2026-09-16T19:34:00+00:00,KAUS,Austin,95.0,2026-09-16T19:10:00+00:00
2026-09-16T19:34:00+00:00,KAUS,Austin,95.0,2026-09-16T19:05:00+00:00
2026-09-16T19:34:00+00:00,KMDW,Chicago,73.4,2026-09-16T19:15:00+00:00
2026-09-16T19:34:00+00:00,KMDW,Chicago,73.4,2026-09-16T19:10:00+00:00
2026-09-16T19:34:00+00:00,KSFO,San Francisco,62.6,2026-09-16T19:20:00+00:00
2026-09-16T19:34:00+00:00,KSFO,San Francisco,62.6,2026-09-16T19:15:00+00:00
2026-09-16T19:34:00+00:00,KSFO,San Francisco,62.6,2026-09-16T19:10:00+00:00
2026-09-16T19:34:00+00:00,KSFO,San Francisco,62.6,2026-09-16T19:05:00+00:00
2026-09-16T19:34:00+00:00,KSFO,San Francisco,62.05,2026-09-16T18:56:00+00:00
2026-09-16T19:34:00+00:00,KPHX,Phoenix,89.96,2026-09-16T18:51:00+00:00
2026-09-16T19:34:00+00:00,KDCA,Washington DC,82.4,2026-09-16T19:15:00+00:00
2026-09-16T19:34:00+00:00,KDCA,Washington DC,82.4,2026-09-16T19:10:00+00:00
2026-09-16T19:34:00+00:00,KDCA,Washington DC,82.4,2026-09-16T19:05:00+00:00
2026-09-16T19:34:00+00:00,KDCA,Washington DC,82.94,2026-09-16T18:52:00+00:00
2026-09-16T19:34:00+00:00,KATL,Atlanta,87.8,2026-09-16T19:20:00+00:00
2026-09-16T19:34:00+00:00,KATL,Atlanta,87.8,2026-09-16T19:15:00+00:00
2026-09-16T19:34:00+00:00,KATL,Atlanta,87.8,2026-09-16T19:10:00+00:00
2026-09-16T19:34:00+00:00,KDFW,Dallas,96.8,2026-09-16T19:15:00+00:00
2026-09-16T19:34:00+00:00,KDFW,Dallas,98.6,2026-09-16T19:10:00+00:00
2026-09-16T19:34:00+00:00,KDFW,Dallas,98.6,2026-09-16T19:05:00+00:00
2026-09-16T19:34:00+00:00,KSEA,Seattle,69.8,2026-09-16T19:15:00+00:00
2026-09-16T19:34:00+00:00,KSEA,Seattle,69.8,2026-09-16T19:10:00+00:00
2026-09-16T19:34:00+00:00,KSEA,Seattle,69.8,2026-09-16T19:05:00+00:00
2026-09-16T19:34:00+00:00,KSEA,Seattle,68.0,2026-09-16T18:53:00+00:00
2026-09-16T19:34:00+00:00,KLAS,Las Vegas,93.2,2026-09-16T19:15:00+00:00
2026-09-16T19:34:00+00:00,KLAS,Las Vegas,93.2,2026-09-16T19:10:00+00:00
2026-09-16T19:34:00+00:00,KLAS,Las Vegas,93.2,2026-09-16T19:05:00+00:00
2026-09-16T19:34:00+00:00,KLAS,Las Vegas,91.94,2026-09-16T18:56:00+00:00
2026-09-16T19:34:00+00:00,KOKC,Oklahoma City,98.6,2026-09-16T19:15:00+00:00
2026-09-16T19:34:00+00:00,KOKC,Oklahoma City,98.6,2026-09-16T19:10:00+00:00
2026-09-16T19:34:00+00:00,KOKC,Oklahoma City,100.4,2026-09-16T19:05:00+00:00
2026-09-16T19:34:00+00:00,KBOS,Boston,78.8,2026-09-16T19:20:00+00:00
2026-09-16T19:34:00+00:00,KBOS,Boston,78.8,2026-09-16T19:15:00+00:00
2026-09-16T19:34:00+00:00,KBOS,Boston,78.8,2026-09-16T19:10:00+00:00
2026-09-16T19:34:00+00:00,KBOS,Boston,78.8,2026-09-16T19:05:00+00:00
2026-09-16T19:34:00+00:00,KBOS,Boston,78.08,2026-09-16T18:54:00+00:00
2026-09-16T19:34:00+00:00,KMSP,Minneapolis,73.4,2026-09-16T19:15:00+00:00
2026-09-16T19:34:00+00:00,KMSP,Minneapolis,73.4,2026-09-16T19:05:00+00:00
2026-09-16T19:34:00+00:00,KSAT,San Antonio,96.8,2026-09-16T19:20:00+00:00
2026-09-16T19:34:00+00:00,KSAT,San Antonio,95.0,2026-09-16T19:15:00+00:00
2026-09-16T19:34:00+00:00,KSAT,San Antonio,95.0,2026-09-16T19:10:00+00:00
2026-09-16T19:34:00+00:00,KSAT,San Antonio,95.0,2026-09-16T19:05:00+00:00
2026-09-16T19:34:00+00:00,KMSY,New Orleans,89.6,2026-09-16T19:20:00+00:00
2026-09-16T19:34:00+00:00,KMSY,New Orleans,89.6,2026-09-16T19:15:00+00:00
2026-09-16T19:34:00+00:00,KMSY,New Orleans,89.6,2026-09-16T19:10:00+00:00
2026-09-16T19:34:00+00:00,KMSY,New Orleans,89.6,2026-09-16T19:05:00+00:00
2026-09-16T19:34:00+00:00,KHOU,Houston,93.2,2026-09-16T19:20:00+00:00
2026-09-16T19:34:00+00:00,KHOU,Houston,93.2,2026-09-16T19:15:00+00:00
2026-09-16T19:34:00+00:00,KHOU,Houston,91.4,2026-09-16T19:10:00+00:00
2026-09-16T19:34:00+00:00,KHOU,Houston,93.2,2026-09-16T19:05:00+00:00
2026-09-16T19:49:00+00:00,KMIA,Miami,91.4,2026-09-16T19:30:00+00:00
2026-09-16T19:49:00+00:00,KMIA,Miami,91.4,2026-09-16T19:25:00+00:00
2026-09-16T19:49:00+00:00,KMIA,Miami,89.6,2026-09-16T19:20:00+00:00
2026-09-16T19:49:00+00:00,KDEN,Denver,78.8,2026-09-16T19:35:00+00:00
2026-09-16T19:49:00+00:00,KDEN,Denver,78.8,2026-09-16T19:30:00+00:00
2026-09-16T19:49:00+00:00,KDEN,Denver,78.8,2026-09-16T19:25:00+00:00
2026-09-16T19:49:00+00:00,KDEN,Denver,78.8,2026-09-16T19:20:00+00:00
2026-09-16T19:49:00+00:00,KLAX,Los Angeles,78.8,2026-09-16T19:30:00+00:00
2026-09-16T19:49:00+00:00,KLAX,Los Angeles,78.8,2026-09-16T19:25:00+00:00
2026-09-16T19:49:00+00:00,KPHL,Philadelphia,82.4,2026-09-16T19:30:00+00:00
2026-09-16T19:49:00+00:00,KPHL,Philadelphia,82.4,2026-09-16T19:25:00+00:00
2026-09-16T19:49:00+00:00,KPHL,Philadelphia,82.4,2026-09-16T19:20:00+00:00
2026-09-16T19:49:00+00:00,KAUS,Austin,98.6,2026-09-16T19:30:00+00:00
2026-09-16T19:49:00+00:00,KAUS,Austin,98.6,2026-09-16T19:25:00+00:00
2026-09-16T19:49:00+00:00,KAUS,Austin,96.8,2026-09-16T19:20:00+00:00
2026-09-16T19:49:00+00:00,KMDW,Chicago,71.59,2026-09-16T19:30:00+00:00
2026-09-16T19:49:00+00:00,KMDW,Chicago,71.59,2026-09-16T19:25:00+00:00
2026-09-16T19:49:00+00:00,KMDW,Chicago,73.4,2026-09-16T19:20:00+00:00
2026-09-16T19:49:00+00:00,KSFO,San Francisco,64.4,2026-09-16T19:30:00+00:00
2026-09-16T19:49:00+00:00,KSFO,San Francisco,64.4,2026-09-16T19:25:00+00:00
2026-09-16T19:49:00+00:00,KDCA,Washington DC,82.4,2026-09-16T19:25:00+00:00
2026-09-16T19:49:00+00:00,KDCA,Washington DC,82.4,2026-09-16T19:20:00+00:00
2026-09-16T19:49:00+00:00,KATL,Atlanta,87.8,2026-09-16T19:30:00+00:00
2026-09-16T19:49:00+00:00,KATL,Atlanta,87.8,2026-09-16T19:25:00+00:00
2026-09-16T19:49:00+00:00,KDFW,Dallas,96.8,2026-09-16T19:30:00+00:00
2026-09-16T19:49:00+00:00,KDFW,Dallas,96.8,2026-09-16T19:25:00+00:00
2026-09-16T19:49:00+00:00,KDFW,Dallas,96.8,2026-09-16T19:20:00+00:00
2026-09-16T19:49:00+00:00,KSEA,Seattle,69.8,2026-09-16T19:35:00+00:00
2026-09-16T19:49:00+00:00,KSEA,Seattle,69.8,2026-09-16T19:30:00+00:00
2026-09-16T19:49:00+00:00,KSEA,Seattle,69.8,2026-09-16T19:25:00+00:00
2026-09-16T19:49:00+00:00,KLAS,Las Vegas,95.0,2026-09-16T19:30:00+00:00
2026-09-16T19:49:00+00:00,KLAS,Las Vegas,95.0,2026-09-16T19:25:00+00:00
2026-09-16T19:49:00+00:00,KLAS,Las Vegas,93.2,2026-09-16T19:20:00+00:00
2026-09-16T19:49:00+00:00,KOKC,Oklahoma City,100.4,2026-09-16T19:35:00+00:00
2026-09-16T19:49:00+00:00,KOKC,Oklahoma City,100.4,2026-09-16T19:30:00+00:00
2026-09-16T19:49:00+00:00,KOKC,Oklahoma City,100.4,2026-09-16T19:25:00+00:00
2026-09-16T19:49:00+00:00,KOKC,Oklahoma City,98.6,2026-09-16T19:20:00+00:00
2026-09-16T19:49:00+00:00,KBOS,Boston,78.8,2026-09-16T19:35:00+00:00
2026-09-16T19:49:00+00:00,KBOS,Boston,78.8,2026-09-16T19:30:00+00:00
2026-09-16T19:49:00+00:00,KBOS,Boston,78.8,2026-09-16T19:25:00+00:00
2026-09-16T19:49:00+00:00,KMSP,Minneapolis,73.4,2026-09-16T19:25:00+00:00
2026-09-16T19:49:00+00:00,KMSP,Minneapolis,73.4,2026-09-16T19:20:00+00:00
2026-09-16T19:49:00+00:00,KSAT,San Antonio,93.2,2026-09-16T19:35:00+00:00
2026-09-16T19:49:00+00:00,KSAT,San Antonio,95.0,2026-09-16T19:30:00+00:00
2026-09-16T19:49:00+00:00,KSAT,San Antonio,95.0,2026-09-16T19:25:00+00:00
2026-09-16T19:49:00+00:00,KMSY,New Orleans,91.4,2026-09-16T19:35:00+00:00
2026-09-16T19:49:00+00:00,KMSY,New Orleans,91.4,2026-09-16T19:30:00+00:00
2026-09-16T19:49:00+00:00,KMSY,New Orleans,89.6,2026-09-16T19:25:00+00:00
2026-09-16T19:49:00+00:00,KHOU,Houston,91.4,2026-09-16T19:30:00+00:00
2026-09-16T19:49:00+00:00,KHOU,Houston,93.2,2026-09-16T19:25:00+00:00
2026-09-16T20:04:00+00:00,KMIA,Miami,89.6,2026-09-16T19:45:00+00:00
2026-09-16T20:04:00+00:00,KMIA,Miami,89.6,2026-09-16T19:40:00+00:00
2026-09-16T20:04:00+00:00,KMIA,Miami,91.4,2026-09-16T19:35:00+00:00
2026-09-16T20:04:00+00:00,KDEN,Denver,78.8,2026-09-16T19:40:00+00:00
2026-09-16T20:04:00+00:00,KLAX,Los Angeles,75.2,2026-09-16T19:45:00+00:00
2026-09-16T20:04:00+00:00,KLAX,Los Angeles,78.8,2026-09-16T19:40:00+00:00
2026-09-16T20:04:00+00:00,KLAX,Los Angeles,77.0,2026-09-16T19:35:00+00:00
2026-09-16T20:04:00+00:00,KPHL,Philadelphia,82.4,2026-09-16T19:40:00+00:00
2026-09-16T20:04:00+00:00,KPHL,Philadelphia,82.4,2026-09-16T19:35:00+00:00
2026-09-16T20:04:00+00:00,KAUS,Austin,96.8,2026-09-16T19:45:00+00:00
2026-09-16T20:04:00+00:00,KAUS,Austin,98.6,2026-09-16T19:40:00+00:00
2026-09-16T20:04:00+00:00,KAUS,Austin,98.6,2026-09-16T19:35:00+00:00
2026-09-16T20:04:00+00:00,KMDW,Chicago,71.59,2026-09-16T19:45:00+00:00
2026-09-16T20:04:00+00:00,KMDW,Chicago,73.4,2026-09-16T19:40:00+00:00
2026-09-16T20:04:00+00:00,KMDW,Chicago,71.59,2026-09-16T19:35:00+00:00
2026-09-16T20:04:00+00:00,KSFO,San Francisco,64.4,2026-09-16T19:45:00+00:00
2026-09-16T20:04:00+00:00,KSFO,San Francisco,64.4,2026-09-16T19:40:00+00:00
2026-09-16T20:04:00+00:00,KSFO,San Francisco,64.4,2026-09-16T19:35:00+00:00
2026-09-16T20:04:00+00:00,KPHX,Phoenix,86.0,2026-09-16T19:40:00+00:00
2026-09-16T20:04:00+00:00,KPHX,Phoenix,86.0,2026-09-16T19:35:00+00:00
2026-09-16T20:04:00+00:00,KDCA,Washington DC,82.4,2026-09-16T19:40:00+00:00
2026-09-16T20:04:00+00:00,KDCA,Washington DC,82.4,2026-09-16T19:35:00+00:00
2026-09-16T20:04:00+00:00,KDCA,Washington DC,82.4,2026-09-16T19:30:00+00:00
2026-09-16T20:04:00+00:00,KATL,Atlanta,87.8,2026-09-16T19:45:00+00:00
2026-09-16T20:04:00+00:00,KATL,Atlanta,87.8,2026-09-16T19:40:00+00:00
2026-09-16T20:04:00+00:00,KATL,Atlanta,87.8,2026-09-16T19:35:00+00:00
2026-09-16T20:04:00+00:00,KDFW,Dallas,98.6,2026-09-16T19:45:00+00:00
2026-09-16T20:04:00+00:00,KDFW,Dallas,98.6,2026-09-16T19:40:00+00:00
2026-09-16T20:04:00+00:00,KDFW,Dallas,98.6,2026-09-16T19:35:00+00:00
2026-09-16T20:04:00+00:00,KSEA,Seattle,69.8,2026-09-16T19:40:00+00:00
2026-09-16T20:04:00+00:00,KLAS,Las Vegas,95.0,2026-09-16T19:45:00+00:00
2026-09-16T20:04:00+00:00,KLAS,Las Vegas,96.08,2026-09-16T19:41:00+00:00
2026-09-16T20:04:00+00:00,KLAS,Las Vegas,96.8,2026-09-16T19:40:00+00:00
2026-09-16T20:04:00+00:00,KLAS,Las Vegas,95.0,2026-09-16T19:35:00+00:00
2026-09-16T20:04:00+00:00,KOKC,Oklahoma City,100.4,2026-09-16T19:40:00+00:00
2026-09-16T20:04:00+00:00,KBOS,Boston,78.8,2026-09-16T19:45:00+00:00
2026-09-16T20:04:00+00:00,KBOS,Boston,80.59,2026-09-16T19:40:00+00:00
2026-09-16T20:04:00+00:00,KMSP,Minneapolis,73.4,2026-09-16T19:40:00+00:00
2026-09-16T20:04:00+00:00,KMSP,Minneapolis,73.4,2026-09-16T19:35:00+00:00
2026-09-16T20:04:00+00:00,KMSP,Minneapolis,73.4,2026-09-16T19:30:00+00:00
2026-09-16T20:04:00+00:00,KSAT,San Antonio,93.2,2026-09-16T19:40:00+00:00
2026-09-16T20:04:00+00:00,KMSY,New Orleans,89.6,2026-09-16T19:45:00+00:00
2026-09-16T20:04:00+00:00,KMSY,New Orleans,91.4,2026-09-16T19:40:00+00:00
2026-09-16T20:04:00+00:00,KHOU,Houston,91.4,2026-09-16T19:45:00+00:00
2026-09-16T20:04:00+00:00,KHOU,Houston,91.4,2026-09-16T19:40:00+00:00
2026-09-16T20:04:00+00:00,KHOU,Houston,91.4,2026-09-16T19:35:00+00:00
2026-09-16T20:19:00+00:00,KNYC,New York City,75.92,2026-09-16T19:51:00+00:00
2026-09-16T20:19:00+00:00,KMIA,Miami,87.8,2026-09-16T20:00:00+00:00
2026-09-16T20:19:00+00:00,KMIA,Miami,89.6,2026-09-16T19:55:00+00:00
2026-09-16T20:19:00+00:00,KMIA,Miami,89.06,2026-09-16T19:53:00+00:00
2026-09-16T20:19:00+00:00,KMIA,Miami,89.6,2026-09-16T19:50:00+00:00
2026-09-16T20:19:00+00:00,KDEN,Denver,80.59,2026-09-16T20:05:00+00:00
2026-09-16T20:19:00+00:00,KDEN,Denver,80.59,2026-09-16T20:00:00+00:00
2026-09-16T20:19:00+00:00,KDEN,Denver,80.59,2026-09-16T19:55:00+00:00
2026-09-16T20:19:00+00:00,KDEN,Denver,80.06,2026-09-16T19:53:00+00:00
2026-09-16T20:19:00+00:00,KDEN,Denver,78.8,2026-09-16T19:50:00+00:00
2026-09-16T20:19:00+00:00,KDEN,Denver,78.8,2026-09-16T19:45:00+00:00
2026-09-16T20:19:00+00:00,KLAX,Los Angeles,77.0,2026-09-16T20:05:00+00:00
2026-09-16T20:19:00+00:00,KLAX,Los Angeles,77.0,2026-09-16T20:00:00+00:00
2026-09-16T20:19:00+00:00,KLAX,Los Angeles,75.2,2026-09-16T19:55:00+00:00
2026-09-16T20:19:00+00:00,KLAX,Los Angeles,75.92,2026-09-16T19:53:00+00:00
2026-09-16T20:19:00+00:00,KLAX,Los Angeles,77.0,2026-09-16T19:50:00+00:00
2026-09-16T20:19:00+00:00,KPHL,Philadelphia,82.4,2026-09-16T20:10:00+00:00
2026-09-16T20:19:00+00:00,KPHL,Philadelphia,82.4,2026-09-16T20:05:00+00:00
2026-09-16T20:19:00+00:00,KPHL,Philadelphia,82.4,2026-09-16T20:00:00+00:00
2026-09-16T20:19:00+00:00,KPHL,Philadelphia,82.4,2026-09-16T19:55:00+00:00
2026-09-16T20:19:00+00:00,KPHL,Philadelphia,82.94,2026-09-16T19:54:00+00:00
2026-09-16T20:19:00+00:00,KPHL,Philadelphia,82.4,2026-09-16T19:50:00+00:00
2026-09-16T20:19:00+00:00,KPHL,Philadelphia,82.4,2026-09-16T19:45:00+00:00
2026-09-16T20:19:00+00:00,KAUS,Austin,96.8,2026-09-16T20:05:00+00:00
2026-09-16T20:19:00+00:00,KAUS,Austin,98.6,2026-09-16T20:00:00+00:00
2026-09-16T20:19:00+00:00,KAUS,Austin,96.8,2026-09-16T19:55:00+00:00
2026-09-16T20:19:00+00:00,KAUS,Austin,96.98,2026-09-16T19:53:00+00:00
2026-09-16T20:19:00+00:00,KAUS,Austin,96.8,2026-09-16T19:50:00+00:00
2026-09-16T20:19:00+00:00,KMDW,Chicago,71.59,2026-09-16T20:10:00+00:00
2026-09-16T20:19:00+00:00,KMDW,Chicago,71.59,2026-09-16T20:05:00+00:00
2026-09-16T20:19:00+00:00,KMDW,Chicago,73.4,2026-09-16T20:00:00+00:00
2026-09-16T20:19:00+00:00,KMDW,Chicago,71.59,2026-09-16T19:55:00+00:00
2026-09-16T20:19:00+00:00,KMDW,Chicago,71.95,2026-09-16T19:53:00+00:00
2026-09-16T20:19:00+00:00,KMDW,Chicago,71.59,2026-09-16T19:50:00+00:00
2026-09-16T20:19:00+00:00,KSFO,San Francisco,64.4,2026-09-16T20:10:00+00:00
2026-09-16T20:19:00+00:00,KSFO,San Francisco,64.4,2026-09-16T20:05:00+00:00
2026-09-16T20:19:00+00:00,KSFO,San Francisco,64.4,2026-09-16T20:00:00+00:00
2026-09-16T20:19:00+00:00,KSFO,San Francisco,64.04,2026-09-16T19:56:00+00:00
2026-09-16T20:19:00+00:00,KSFO,San Francisco,64.4,2026-09-16T19:55:00+00:00
2026-09-16T20:19:00+00:00,KSFO,San Francisco,64.4,2026-09-16T19:50:00+00:00
2026-09-16T20:19:00+00:00,KPHX,Phoenix,86.0,2026-09-16T19:55:00+00:00
2026-09-16T20:19:00+00:00,KPHX,Phoenix,87.08,2026-09-16T19:51:00+00:00
2026-09-16T20:19:00+00:00,KPHX,Phoenix,87.8,2026-09-16T19:50:00+00:00
2026-09-16T20:19:00+00:00,KPHX,Phoenix,86.0,2026-09-16T19:45:00+00:00
2026-09-16T20:19:00+00:00,KPHX,Phoenix,84.2,2026-09-16T19:30:00+00:00
2026-09-16T20:19:00+00:00,KPHX,Phoenix,84.2,2026-09-16T19:25:00+00:00
2026-09-16T20:19:00+00:00,KPHX,Phoenix,84.2,2026-09-16T19:20:00+00:00
2026-09-16T20:19:00+00:00,KDCA,Washington DC,82.4,2026-09-16T20:10:00+00:00
2026-09-16T20:19:00+00:00,KDCA,Washington DC,82.4,2026-09-16T20:05:00+00:00
2026-09-16T20:19:00+00:00,KDCA,Washington DC,82.4,2026-09-16T20:00:00+00:00
2026-09-16T20:19:00+00:00,KDCA,Washington DC,82.4,2026-09-16T19:55:00+00:00
2026-09-16T20:19:00+00:00,KDCA,Washington DC,82.94,2026-09-16T19:52:00+00:00
2026-09-16T20:19:00+00:00,KDCA,Washington DC,82.4,2026-09-16T19:50:00+00:00
2026-09-16T20:19:00+00:00,KDCA,Washington DC,82.4,2026-09-16T19:45:00+00:00
2026-09-16T20:19:00+00:00,KATL,Atlanta,87.8,2026-09-16T20:10:00+00:00
2026-09-16T20:19:00+00:00,KATL,Atlanta,89.6,2026-09-16T20:05:00+00:00
2026-09-16T20:19:00+00:00,KATL,Atlanta,87.8,2026-09-16T20:00:00+00:00
2026-09-16T20:19:00+00:00,KATL,Atlanta,87.8,2026-09-16T19:55:00+00:00
2026-09-16T20:19:00+00:00,KATL,Atlanta,87.98,2026-09-16T19:52:00+00:00
2026-09-16T20:19:00+00:00,KATL,Atlanta,87.8,2026-09-16T19:50:00+00:00
2026-09-16T20:19:00+00:00,KDFW,Dallas,98.6,2026-09-16T20:00:00+00:00
2026-09-16T20:19:00+00:00,KDFW,Dallas,96.8,2026-09-16T19:55:00+00:00
2026-09-16T20:19:00+00:00,KDFW,Dallas,96.98,2026-09-16T19:53:00+00:00
2026-09-16T20:19:00+00:00,KDFW,Dallas,96.8,2026-09-16T19:50:00+00:00
2026-09-16T20:19:00+00:00,KSEA,Seattle,69.8,2026-09-16T20:10:00+00:00
2026-09-16T20:19:00+00:00,KSEA,Seattle,71.59,2026-09-16T20:05:00+00:00
2026-09-16T20:19:00+00:00,KSEA,Seattle,69.8,2026-09-16T20:00:00+00:00
2026-09-16T20:19:00+00:00,KSEA,Seattle,71.59,2026-09-16T19:55:00+00:00
2026-09-16T20:19:00+00:00,KSEA,Seattle,71.06,2026-09-16T19:53:00+00:00
2026-09-16T20:19:00+00:00,KSEA,Seattle,69.8,2026-09-16T19:50:00+00:00
2026-09-16T20:19:00+00:00,KSEA,Seattle,69.8,2026-09-16T19:45:00+00:00
2026-09-16T20:19:00+00:00,KLAS,Las Vegas,96.8,2026-09-16T20:10:00+00:00
2026-09-16T20:19:00+00:00,KLAS,Las Vegas,96.8,2026-09-16T20:05:00+00:00
2026-09-16T20:19:00+00:00,KLAS,Las Vegas,96.8,2026-09-16T20:00:00+00:00
2026-09-16T20:19:00+00:00,KLAS,Las Vegas,95.0,2026-09-16T19:56:00+00:00
2026-09-16T20:19:00+00:00,KLAS,Las Vegas,95.0,2026-09-16T19:55:00+00:00
2026-09-16T20:19:00+00:00,KLAS,Las Vegas,96.8,2026-09-16T19:50:00+00:00
2026-09-16T20:19:00+00:00,KOKC,Oklahoma City,100.4,2026-09-16T20:05:00+00:00
2026-09-16T20:19:00+00:00,KOKC,Oklahoma City,100.4,2026-09-16T20:00:00+00:00
2026-09-16T20:19:00+00:00,KOKC,Oklahoma City,100.4,2026-09-16T19:55:00+00:00
2026-09-16T20:19:00+00:00,KOKC,Oklahoma City,100.04,2026-09-16T19:52:00+00:00
2026-09-16T20:19:00+00:00,KOKC,Oklahoma City,100.4,2026-09-16T19:50:00+00:00
2026-09-16T20:19:00+00:00,KOKC,Oklahoma City,100.4,2026-09-16T19:45:00+00:00
2026-09-16T20:19:00+00:00,KBOS,Boston,78.8,2026-09-16T20:10:00+00:00
2026-09-16T20:19:00+00:00,KBOS,Boston,78.8,2026-09-16T20:05:00+00:00
2026-09-16T20:19:00+00:00,KBOS,Boston,78.8,2026-09-16T20:00:00+00:00
2026-09-16T20:19:00+00:00,KBOS,Boston,78.8,2026-09-16T19:55:00+00:00
2026-09-16T20:19:00+00:00,KBOS,Boston,78.98,2026-09-16T19:54:00+00:00
2026-09-16T20:19:00+00:00,KBOS,Boston,78.8,2026-09-16T19:50:00+00:00
2026-09-16T20:19:00+00:00,KMSP,Minneapolis,73.4,2026-09-16T20:00:00+00:00
2026-09-16T20:19:00+00:00,KMSP,Minneapolis,73.4,2026-09-16T19:55:00+00:00
2026-09-16T20:19:00+00:00,KMSP,Minneapolis,73.94,2026-09-16T19:53:00+00:00
2026-09-16T20:19:00+00:00,KMSP,Minneapolis,73.4,2026-09-16T19:50:00+00:00
2026-09-16T20:19:00+00:00,KMSP,Minneapolis,75.2,2026-09-16T19:45:00+00:00
2026-09-16T20:19:00+00:00,KSAT,San Antonio,96.8,2026-09-16T20:05:00+00:00
2026-09-16T20:19:00+00:00,KSAT,San Antonio,96.8,2026-09-16T20:00:00+00:00
2026-09-16T20:19:00+00:00,KSAT,San Antonio,96.8,2026-09-16T19:55:00+00:00
2026-09-16T20:19:00+00:00,KSAT,San Antonio,96.08,2026-09-16T19:51:00+00:00
2026-09-16T20:19:00+00:00,KSAT,San Antonio,96.8,2026-09-16T19:50:00+00:00
2026-09-16T20:19:00+00:00,KSAT,San Antonio,95.0,2026-09-16T19:45:00+00:00
2026-09-16T20:19:00+00:00,KMSY,New Orleans,91.4,2026-09-16T20:05:00+00:00
2026-09-16T20:19:00+00:00,KMSY,New Orleans,89.6,2026-09-16T20:00:00+00:00
2026-09-16T20:19:00+00:00,KMSY,New Orleans,89.6,2026-09-16T19:55:00+00:00
2026-09-16T20:19:00+00:00,KMSY,New Orleans,89.96,2026-09-16T19:53:00+00:00
2026-09-16T20:19:00+00:00,KMSY,New Orleans,91.4,2026-09-16T19:50:00+00:00
2026-09-16T20:19:00+00:00,KHOU,Houston,93.2,2026-09-16T20:05:00+00:00
2026-09-16T20:19:00+00:00,KHOU,Houston,93.2,2026-09-16T20:00:00+00:00
2026-09-16T20:19:00+00:00,KHOU,Houston,91.4,2026-09-16T19:55:00+00:00
2026-09-16T20:19:00+00:00,KHOU,Houston,91.94,2026-09-16T19:53:00+00:00
2026-09-16T20:19:00+00:00,KHOU,Houston,91.4,2026-09-16T19:50:00+00:00
2026-09-16T20:24:05+00:00,KMIA,Miami,91.4,2026-09-16T20:10:00+00:00
2026-09-16T20:24:05+00:00,KMIA,Miami,89.6,2026-09-16T20:05:00+00:00
2026-09-16T20:24:05+00:00,KDEN,Denver,80.59,2026-09-16T20:10:00+00:00
2026-09-16T20:24:05+00:00,KLAX,Los Angeles,77.0,2026-09-16T20:10:00+00:00
2026-09-16T20:24:05+00:00,KDFW,Dallas,98.6,2026-09-16T20:05:00+00:00
2026-09-16T20:24:05+00:00,KMSP,Minneapolis,73.4,2026-09-16T20:05:00+00:00
2026-09-16T20:34:00+00:00,KMIA,Miami,89.6,2026-09-16T20:20:00+00:00
2026-09-16T20:34:00+00:00,KMIA,Miami,89.6,2026-09-16T20:15:00+00:00
2026-09-16T20:34:00+00:00,KMIA,Miami,91.4,2026-09-16T20:10:00+00:00
2026-09-16T20:34:00+00:00,KMIA,Miami,89.6,2026-09-16T20:05:00+00:00
2026-09-16T20:34:00+00:00,KDEN,Denver,82.4,2026-09-16T20:15:00+00:00
2026-09-16T20:34:00+00:00,KDEN,Denver,80.59,2026-09-16T20:10:00+00:00
2026-09-16T20:34:00+00:00,KLAX,Los Angeles,78.8,2026-09-16T20:15:00+00:00
2026-09-16T20:34:00+00:00,KLAX,Los Angeles,77.0,2026-09-16T20:10:00+00:00
2026-09-16T20:34:00+00:00,KPHL,Philadelphia,82.4,2026-09-16T20:15:00+00:00
2026-09-16T20:34:00+00:00,KAUS,Austin,96.8,2026-09-16T20:10:00+00:00
2026-09-16T20:34:00+00:00,KMDW,Chicago,73.4,2026-09-16T20:20:00+00:00
2026-09-16T20:34:00+00:00,KMDW,Chicago,73.4,2026-09-16T20:15:00+00:00
2026-09-16T20:34:00+00:00,KSFO,San Francisco,66.2,2026-09-16T20:15:00+00:00
2026-09-16T20:34:00+00:00,KPHX,Phoenix,82.4,2026-09-16T20:00:00+00:00
2026-09-16T20:34:00+00:00,KDCA,Washington DC,82.4,2026-09-16T20:15:00+00:00
2026-09-16T20:34:00+00:00,KATL,Atlanta,87.8,2026-09-16T20:20:00+00:00
2026-09-16T20:34:00+00:00,KATL,Atlanta,87.8,2026-09-16T20:15:00+00:00
2026-09-16T20:34:00+00:00,KDFW,Dallas,96.8,2026-09-16T20:10:00+00:00
2026-09-16T20:34:00+00:00,KDFW,Dallas,98.6,2026-09-16T20:05:00+00:00
2026-09-16T20:34:00+00:00,KSEA,Seattle,71.59,2026-09-16T20:20:00+00:00
2026-09-16T20:34:00+00:00,KSEA,Seattle,71.59,2026-09-16T20:15:00+00:00
2026-09-16T20:34:00+00:00,KOKC,Oklahoma City,98.6,2026-09-16T20:15:00+00:00
2026-09-16T20:34:00+00:00,KOKC,Oklahoma City,100.4,2026-09-16T20:10:00+00:00
2026-09-16T20:34:00+00:00,KBOS,Boston,78.8,2026-09-16T20:20:00+00:00
2026-09-16T20:34:00+00:00,KBOS,Boston,78.8,2026-09-16T20:15:00+00:00
2026-09-16T20:34:00+00:00,KMSP,Minneapolis,73.4,2026-09-16T20:15:00+00:00
2026-09-16T20:34:00+00:00,KMSP,Minneapolis,73.4,2026-09-16T20:10:00+00:00
2026-09-16T20:34:00+00:00,KMSP,Minneapolis,73.4,2026-09-16T20:05:00+00:00
2026-09-16T20:34:00+00:00,KSAT,San Antonio,95.0,2026-09-16T20:15:00+00:00
2026-09-16T20:34:00+00:00,KSAT,San Antonio,96.8,2026-09-16T20:10:00+00:00
2026-09-16T20:34:00+00:00,KMSY,New Orleans,89.6,2026-09-16T20:20:00+00:00
2026-09-16T20:34:00+00:00,KMSY,New Orleans,89.6,2026-09-16T20:15:00+00:00
2026-09-16T20:34:00+00:00,KMSY,New Orleans,89.6,2026-09-16T20:10:00+00:00
2026-09-16T20:34:00+00:00,KHOU,Houston,93.2,2026-09-16T20:20:00+00:00
2026-09-16T20:34:00+00:00,KHOU,Houston,93.2,2026-09-16T20:15:00+00:00
2026-09-16T20:34:00+00:00,KHOU,Houston,93.2,2026-09-16T20:10:00+00:00
2026-09-16T20:49:00+00:00,KMIA,Miami,87.8,2026-09-16T20:25:00+00:00
2026-09-16T20:49:00+00:00,KDEN,Denver,82.4,2026-09-16T20:30:00+00:00
2026-09-16T20:49:00+00:00,KDEN,Denver,80.59,2026-09-16T20:25:00+00:00
2026-09-16T20:49:00+00:00,KDEN,Denver,82.4,2026-09-16T20:20:00+00:00
2026-09-16T20:49:00+00:00,KLAX,Los Angeles,78.8,2026-09-16T20:30:00+00:00
2026-09-16T20:49:00+00:00,KLAX,Los Angeles,78.8,2026-09-16T20:25:00+00:00
2026-09-16T20:49:00+00:00,KLAX,Los Angeles,77.0,2026-09-16T20:20:00+00:00
2026-09-16T20:49:00+00:00,KPHL,Philadelphia,82.4,2026-09-16T20:25:00+00:00
2026-09-16T20:49:00+00:00,KPHL,Philadelphia,82.4,2026-09-16T20:20:00+00:00
2026-09-16T20:49:00+00:00,KAUS,Austin,98.6,2026-09-16T20:30:00+00:00
2026-09-16T20:49:00+00:00,KAUS,Austin,98.6,2026-09-16T20:25:00+00:00
2026-09-16T20:49:00+00:00,KAUS,Austin,98.6,2026-09-16T20:20:00+00:00
2026-09-16T20:49:00+00:00,KAUS,Austin,98.6,2026-09-16T20:15:00+00:00
2026-09-16T20:49:00+00:00,KMDW,Chicago,73.4,2026-09-16T20:25:00+00:00
2026-09-16T20:49:00+00:00,KSFO,San Francisco,64.4,2026-09-16T20:30:00+00:00
2026-09-16T20:49:00+00:00,KSFO,San Francisco,64.4,2026-09-16T20:25:00+00:00
2026-09-16T20:49:00+00:00,KSFO,San Francisco,64.4,2026-09-16T20:20:00+00:00
2026-09-16T20:49:00+00:00,KDCA,Washington DC,82.4,2026-09-16T20:25:00+00:00
2026-09-16T20:49:00+00:00,KDCA,Washington DC,82.4,2026-09-16T20:20:00+00:00
2026-09-16T20:49:00+00:00,KATL,Atlanta,87.8,2026-09-16T20:30:00+00:00
2026-09-16T20:49:00+00:00,KATL,Atlanta,87.8,2026-09-16T20:25:00+00:00
2026-09-16T20:49:00+00:00,KDFW,Dallas,98.6,2026-09-16T20:30:00+00:00
2026-09-16T20:49:00+00:00,KDFW,Dallas,98.6,2026-09-16T20:25:00+00:00
2026-09-16T20:49:00+00:00,KDFW,Dallas,98.6,2026-09-16T20:20:00+00:00
2026-09-16T20:49:00+00:00,KDFW,Dallas,98.6,2026-09-16T20:15:00+00:00
2026-09-16T20:49:00+00:00,KSEA,Seattle,71.59,2026-09-16T20:30:00+00:00
2026-09-16T20:49:00+00:00,KSEA,Seattle,71.59,2026-09-16T20:25:00+00:00
2026-09-16T20:49:00+00:00,KLAS,Las Vegas,96.8,2026-09-16T20:30:00+00:00
2026-09-16T20:49:00+00:00,KLAS,Las Vegas,96.8,2026-09-16T20:25:00+00:00
2026-09-16T20:49:00+00:00,KLAS,Las Vegas,96.8,2026-09-16T20:20:00+00:00
2026-09-16T20:49:00+00:00,KLAS,Las Vegas,96.8,2026-09-16T20:15:00+00:00
2026-09-16T20:49:00+00:00,KOKC,Oklahoma City,98.6,2026-09-16T20:30:00+00:00
2026-09-16T20:49:00+00:00,KOKC,Oklahoma City,98.6,2026-09-16T20:25:00+00:00
2026-09-16T20:49:00+00:00,KOKC,Oklahoma City,98.6,2026-09-16T20:20:00+00:00
2026-09-16T20:49:00+00:00,KBOS,Boston,80.59,2026-09-16T20:25:00+00:00
2026-09-16T20:49:00+00:00,KMSP,Minneapolis,73.4,2026-09-16T20:30:00+00:00
2026-09-16T20:49:00+00:00,KMSP,Minneapolis,73.4,2026-09-16T20:20:00+00:00
2026-09-16T20:49:00+00:00,KSAT,San Antonio,95.0,2026-09-16T20:30:00+00:00
2026-09-16T20:49:00+00:00,KSAT,San Antonio,95.0,2026-09-16T20:25:00+00:00
2026-09-16T20:49:00+00:00,KSAT,San Antonio,96.8,2026-09-16T20:20:00+00:00
2026-09-16T20:49:00+00:00,KMSY,New Orleans,89.6,2026-09-16T20:30:00+00:00
2026-09-16T20:49:00+00:00,KMSY,New Orleans,89.6,2026-09-16T20:25:00+00:00
2026-09-16T20:49:00+00:00,KHOU,Houston,93.2,2026-09-16T20:30:00+00:00
2026-09-16T20:49:00+00:00,KHOU,Houston,93.2,2026-09-16T20:25:00+00:00
2026-09-16T21:04:00+00:00,KMIA,Miami,89.6,2026-09-16T20:40:00+00:00
2026-09-16T21:04:00+00:00,KMIA,Miami,89.6,2026-09-16T20:35:00+00:00
2026-09-16T21:04:00+00:00,KMIA,Miami,89.6,2026-09-16T20:30:00+00:00
2026-09-16T21:04:00+00:00,KDEN,Denver,80.59,2026-09-16T20:45:00+00:00
2026-09-16T21:04:00+00:00,KDEN,Denver,80.59,2026-09-16T20:40:00+00:00
2026-09-16T21:04:00+00:00,KDEN,Denver,80.59,2026-09-16T20:35:00+00:00
2026-09-16T21:04:00+00:00,KLAX,Los Angeles,78.8,2026-09-16T20:40:00+00:00
2026-09-16T21:04:00+00:00,KLAX,Los Angeles,78.8,2026-09-16T20:35:00+00:00
2026-09-16T21:04:00+00:00,KPHL,Philadelphia,82.4,2026-09-16T20:40:00+00:00
2026-09-16T21:04:00+00:00,KPHL,Philadelphia,82.4,2026-09-16T20:35:00+00:00
2026-09-16T21:04:00+00:00,KPHL,Philadelphia,82.4,2026-09-16T20:30:00+00:00
2026-09-16T21:04:00+00:00,KAUS,Austin,96.8,2026-09-16T20:40:00+00:00
2026-09-16T21:04:00+00:00,KAUS,Austin,96.8,2026-09-16T20:35:00+00:00
2026-09-16T21:04:00+00:00,KMDW,Chicago,71.59,2026-09-16T20:40:00+00:00
2026-09-16T21:04:00+00:00,KMDW,Chicago,71.59,2026-09-16T20:35:00+00:00
2026-09-16T21:04:00+00:00,KMDW,Chicago,71.59,2026-09-16T20:30:00+00:00
2026-09-16T21:04:00+00:00,KSFO,San Francisco,64.4,2026-09-16T20:45:00+00:00
2026-09-16T21:04:00+00:00,KSFO,San Francisco,64.4,2026-09-16T20:40:00+00:00
2026-09-16T21:04:00+00:00,KSFO,San Francisco,64.4,2026-09-16T20:35:00+00:00
2026-09-16T21:04:00+00:00,KPHX,Phoenix,80.59,2026-09-16T20:20:00+00:00
2026-09-16T21:04:00+00:00,KPHX,Phoenix,80.59,2026-09-16T20:15:00+00:00
2026-09-16T21:04:00+00:00,KPHX,Phoenix,80.06,2026-09-16T20:14:00+00:00
2026-09-16T21:04:00+00:00,KPHX,Phoenix,80.59,2026-09-16T20:10:00+00:00
2026-09-16T21:04:00+00:00,KPHX,Phoenix,80.59,2026-09-16T20:05:00+00:00
2026-09-16T21:04:00+00:00,KDCA,Washington DC,82.4,2026-09-16T20:40:00+00:00
2026-09-16T21:04:00+00:00,KDCA,Washington DC,82.4,2026-09-16T20:35:00+00:00
2026-09-16T21:04:00+00:00,KDCA,Washington DC,82.4,2026-09-16T20:30:00+00:00
2026-09-16T21:04:00+00:00,KATL,Atlanta,87.8,2026-09-16T20:40:00+00:00
2026-09-16T21:04:00+00:00,KATL,Atlanta,87.8,2026-09-16T20:35:00+00:00
2026-09-16T21:04:00+00:00,KDFW,Dallas,96.8,2026-09-16T20:45:00+00:00
2026-09-16T21:04:00+00:00,KDFW,Dallas,96.8,2026-09-16T20:40:00+00:00
2026-09-16T21:04:00+00:00,KDFW,Dallas,98.6,2026-09-16T20:35:00+00:00
2026-09-16T21:04:00+00:00,KSEA,Seattle,71.59,2026-09-16T20:40:00+00:00
2026-09-16T21:04:00+00:00,KSEA,Seattle,71.59,2026-09-16T20:35:00+00:00
2026-09-16T21:04:00+00:00,KLAS,Las Vegas,96.8,2026-09-16T20:45:00+00:00
2026-09-16T21:04:00+00:00,KLAS,Las Vegas,96.8,2026-09-16T20:40:00+00:00
2026-09-16T21:04:00+00:00,KLAS,Las Vegas,96.8,2026-09-16T20:35:00+00:00
2026-09-16T21:04:00+00:00,KOKC,Oklahoma City,100.4,2026-09-16T20:40:00+00:00
2026-09-16T21:04:00+00:00,KOKC,Oklahoma City,98.6,2026-09-16T20:35:00+00:00
2026-09-16T21:04:00+00:00,KBOS,Boston,78.8,2026-09-16T20:45:00+00:00
2026-09-16T21:04:00+00:00,KBOS,Boston,78.8,2026-09-16T20:35:00+00:00
2026-09-16T21:04:00+00:00,KBOS,Boston,78.8,2026-09-16T20:30:00+00:00
2026-09-16T21:04:00+00:00,KMSP,Minneapolis,75.2,2026-09-16T20:40:00+00:00
2026-09-16T21:04:00+00:00,KMSP,Minneapolis,73.4,2026-09-16T20:35:00+00:00
2026-09-16T21:04:00+00:00,KSAT,San Antonio,93.2,2026-09-16T20:45:00+00:00
2026-09-16T21:04:00+00:00,KSAT,San Antonio,96.8,2026-09-16T20:40:00+00:00
2026-09-16T21:04:00+00:00,KSAT,San Antonio,93.2,2026-09-16T20:35:00+00:00
2026-09-16T21:04:00+00:00,KMSY,New Orleans,89.6,2026-09-16T20:45:00+00:00
2026-09-16T21:04:00+00:00,KMSY,New Orleans,89.6,2026-09-16T20:40:00+00:00
2026-09-16T21:04:00+00:00,KMSY,New Orleans,89.6,2026-09-16T20:35:00+00:00
2026-09-16T21:04:00+00:00,KHOU,Houston,93.2,2026-09-16T20:40:00+00:00
2026-09-16T21:04:00+00:00,KHOU,Houston,93.2,2026-09-16T20:35:00+00:00
2026-09-16T21:19:00+00:00,KNYC,New York City,73.94,2026-09-16T20:51:00+00:00
2026-09-16T21:19:00+00:00,KMIA,Miami,89.6,2026-09-16T21:05:00+00:00
2026-09-16T21:19:00+00:00,KMIA,Miami,89.6,2026-09-16T21:00:00+00:00
2026-09-16T21:19:00+00:00,KMIA,Miami,89.6,2026-09-16T20:55:00+00:00
2026-09-16T21:19:00+00:00,KMIA,Miami,89.06,2026-09-16T20:53:00+00:00
2026-09-16T21:19:00+00:00,KMIA,Miami,89.6,2026-09-16T20:50:00+00:00
2026-09-16T21:19:00+00:00,KMIA,Miami,89.6,2026-09-16T20:45:00+00:00
2026-09-16T21:19:00+00:00,KDEN,Denver,82.4,2026-09-16T21:00:00+00:00
2026-09-16T21:19:00+00:00,KDEN,Denver,80.59,2026-09-16T20:55:00+00:00
2026-09-16T21:19:00+00:00,KDEN,Denver,80.95,2026-09-16T20:53:00+00:00
2026-09-16T21:19:00+00:00,KDEN,Denver,80.59,2026-09-16T20:50:00+00:00
2026-09-16T21:19:00+00:00,KLAX,Los Angeles,77.0,2026-09-16T21:00:00+00:00
2026-09-16T21:19:00+00:00,KLAX,Los Angeles,78.8,2026-09-16T20:55:00+00:00
2026-09-16T21:19:00+00:00,KLAX,Los Angeles,78.08,2026-09-16T20:53:00+00:00
2026-09-16T21:19:00+00:00,KLAX,Los Angeles,78.8,2026-09-16T20:50:00+00:00
2026-09-16T21:19:00+00:00,KLAX,Los Angeles,78.8,2026-09-16T20:45:00+00:00
2026-09-16T21:19:00+00:00,KPHL,Philadelphia,82.4,2026-09-16T21:05:00+00:00
2026-09-16T21:19:00+00:00,KPHL,Philadelphia,82.4,2026-09-16T21:00:00+00:00
2026-09-16T21:19:00+00:00,KPHL,Philadelphia,82.4,2026-09-16T20:55:00+00:00
2026-09-16T21:19:00+00:00,KPHL,Philadelphia,82.94,2026-09-16T20:54:00+00:00
2026-09-16T21:19:00+00:00,KPHL,Philadelphia,82.4,2026-09-16T20:50:00+00:00
2026-09-16T21:19:00+00:00,KPHL,Philadelphia,82.4,2026-09-16T20:45:00+00:00
2026-09-16T21:19:00+00:00,KAUS,Austin,98.6,2026-09-16T20:55:00+00:00
2026-09-16T21:19:00+00:00,KAUS,Austin,98.96,2026-09-16T20:53:00+00:00
2026-09-16T21:19:00+00:00,KAUS,Austin,98.6,2026-09-16T20:50:00+00:00
2026-09-16T21:19:00+00:00,KAUS,Austin,98.6,2026-09-16T20:45:00+00:00
2026-09-16T21:19:00+00:00,KMDW,Chicago,71.59,2026-09-16T21:05:00+00:00
2026-09-16T21:19:00+00:00,KMDW,Chicago,71.59,2026-09-16T21:00:00+00:00
2026-09-16T21:19:00+00:00,KMDW,Chicago,71.59,2026-09-16T20:55:00+00:00
2026-09-16T21:19:00+00:00,KMDW,Chicago,71.06,2026-09-16T20:53:00+00:00
2026-09-16T21:19:00+00:00,KMDW,Chicago,71.59,2026-09-16T20:50:00+00:00
2026-09-16T21:19:00+00:00,KMDW,Chicago,71.59,2026-09-16T20:45:00+00:00
2026-09-16T21:19:00+00:00,KSFO,San Francisco,64.4,2026-09-16T21:00:00+00:00
2026-09-16T21:19:00+00:00,KSFO,San Francisco,64.04,2026-09-16T20:56:00+00:00
2026-09-16T21:19:00+00:00,KSFO,San Francisco,64.4,2026-09-16T20:55:00+00:00
2026-09-16T21:19:00+00:00,KSFO,San Francisco,64.4,2026-09-16T20:50:00+00:00
2026-09-16T21:19:00+00:00,KPHX,Phoenix,80.59,2026-09-16T21:00:00+00:00
2026-09-16T21:19:00+00:00,KPHX,Phoenix,78.08,2026-09-16T20:51:00+00:00
2026-09-16T21:19:00+00:00,KPHX,Phoenix,78.8,2026-09-16T20:50:00+00:00
2026-09-16T21:19:00+00:00,KPHX,Phoenix,78.8,2026-09-16T20:45:00+00:00
2026-09-16T21:19:00+00:00,KPHX,Phoenix,78.8,2026-09-16T20:40:00+00:00
2026-09-16T21:19:00+00:00,KPHX,Phoenix,78.08,2026-09-16T20:36:00+00:00
2026-09-16T21:19:00+00:00,KPHX,Phoenix,78.8,2026-09-16T20:35:00+00:00
2026-09-16T21:19:00+00:00,KPHX,Phoenix,78.8,2026-09-16T20:30:00+00:00
2026-09-16T21:19:00+00:00,KPHX,Phoenix,78.8,2026-09-16T20:25:00+00:00
2026-09-16T21:19:00+00:00,KDCA,Washington DC,82.4,2026-09-16T21:05:00+00:00
2026-09-16T21:19:00+00:00,KDCA,Washington DC,82.4,2026-09-16T21:00:00+00:00
2026-09-16T21:19:00+00:00,KDCA,Washington DC,82.4,2026-09-16T20:55:00+00:00
2026-09-16T21:19:00+00:00,KDCA,Washington DC,82.94,2026-09-16T20:52:00+00:00
2026-09-16T21:19:00+00:00,KDCA,Washington DC,82.4,2026-09-16T20:50:00+00:00
2026-09-16T21:19:00+00:00,KDCA,Washington DC,82.4,2026-09-16T20:45:00+00:00
2026-09-16T21:19:00+00:00,KATL,Atlanta,86.0,2026-09-16T21:05:00+00:00
2026-09-16T21:19:00+00:00,KATL,Atlanta,87.8,2026-09-16T21:00:00+00:00
2026-09-16T21:19:00+00:00,KATL,Atlanta,87.08,2026-09-16T20:52:00+00:00
2026-09-16T21:19:00+00:00,KATL,Atlanta,87.8,2026-09-16T20:50:00+00:00
2026-09-16T21:19:00+00:00,KATL,Atlanta,87.8,2026-09-16T20:45:00+00:00
2026-09-16T21:19:00+00:00,KDFW,Dallas,98.6,2026-09-16T20:55:00+00:00
2026-09-16T21:19:00+00:00,KDFW,Dallas,98.06,2026-09-16T20:53:00+00:00
2026-09-16T21:19:00+00:00,KDFW,Dallas,98.6,2026-09-16T20:50:00+00:00
2026-09-16T21:19:00+00:00,KSEA,Seattle,71.59,2026-09-16T21:00:00+00:00
2026-09-16T21:19:00+00:00,KSEA,Seattle,71.59,2026-09-16T20:55:00+00:00
2026-09-16T21:19:00+00:00,KSEA,Seattle,71.95,2026-09-16T20:53:00+00:00
2026-09-16T21:19:00+00:00,KSEA,Seattle,71.59,2026-09-16T20:45:00+00:00
2026-09-16T21:19:00+00:00,KLAS,Las Vegas,96.8,2026-09-16T21:00:00+00:00
2026-09-16T21:19:00+00:00,KLAS,Las Vegas,96.08,2026-09-16T20:56:00+00:00
2026-09-16T21:19:00+00:00,KLAS,Las Vegas,96.8,2026-09-16T20:55:00+00:00
2026-09-16T21:19:00+00:00,KLAS,Las Vegas,96.8,2026-09-16T20:50:00+00:00
2026-09-16T21:19:00+00:00,KOKC,Oklahoma City,98.6,2026-09-16T20:55:00+00:00
2026-09-16T21:19:00+00:00,KOKC,Oklahoma City,100.04,2026-09-16T20:52:00+00:00
2026-09-16T21:19:00+00:00,KOKC,Oklahoma City,98.6,2026-09-16T20:50:00+00:00
2026-09-16T21:19:00+00:00,KOKC,Oklahoma City,98.6,2026-09-16T20:45:00+00:00
2026-09-16T21:19:00+00:00,KBOS,Boston,78.8,2026-09-16T21:05:00+00:00
2026-09-16T21:19:00+00:00,KBOS,Boston,78.8,2026-09-16T21:00:00+00:00
2026-09-16T21:19:00+00:00,KBOS,Boston,78.8,2026-09-16T20:55:00+00:00
2026-09-16T21:19:00+00:00,KBOS,Boston,78.08,2026-09-16T20:54:00+00:00
2026-09-16T21:19:00+00:00,KMSP,Minneapolis,73.4,2026-09-16T20:55:00+00:00
2026-09-16T21:19:00+00:00,KMSP,Minneapolis,73.94,2026-09-16T20:53:00+00:00
2026-09-16T21:19:00+00:00,KMSP,Minneapolis,73.4,2026-09-16T20:50:00+00:00
2026-09-16T21:19:00+00:00,KMSP,Minneapolis,73.4,2026-09-16T20:45:00+00:00
2026-09-16T21:19:00+00:00,KSAT,San Antonio,96.8,2026-09-16T20:55:00+00:00
2026-09-16T21:19:00+00:00,KSAT,San Antonio,95.0,2026-09-16T20:51:00+00:00
2026-09-16T21:19:00+00:00,KSAT,San Antonio,95.0,2026-09-16T20:50:00+00:00
2026-09-16T21:19:00+00:00,KMSY,New Orleans,89.6,2026-09-16T20:55:00+00:00
2026-09-16T21:19:00+00:00,KMSY,New Orleans,89.06,2026-09-16T20:53:00+00:00
2026-09-16T21:19:00+00:00,KMSY,New Orleans,89.6,2026-09-16T20:50:00+00:00
2026-09-16T21:19:00+00:00,KHOU,Houston,93.2,2026-09-16T20:55:00+00:00
2026-09-16T21:19:00+00:00,KHOU,Houston,93.02,2026-09-16T20:53:00+00:00
2026-09-16T21:19:00+00:00,KHOU,Houston,93.2,2026-09-16T20:50:00+00:00
2026-09-16T21:19:00+00:00,KHOU,Houston,93.2,2026-09-16T20:45:00+00:00
2026-09-16T21:34:00+00:00,KMIA,Miami,87.8,2026-09-16T21:20:00+00:00
2026-09-16T21:34:00+00:00,KMIA,Miami,89.6,2026-09-16T21:15:00+00:00
2026-09-16T21:34:00+00:00,KMIA,Miami,89.6,2026-09-16T21:10:00+00:00
2026-09-16T21:34:00+00:00,KDEN,Denver,80.59,2026-09-16T21:20:00+00:00
2026-09-16T21:34:00+00:00,KDEN,Denver,80.59,2026-09-16T21:15:00+00:00
2026-09-16T21:34:00+00:00,KDEN,Denver,80.59,2026-09-16T21:10:00+00:00
2026-09-16T21:34:00+00:00,KDEN,Denver,80.59,2026-09-16T21:05:00+00:00
2026-09-16T21:34:00+00:00,KDEN,Denver,82.04,2026-09-16T21:01:00+00:00
2026-09-16T21:34:00+00:00,KLAX,Los Angeles,77.0,2026-09-16T21:15:00+00:00
2026-09-16T21:34:00+00:00,KLAX,Los Angeles,77.0,2026-09-16T21:10:00+00:00
2026-09-16T21:34:00+00:00,KLAX,Los Angeles,78.8,2026-09-16T21:05:00+00:00
2026-09-16T21:34:00+00:00,KPHL,Philadelphia,82.4,2026-09-16T21:15:00+00:00
2026-09-16T21:34:00+00:00,KPHL,Philadelphia,82.4,2026-09-16T21:10:00+00:00
2026-09-16T21:34:00+00:00,KAUS,Austin,96.8,2026-09-16T21:15:00+00:00
2026-09-16T21:34:00+00:00,KAUS,Austin,98.6,2026-09-16T21:10:00+00:00
2026-09-16T21:34:00+00:00,KAUS,Austin,96.8,2026-09-16T21:05:00+00:00
2026-09-16T21:34:00+00:00,KAUS,Austin,98.6,2026-09-16T21:00:00+00:00
2026-09-16T21:34:00+00:00,KMDW,Chicago,69.8,2026-09-16T21:20:00+00:00
2026-09-16T21:34:00+00:00,KMDW,Chicago,69.8,2026-09-16T21:15:00+00:00
2026-09-16T21:34:00+00:00,KMDW,Chicago,69.8,2026-09-16T21:10:00+00:00
2026-09-16T21:34:00+00:00,KSFO,San Francisco,64.4,2026-09-16T21:15:00+00:00
2026-09-16T21:34:00+00:00,KSFO,San Francisco,64.4,2026-09-16T21:10:00+00:00
2026-09-16T21:34:00+00:00,KSFO,San Francisco,64.4,2026-09-16T21:05:00+00:00
2026-09-16T21:34:00+00:00,KPHX,Phoenix,78.8,2026-09-16T21:20:00+00:00
2026-09-16T21:34:00+00:00,KPHX,Phoenix,78.8,2026-09-16T21:15:00+00:00
2026-09-16T21:34:00+00:00,KPHX,Phoenix,78.8,2026-09-16T21:10:00+00:00
2026-09-16T21:34:00+00:00,KPHX,Phoenix,78.8,2026-09-16T21:05:00+00:00
2026-09-16T21:34:00+00:00,KPHX,Phoenix,78.8,2026-09-16T20:55:00+00:00
2026-09-16T21:34:00+00:00,KDCA,Washington DC,82.4,2026-09-16T21:15:00+00:00
2026-09-16T21:34:00+00:00,KDCA,Washington DC,82.4,2026-09-16T21:10:00+00:00
2026-09-16T21:34:00+00:00,KATL,Atlanta,86.0,2026-09-16T21:15:00+00:00
2026-09-16T21:34:00+00:00,KATL,Atlanta,86.0,2026-09-16T21:10:00+00:00
2026-09-16T21:34:00+00:00,KATL,Atlanta,86.0,2026-09-16T20:55:00+00:00
2026-09-16T21:34:00+00:00,KDFW,Dallas,100.4,2026-09-16T21:20:00+00:00
2026-09-16T21:34:00+00:00,KDFW,Dallas,98.6,2026-09-16T21:15:00+00:00
2026-09-16T21:34:00+00:00,KDFW,Dallas,98.6,2026-09-16T21:10:00+00:00
2026-09-16T21:34:00+00:00,KDFW,Dallas,98.6,2026-09-16T21:05:00+00:00
2026-09-16T21:34:00+00:00,KDFW,Dallas,98.6,2026-09-16T21:00:00+00:00
2026-09-16T21:34:00+00:00,KSEA,Seattle,73.4,2026-09-16T21:10:00+00:00
2026-09-16T21:34:00+00:00,KSEA,Seattle,71.59,2026-09-16T21:05:00+00:00
2026-09-16T21:34:00+00:00,KLAS,Las Vegas,96.8,2026-09-16T21:20:00+00:00
2026-09-16T21:34:00+00:00,KLAS,Las Vegas,96.8,2026-09-16T21:15:00+00:00
2026-09-16T21:34:00+00:00,KLAS,Las Vegas,96.8,2026-09-16T21:10:00+00:00
2026-09-16T21:34:00+00:00,KLAS,Las Vegas,96.8,2026-09-16T21:05:00+00:00
2026-09-16T21:34:00+00:00,KOKC,Oklahoma City,98.6,2026-09-16T21:15:00+00:00
2026-09-16T21:34:00+00:00,KOKC,Oklahoma City,100.4,2026-09-16T21:10:00+00:00
2026-09-16T21:34:00+00:00,KOKC,Oklahoma City,100.4,2026-09-16T21:05:00+00:00
2026-09-16T21:34:00+00:00,KOKC,Oklahoma City,98.6,2026-09-16T21:00:00+00:00
2026-09-16T21:34:00+00:00,KBOS,Boston,77.0,2026-09-16T21:20:00+00:00
2026-09-16T21:34:00+00:00,KBOS,Boston,75.2,2026-09-16T21:15:00+00:00
2026-09-16T21:34:00+00:00,KBOS,Boston,77.0,2026-09-16T21:10:00+00:00
2026-09-16T21:34:00+00:00,KMSP,Minneapolis,73.4,2026-09-16T21:20:00+00:00
2026-09-16T21:34:00+00:00,KMSP,Minneapolis,75.2,2026-09-16T21:15:00+00:00
2026-09-16T21:34:00+00:00,KMSP,Minneapolis,73.4,2026-09-16T21:10:00+00:00
2026-09-16T21:34:00+00:00,KMSP,Minneapolis,73.4,2026-09-16T21:05:00+00:00
2026-09-16T21:34:00+00:00,KMSP,Minneapolis,73.4,2026-09-16T21:00:00+00:00
2026-09-16T21:34:00+00:00,KSAT,San Antonio,96.8,2026-09-16T21:15:00+00:00
2026-09-16T21:34:00+00:00,KSAT,San Antonio,96.8,2026-09-16T21:10:00+00:00
2026-09-16T21:34:00+00:00,KSAT,San Antonio,96.8,2026-09-16T21:05:00+00:00
2026-09-16T21:34:00+00:00,KSAT,San Antonio,96.8,2026-09-16T21:00:00+00:00
2026-09-16T21:34:00+00:00,KMSY,New Orleans,87.8,2026-09-16T21:20:00+00:00
2026-09-16T21:34:00+00:00,KMSY,New Orleans,87.8,2026-09-16T21:15:00+00:00
2026-09-16T21:34:00+00:00,KMSY,New Orleans,89.6,2026-09-16T21:10:00+00:00
2026-09-16T21:34:00+00:00,KMSY,New Orleans,89.6,2026-09-16T21:05:00+00:00
2026-09-16T21:34:00+00:00,KMSY,New Orleans,89.6,2026-09-16T21:00:00+00:00
2026-09-16T21:34:00+00:00,KHOU,Houston,93.2,2026-09-16T21:15:00+00:00
2026-09-16T21:34:00+00:00,KHOU,Houston,93.2,2026-09-16T21:10:00+00:00
2026-09-16T21:34:00+00:00,KHOU,Houston,93.2,2026-09-16T21:05:00+00:00
2026-09-16T21:34:00+00:00,KHOU,Houston,93.2,2026-09-16T21:00:00+00:00
2026-09-16T21:49:00+00:00,KMIA,Miami,87.8,2026-09-16T21:25:00+00:00
2026-09-16T21:49:00+00:00,KDEN,Denver,80.59,2026-09-16T21:30:00+00:00
2026-09-16T21:49:00+00:00,KDEN,Denver,80.59,2026-09-16T21:25:00+00:00
2026-09-16T21:49:00+00:00,KLAX,Los Angeles,77.0,2026-09-16T21:25:00+00:00
2026-09-16T21:49:00+00:00,KLAX,Los Angeles,77.0,2026-09-16T21:20:00+00:00
2026-09-16T21:49:00+00:00,KPHL,Philadelphia,82.4,2026-09-16T21:35:00+00:00
2026-09-16T21:49:00+00:00,KPHL,Philadelphia,82.4,2026-09-16T21:30:00+00:00
2026-09-16T21:49:00+00:00,KPHL,Philadelphia,82.4,2026-09-16T21:25:00+00:00
2026-09-16T21:49:00+00:00,KPHL,Philadelphia,82.4,2026-09-16T21:20:00+00:00
2026-09-16T21:49:00+00:00,KAUS,Austin,96.8,2026-09-16T21:25:00+00:00
2026-09-16T21:49:00+00:00,KAUS,Austin,96.8,2026-09-16T21:20:00+00:00
2026-09-16T21:49:00+00:00,KMDW,Chicago,69.8,2026-09-16T21:30:00+00:00
2026-09-16T21:49:00+00:00,KMDW,Chicago,69.8,2026-09-16T21:25:00+00:00
2026-09-16T21:49:00+00:00,KSFO,San Francisco,64.4,2026-09-16T21:30:00+00:00
2026-09-16T21:49:00+00:00,KSFO,San Francisco,64.4,2026-09-16T21:25:00+00:00
2026-09-16T21:49:00+00:00,KSFO,San Francisco,64.4,2026-09-16T21:20:00+00:00
2026-09-16T21:49:00+00:00,KPHX,Phoenix,78.8,2026-09-16T21:30:00+00:00
2026-09-16T21:49:00+00:00,KPHX,Phoenix,78.8,2026-09-16T21:25:00+00:00
2026-09-16T21:49:00+00:00,KPHX,Phoenix,78.98,2026-09-16T21:21:00+00:00
2026-09-16T21:49:00+00:00,KDCA,Washington DC,82.4,2026-09-16T21:30:00+00:00
2026-09-16T21:49:00+00:00,KDCA,Washington DC,82.4,2026-09-16T21:25:00+00:00
2026-09-16T21:49:00+00:00,KDCA,Washington DC,82.4,2026-09-16T21:20:00+00:00
2026-09-16T21:49:00+00:00,KATL,Atlanta,86.0,2026-09-16T21:30:00+00:00
2026-09-16T21:49:00+00:00,KATL,Atlanta,86.0,2026-09-16T21:25:00+00:00
2026-09-16T21:49:00+00:00,KATL,Atlanta,86.0,2026-09-16T21:20:00+00:00
2026-09-16T21:49:00+00:00,KDFW,Dallas,100.4,2026-09-16T21:30:00+00:00
2026-09-16T21:49:00+00:00,KDFW,Dallas,100.4,2026-09-16T21:25:00+00:00
2026-09-16T21:49:00+00:00,KSEA,Seattle,73.4,2026-09-16T21:25:00+00:00
2026-09-16T21:49:00+00:00,KSEA,Seattle,73.4,2026-09-16T21:20:00+00:00
2026-09-16T21:49:00+00:00,KLAS,Las Vegas,96.8,2026-09-16T21:30:00+00:00
2026-09-16T21:49:00+00:00,KLAS,Las Vegas,96.8,2026-09-16T21:25:00+00:00
2026-09-16T21:49:00+00:00,KOKC,Oklahoma City,100.4,2026-09-16T21:30:00+00:00
2026-09-16T21:49:00+00:00,KOKC,Oklahoma City,100.4,2026-09-16T21:25:00+00:00
2026-09-16T21:49:00+00:00,KOKC,Oklahoma City,98.6,2026-09-16T21:20:00+00:00
2026-09-16T21:49:00+00:00,KBOS,Boston,77.0,2026-09-16T21:30:00+00:00
2026-09-16T21:49:00+00:00,KBOS,Boston,77.0,2026-09-16T21:25:00+00:00
2026-09-16T21:49:00+00:00,KMSP,Minneapolis,75.2,2026-09-16T21:25:00+00:00
2026-09-16T21:49:00+00:00,KSAT,San Antonio,96.8,2026-09-16T21:30:00+00:00
2026-09-16T21:49:00+00:00,KSAT,San Antonio,96.8,2026-09-16T21:25:00+00:00
2026-09-16T21:49:00+00:00,KSAT,San Antonio,96.8,2026-09-16T21:20:00+00:00
2026-09-16T21:49:00+00:00,KMSY,New Orleans,87.8,2026-09-16T21:30:00+00:00
2026-09-16T21:49:00+00:00,KMSY,New Orleans,89.6,2026-09-16T21:25:00+00:00
2026-09-16T21:49:00+00:00,KHOU,Houston,93.2,2026-09-16T21:30:00+00:00
2026-09-16T21:49:00+00:00,KHOU,Houston,93.2,2026-09-16T21:25:00+00:00
2026-09-16T21:49:00+00:00,KHOU,Houston,93.2,2026-09-16T21:20:00+00:00
2026-09-16T22:04:00+00:00,KMIA,Miami,87.8,2026-09-16T21:40:00+00:00
2026-09-16T22:04:00+00:00,KMIA,Miami,89.6,2026-09-16T21:35:00+00:00
2026-09-16T22:04:00+00:00,KMIA,Miami,87.8,2026-09-16T21:30:00+00:00
2026-09-16T22:04:00+00:00,KDEN,Denver,78.8,2026-09-16T21:45:00+00:00
2026-09-16T22:04:00+00:00,KDEN,Denver,80.59,2026-09-16T21:40:00+00:00
2026-09-16T22:04:00+00:00,KDEN,Denver,80.59,2026-09-16T21:35:00+00:00
2026-09-16T22:04:00+00:00,KLAX,Los Angeles,78.8,2026-09-16T21:45:00+00:00
2026-09-16T22:04:00+00:00,KLAX,Los Angeles,77.0,2026-09-16T21:40:00+00:00
2026-09-16T22:04:00+00:00,KLAX,Los Angeles,77.0,2026-09-16T21:35:00+00:00
2026-09-16T22:04:00+00:00,KLAX,Los Angeles,77.0,2026-09-16T21:30:00+00:00
2026-09-16T22:04:00+00:00,KPHL,Philadelphia,82.4,2026-09-16T21:40:00+00:00
2026-09-16T22:04:00+00:00,KAUS,Austin,98.6,2026-09-16T21:40:00+00:00
2026-09-16T22:04:00+00:00,KAUS,Austin,96.8,2026-09-16T21:35:00+00:00
2026-09-16T22:04:00+00:00,KAUS,Austin,96.8,2026-09-16T21:30:00+00:00
2026-09-16T22:04:00+00:00,KMDW,Chicago,69.8,2026-09-16T21:40:00+00:00
2026-09-16T22:04:00+00:00,KMDW,Chicago,69.8,2026-09-16T21:35:00+00:00
2026-09-16T22:04:00+00:00,KSFO,San Francisco,64.4,2026-09-16T21:45:00+00:00
2026-09-16T22:04:00+00:00,KSFO,San Francisco,64.4,2026-09-16T21:40:00+00:00
2026-09-16T22:04:00+00:00,KSFO,San Francisco,64.4,2026-09-16T21:35:00+00:00
2026-09-16T22:04:00+00:00,KPHX,Phoenix,78.8,2026-09-16T21:45:00+00:00
2026-09-16T22:04:00+00:00,KPHX,Phoenix,78.8,2026-09-16T21:40:00+00:00
2026-09-16T22:04:00+00:00,KPHX,Phoenix,78.8,2026-09-16T21:35:00+00:00
2026-09-16T22:04:00+00:00,KDCA,Washington DC,82.4,2026-09-16T21:40:00+00:00
2026-09-16T22:04:00+00:00,KDCA,Washington DC,82.4,2026-09-16T21:35:00+00:00
2026-09-16T22:04:00+00:00,KATL,Atlanta,87.8,2026-09-16T21:40:00+00:00
2026-09-16T22:04:00+00:00,KATL,Atlanta,86.0,2026-09-16T21:35:00+00:00
2026-09-16T22:04:00+00:00,KDFW,Dallas,98.6,2026-09-16T21:45:00+00:00
2026-09-16T22:04:00+00:00,KDFW,Dallas,98.6,2026-09-16T21:40:00+00:00
2026-09-16T22:04:00+00:00,KDFW,Dallas,98.6,2026-09-16T21:35:00+00:00
2026-09-16T22:04:00+00:00,KSEA,Seattle,73.4,2026-09-16T21:40:00+00:00
2026-09-16T22:04:00+00:00,KSEA,Seattle,73.4,2026-09-16T21:35:00+00:00
2026-09-16T22:04:00+00:00,KSEA,Seattle,71.59,2026-09-16T21:30:00+00:00
2026-09-16T22:04:00+00:00,KLAS,Las Vegas,96.8,2026-09-16T21:40:00+00:00
2026-09-16T22:04:00+00:00,KLAS,Las Vegas,96.8,2026-09-16T21:35:00+00:00
2026-09-16T22:04:00+00:00,KOKC,Oklahoma City,100.4,2026-09-16T21:45:00+00:00
2026-09-16T22:04:00+00:00,KOKC,Oklahoma City,98.6,2026-09-16T21:40:00+00:00
2026-09-16T22:04:00+00:00,KOKC,Oklahoma City,100.4,2026-09-16T21:35:00+00:00
2026-09-16T22:04:00+00:00,KBOS,Boston,77.0,2026-09-16T21:45:00+00:00
2026-09-16T22:04:00+00:00,KBOS,Boston,77.0,2026-09-16T21:40:00+00:00
2026-09-16T22:04:00+00:00,KBOS,Boston,77.0,2026-09-16T21:35:00+00:00
2026-09-16T22:04:00+00:00,KMSP,Minneapolis,73.4,2026-09-16T21:40:00+00:00
2026-09-16T22:04:00+00:00,KMSP,Minneapolis,73.4,2026-09-16T21:35:00+00:00
2026-09-16T22:04:00+00:00,KSAT,San Antonio,96.8,2026-09-16T21:45:00+00:00
2026-09-16T22:04:00+00:00,KSAT,San Antonio,98.6,2026-09-16T21:40:00+00:00
2026-09-16T22:04:00+00:00,KSAT,San Antonio,96.8,2026-09-16T21:35:00+00:00
2026-09-16T22:04:00+00:00,KMSY,New Orleans,87.8,2026-09-16T21:45:00+00:00
2026-09-16T22:04:00+00:00,KMSY,New Orleans,87.8,2026-09-16T21:40:00+00:00
2026-09-16T22:04:00+00:00,KMSY,New Orleans,87.8,2026-09-16T21:35:00+00:00
2026-09-16T22:04:00+00:00,KHOU,Houston,93.2,2026-09-16T21:40:00+00:00
2026-09-16T22:04:00+00:00,KHOU,Houston,93.2,2026-09-16T21:35:00+00:00
2026-09-16T22:19:00+00:00,KNYC,New York City,73.94,2026-09-16T21:51:00+00:00
2026-09-16T22:19:00+00:00,KMIA,Miami,87.8,2026-09-16T22:00:00+00:00
2026-09-16T22:19:00+00:00,KMIA,Miami,87.8,2026-09-16T21:55:00+00:00
2026-09-16T22:19:00+00:00,KMIA,Miami,87.98,2026-09-16T21:53:00+00:00
2026-09-16T22:19:00+00:00,KMIA,Miami,89.6,2026-09-16T21:50:00+00:00
2026-09-16T22:19:00+00:00,KMIA,Miami,87.8,2026-09-16T21:45:00+00:00
2026-09-16T22:19:00+00:00,KDEN,Denver,80.59,2026-09-16T22:05:00+00:00
2026-09-16T22:19:00+00:00,KDEN,Denver,80.59,2026-09-16T22:00:00+00:00
2026-09-16T22:19:00+00:00,KDEN,Denver,78.8,2026-09-16T21:55:00+00:00
2026-09-16T22:19:00+00:00,KDEN,Denver,78.98,2026-09-16T21:53:00+00:00
2026-09-16T22:19:00+00:00,KDEN,Denver,78.8,2026-09-16T21:50:00+00:00
2026-09-16T22:19:00+00:00,KLAX,Los Angeles,77.0,2026-09-16T22:00:00+00:00
2026-09-16T22:19:00+00:00,KLAX,Los Angeles,77.0,2026-09-16T21:55:00+00:00
2026-09-16T22:19:00+00:00,KLAX,Los Angeles,77.0,2026-09-16T21:53:00+00:00
2026-09-16T22:19:00+00:00,KLAX,Los Angeles,77.0,2026-09-16T21:50:00+00:00
2026-09-16T22:19:00+00:00,KPHL,Philadelphia,82.4,2026-09-16T22:05:00+00:00
2026-09-16T22:19:00+00:00,KPHL,Philadelphia,82.4,2026-09-16T22:00:00+00:00
2026-09-16T22:19:00+00:00,KPHL,Philadelphia,82.4,2026-09-16T21:55:00+00:00
2026-09-16T22:19:00+00:00,KPHL,Philadelphia,82.04,2026-09-16T21:54:00+00:00
2026-09-16T22:19:00+00:00,KPHL,Philadelphia,82.4,2026-09-16T21:50:00+00:00
2026-09-16T22:19:00+00:00,KPHL,Philadelphia,82.4,2026-09-16T21:45:00+00:00
2026-09-16T22:19:00+00:00,KAUS,Austin,98.6,2026-09-16T22:10:00+00:00
2026-09-16T22:19:00+00:00,KAUS,Austin,96.8,2026-09-16T22:05:00+00:00
2026-09-16T22:19:00+00:00,KAUS,Austin,96.8,2026-09-16T22:00:00+00:00
2026-09-16T22:19:00+00:00,KAUS,Austin,96.8,2026-09-16T21:55:00+00:00
2026-09-16T22:19:00+00:00,KAUS,Austin,96.08,2026-09-16T21:53:00+00:00
2026-09-16T22:19:00+00:00,KAUS,Austin,96.8,2026-09-16T21:50:00+00:00
2026-09-16T22:19:00+00:00,KAUS,Austin,96.8,2026-09-16T21:45:00+00:00
2026-09-16T22:19:00+00:00,KMDW,Chicago,69.8,2026-09-16T22:05:00+00:00
2026-09-16T22:19:00+00:00,KMDW,Chicago,69.8,2026-09-16T22:00:00+00:00
2026-09-16T22:19:00+00:00,KMDW,Chicago,69.8,2026-09-16T21:55:00+00:00
2026-09-16T22:19:00+00:00,KMDW,Chicago,69.98,2026-09-16T21:53:00+00:00
2026-09-16T22:19:00+00:00,KMDW,Chicago,69.8,2026-09-16T21:50:00+00:00
2026-09-16T22:19:00+00:00,KMDW,Chicago,69.8,2026-09-16T21:45:00+00:00
2026-09-16T22:19:00+00:00,KSFO,San Francisco,64.4,2026-09-16T22:05:00+00:00
2026-09-16T22:19:00+00:00,KSFO,San Francisco,64.4,2026-09-16T22:00:00+00:00
2026-09-16T22:19:00+00:00,KSFO,San Francisco,64.04,2026-09-16T21:56:00+00:00
2026-09-16T22:19:00+00:00,KSFO,San Francisco,64.4,2026-09-16T21:55:00+00:00
2026-09-16T22:19:00+00:00,KSFO,San Francisco,64.4,2026-09-16T21:50:00+00:00
2026-09-16T22:19:00+00:00,KPHX,Phoenix,80.59,2026-09-16T22:00:00+00:00
2026-09-16T22:19:00+00:00,KPHX,Phoenix,80.59,2026-09-16T21:55:00+00:00
2026-09-16T22:19:00+00:00,KPHX,Phoenix,80.06,2026-09-16T21:51:00+00:00
2026-09-16T22:19:00+00:00,KPHX,Phoenix,80.59,2026-09-16T21:50:00+00:00
2026-09-16T22:19:00+00:00,KDCA,Washington DC,82.4,2026-09-16T21:50:00+00:00
2026-09-16T22:19:00+00:00,KDCA,Washington DC,82.4,2026-09-16T21:45:00+00:00
2026-09-16T22:19:00+00:00,KATL,Atlanta,87.8,2026-09-16T22:05:00+00:00
2026-09-16T22:19:00+00:00,KATL,Atlanta,87.8,2026-09-16T22:00:00+00:00
2026-09-16T22:19:00+00:00,KATL,Atlanta,87.8,2026-09-16T21:55:00+00:00
2026-09-16T22:19:00+00:00,KATL,Atlanta,87.08,2026-09-16T21:52:00+00:00
2026-09-16T22:19:00+00:00,KATL,Atlanta,87.8,2026-09-16T21:50:00+00:00
2026-09-16T22:19:00+00:00,KATL,Atlanta,87.8,2026-09-16T21:45:00+00:00
2026-09-16T22:19:00+00:00,KDFW,Dallas,98.6,2026-09-16T22:10:00+00:00
2026-09-16T22:19:00+00:00,KDFW,Dallas,98.6,2026-09-16T22:05:00+00:00
2026-09-16T22:19:00+00:00,KDFW,Dallas,98.6,2026-09-16T22:00:00+00:00
2026-09-16T22:19:00+00:00,KDFW,Dallas,100.4,2026-09-16T21:55:00+00:00
2026-09-16T22:19:00+00:00,KDFW,Dallas,98.96,2026-09-16T21:53:00+00:00
2026-09-16T22:19:00+00:00,KDFW,Dallas,98.6,2026-09-16T21:50:00+00:00
2026-09-16T22:19:00+00:00,KSEA,Seattle,73.4,2026-09-16T22:05:00+00:00
2026-09-16T22:19:00+00:00,KSEA,Seattle,73.4,2026-09-16T22:00:00+00:00
2026-09-16T22:19:00+00:00,KSEA,Seattle,73.4,2026-09-16T21:55:00+00:00
2026-09-16T22:19:00+00:00,KSEA,Seattle,73.04,2026-09-16T21:53:00+00:00
2026-09-16T22:19:00+00:00,KSEA,Seattle,73.4,2026-09-16T21:50:00+00:00
2026-09-16T22:19:00+00:00,KSEA,Seattle,73.4,2026-09-16T21:45:00+00:00
2026-09-16T22:19:00+00:00,KLAS,Las Vegas,96.8,2026-09-16T22:00:00+00:00
2026-09-16T22:19:00+00:00,KLAS,Las Vegas,96.98,2026-09-16T21:56:00+00:00
2026-09-16T22:19:00+00:00,KLAS,Las Vegas,96.8,2026-09-16T21:55:00+00:00
2026-09-16T22:19:00+00:00,KLAS,Las Vegas,96.8,2026-09-16T21:50:00+00:00
2026-09-16T22:19:00+00:00,KLAS,Las Vegas,98.6,2026-09-16T21:45:00+00:00
2026-09-16T22:19:00+00:00,KOKC,Oklahoma City,98.6,2026-09-16T22:10:00+00:00
2026-09-16T22:19:00+00:00,KOKC,Oklahoma City,98.6,2026-09-16T22:05:00+00:00
2026-09-16T22:19:00+00:00,KOKC,Oklahoma City,98.6,2026-09-16T22:00:00+00:00
2026-09-16T22:19:00+00:00,KOKC,Oklahoma City,98.6,2026-09-16T21:55:00+00:00
2026-09-16T22:19:00+00:00,KOKC,Oklahoma City,98.96,2026-09-16T21:52:00+00:00
2026-09-16T22:19:00+00:00,KOKC,Oklahoma City,98.6,2026-09-16T21:50:00+00:00
2026-09-16T22:19:00+00:00,KBOS,Boston,77.0,2026-09-16T22:05:00+00:00
2026-09-16T22:19:00+00:00,KBOS,Boston,77.0,2026-09-16T22:00:00+00:00
2026-09-16T22:19:00+00:00,KBOS,Boston,77.0,2026-09-16T21:55:00+00:00
2026-09-16T22:19:00+00:00,KBOS,Boston,77.0,2026-09-16T21:54:00+00:00
2026-09-16T22:19:00+00:00,KBOS,Boston,77.0,2026-09-16T21:50:00+00:00
2026-09-16T22:19:00+00:00,KMSP,Minneapolis,73.4,2026-09-16T22:10:00+00:00
2026-09-16T22:19:00+00:00,KMSP,Minneapolis,73.4,2026-09-16T22:05:00+00:00
2026-09-16T22:19:00+00:00,KMSP,Minneapolis,73.4,2026-09-16T22:00:00+00:00
2026-09-16T22:19:00+00:00,KMSP,Minneapolis,75.2,2026-09-16T21:55:00+00:00
2026-09-16T22:19:00+00:00,KMSP,Minneapolis,73.94,2026-09-16T21:53:00+00:00
2026-09-16T22:19:00+00:00,KMSP,Minneapolis,73.4,2026-09-16T21:50:00+00:00
2026-09-16T22:19:00+00:00,KMSP,Minneapolis,73.4,2026-09-16T21:45:00+00:00
2026-09-16T22:19:00+00:00,KSAT,San Antonio,98.6,2026-09-16T22:10:00+00:00
2026-09-16T22:19:00+00:00,KSAT,San Antonio,98.6,2026-09-16T22:05:00+00:00
2026-09-16T22:19:00+00:00,KSAT,San Antonio,98.6,2026-09-16T22:00:00+00:00
2026-09-16T22:19:00+00:00,KSAT,San Antonio,96.8,2026-09-16T21:55:00+00:00
2026-09-16T22:19:00+00:00,KSAT,San Antonio,96.98,2026-09-16T21:51:00+00:00
2026-09-16T22:19:00+00:00,KSAT,San Antonio,96.8,2026-09-16T21:50:00+00:00
2026-09-16T22:19:00+00:00,KMSY,New Orleans,86.0,2026-09-16T22:10:00+00:00
2026-09-16T22:19:00+00:00,KMSY,New Orleans,86.0,2026-09-16T22:05:00+00:00
2026-09-16T22:19:00+00:00,KMSY,New Orleans,87.8,2026-09-16T22:00:00+00:00
2026-09-16T22:19:00+00:00,KMSY,New Orleans,87.8,2026-09-16T21:55:00+00:00
2026-09-16T22:19:00+00:00,KMSY,New Orleans,87.08,2026-09-16T21:53:00+00:00
2026-09-16T22:19:00+00:00,KMSY,New Orleans,87.8,2026-09-16T21:50:00+00:00
2026-09-16T22:19:00+00:00,KHOU,Houston,91.4,2026-09-16T22:10:00+00:00
2026-09-16T22:19:00+00:00,KHOU,Houston,91.4,2026-09-16T22:05:00+00:00
2026-09-16T22:19:00+00:00,KHOU,Houston,91.4,2026-09-16T22:00:00+00:00
2026-09-16T22:19:00+00:00,KHOU,Houston,91.4,2026-09-16T21:55:00+00:00
2026-09-16T22:19:00+00:00,KHOU,Houston,91.94,2026-09-16T21:53:00+00:00
2026-09-16T22:19:00+00:00,KHOU,Houston,93.2,2026-09-16T21:50:00+00:00
2026-09-16T22:19:00+00:00,KHOU,Houston,93.2,2026-09-16T21:45:00+00:00
2026-09-16T22:34:00+00:00,KMIA,Miami,87.8,2026-09-16T22:20:00+00:00
2026-09-16T22:34:00+00:00,KMIA,Miami,87.8,2026-09-16T22:15:00+00:00
2026-09-16T22:34:00+00:00,KMIA,Miami,87.8,2026-09-16T22:10:00+00:00
2026-09-16T22:34:00+00:00,KMIA,Miami,87.8,2026-09-16T22:05:00+00:00
2026-09-16T22:34:00+00:00,KDEN,Denver,78.8,2026-09-16T22:20:00+00:00
2026-09-16T22:34:00+00:00,KDEN,Denver,78.8,2026-09-16T22:15:00+00:00
2026-09-16T22:34:00+00:00,KDEN,Denver,80.59,2026-09-16T22:10:00+00:00
2026-09-16T22:34:00+00:00,KLAX,Los Angeles,75.2,2026-09-16T22:20:00+00:00
2026-09-16T22:34:00+00:00,KLAX,Los Angeles,75.2,2026-09-16T22:15:00+00:00
2026-09-16T22:34:00+00:00,KLAX,Los Angeles,75.2,2026-09-16T22:10:00+00:00
2026-09-16T22:34:00+00:00,KLAX,Los Angeles,75.2,2026-09-16T22:05:00+00:00
2026-09-16T22:34:00+00:00,KPHL,Philadelphia,82.4,2026-09-16T22:20:00+00:00
2026-09-16T22:34:00+00:00,KPHL,Philadelphia,82.4,2026-09-16T22:15:00+00:00
2026-09-16T22:34:00+00:00,KPHL,Philadelphia,82.4,2026-09-16T22:10:00+00:00
2026-09-16T22:34:00+00:00,KAUS,Austin,98.6,2026-09-16T22:15:00+00:00
2026-09-16T22:34:00+00:00,KMDW,Chicago,69.8,2026-09-16T22:20:00+00:00
2026-09-16T22:34:00+00:00,KMDW,Chicago,69.8,2026-09-16T22:15:00+00:00
2026-09-16T22:34:00+00:00,KMDW,Chicago,69.8,2026-09-16T22:10:00+00:00
2026-09-16T22:34:00+00:00,KSFO,San Francisco,64.4,2026-09-16T22:20:00+00:00
2026-09-16T22:34:00+00:00,KSFO,San Francisco,64.4,2026-09-16T22:15:00+00:00
2026-09-16T22:34:00+00:00,KSFO,San Francisco,64.4,2026-09-16T22:10:00+00:00
2026-09-16T22:34:00+00:00,KPHX,Phoenix,80.59,2026-09-16T22:20:00+00:00
2026-09-16T22:34:00+00:00,KPHX,Phoenix,80.59,2026-09-16T22:15:00+00:00
2026-09-16T22:34:00+00:00,KPHX,Phoenix,82.4,2026-09-16T22:10:00+00:00
2026-09-16T22:34:00+00:00,KPHX,Phoenix,82.4,2026-09-16T22:05:00+00:00
2026-09-16T22:34:00+00:00,KDCA,Washington DC,80.59,2026-09-16T22:20:00+00:00
2026-09-16T22:34:00+00:00,KDCA,Washington DC,80.59,2026-09-16T22:15:00+00:00
2026-09-16T22:34:00+00:00,KDCA,Washington DC,80.59,2026-09-16T22:10:00+00:00
2026-09-16T22:34:00+00:00,KDCA,Washington DC,82.4,2026-09-16T22:05:00+00:00
2026-09-16T22:34:00+00:00,KDCA,Washington DC,82.4,2026-09-16T22:00:00+00:00
2026-09-16T22:34:00+00:00,KDCA,Washington DC,82.4,2026-09-16T21:55:00+00:00
2026-09-16T22:34:00+00:00,KDCA,Washington DC,82.04,2026-09-16T21:52:00+00:00
2026-09-16T22:34:00+00:00,KATL,Atlanta,86.0,2026-09-16T22:20:00+00:00
2026-09-16T22:34:00+00:00,KATL,Atlanta,87.8,2026-09-16T22:15:00+00:00
2026-09-16T22:34:00+00:00,KATL,Atlanta,87.8,2026-09-16T22:10:00+00:00
2026-09-16T22:34:00+00:00,KDFW,Dallas,98.6,2026-09-16T22:15:00+00:00
2026-09-16T22:34:00+00:00,KSEA,Seattle,73.4,2026-09-16T22:20:00+00:00
2026-09-16T22:34:00+00:00,KSEA,Seattle,73.4,2026-09-16T22:15:00+00:00
2026-09-16T22:34:00+00:00,KSEA,Seattle,73.4,2026-09-16T22:10:00+00:00
2026-09-16T22:34:00+00:00,KLAS,Las Vegas,98.6,2026-09-16T22:20:00+00:00
2026-09-16T22:34:00+00:00,KLAS,Las Vegas,96.8,2026-09-16T22:15:00+00:00
2026-09-16T22:34:00+00:00,KLAS,Las Vegas,96.8,2026-09-16T22:10:00+00:00
2026-09-16T22:34:00+00:00,KLAS,Las Vegas,96.8,2026-09-16T22:05:00+00:00
2026-09-16T22:34:00+00:00,KOKC,Oklahoma City,98.6,2026-09-16T22:15:00+00:00
2026-09-16T22:34:00+00:00,KBOS,Boston,77.0,2026-09-16T22:25:00+00:00
2026-09-16T22:34:00+00:00,KBOS,Boston,77.0,2026-09-16T22:20:00+00:00
2026-09-16T22:34:00+00:00,KBOS,Boston,75.2,2026-09-16T22:15:00+00:00
2026-09-16T22:34:00+00:00,KMSP,Minneapolis,73.4,2026-09-16T22:15:00+00:00
2026-09-16T22:34:00+00:00,KSAT,San Antonio,96.8,2026-09-16T22:15:00+00:00
2026-09-16T22:34:00+00:00,KMSY,New Orleans,86.0,2026-09-16T22:20:00+00:00
2026-09-16T22:34:00+00:00,KMSY,New Orleans,86.0,2026-09-16T22:15:00+00:00
2026-09-16T22:34:00+00:00,KHOU,Houston,91.4,2026-09-16T22:15:00+00:00
2026-09-16T22:49:00+00:00,KMIA,Miami,87.8,2026-09-16T22:30:00+00:00
2026-09-16T22:49:00+00:00,KMIA,Miami,87.8,2026-09-16T22:25:00+00:00
2026-09-16T22:49:00+00:00,KDEN,Denver,78.8,2026-09-16T22:30:00+00:00
2026-09-16T22:49:00+00:00,KDEN,Denver,78.8,2026-09-16T22:25:00+00:00
2026-09-16T22:49:00+00:00,KLAX,Los Angeles,75.2,2026-09-16T22:30:00+00:00
2026-09-16T22:49:00+00:00,KLAX,Los Angeles,75.2,2026-09-16T22:25:00+00:00
2026-09-16T22:49:00+00:00,KPHL,Philadelphia,82.4,2026-09-16T22:30:00+00:00
2026-09-16T22:49:00+00:00,KPHL,Philadelphia,82.4,2026-09-16T22:25:00+00:00
2026-09-16T22:49:00+00:00,KAUS,Austin,96.8,2026-09-16T22:30:00+00:00
2026-09-16T22:49:00+00:00,KAUS,Austin,96.8,2026-09-16T22:25:00+00:00
2026-09-16T22:49:00+00:00,KAUS,Austin,96.8,2026-09-16T22:20:00+00:00
2026-09-16T22:49:00+00:00,KMDW,Chicago,69.8,2026-09-16T22:30:00+00:00
2026-09-16T22:49:00+00:00,KMDW,Chicago,69.8,2026-09-16T22:25:00+00:00
2026-09-16T22:49:00+00:00,KSFO,San Francisco,64.4,2026-09-16T22:30:00+00:00
2026-09-16T22:49:00+00:00,KSFO,San Francisco,64.4,2026-09-16T22:25:00+00:00
2026-09-16T22:49:00+00:00,KPHX,Phoenix,78.8,2026-09-16T22:30:00+00:00
2026-09-16T22:49:00+00:00,KPHX,Phoenix,80.59,2026-09-16T22:25:00+00:00
2026-09-16T22:49:00+00:00,KDCA,Washington DC,80.59,2026-09-16T22:30:00+00:00
2026-09-16T22:49:00+00:00,KDCA,Washington DC,80.59,2026-09-16T22:25:00+00:00
2026-09-16T22:49:00+00:00,KATL,Atlanta,86.0,2026-09-16T22:30:00+00:00
2026-09-16T22:49:00+00:00,KATL,Atlanta,87.8,2026-09-16T22:25:00+00:00
2026-09-16T22:49:00+00:00,KDFW,Dallas,98.6,2026-09-16T22:30:00+00:00
2026-09-16T22:49:00+00:00,KDFW,Dallas,98.6,2026-09-16T22:25:00+00:00
2026-09-16T22:49:00+00:00,KDFW,Dallas,98.6,2026-09-16T22:20:00+00:00
2026-09-16T22:49:00+00:00,KSEA,Seattle,73.4,2026-09-16T22:30:00+00:00
2026-09-16T22:49:00+00:00,KSEA,Seattle,73.4,2026-09-16T22:25:00+00:00
2026-09-16T22:49:00+00:00,KLAS,Las Vegas,96.8,2026-09-16T22:30:00+00:00
2026-09-16T22:49:00+00:00,KLAS,Las Vegas,96.8,2026-09-16T22:25:00+00:00
2026-09-16T22:49:00+00:00,KOKC,Oklahoma City,96.8,2026-09-16T22:30:00+00:00
2026-09-16T22:49:00+00:00,KOKC,Oklahoma City,98.6,2026-09-16T22:25:00+00:00
2026-09-16T22:49:00+00:00,KOKC,Oklahoma City,98.6,2026-09-16T22:20:00+00:00
2026-09-16T22:49:00+00:00,KBOS,Boston,75.2,2026-09-16T22:30:00+00:00
2026-09-16T22:49:00+00:00,KMSP,Minneapolis,73.4,2026-09-16T22:30:00+00:00
2026-09-16T22:49:00+00:00,KMSP,Minneapolis,73.4,2026-09-16T22:25:00+00:00
2026-09-16T22:49:00+00:00,KMSP,Minneapolis,73.4,2026-09-16T22:20:00+00:00
2026-09-16T22:49:00+00:00,KSAT,San Antonio,96.8,2026-09-16T22:30:00+00:00
2026-09-16T22:49:00+00:00,KSAT,San Antonio,96.8,2026-09-16T22:25:00+00:00
2026-09-16T22:49:00+00:00,KSAT,San Antonio,96.8,2026-09-16T22:20:00+00:00
2026-09-16T22:49:00+00:00,KMSY,New Orleans,86.0,2026-09-16T22:30:00+00:00
2026-09-16T22:49:00+00:00,KMSY,New Orleans,86.0,2026-09-16T22:25:00+00:00
2026-09-16T22:49:00+00:00,KHOU,Houston,91.4,2026-09-16T22:30:00+00:00
2026-09-16T22:49:00+00:00,KHOU,Houston,91.4,2026-09-16T22:25:00+00:00
2026-09-16T22:49:00+00:00,KHOU,Houston,91.4,2026-09-16T22:20:00+00:00
2026-09-16T23:04:00+00:00,KMIA,Miami,87.8,2026-09-16T22:40:00+00:00
2026-09-16T23:04:00+00:00,KMIA,Miami,87.8,2026-09-16T22:35:00+00:00
2026-09-16T23:04:00+00:00,KDEN,Denver,78.8,2026-09-16T22:40:00+00:00
2026-09-16T23:04:00+00:00,KDEN,Denver,78.8,2026-09-16T22:35:00+00:00
2026-09-16T23:04:00+00:00,KLAX,Los Angeles,75.2,2026-09-16T22:45:00+00:00
2026-09-16T23:04:00+00:00,KLAX,Los Angeles,75.2,2026-09-16T22:40:00+00:00
2026-09-16T23:04:00+00:00,KLAX,Los Angeles,75.2,2026-09-16T22:35:00+00:00
2026-09-16T23:04:00+00:00,KPHL,Philadelphia,80.59,2026-09-16T22:40:00+00:00
2026-09-16T23:04:00+00:00,KPHL,Philadelphia,82.4,2026-09-16T22:35:00+00:00
2026-09-16T23:04:00+00:00,KAUS,Austin,98.6,2026-09-16T22:45:00+00:00
2026-09-16T23:04:00+00:00,KAUS,Austin,96.8,2026-09-16T22:40:00+00:00
2026-09-16T23:04:00+00:00,KAUS,Austin,98.6,2026-09-16T22:35:00+00:00
2026-09-16T23:04:00+00:00,KMDW,Chicago,69.8,2026-09-16T22:40:00+00:00
2026-09-16T23:04:00+00:00,KMDW,Chicago,69.8,2026-09-16T22:35:00+00:00
2026-09-16T23:04:00+00:00,KSFO,San Francisco,64.4,2026-09-16T22:40:00+00:00
2026-09-16T23:04:00+00:00,KSFO,San Francisco,64.4,2026-09-16T22:35:00+00:00
2026-09-16T23:04:00+00:00,KPHX,Phoenix,78.8,2026-09-16T22:40:00+00:00
2026-09-16T23:04:00+00:00,KPHX,Phoenix,78.8,2026-09-16T22:35:00+00:00
2026-09-16T23:04:00+00:00,KDCA,Washington DC,80.59,2026-09-16T22:45:00+00:00
2026-09-16T23:04:00+00:00,KDCA,Washington DC,80.59,2026-09-16T22:40:00+00:00
2026-09-16T23:04:00+00:00,KDCA,Washington DC,80.59,2026-09-16T22:35:00+00:00
2026-09-16T23:04:00+00:00,KATL,Atlanta,87.8,2026-09-16T22:35:00+00:00
2026-09-16T23:04:00+00:00,KDFW,Dallas,98.6,2026-09-16T22:40:00+00:00
2026-09-16T23:04:00+00:00,KDFW,Dallas,98.6,2026-09-16T22:35:00+00:00
2026-09-16T23:04:00+00:00,KSEA,Seattle,73.4,2026-09-16T22:40:00+00:00
2026-09-16T23:04:00+00:00,KSEA,Seattle,73.4,2026-09-16T22:35:00+00:00
2026-09-16T23:04:00+00:00,KLAS,Las Vegas,98.6,2026-09-16T22:40:00+00:00
2026-09-16T23:04:00+00:00,KLAS,Las Vegas,96.8,2026-09-16T22:35:00+00:00
2026-09-16T23:04:00+00:00,KOKC,Oklahoma City,96.8,2026-09-16T22:45:00+00:00
2026-09-16T23:04:00+00:00,KOKC,Oklahoma City,98.6,2026-09-16T22:40:00+00:00
2026-09-16T23:04:00+00:00,KOKC,Oklahoma City,98.6,2026-09-16T22:35:00+00:00
2026-09-16T23:04:00+00:00,KBOS,Boston,73.4,2026-09-16T22:45:00+00:00
2026-09-16T23:04:00+00:00,KBOS,Boston,75.2,2026-09-16T22:40:00+00:00
2026-09-16T23:04:00+00:00,KBOS,Boston,75.2,2026-09-16T22:35:00+00:00
2026-09-16T23:04:00+00:00,KMSP,Minneapolis,71.59,2026-09-16T22:45:00+00:00
2026-09-16T23:04:00+00:00,KMSP,Minneapolis,71.59,2026-09-16T22:40:00+00:00
2026-09-16T23:04:00+00:00,KMSP,Minneapolis,73.4,2026-09-16T22:35:00+00:00
2026-09-16T23:04:00+00:00,KSAT,San Antonio,96.8,2026-09-16T22:45:00+00:00
2026-09-16T23:04:00+00:00,KSAT,San Antonio,96.8,2026-09-16T22:40:00+00:00
2026-09-16T23:04:00+00:00,KSAT,San Antonio,96.8,2026-09-16T22:35:00+00:00
2026-09-16T23:04:00+00:00,KMSY,New Orleans,86.0,2026-09-16T22:45:00+00:00
2026-09-16T23:04:00+00:00,KMSY,New Orleans,86.0,2026-09-16T22:40:00+00:00
2026-09-16T23:04:00+00:00,KMSY,New Orleans,86.0,2026-09-16T22:35:00+00:00
2026-09-16T23:04:00+00:00,KHOU,Houston,91.4,2026-09-16T22:40:00+00:00
2026-09-16T23:04:00+00:00,KHOU,Houston,91.4,2026-09-16T22:35:00+00:00
2026-09-16T23:11:00+00:00,KNYC,New York City,73.04,2026-09-16T22:51:00+00:00
2026-09-16T23:11:00+00:00,KMIA,Miami,86.0,2026-09-16T22:50:00+00:00
2026-09-16T23:11:00+00:00,KMIA,Miami,87.8,2026-09-16T22:45:00+00:00
2026-09-16T23:11:00+00:00,KMIA,Miami,87.8,2026-09-16T22:40:00+00:00
2026-09-16T23:11:00+00:00,KMIA,Miami,87.8,2026-09-16T22:35:00+00:00
2026-09-16T23:11:00+00:00,KDEN,Denver,78.8,2026-09-16T23:00:00+00:00
2026-09-16T23:11:00+00:00,KDEN,Denver,78.08,2026-09-16T22:53:00+00:00
2026-09-16T23:11:00+00:00,KDEN,Denver,78.8,2026-09-16T22:50:00+00:00
2026-09-16T23:11:00+00:00,KDEN,Denver,78.8,2026-09-16T22:45:00+00:00
2026-09-16T23:11:00+00:00,KDEN,Denver,78.8,2026-09-16T22:40:00+00:00
2026-09-16T23:11:00+00:00,KDEN,Denver,78.8,2026-09-16T22:35:00+00:00
2026-09-16T23:11:00+00:00,KLAX,Los Angeles,75.2,2026-09-16T22:50:00+00:00
2026-09-16T23:11:00+00:00,KLAX,Los Angeles,75.2,2026-09-16T22:45:00+00:00
2026-09-16T23:11:00+00:00,KLAX,Los Angeles,75.2,2026-09-16T22:40:00+00:00
2026-09-16T23:11:00+00:00,KLAX,Los Angeles,75.2,2026-09-16T22:35:00+00:00
2026-09-16T23:11:00+00:00,KPHL,Philadelphia,80.95,2026-09-16T22:54:00+00:00
2026-09-16T23:11:00+00:00,KPHL,Philadelphia,80.59,2026-09-16T22:50:00+00:00
2026-09-16T23:11:00+00:00,KPHL,Philadelphia,80.59,2026-09-16T22:45:00+00:00
2026-09-16T23:11:00+00:00,KPHL,Philadelphia,80.59,2026-09-16T22:40:00+00:00
2026-09-16T23:11:00+00:00,KPHL,Philadelphia,82.4,2026-09-16T22:35:00+00:00
2026-09-16T23:11:00+00:00,KAUS,Austin,96.8,2026-09-16T22:50:00+00:00
2026-09-16T23:11:00+00:00,KAUS,Austin,98.6,2026-09-16T22:45:00+00:00
2026-09-16T23:11:00+00:00,KAUS,Austin,96.8,2026-09-16T22:40:00+00:00
2026-09-16T23:11:00+00:00,KAUS,Austin,98.6,2026-09-16T22:35:00+00:00
2026-09-16T23:11:00+00:00,KMDW,Chicago,69.08,2026-09-16T22:53:00+00:00
2026-09-16T23:11:00+00:00,KMDW,Chicago,69.8,2026-09-16T22:50:00+00:00
2026-09-16T23:11:00+00:00,KMDW,Chicago,69.8,2026-09-16T22:45:00+00:00
2026-09-16T23:11:00+00:00,KMDW,Chicago,69.8,2026-09-16T22:40:00+00:00
2026-09-16T23:11:00+00:00,KMDW,Chicago,69.8,2026-09-16T22:35:00+00:00
2026-09-16T23:11:00+00:00,KSFO,San Francisco,64.4,2026-09-16T22:50:00+00:00
2026-09-16T23:11:00+00:00,KSFO,San Francisco,64.4,2026-09-16T22:45:00+00:00
2026-09-16T23:11:00+00:00,KSFO,San Francisco,64.4,2026-09-16T22:40:00+00:00
2026-09-16T23:11:00+00:00,KSFO,San Francisco,64.4,2026-09-16T22:35:00+00:00
2026-09-16T23:11:00+00:00,KPHX,Phoenix,78.8,2026-09-16T23:00:00+00:00
2026-09-16T23:11:00+00:00,KPHX,Phoenix,78.98,2026-09-16T22:51:00+00:00
2026-09-16T23:11:00+00:00,KPHX,Phoenix,78.8,2026-09-16T22:50:00+00:00
2026-09-16T23:11:00+00:00,KPHX,Phoenix,78.8,2026-09-16T22:45:00+00:00
2026-09-16T23:11:00+00:00,KPHX,Phoenix,78.8,2026-09-16T22:40:00+00:00
2026-09-16T23:11:00+00:00,KPHX,Phoenix,78.8,2026-09-16T22:35:00+00:00
2026-09-16T23:11:00+00:00,KDCA,Washington DC,80.06,2026-09-16T22:52:00+00:00
2026-09-16T23:11:00+00:00,KDCA,Washington DC,80.59,2026-09-16T22:50:00+00:00
2026-09-16T23:11:00+00:00,KDCA,Washington DC,80.59,2026-09-16T22:45:00+00:00
2026-09-16T23:11:00+00:00,KDCA,Washington DC,80.59,2026-09-16T22:40:00+00:00
2026-09-16T23:11:00+00:00,KDCA,Washington DC,80.59,2026-09-16T22:35:00+00:00
2026-09-16T23:11:00+00:00,KATL,Atlanta,86.0,2026-09-16T22:50:00+00:00
2026-09-16T23:11:00+00:00,KATL,Atlanta,86.0,2026-09-16T22:45:00+00:00
2026-09-16T23:11:00+00:00,KATL,Atlanta,86.0,2026-09-16T22:40:00+00:00
2026-09-16T23:11:00+00:00,KATL,Atlanta,87.8,2026-09-16T22:35:00+00:00
2026-09-16T23:11:00+00:00,KDFW,Dallas,98.6,2026-09-16T23:00:00+00:00
2026-09-16T23:11:00+00:00,KDFW,Dallas,98.06,2026-09-16T22:53:00+00:00
2026-09-16T23:11:00+00:00,KDFW,Dallas,98.6,2026-09-16T22:50:00+00:00
2026-09-16T23:11:00+00:00,KDFW,Dallas,98.6,2026-09-16T22:45:00+00:00
2026-09-16T23:11:00+00:00,KDFW,Dallas,98.6,2026-09-16T22:40:00+00:00
2026-09-16T23:11:00+00:00,KDFW,Dallas,98.6,2026-09-16T22:35:00+00:00
2026-09-16T23:11:00+00:00,KSEA,Seattle,73.4,2026-09-16T23:00:00+00:00
2026-09-16T23:11:00+00:00,KSEA,Seattle,73.04,2026-09-16T22:53:00+00:00
2026-09-16T23:11:00+00:00,KSEA,Seattle,73.4,2026-09-16T22:50:00+00:00
2026-09-16T23:11:00+00:00,KSEA,Seattle,73.4,2026-09-16T22:45:00+00:00
2026-09-16T23:11:00+00:00,KSEA,Seattle,73.4,2026-09-16T22:40:00+00:00
2026-09-16T23:11:00+00:00,KSEA,Seattle,73.4,2026-09-16T22:35:00+00:00
2026-09-16T23:11:00+00:00,KLAS,Las Vegas,96.8,2026-09-16T23:00:00+00:00
2026-09-16T23:11:00+00:00,KLAS,Las Vegas,98.06,2026-09-16T22:56:00+00:00
2026-09-16T23:11:00+00:00,KLAS,Las Vegas,98.6,2026-09-16T22:50:00+00:00
2026-09-16T23:11:00+00:00,KLAS,Las Vegas,98.6,2026-09-16T22:45:00+00:00
2026-09-16T23:11:00+00:00,KLAS,Las Vegas,98.6,2026-09-16T22:40:00+00:00
2026-09-16T23:11:00+00:00,KLAS,Las Vegas,96.8,2026-09-16T22:35:00+00:00
2026-09-16T23:11:00+00:00,KOKC,Oklahoma City,96.8,2026-09-16T23:00:00+00:00
2026-09-16T23:11:00+00:00,KOKC,Oklahoma City,96.98,2026-09-16T22:52:00+00:00
2026-09-16T23:11:00+00:00,KOKC,Oklahoma City,96.8,2026-09-16T22:50:00+00:00
2026-09-16T23:11:00+00:00,KOKC,Oklahoma City,96.8,2026-09-16T22:45:00+00:00
2026-09-16T23:11:00+00:00,KOKC,Oklahoma City,98.6,2026-09-16T22:40:00+00:00
2026-09-16T23:11:00+00:00,KOKC,Oklahoma City,98.6,2026-09-16T22:35:00+00:00
2026-09-16T23:11:00+00:00,KBOS,Boston,73.94,2026-09-16T22:54:00+00:00
2026-09-16T23:11:00+00:00,KBOS,Boston,73.4,2026-09-16T22:50:00+00:00
2026-09-16T23:11:00+00:00,KBOS,Boston,73.4,2026-09-16T22:45:00+00:00
2026-09-16T23:11:00+00:00,KBOS,Boston,75.2,2026-09-16T22:40:00+00:00
2026-09-16T23:11:00+00:00,KBOS,Boston,75.2,2026-09-16T22:35:00+00:00
2026-09-16T23:11:00+00:00,KMSP,Minneapolis,71.59,2026-09-16T23:00:00+00:00
2026-09-16T23:11:00+00:00,KMSP,Minneapolis,73.04,2026-09-16T22:53:00+00:00
2026-09-16T23:11:00+00:00,KMSP,Minneapolis,73.4,2026-09-16T22:50:00+00:00
2026-09-16T23:11:00+00:00,KMSP,Minneapolis,71.59,2026-09-16T22:45:00+00:00
2026-09-16T23:11:00+00:00,KMSP,Minneapolis,71.59,2026-09-16T22:40:00+00:00
2026-09-16T23:11:00+00:00,KMSP,Minneapolis,73.4,2026-09-16T22:35:00+00:00
2026-09-16T23:11:00+00:00,KSAT,San Antonio,96.8,2026-09-16T23:00:00+00:00
2026-09-16T23:11:00+00:00,KSAT,San Antonio,96.98,2026-09-16T22:51:00+00:00
2026-09-16T23:11:00+00:00,KSAT,San Antonio,96.8,2026-09-16T22:50:00+00:00
2026-09-16T23:11:00+00:00,KSAT,San Antonio,96.8,2026-09-16T22:45:00+00:00
2026-09-16T23:11:00+00:00,KSAT,San Antonio,96.8,2026-09-16T22:40:00+00:00
2026-09-16T23:11:00+00:00,KSAT,San Antonio,96.8,2026-09-16T22:35:00+00:00
2026-09-16T23:11:00+00:00,KMSY,New Orleans,84.2,2026-09-16T23:00:00+00:00
2026-09-16T23:11:00+00:00,KMSY,New Orleans,84.91,2026-09-16T22:53:00+00:00
2026-09-16T23:11:00+00:00,KMSY,New Orleans,84.2,2026-09-16T22:50:00+00:00
2026-09-16T23:11:00+00:00,KMSY,New Orleans,86.0,2026-09-16T22:45:00+00:00
2026-09-16T23:11:00+00:00,KMSY,New Orleans,86.0,2026-09-16T22:40:00+00:00
2026-09-16T23:11:00+00:00,KMSY,New Orleans,86.0,2026-09-16T22:35:00+00:00
2026-09-16T23:11:00+00:00,KHOU,Houston,91.4,2026-09-16T22:50:00+00:00
2026-09-16T23:11:00+00:00,KHOU,Houston,91.4,2026-09-16T22:45:00+00:00
2026-09-16T23:11:00+00:00,KHOU,Houston,91.4,2026-09-16T22:40:00+00:00
2026-09-16T23:11:00+00:00,KHOU,Houston,91.4,2026-09-16T22:35:00+00:00
2026-09-16T23:19:00+00:00,KNYC,New York City,73.04,2026-09-16T22:51:00+00:00
2026-09-16T23:19:00+00:00,KMIA,Miami,86.0,2026-09-16T23:05:00+00:00
2026-09-16T23:19:00+00:00,KMIA,Miami,86.0,2026-09-16T23:00:00+00:00
2026-09-16T23:19:00+00:00,KMIA,Miami,86.0,2026-09-16T22:55:00+00:00
2026-09-16T23:19:00+00:00,KMIA,Miami,86.0,2026-09-16T22:53:00+00:00
2026-09-16T23:19:00+00:00,KMIA,Miami,86.0,2026-09-16T22:50:00+00:00
2026-09-16T23:19:00+00:00,KMIA,Miami,87.8,2026-09-16T22:45:00+00:00
2026-09-16T23:19:00+00:00,KDEN,Denver,78.8,2026-09-16T23:00:00+00:00
2026-09-16T23:19:00+00:00,KDEN,Denver,78.8,2026-09-16T22:55:00+00:00
2026-09-16T23:19:00+00:00,KDEN,Denver,78.08,2026-09-16T22:53:00+00:00
2026-09-16T23:19:00+00:00,KDEN,Denver,78.8,2026-09-16T22:50:00+00:00
2026-09-16T23:19:00+00:00,KDEN,Denver,78.8,2026-09-16T22:45:00+00:00
2026-09-16T23:19:00+00:00,KLAX,Los Angeles,75.2,2026-09-16T23:00:00+00:00
2026-09-16T23:19:00+00:00,KLAX,Los Angeles,75.2,2026-09-16T22:55:00+00:00
2026-09-16T23:19:00+00:00,KLAX,Los Angeles,75.92,2026-09-16T22:53:00+00:00
2026-09-16T23:19:00+00:00,KLAX,Los Angeles,75.2,2026-09-16T22:50:00+00:00
2026-09-16T23:19:00+00:00,KPHL,Philadelphia,80.59,2026-09-16T23:05:00+00:00
2026-09-16T23:19:00+00:00,KPHL,Philadelphia,80.59,2026-09-16T23:00:00+00:00
2026-09-16T23:19:00+00:00,KPHL,Philadelphia,80.59,2026-09-16T22:55:00+00:00
2026-09-16T23:19:00+00:00,KPHL,Philadelphia,80.95,2026-09-16T22:54:00+00:00
2026-09-16T23:19:00+00:00,KPHL,Philadelphia,80.59,2026-09-16T22:50:00+00:00
2026-09-16T23:19:00+00:00,KPHL,Philadelphia,80.59,2026-09-16T22:45:00+00:00
2026-09-16T23:19:00+00:00,KAUS,Austin,96.8,2026-09-16T23:05:00+00:00
2026-09-16T23:19:00+00:00,KAUS,Austin,96.8,2026-09-16T23:00:00+00:00
2026-09-16T23:19:00+00:00,KAUS,Austin,96.8,2026-09-16T22:55:00+00:00
2026-09-16T23:19:00+00:00,KAUS,Austin,96.98,2026-09-16T22:53:00+00:00
2026-09-16T23:19:00+00:00,KAUS,Austin,96.8,2026-09-16T22:50:00+00:00
2026-09-16T23:19:00+00:00,KMDW,Chicago,69.8,2026-09-16T23:05:00+00:00
2026-09-16T23:19:00+00:00,KMDW,Chicago,69.8,2026-09-16T23:00:00+00:00
2026-09-16T23:19:00+00:00,KMDW,Chicago,69.8,2026-09-16T22:55:00+00:00
2026-09-16T23:19:00+00:00,KMDW,Chicago,69.08,2026-09-16T22:53:00+00:00
2026-09-16T23:19:00+00:00,KMDW,Chicago,69.8,2026-09-16T22:50:00+00:00
2026-09-16T23:19:00+00:00,KMDW,Chicago,69.8,2026-09-16T22:45:00+00:00
2026-09-16T23:19:00+00:00,KSFO,San Francisco,64.4,2026-09-16T23:00:00+00:00
2026-09-16T23:19:00+00:00,KSFO,San Francisco,64.04,2026-09-16T22:56:00+00:00
2026-09-16T23:19:00+00:00,KSFO,San Francisco,64.4,2026-09-16T22:55:00+00:00
2026-09-16T23:19:00+00:00,KSFO,San Francisco,64.4,2026-09-16T22:50:00+00:00
2026-09-16T23:19:00+00:00,KSFO,San Francisco,64.4,2026-09-16T22:45:00+00:00
2026-09-16T23:19:00+00:00,KPHX,Phoenix,78.8,2026-09-16T23:00:00+00:00
2026-09-16T23:19:00+00:00,KPHX,Phoenix,78.8,2026-09-16T22:55:00+00:00
2026-09-16T23:19:00+00:00,KPHX,Phoenix,78.98,2026-09-16T22:51:00+00:00
2026-09-16T23:19:00+00:00,KPHX,Phoenix,78.8,2026-09-16T22:50:00+00:00
2026-09-16T23:19:00+00:00,KPHX,Phoenix,78.8,2026-09-16T22:45:00+00:00
2026-09-16T23:19:00+00:00,KDCA,Washington DC,78.8,2026-09-16T23:05:00+00:00
2026-09-16T23:19:00+00:00,KDCA,Washington DC,80.59,2026-09-16T23:00:00+00:00
2026-09-16T23:19:00+00:00,KDCA,Washington DC,80.59,2026-09-16T22:55:00+00:00
2026-09-16T23:19:00+00:00,KDCA,Washington DC,80.06,2026-09-16T22:52:00+00:00
2026-09-16T23:19:00+00:00,KDCA,Washington DC,80.59,2026-09-16T22:50:00+00:00
2026-09-16T23:19:00+00:00,KATL,Atlanta,84.2,2026-09-16T23:05:00+00:00
2026-09-16T23:19:00+00:00,KATL,Atlanta,86.0,2026-09-16T23:00:00+00:00
2026-09-16T23:19:00+00:00,KATL,Atlanta,86.0,2026-09-16T22:55:00+00:00
2026-09-16T23:19:00+00:00,KATL,Atlanta,86.0,2026-09-16T22:52:00+00:00
2026-09-16T23:19:00+00:00,KATL,Atlanta,86.0,2026-09-16T22:50:00+00:00
2026-09-16T23:19:00+00:00,KATL,Atlanta,86.0,2026-09-16T22:45:00+00:00
2026-09-16T23:19:00+00:00,KATL,Atlanta,86.0,2026-09-16T22:40:00+00:00
2026-09-16T23:19:00+00:00,KDFW,Dallas,98.6,2026-09-16T23:05:00+00:00
2026-09-16T23:19:00+00:00,KDFW,Dallas,98.6,2026-09-16T23:00:00+00:00
2026-09-16T23:19:00+00:00,KDFW,Dallas,98.6,2026-09-16T22:55:00+00:00
2026-09-16T23:19:00+00:00,KDFW,Dallas,98.06,2026-09-16T22:53:00+00:00
2026-09-16T23:19:00+00:00,KDFW,Dallas,98.6,2026-09-16T22:50:00+00:00
2026-09-16T23:19:00+00:00,KDFW,Dallas,98.6,2026-09-16T22:45:00+00:00
2026-09-16T23:19:00+00:00,KSEA,Seattle,73.4,2026-09-16T23:00:00+00:00
2026-09-16T23:19:00+00:00,KSEA,Seattle,73.04,2026-09-16T22:53:00+00:00
2026-09-16T23:19:00+00:00,KSEA,Seattle,73.4,2026-09-16T22:50:00+00:00
2026-09-16T23:19:00+00:00,KSEA,Seattle,73.4,2026-09-16T22:45:00+00:00
2026-09-16T23:19:00+00:00,KLAS,Las Vegas,96.8,2026-09-16T23:00:00+00:00
2026-09-16T23:19:00+00:00,KLAS,Las Vegas,98.06,2026-09-16T22:56:00+00:00
2026-09-16T23:19:00+00:00,KLAS,Las Vegas,98.6,2026-09-16T22:55:00+00:00
2026-09-16T23:19:00+00:00,KLAS,Las Vegas,98.6,2026-09-16T22:50:00+00:00
2026-09-16T23:19:00+00:00,KLAS,Las Vegas,98.6,2026-09-16T22:45:00+00:00
2026-09-16T23:19:00+00:00,KOKC,Oklahoma City,96.8,2026-09-16T23:05:00+00:00
2026-09-16T23:19:00+00:00,KOKC,Oklahoma City,96.8,2026-09-16T23:00:00+00:00
2026-09-16T23:19:00+00:00,KOKC,Oklahoma City,96.8,2026-09-16T22:55:00+00:00
2026-09-16T23:19:00+00:00,KOKC,Oklahoma City,96.98,2026-09-16T22:52:00+00:00
2026-09-16T23:19:00+00:00,KOKC,Oklahoma City,96.8,2026-09-16T22:50:00+00:00
2026-09-16T23:19:00+00:00,KBOS,Boston,73.4,2026-09-16T23:05:00+00:00
2026-09-16T23:19:00+00:00,KBOS,Boston,73.4,2026-09-16T23:00:00+00:00
2026-09-16T23:19:00+00:00,KBOS,Boston,73.4,2026-09-16T22:55:00+00:00
2026-09-16T23:19:00+00:00,KBOS,Boston,73.94,2026-09-16T22:54:00+00:00
2026-09-16T23:19:00+00:00,KBOS,Boston,73.4,2026-09-16T22:50:00+00:00
2026-09-16T23:19:00+00:00,KMSP,Minneapolis,71.59,2026-09-16T23:05:00+00:00
2026-09-16T23:19:00+00:00,KMSP,Minneapolis,71.59,2026-09-16T23:00:00+00:00
2026-09-16T23:19:00+00:00,KMSP,Minneapolis,71.59,2026-09-16T22:55:00+00:00
2026-09-16T23:19:00+00:00,KMSP,Minneapolis,73.04,2026-09-16T22:53:00+00:00
2026-09-16T23:19:00+00:00,KMSP,Minneapolis,73.4,2026-09-16T22:50:00+00:00
2026-09-16T23:19:00+00:00,KSAT,San Antonio,96.8,2026-09-16T23:05:00+00:00
2026-09-16T23:19:00+00:00,KSAT,San Antonio,96.8,2026-09-16T23:00:00+00:00
2026-09-16T23:19:00+00:00,KSAT,San Antonio,96.8,2026-09-16T22:55:00+00:00
2026-09-16T23:19:00+00:00,KSAT,San Antonio,96.98,2026-09-16T22:51:00+00:00
2026-09-16T23:19:00+00:00,KSAT,San Antonio,96.8,2026-09-16T22:50:00+00:00
2026-09-16T23:19:00+00:00,KMSY,New Orleans,84.2,2026-09-16T23:05:00+00:00
2026-09-16T23:19:00+00:00,KMSY,New Orleans,84.2,2026-09-16T23:00:00+00:00
2026-09-16T23:19:00+00:00,KMSY,New Orleans,84.2,2026-09-16T22:55:00+00:00
2026-09-16T23:19:00+00:00,KMSY,New Orleans,84.91,2026-09-16T22:53:00+00:00
2026-09-16T23:19:00+00:00,KMSY,New Orleans,84.2,2026-09-16T22:50:00+00:00
2026-09-16T23:19:00+00:00,KHOU,Houston,91.4,2026-09-16T23:05:00+00:00
2026-09-16T23:19:00+00:00,KHOU,Houston,91.4,2026-09-16T23:00:00+00:00
2026-09-16T23:19:00+00:00,KHOU,Houston,91.4,2026-09-16T22:55:00+00:00
2026-09-16T23:19:00+00:00,KHOU,Houston,91.04,2026-09-16T22:53:00+00:00
2026-09-16T23:19:00+00:00,KHOU,Houston,91.4,2026-09-16T22:50:00+00:00
2026-09-16T23:19:00+00:00,KHOU,Houston,91.4,2026-09-16T22:45:00+00:00
2026-09-16T23:34:00+00:00,KMIA,Miami,86.0,2026-09-16T23:20:00+00:00
2026-09-16T23:34:00+00:00,KMIA,Miami,86.0,2026-09-16T23:15:00+00:00
2026-09-16T23:34:00+00:00,KMIA,Miami,86.0,2026-09-16T23:10:00+00:00
2026-09-16T23:34:00+00:00,KDEN,Denver,78.8,2026-09-16T23:20:00+00:00
2026-09-16T23:34:00+00:00,KDEN,Denver,78.8,2026-09-16T23:15:00+00:00
2026-09-16T23:34:00+00:00,KDEN,Denver,78.8,2026-09-16T23:10:00+00:00
2026-09-16T23:34:00+00:00,KDEN,Denver,78.8,2026-09-16T23:05:00+00:00
2026-09-16T23:34:00+00:00,KLAX,Los Angeles,75.2,2026-09-16T23:20:00+00:00
2026-09-16T23:34:00+00:00,KLAX,Los Angeles,75.2,2026-09-16T23:15:00+00:00
2026-09-16T23:34:00+00:00,KLAX,Los Angeles,75.2,2026-09-16T23:10:00+00:00
2026-09-16T23:34:00+00:00,KLAX,Los Angeles,75.2,2026-09-16T23:05:00+00:00
2026-09-16T23:34:00+00:00,KPHL,Philadelphia,80.59,2026-09-16T23:15:00+00:00
2026-09-16T23:34:00+00:00,KPHL,Philadelphia,80.59,2026-09-16T23:10:00+00:00
2026-09-16T23:34:00+00:00,KAUS,Austin,96.8,2026-09-16T23:20:00+00:00
2026-09-16T23:34:00+00:00,KAUS,Austin,96.8,2026-09-16T23:15:00+00:00
2026-09-16T23:34:00+00:00,KAUS,Austin,96.8,2026-09-16T23:10:00+00:00
2026-09-16T23:34:00+00:00,KMDW,Chicago,69.8,2026-09-16T23:15:00+00:00
2026-09-16T23:34:00+00:00,KMDW,Chicago,69.8,2026-09-16T23:10:00+00:00
2026-09-16T23:34:00+00:00,KSFO,San Francisco,64.4,2026-09-16T23:15:00+00:00
2026-09-16T23:34:00+00:00,KSFO,San Francisco,64.4,2026-09-16T23:10:00+00:00
2026-09-16T23:34:00+00:00,KSFO,San Francisco,64.4,2026-09-16T23:05:00+00:00
2026-09-16T23:34:00+00:00,KPHX,Phoenix,80.59,2026-09-16T23:20:00+00:00
2026-09-16T23:34:00+00:00,KPHX,Phoenix,80.59,2026-09-16T23:15:00+00:00
2026-09-16T23:34:00+00:00,KPHX,Phoenix,80.59,2026-09-16T23:10:00+00:00
2026-09-16T23:34:00+00:00,KPHX,Phoenix,78.8,2026-09-16T23:05:00+00:00
2026-09-16T23:34:00+00:00,KDCA,Washington DC,78.8,2026-09-16T23:15:00+00:00
2026-09-16T23:34:00+00:00,KDCA,Washington DC,78.8,2026-09-16T23:10:00+00:00
2026-09-16T23:34:00+00:00,KATL,Atlanta,84.2,2026-09-16T23:20:00+00:00
2026-09-16T23:34:00+00:00,KATL,Atlanta,84.2,2026-09-16T23:15:00+00:00
2026-09-16T23:34:00+00:00,KATL,Atlanta,84.2,2026-09-16T23:10:00+00:00
2026-09-16T23:34:00+00:00,KDFW,Dallas,96.8,2026-09-16T23:15:00+00:00
2026-09-16T23:34:00+00:00,KDFW,Dallas,98.6,2026-09-16T23:10:00+00:00
2026-09-16T23:34:00+00:00,KSEA,Seattle,73.4,2026-09-16T23:15:00+00:00
2026-09-16T23:34:00+00:00,KSEA,Seattle,73.4,2026-09-16T23:10:00+00:00
2026-09-16T23:34:00+00:00,KSEA,Seattle,73.4,2026-09-16T23:05:00+00:00
2026-09-16T23:34:00+00:00,KSEA,Seattle,73.4,2026-09-16T22:55:00+00:00
2026-09-16T23:34:00+00:00,KLAS,Las Vegas,98.6,2026-09-16T23:20:00+00:00
2026-09-16T23:34:00+00:00,KLAS,Las Vegas,98.6,2026-09-16T23:15:00+00:00
2026-09-16T23:34:00+00:00,KLAS,Las Vegas,96.8,2026-09-16T23:10:00+00:00
2026-09-16T23:34:00+00:00,KLAS,Las Vegas,98.6,2026-09-16T23:05:00+00:00
2026-09-16T23:34:00+00:00,KOKC,Oklahoma City,96.8,2026-09-16T23:15:00+00:00
2026-09-16T23:34:00+00:00,KOKC,Oklahoma City,96.8,2026-09-16T23:10:00+00:00
2026-09-16T23:34:00+00:00,KBOS,Boston,73.4,2026-09-16T23:20:00+00:00
2026-09-16T23:34:00+00:00,KBOS,Boston,73.4,2026-09-16T23:15:00+00:00
2026-09-16T23:34:00+00:00,KBOS,Boston,73.4,2026-09-16T23:10:00+00:00
2026-09-16T23:34:00+00:00,KMSP,Minneapolis,71.59,2026-09-16T23:15:00+00:00
2026-09-16T23:34:00+00:00,KMSP,Minneapolis,71.59,2026-09-16T23:10:00+00:00
2026-09-16T23:34:00+00:00,KSAT,San Antonio,96.8,2026-09-16T23:15:00+00:00
2026-09-16T23:34:00+00:00,KSAT,San Antonio,96.8,2026-09-16T23:10:00+00:00
2026-09-16T23:34:00+00:00,KMSY,New Orleans,84.2,2026-09-16T23:20:00+00:00
2026-09-16T23:34:00+00:00,KMSY,New Orleans,84.2,2026-09-16T23:15:00+00:00
2026-09-16T23:34:00+00:00,KMSY,New Orleans,84.2,2026-09-16T23:10:00+00:00
2026-09-16T23:34:00+00:00,KHOU,Houston,89.6,2026-09-16T23:20:00+00:00
2026-09-16T23:34:00+00:00,KHOU,Houston,89.6,2026-09-16T23:15:00+00:00
2026-09-16T23:34:00+00:00,KHOU,Houston,89.6,2026-09-16T23:10:00+00:00
2026-09-16T23:49:00+00:00,KMIA,Miami,86.0,2026-09-16T23:25:00+00:00
2026-09-16T23:49:00+00:00,KDEN,Denver,77.0,2026-09-16T23:30:00+00:00
2026-09-16T23:49:00+00:00,KDEN,Denver,77.0,2026-09-16T23:25:00+00:00
2026-09-16T23:49:00+00:00,KLAX,Los Angeles,75.2,2026-09-16T23:30:00+00:00
2026-09-16T23:49:00+00:00,KLAX,Los Angeles,75.2,2026-09-16T23:25:00+00:00
2026-09-16T23:49:00+00:00,KPHL,Philadelphia,78.8,2026-09-16T23:30:00+00:00
2026-09-16T23:49:00+00:00,KPHL,Philadelphia,78.8,2026-09-16T23:25:00+00:00
2026-09-16T23:49:00+00:00,KPHL,Philadelphia,80.59,2026-09-16T23:20:00+00:00
2026-09-16T23:49:00+00:00,KAUS,Austin,96.8,2026-09-16T23:25:00+00:00
2026-09-16T23:49:00+00:00,KMDW,Chicago,69.8,2026-09-16T23:30:00+00:00
2026-09-16T23:49:00+00:00,KMDW,Chicago,69.8,2026-09-16T23:25:00+00:00
2026-09-16T23:49:00+00:00,KMDW,Chicago,69.8,2026-09-16T23:20:00+00:00
2026-09-16T23:49:00+00:00,KSFO,San Francisco,64.4,2026-09-16T23:30:00+00:00
2026-09-16T23:49:00+00:00,KSFO,San Francisco,64.4,2026-09-16T23:25:00+00:00
2026-09-16T23:49:00+00:00,KSFO,San Francisco,64.4,2026-09-16T23:20:00+00:00
2026-09-16T23:49:00+00:00,KPHX,Phoenix,80.59,2026-09-16T23:30:00+00:00
2026-09-16T23:49:00+00:00,KPHX,Phoenix,80.59,2026-09-16T23:25:00+00:00
2026-09-16T23:49:00+00:00,KDCA,Washington DC,78.8,2026-09-16T23:30:00+00:00
2026-09-16T23:49:00+00:00,KDCA,Washington DC,78.8,2026-09-16T23:25:00+00:00
2026-09-16T23:49:00+00:00,KDCA,Washington DC,78.8,2026-09-16T23:20:00+00:00
2026-09-16T23:49:00+00:00,KATL,Atlanta,84.2,2026-09-16T23:30:00+00:00
2026-09-16T23:49:00+00:00,KATL,Atlanta,84.2,2026-09-16T23:25:00+00:00
2026-09-16T23:49:00+00:00,KDFW,Dallas,96.8,2026-09-16T23:25:00+00:00
2026-09-16T23:49:00+00:00,KDFW,Dallas,96.8,2026-09-16T23:20:00+00:00
2026-09-16T23:49:00+00:00,KSEA,Seattle,73.4,2026-09-16T23:30:00+00:00
2026-09-16T23:49:00+00:00,KSEA,Seattle,73.4,2026-09-16T23:25:00+00:00
2026-09-16T23:49:00+00:00,KSEA,Seattle,73.4,2026-09-16T23:20:00+00:00
2026-09-16T23:49:00+00:00,KLAS,Las Vegas,96.8,2026-09-16T23:30:00+00:00
2026-09-16T23:49:00+00:00,KLAS,Las Vegas,98.6,2026-09-16T23:25:00+00:00
2026-09-16T23:49:00+00:00,KOKC,Oklahoma City,96.8,2026-09-16T23:25:00+00:00
2026-09-16T23:49:00+00:00,KOKC,Oklahoma City,96.8,2026-09-16T23:20:00+00:00
2026-09-16T23:49:00+00:00,KBOS,Boston,73.4,2026-09-16T23:30:00+00:00
2026-09-16T23:49:00+00:00,KBOS,Boston,73.4,2026-09-16T23:25:00+00:00
2026-09-16T23:49:00+00:00,KMSP,Minneapolis,71.59,2026-09-16T23:25:00+00:00
2026-09-16T23:49:00+00:00,KMSP,Minneapolis,71.59,2026-09-16T23:20:00+00:00
2026-09-16T23:49:00+00:00,KSAT,San Antonio,96.8,2026-09-16T23:25:00+00:00
2026-09-16T23:49:00+00:00,KSAT,San Antonio,96.8,2026-09-16T23:20:00+00:00
2026-09-16T23:49:00+00:00,KMSY,New Orleans,84.2,2026-09-16T23:35:00+00:00
2026-09-16T23:49:00+00:00,KMSY,New Orleans,84.2,2026-09-16T23:30:00+00:00
2026-09-16T23:49:00+00:00,KMSY,New Orleans,84.2,2026-09-16T23:25:00+00:00
2026-09-16T23:49:00+00:00,KHOU,Houston,89.6,2026-09-16T23:25:00+00:00
2026-09-17T00:04:00+00:00,KMIA,Miami,86.0,2026-09-16T23:45:00+00:00
2026-09-17T00:04:00+00:00,KMIA,Miami,86.0,2026-09-16T23:40:00+00:00
2026-09-17T00:04:00+00:00,KMIA,Miami,86.0,2026-09-16T23:35:00+00:00
2026-09-17T00:04:00+00:00,KMIA,Miami,84.2,2026-09-16T23:30:00+00:00
2026-09-17T00:04:00+00:00,KDEN,Denver,77.0,2026-09-16T23:45:00+00:00
2026-09-17T00:04:00+00:00,KDEN,Denver,77.0,2026-09-16T23:40:00+00:00
2026-09-17T00:04:00+00:00,KDEN,Denver,77.0,2026-09-16T23:35:00+00:00
2026-09-17T00:04:00+00:00,KLAX,Los Angeles,75.2,2026-09-16T23:45:00+00:00
2026-09-17T00:04:00+00:00,KLAX,Los Angeles,75.2,2026-09-16T23:40:00+00:00
2026-09-17T00:04:00+00:00,KLAX,Los Angeles,75.2,2026-09-16T23:35:00+00:00
2026-09-17T00:04:00+00:00,KPHL,Philadelphia,78.8,2026-09-16T23:35:00+00:00
2026-09-17T00:04:00+00:00,KAUS,Austin,95.0,2026-09-16T23:45:00+00:00
2026-09-17T00:04:00+00:00,KAUS,Austin,95.0,2026-09-16T23:40:00+00:00
2026-09-17T00:04:00+00:00,KAUS,Austin,95.0,2026-09-16T23:35:00+00:00
2026-09-17T00:04:00+00:00,KAUS,Austin,96.8,2026-09-16T23:30:00+00:00
2026-09-17T00:04:00+00:00,KMDW,Chicago,69.8,2026-09-16T23:45:00+00:00
2026-09-17T00:04:00+00:00,KMDW,Chicago,69.08,2026-09-16T23:41:00+00:00
2026-09-17T00:04:00+00:00,KMDW,Chicago,69.8,2026-09-16T23:40:00+00:00
2026-09-17T00:04:00+00:00,KMDW,Chicago,69.8,2026-09-16T23:35:00+00:00
2026-09-17T00:04:00+00:00,KSFO,San Francisco,64.4,2026-09-16T23:40:00+00:00
2026-09-17T00:04:00+00:00,KSFO,San Francisco,64.94,2026-09-16T23:39:00+00:00
2026-09-17T00:04:00+00:00,KSFO,San Francisco,64.4,2026-09-16T23:35:00+00:00
2026-09-17T00:04:00+00:00,KPHX,Phoenix,80.59,2026-09-16T23:45:00+00:00
2026-09-17T00:04:00+00:00,KPHX,Phoenix,80.59,2026-09-16T23:40:00+00:00
2026-09-17T00:04:00+00:00,KPHX,Phoenix,80.59,2026-09-16T23:35:00+00:00
2026-09-17T00:04:00+00:00,KDCA,Washington DC,78.8,2026-09-16T23:35:00+00:00
2026-09-17T00:04:00+00:00,KATL,Atlanta,82.4,2026-09-16T23:45:00+00:00
2026-09-17T00:04:00+00:00,KATL,Atlanta,84.2,2026-09-16T23:40:00+00:00
2026-09-17T00:04:00+00:00,KATL,Atlanta,84.2,2026-09-16T23:35:00+00:00
2026-09-17T00:04:00+00:00,KDFW,Dallas,96.8,2026-09-16T23:45:00+00:00
2026-09-17T00:04:00+00:00,KDFW,Dallas,96.8,2026-09-16T23:40:00+00:00
2026-09-17T00:04:00+00:00,KDFW,Dallas,96.8,2026-09-16T23:35:00+00:00
2026-09-17T00:04:00+00:00,KDFW,Dallas,96.8,2026-09-16T23:30:00+00:00
2026-09-17T00:04:00+00:00,KSEA,Seattle,73.4,2026-09-16T23:45:00+00:00
2026-09-17T00:04:00+00:00,KSEA,Seattle,73.4,2026-09-16T23:40:00+00:00
2026-09-17T00:04:00+00:00,KSEA,Seattle,73.4,2026-09-16T23:35:00+00:00
2026-09-17T00:04:00+00:00,KLAS,Las Vegas,96.8,2026-09-16T23:45:00+00:00
2026-09-17T00:04:00+00:00,KLAS,Las Vegas,96.8,2026-09-16T23:40:00+00:00
2026-09-17T00:04:00+00:00,KLAS,Las Vegas,96.8,2026-09-16T23:35:00+00:00
2026-09-17T00:04:00+00:00,KOKC,Oklahoma City,95.0,2026-09-16T23:45:00+00:00
2026-09-17T00:04:00+00:00,KOKC,Oklahoma City,95.0,2026-09-16T23:40:00+00:00
2026-09-17T00:04:00+00:00,KOKC,Oklahoma City,95.0,2026-09-16T23:35:00+00:00
2026-09-17T00:04:00+00:00,KOKC,Oklahoma City,95.0,2026-09-16T23:30:00+00:00
2026-09-17T00:04:00+00:00,KBOS,Boston,73.4,2026-09-16T23:45:00+00:00
2026-09-17T00:04:00+00:00,KBOS,Boston,73.4,2026-09-16T23:40:00+00:00
2026-09-17T00:04:00+00:00,KBOS,Boston,73.4,2026-09-16T23:35:00+00:00
2026-09-17T00:04:00+00:00,KMSP,Minneapolis,71.59,2026-09-16T23:45:00+00:00
2026-09-17T00:04:00+00:00,KMSP,Minneapolis,71.59,2026-09-16T23:40:00+00:00
2026-09-17T00:04:00+00:00,KMSP,Minneapolis,71.59,2026-09-16T23:35:00+00:00
2026-09-17T00:04:00+00:00,KMSP,Minneapolis,71.59,2026-09-16T23:30:00+00:00
2026-09-17T00:04:00+00:00,KSAT,San Antonio,96.8,2026-09-16T23:45:00+00:00
2026-09-17T00:04:00+00:00,KSAT,San Antonio,96.8,2026-09-16T23:40:00+00:00
2026-09-17T00:04:00+00:00,KSAT,San Antonio,96.8,2026-09-16T23:35:00+00:00
2026-09-17T00:04:00+00:00,KSAT,San Antonio,96.8,2026-09-16T23:30:00+00:00
2026-09-17T00:04:00+00:00,KMSY,New Orleans,84.2,2026-09-16T23:45:00+00:00
2026-09-17T00:04:00+00:00,KMSY,New Orleans,84.2,2026-09-16T23:40:00+00:00
2026-09-17T00:04:00+00:00,KHOU,Houston,89.6,2026-09-16T23:45:00+00:00
2026-09-17T00:04:00+00:00,KHOU,Houston,89.6,2026-09-16T23:40:00+00:00
2026-09-17T00:04:00+00:00,KHOU,Houston,89.6,2026-09-16T23:35:00+00:00
2026-09-17T00:04:00+00:00,KHOU,Houston,89.6,2026-09-16T23:30:00+00:00
2026-09-17T00:19:00+00:00,KNYC,New York City,71.95,2026-09-16T23:51:00+00:00
2026-09-17T00:19:00+00:00,KMIA,Miami,84.2,2026-09-17T00:00:00+00:00
2026-09-17T00:19:00+00:00,KMIA,Miami,86.0,2026-09-16T23:55:00+00:00
2026-09-17T00:19:00+00:00,KMIA,Miami,86.0,2026-09-16T23:53:00+00:00
2026-09-17T00:19:00+00:00,KMIA,Miami,86.0,2026-09-16T23:50:00+00:00
2026-09-17T00:19:00+00:00,KDEN,Denver,75.2,2026-09-17T00:05:00+00:00
2026-09-17T00:19:00+00:00,KDEN,Denver,77.0,2026-09-17T00:00:00+00:00
2026-09-17T00:19:00+00:00,KDEN,Denver,75.2,2026-09-16T23:55:00+00:00
2026-09-17T00:19:00+00:00,KDEN,Denver,77.0,2026-09-16T23:53:00+00:00
2026-09-17T00:19:00+00:00,KDEN,Denver,77.0,2026-09-16T23:50:00+00:00
2026-09-17T00:19:00+00:00,KLAX,Los Angeles,73.4,2026-09-17T00:05:00+00:00
2026-09-17T00:19:00+00:00,KLAX,Los Angeles,75.2,2026-09-17T00:00:00+00:00
2026-09-17T00:19:00+00:00,KLAX,Los Angeles,73.4,2026-09-16T23:55:00+00:00
2026-09-17T00:19:00+00:00,KLAX,Los Angeles,73.94,2026-09-16T23:53:00+00:00
2026-09-17T00:19:00+00:00,KLAX,Los Angeles,75.2,2026-09-16T23:50:00+00:00
2026-09-17T00:19:00+00:00,KPHL,Philadelphia,77.0,2026-09-17T00:05:00+00:00
2026-09-17T00:19:00+00:00,KPHL,Philadelphia,77.0,2026-09-17T00:00:00+00:00
2026-09-17T00:19:00+00:00,KPHL,Philadelphia,78.8,2026-09-16T23:55:00+00:00
2026-09-17T00:19:00+00:00,KPHL,Philadelphia,78.08,2026-09-16T23:54:00+00:00
2026-09-17T00:19:00+00:00,KPHL,Philadelphia,78.8,2026-09-16T23:50:00+00:00
2026-09-17T00:19:00+00:00,KPHL,Philadelphia,78.8,2026-09-16T23:45:00+00:00
2026-09-17T00:19:00+00:00,KPHL,Philadelphia,78.8,2026-09-16T23:40:00+00:00
2026-09-17T00:19:00+00:00,KAUS,Austin,95.0,2026-09-17T00:00:00+00:00
2026-09-17T00:19:00+00:00,KAUS,Austin,95.0,2026-09-16T23:55:00+00:00
2026-09-17T00:19:00+00:00,KAUS,Austin,96.08,2026-09-16T23:53:00+00:00
2026-09-17T00:19:00+00:00,KAUS,Austin,96.8,2026-09-16T23:50:00+00:00
2026-09-17T00:19:00+00:00,KMDW,Chicago,69.8,2026-09-17T00:05:00+00:00
2026-09-17T00:19:00+00:00,KMDW,Chicago,69.8,2026-09-17T00:00:00+00:00
2026-09-17T00:19:00+00:00,KMDW,Chicago,69.8,2026-09-16T23:55:00+00:00
2026-09-17T00:19:00+00:00,KMDW,Chicago,69.08,2026-09-16T23:53:00+00:00
2026-09-17T00:19:00+00:00,KMDW,Chicago,69.8,2026-09-16T23:50:00+00:00
2026-09-17T00:19:00+00:00,KSFO,San Francisco,64.4,2026-09-17T00:05:00+00:00
2026-09-17T00:19:00+00:00,KSFO,San Francisco,64.4,2026-09-17T00:00:00+00:00
2026-09-17T00:19:00+00:00,KSFO,San Francisco,64.04,2026-09-16T23:56:00+00:00
2026-09-17T00:19:00+00:00,KSFO,San Francisco,64.4,2026-09-16T23:55:00+00:00
2026-09-17T00:19:00+00:00,KSFO,San Francisco,64.4,2026-09-16T23:50:00+00:00
2026-09-17T00:19:00+00:00,KSFO,San Francisco,66.2,2026-09-16T23:45:00+00:00
2026-09-17T00:19:00+00:00,KPHX,Phoenix,80.59,2026-09-17T00:00:00+00:00
2026-09-17T00:19:00+00:00,KPHX,Phoenix,80.59,2026-09-16T23:55:00+00:00
2026-09-17T00:19:00+00:00,KPHX,Phoenix,80.95,2026-09-16T23:51:00+00:00
2026-09-17T00:19:00+00:00,KPHX,Phoenix,80.59,2026-09-16T23:50:00+00:00
2026-09-17T00:19:00+00:00,KDCA,Washington DC,78.8,2026-09-17T00:05:00+00:00
2026-09-17T00:19:00+00:00,KDCA,Washington DC,78.8,2026-09-17T00:00:00+00:00
2026-09-17T00:19:00+00:00,KDCA,Washington DC,78.8,2026-09-16T23:55:00+00:00
2026-09-17T00:19:00+00:00,KDCA,Washington DC,78.98,2026-09-16T23:52:00+00:00
2026-09-17T00:19:00+00:00,KDCA,Washington DC,78.8,2026-09-16T23:50:00+00:00
2026-09-17T00:19:00+00:00,KDCA,Washington DC,78.8,2026-09-16T23:45:00+00:00
2026-09-17T00:19:00+00:00,KDCA,Washington DC,78.8,2026-09-16T23:40:00+00:00
2026-09-17T00:19:00+00:00,KATL,Atlanta,82.4,2026-09-17T00:05:00+00:00
2026-09-17T00:19:00+00:00,KATL,Atlanta,82.4,2026-09-17T00:00:00+00:00
2026-09-17T00:19:00+00:00,KATL,Atlanta,82.4,2026-09-16T23:55:00+00:00
2026-09-17T00:19:00+00:00,KATL,Atlanta,82.94,2026-09-16T23:52:00+00:00
2026-09-17T00:19:00+00:00,KATL,Atlanta,82.4,2026-09-16T23:50:00+00:00
2026-09-17T00:19:00+00:00,KDFW,Dallas,95.0,2026-09-17T00:05:00+00:00
2026-09-17T00:19:00+00:00,KDFW,Dallas,96.8,2026-09-17T00:00:00+00:00
2026-09-17T00:19:00+00:00,KDFW,Dallas,96.8,2026-09-16T23:55:00+00:00
2026-09-17T00:19:00+00:00,KDFW,Dallas,96.08,2026-09-16T23:53:00+00:00
2026-09-17T00:19:00+00:00,KDFW,Dallas,96.8,2026-09-16T23:50:00+00:00
2026-09-17T00:19:00+00:00,KSEA,Seattle,73.4,2026-09-17T00:05:00+00:00
2026-09-17T00:19:00+00:00,KSEA,Seattle,73.4,2026-09-17T00:00:00+00:00
2026-09-17T00:19:00+00:00,KSEA,Seattle,73.4,2026-09-16T23:55:00+00:00
2026-09-17T00:19:00+00:00,KSEA,Seattle,73.94,2026-09-16T23:53:00+00:00
2026-09-17T00:19:00+00:00,KSEA,Seattle,73.4,2026-09-16T23:50:00+00:00
2026-09-17T00:19:00+00:00,KLAS,Las Vegas,96.8,2026-09-17T00:00:00+00:00
2026-09-17T00:19:00+00:00,KLAS,Las Vegas,96.98,2026-09-16T23:56:00+00:00
2026-09-17T00:19:00+00:00,KLAS,Las Vegas,96.8,2026-09-16T23:50:00+00:00
2026-09-17T00:19:00+00:00,KOKC,Oklahoma City,93.2,2026-09-17T00:05:00+00:00
2026-09-17T00:19:00+00:00,KOKC,Oklahoma City,93.2,2026-09-17T00:00:00+00:00
2026-09-17T00:19:00+00:00,KOKC,Oklahoma City,95.0,2026-09-16T23:55:00+00:00
2026-09-17T00:19:00+00:00,KOKC,Oklahoma City,95.0,2026-09-16T23:52:00+00:00
2026-09-17T00:19:00+00:00,KOKC,Oklahoma City,95.0,2026-09-16T23:50:00+00:00
2026-09-17T00:19:00+00:00,KBOS,Boston,73.4,2026-09-17T00:05:00+00:00
2026-09-17T00:19:00+00:00,KBOS,Boston,73.4,2026-09-17T00:00:00+00:00
2026-09-17T00:19:00+00:00,KBOS,Boston,73.4,2026-09-16T23:55:00+00:00
2026-09-17T00:19:00+00:00,KBOS,Boston,73.94,2026-09-16T23:54:00+00:00
2026-09-17T00:19:00+00:00,KBOS,Boston,73.4,2026-09-16T23:50:00+00:00
2026-09-17T00:19:00+00:00,KMSP,Minneapolis,71.59,2026-09-17T00:05:00+00:00
2026-09-17T00:19:00+00:00,KMSP,Minneapolis,71.59,2026-09-17T00:00:00+00:00
2026-09-17T00:19:00+00:00,KMSP,Minneapolis,71.59,2026-09-16T23:55:00+00:00
2026-09-17T00:19:00+00:00,KMSP,Minneapolis,71.95,2026-09-16T23:53:00+00:00
2026-09-17T00:19:00+00:00,KMSP,Minneapolis,71.59,2026-09-16T23:50:00+00:00
2026-09-17T00:19:00+00:00,KSAT,San Antonio,95.0,2026-09-17T00:05:00+00:00
2026-09-17T00:19:00+00:00,KSAT,San Antonio,95.0,2026-09-17T00:00:00+00:00
2026-09-17T00:19:00+00:00,KSAT,San Antonio,95.0,2026-09-16T23:55:00+00:00
2026-09-17T00:19:00+00:00,KSAT,San Antonio,95.0,2026-09-16T23:51:00+00:00
2026-09-17T00:19:00+00:00,KSAT,San Antonio,95.0,2026-09-16T23:50:00+00:00
2026-09-17T00:19:00+00:00,KMSY,New Orleans,84.2,2026-09-17T00:05:00+00:00
2026-09-17T00:19:00+00:00,KMSY,New Orleans,84.2,2026-09-17T00:00:00+00:00
2026-09-17T00:19:00+00:00,KMSY,New Orleans,84.2,2026-09-16T23:55:00+00:00
2026-09-17T00:19:00+00:00,KMSY,New Orleans,84.02,2026-09-16T23:53:00+00:00
2026-09-17T00:19:00+00:00,KMSY,New Orleans,84.2,2026-09-16T23:50:00+00:00
2026-09-17T00:19:00+00:00,KHOU,Houston,89.6,2026-09-17T00:05:00+00:00
2026-09-17T00:19:00+00:00,KHOU,Houston,89.6,2026-09-17T00:00:00+00:00
2026-09-17T00:19:00+00:00,KHOU,Houston,89.6,2026-09-16T23:55:00+00:00
2026-09-17T00:19:00+00:00,KHOU,Houston,89.06,2026-09-16T23:53:00+00:00
2026-09-17T00:19:00+00:00,KHOU,Houston,89.6,2026-09-16T23:50:00+00:00
2026-09-17T00:34:00+00:00,KMIA,Miami,84.2,2026-09-17T00:20:00+00:00
2026-09-17T00:34:00+00:00,KMIA,Miami,84.2,2026-09-17T00:15:00+00:00
2026-09-17T00:34:00+00:00,KMIA,Miami,86.0,2026-09-17T00:10:00+00:00
2026-09-17T00:34:00+00:00,KMIA,Miami,86.0,2026-09-17T00:05:00+00:00
2026-09-17T00:34:00+00:00,KDEN,Denver,75.2,2026-09-17T00:20:00+00:00
2026-09-17T00:34:00+00:00,KDEN,Denver,75.2,2026-09-17T00:15:00+00:00
2026-09-17T00:34:00+00:00,KDEN,Denver,75.2,2026-09-17T00:10:00+00:00
2026-09-17T00:34:00+00:00,KLAX,Los Angeles,73.4,2026-09-17T00:20:00+00:00
2026-09-17T00:34:00+00:00,KLAX,Los Angeles,73.4,2026-09-17T00:15:00+00:00
2026-09-17T00:34:00+00:00,KLAX,Los Angeles,75.2,2026-09-17T00:10:00+00:00
2026-09-17T00:34:00+00:00,KPHL,Philadelphia,77.0,2026-09-17T00:15:00+00:00
2026-09-17T00:34:00+00:00,KPHL,Philadelphia,77.0,2026-09-17T00:10:00+00:00
2026-09-17T00:34:00+00:00,KAUS,Austin,93.2,2026-09-17T00:15:00+00:00
2026-09-17T00:34:00+00:00,KAUS,Austin,93.2,2026-09-17T00:10:00+00:00
2026-09-17T00:34:00+00:00,KAUS,Austin,93.2,2026-09-17T00:05:00+00:00
2026-09-17T00:34:00+00:00,KMDW,Chicago,69.8,2026-09-17T00:20:00+00:00
2026-09-17T00:34:00+00:00,KMDW,Chicago,69.8,2026-09-17T00:15:00+00:00
2026-09-17T00:34:00+00:00,KMDW,Chicago,69.8,2026-09-17T00:10:00+00:00
2026-09-17T00:34:00+00:00,KSFO,San Francisco,64.4,2026-09-17T00:20:00+00:00
2026-09-17T00:34:00+00:00,KSFO,San Francisco,64.4,2026-09-17T00:15:00+00:00
2026-09-17T00:34:00+00:00,KSFO,San Francisco,64.4,2026-09-17T00:10:00+00:00
2026-09-17T00:34:00+00:00,KPHX,Phoenix,80.59,2026-09-17T00:20:00+00:00
2026-09-17T00:34:00+00:00,KPHX,Phoenix,80.59,2026-09-17T00:15:00+00:00
2026-09-17T00:34:00+00:00,KPHX,Phoenix,80.59,2026-09-17T00:10:00+00:00
2026-09-17T00:34:00+00:00,KPHX,Phoenix,80.59,2026-09-17T00:05:00+00:00
2026-09-17T00:34:00+00:00,KDCA,Washington DC,77.0,2026-09-17T00:15:00+00:00
2026-09-17T00:34:00+00:00,KDCA,Washington DC,78.8,2026-09-17T00:10:00+00:00
2026-09-17T00:34:00+00:00,KATL,Atlanta,82.4,2026-09-17T00:15:00+00:00
2026-09-17T00:34:00+00:00,KATL,Atlanta,82.4,2026-09-17T00:10:00+00:00
2026-09-17T00:34:00+00:00,KDFW,Dallas,95.0,2026-09-17T00:20:00+00:00
2026-09-17T00:34:00+00:00,KDFW,Dallas,95.0,2026-09-17T00:15:00+00:00
2026-09-17T00:34:00+00:00,KDFW,Dallas,95.0,2026-09-17T00:10:00+00:00
2026-09-17T00:34:00+00:00,KSEA,Seattle,73.4,2026-09-17T00:20:00+00:00
2026-09-17T00:34:00+00:00,KSEA,Seattle,73.4,2026-09-17T00:15:00+00:00
2026-09-17T00:34:00+00:00,KSEA,Seattle,73.4,2026-09-17T00:10:00+00:00
2026-09-17T00:34:00+00:00,KLAS,Las Vegas,96.8,2026-09-17T00:20:00+00:00
2026-09-17T00:34:00+00:00,KLAS,Las Vegas,96.8,2026-09-17T00:15:00+00:00
2026-09-17T00:34:00+00:00,KLAS,Las Vegas,96.8,2026-09-17T00:10:00+00:00
2026-09-17T00:34:00+00:00,KLAS,Las Vegas,96.8,2026-09-17T00:05:00+00:00
2026-09-17T00:34:00+00:00,KLAS,Las Vegas,96.8,2026-09-16T23:55:00+00:00
2026-09-17T00:34:00+00:00,KOKC,Oklahoma City,93.2,2026-09-17T00:20:00+00:00
2026-09-17T00:34:00+00:00,KOKC,Oklahoma City,93.2,2026-09-17T00:15:00+00:00
2026-09-17T00:34:00+00:00,KOKC,Oklahoma City,93.2,2026-09-17T00:10:00+00:00
2026-09-17T00:34:00+00:00,KBOS,Boston,73.4,2026-09-17T00:20:00+00:00
2026-09-17T00:34:00+00:00,KBOS,Boston,73.4,2026-09-17T00:15:00+00:00
2026-09-17T00:34:00+00:00,KBOS,Boston,73.4,2026-09-17T00:10:00+00:00
2026-09-17T00:34:00+00:00,KMSP,Minneapolis,69.8,2026-09-17T00:20:00+00:00
2026-09-17T00:34:00+00:00,KMSP,Minneapolis,71.59,2026-09-17T00:15:00+00:00
2026-09-17T00:34:00+00:00,KMSP,Minneapolis,71.59,2026-09-17T00:10:00+00:00
2026-09-17T00:34:00+00:00,KSAT,San Antonio,93.2,2026-09-17T00:20:00+00:00
2026-09-17T00:34:00+00:00,KSAT,San Antonio,93.2,2026-09-17T00:15:00+00:00
2026-09-17T00:34:00+00:00,KSAT,San Antonio,95.0,2026-09-17T00:10:00+00:00
2026-09-17T00:34:00+00:00,KMSY,New Orleans,84.2,2026-09-17T00:20:00+00:00
2026-09-17T00:34:00+00:00,KMSY,New Orleans,82.4,2026-09-17T00:15:00+00:00
2026-09-17T00:34:00+00:00,KMSY,New Orleans,82.4,2026-09-17T00:10:00+00:00
2026-09-17T00:34:00+00:00,KHOU,Houston,89.6,2026-09-17T00:15:00+00:00
2026-09-17T00:34:00+00:00,KHOU,Houston,89.6,2026-09-17T00:10:00+00:00
2026-09-17T00:49:00+00:00,KMIA,Miami,84.2,2026-09-17T00:30:00+00:00
2026-09-17T00:49:00+00:00,KMIA,Miami,84.2,2026-09-17T00:25:00+00:00
2026-09-17T00:49:00+00:00,KDEN,Denver,75.2,2026-09-17T00:30:00+00:00
2026-09-17T00:49:00+00:00,KDEN,Denver,75.2,2026-09-17T00:25:00+00:00
2026-09-17T00:49:00+00:00,KLAX,Los Angeles,73.4,2026-09-17T00:30:00+00:00
2026-09-17T00:49:00+00:00,KLAX,Los Angeles,73.4,2026-09-17T00:25:00+00:00
2026-09-17T00:49:00+00:00,KPHL,Philadelphia,75.2,2026-09-17T00:30:00+00:00
2026-09-17T00:49:00+00:00,KPHL,Philadelphia,77.0,2026-09-17T00:25:00+00:00
2026-09-17T00:49:00+00:00,KPHL,Philadelphia,77.0,2026-09-17T00:20:00+00:00
2026-09-17T00:49:00+00:00,KAUS,Austin,93.2,2026-09-17T00:30:00+00:00
2026-09-17T00:49:00+00:00,KAUS,Austin,93.2,2026-09-17T00:25:00+00:00
2026-09-17T00:49:00+00:00,KAUS,Austin,93.2,2026-09-17T00:20:00+00:00
2026-09-17T00:49:00+00:00,KMDW,Chicago,69.8,2026-09-17T00:30:00+00:00
2026-09-17T00:49:00+00:00,KMDW,Chicago,69.8,2026-09-17T00:25:00+00:00
2026-09-17T00:49:00+00:00,KSFO,San Francisco,64.4,2026-09-17T00:30:00+00:00
2026-09-17T00:49:00+00:00,KSFO,San Francisco,64.4,2026-09-17T00:25:00+00:00
2026-09-17T00:49:00+00:00,KPHX,Phoenix,82.4,2026-09-17T00:30:00+00:00
2026-09-17T00:49:00+00:00,KPHX,Phoenix,82.4,2026-09-17T00:25:00+00:00
2026-09-17T00:49:00+00:00,KDCA,Washington DC,77.0,2026-09-17T00:25:00+00:00
2026-09-17T00:49:00+00:00,KDCA,Washington DC,77.0,2026-09-17T00:20:00+00:00
2026-09-17T00:49:00+00:00,KATL,Atlanta,82.4,2026-09-17T00:30:00+00:00
2026-09-17T00:49:00+00:00,KATL,Atlanta,82.4,2026-09-17T00:25:00+00:00
2026-09-17T00:49:00+00:00,KATL,Atlanta,82.4,2026-09-17T00:20:00+00:00
2026-09-17T00:49:00+00:00,KDFW,Dallas,95.0,2026-09-17T00:30:00+00:00
2026-09-17T00:49:00+00:00,KDFW,Dallas,95.0,2026-09-17T00:25:00+00:00
2026-09-17T00:49:00+00:00,KSEA,Seattle,73.4,2026-09-17T00:25:00+00:00
2026-09-17T00:49:00+00:00,KLAS,Las Vegas,96.8,2026-09-17T00:30:00+00:00
2026-09-17T00:49:00+00:00,KLAS,Las Vegas,96.8,2026-09-17T00:25:00+00:00
2026-09-17T00:49:00+00:00,KOKC,Oklahoma City,91.4,2026-09-17T00:30:00+00:00
2026-09-17T00:49:00+00:00,KOKC,Oklahoma City,93.2,2026-09-17T00:25:00+00:00
2026-09-17T00:49:00+00:00,KBOS,Boston,73.4,2026-09-17T00:30:00+00:00
2026-09-17T00:49:00+00:00,KBOS,Boston,73.4,2026-09-17T00:25:00+00:00
2026-09-17T00:49:00+00:00,KMSP,Minneapolis,69.8,2026-09-17T00:35:00+00:00
2026-09-17T00:49:00+00:00,KMSP,Minneapolis,69.8,2026-09-17T00:30:00+00:00
2026-09-17T00:49:00+00:00,KMSP,Minneapolis,69.8,2026-09-17T00:25:00+00:00
2026-09-17T00:49:00+00:00,KSAT,San Antonio,93.2,2026-09-17T00:35:00+00:00
2026-09-17T00:49:00+00:00,KSAT,San Antonio,93.2,2026-09-17T00:30:00+00:00
2026-09-17T00:49:00+00:00,KSAT,San Antonio,93.2,2026-09-17T00:25:00+00:00
2026-09-17T00:49:00+00:00,KMSY,New Orleans,82.4,2026-09-17T00:35:00+00:00
2026-09-17T00:49:00+00:00,KMSY,New Orleans,84.2,2026-09-17T00:30:00+00:00
2026-09-17T00:49:00+00:00,KMSY,New Orleans,84.2,2026-09-17T00:25:00+00:00
2026-09-17T00:49:00+00:00,KHOU,Houston,87.8,2026-09-17T00:35:00+00:00
2026-09-17T00:49:00+00:00,KHOU,Houston,87.8,2026-09-17T00:30:00+00:00
2026-09-17T00:49:00+00:00,KHOU,Houston,87.8,2026-09-17T00:25:00+00:00
2026-09-17T00:49:00+00:00,KHOU,Houston,87.8,2026-09-17T00:20:00+00:00
2026-09-17T01:04:00+00:00,KMIA,Miami,84.2,2026-09-17T00:40:00+00:00
2026-09-17T01:04:00+00:00,KMIA,Miami,84.2,2026-09-17T00:35:00+00:00
2026-09-17T01:04:00+00:00,KDEN,Denver,73.4,2026-09-17T00:40:00+00:00
2026-09-17T01:04:00+00:00,KDEN,Denver,75.2,2026-09-17T00:35:00+00:00
2026-09-17T01:04:00+00:00,KLAX,Los Angeles,73.4,2026-09-17T00:45:00+00:00
2026-09-17T01:04:00+00:00,KLAX,Los Angeles,73.4,2026-09-17T00:40:00+00:00
2026-09-17T01:04:00+00:00,KLAX,Los Angeles,73.4,2026-09-17T00:35:00+00:00
2026-09-17T01:04:00+00:00,KPHL,Philadelphia,75.2,2026-09-17T00:40:00+00:00
2026-09-17T01:04:00+00:00,KPHL,Philadelphia,75.2,2026-09-17T00:35:00+00:00
2026-09-17T01:04:00+00:00,KAUS,Austin,91.4,2026-09-17T00:40:00+00:00
2026-09-17T01:04:00+00:00,KAUS,Austin,91.4,2026-09-17T00:35:00+00:00
2026-09-17T01:04:00+00:00,KMDW,Chicago,69.8,2026-09-17T00:40:00+00:00
2026-09-17T01:04:00+00:00,KMDW,Chicago,69.8,2026-09-17T00:35:00+00:00
2026-09-17T01:04:00+00:00,KSFO,San Francisco,64.4,2026-09-17T00:40:00+00:00
2026-09-17T01:04:00+00:00,KSFO,San Francisco,64.4,2026-09-17T00:35:00+00:00
2026-09-17T01:04:00+00:00,KPHX,Phoenix,82.4,2026-09-17T00:40:00+00:00
2026-09-17T01:04:00+00:00,KPHX,Phoenix,82.4,2026-09-17T00:35:00+00:00
2026-09-17T01:04:00+00:00,KDCA,Washington DC,78.8,2026-09-17T00:40:00+00:00
2026-09-17T01:04:00+00:00,KDCA,Washington DC,78.8,2026-09-17T00:35:00+00:00
2026-09-17T01:04:00+00:00,KDCA,Washington DC,77.0,2026-09-17T00:30:00+00:00
2026-09-17T01:04:00+00:00,KATL,Atlanta,82.4,2026-09-17T00:40:00+00:00
2026-09-17T01:04:00+00:00,KATL,Atlanta,82.4,2026-09-17T00:35:00+00:00
2026-09-17T01:04:00+00:00,KDFW,Dallas,93.2,2026-09-17T00:40:00+00:00
2026-09-17T01:04:00+00:00,KDFW,Dallas,93.2,2026-09-17T00:35:00+00:00
2026-09-17T01:04:00+00:00,KSEA,Seattle,73.4,2026-09-17T00:40:00+00:00
2026-09-17T01:04:00+00:00,KSEA,Seattle,73.4,2026-09-17T00:35:00+00:00
2026-09-17T01:04:00+00:00,KSEA,Seattle,73.4,2026-09-17T00:30:00+00:00
2026-09-17T01:04:00+00:00,KLAS,Las Vegas,95.0,2026-09-17T00:45:00+00:00
2026-09-17T01:04:00+00:00,KLAS,Las Vegas,96.8,2026-09-17T00:40:00+00:00
2026-09-17T01:04:00+00:00,KLAS,Las Vegas,96.8,2026-09-17T00:35:00+00:00
2026-09-17T01:04:00+00:00,KOKC,Oklahoma City,91.4,2026-09-17T00:45:00+00:00
2026-09-17T01:04:00+00:00,KOKC,Oklahoma City,91.4,2026-09-17T00:40:00+00:00
2026-09-17T01:04:00+00:00,KOKC,Oklahoma City,91.4,2026-09-17T00:35:00+00:00
2026-09-17T01:04:00+00:00,KBOS,Boston,73.4,2026-09-17T00:45:00+00:00
2026-09-17T01:04:00+00:00,KBOS,Boston,73.4,2026-09-17T00:40:00+00:00
2026-09-17T01:04:00+00:00,KBOS,Boston,73.4,2026-09-17T00:35:00+00:00
2026-09-17T01:04:00+00:00,KMSP,Minneapolis,69.8,2026-09-17T00:40:00+00:00
2026-09-17T01:04:00+00:00,KSAT,San Antonio,93.2,2026-09-17T00:45:00+00:00
2026-09-17T01:04:00+00:00,KSAT,San Antonio,93.2,2026-09-17T00:40:00+00:00
2026-09-17T01:04:00+00:00,KMSY,New Orleans,84.2,2026-09-17T00:45:00+00:00
2026-09-17T01:04:00+00:00,KMSY,New Orleans,84.2,2026-09-17T00:40:00+00:00
2026-09-17T01:04:00+00:00,KHOU,Houston,87.8,2026-09-17T00:45:00+00:00
2026-09-17T01:04:00+00:00,KHOU,Houston,87.8,2026-09-17T00:40:00+00:00
2026-09-17T01:18:20+00:00,KNYC,New York City,73.04,2026-09-17T00:51:00+00:00
2026-09-17T01:18:20+00:00,KMIA,Miami,86.0,2026-09-17T01:05:00+00:00
2026-09-17T01:18:20+00:00,KMIA,Miami,86.0,2026-09-17T01:00:00+00:00
2026-09-17T01:18:20+00:00,KMIA,Miami,84.2,2026-09-17T00:55:00+00:00
2026-09-17T01:18:20+00:00,KMIA,Miami,84.91,2026-09-17T00:53:00+00:00
2026-09-17T01:18:20+00:00,KMIA,Miami,84.2,2026-09-17T00:50:00+00:00
2026-09-17T01:18:20+00:00,KMIA,Miami,84.2,2026-09-17T00:45:00+00:00
2026-09-17T01:18:20+00:00,KDEN,Denver,73.4,2026-09-17T01:00:00+00:00
2026-09-17T01:18:20+00:00,KDEN,Denver,73.4,2026-09-17T00:55:00+00:00
2026-09-17T01:18:20+00:00,KDEN,Denver,73.04,2026-09-17T00:53:00+00:00
2026-09-17T01:18:20+00:00,KDEN,Denver,73.4,2026-09-17T00:50:00+00:00
2026-09-17T01:18:20+00:00,KDEN,Denver,73.4,2026-09-17T00:45:00+00:00
2026-09-17T01:18:20+00:00,KLAX,Los Angeles,71.59,2026-09-17T01:00:00+00:00
2026-09-17T01:18:20+00:00,KLAX,Los Angeles,73.4,2026-09-17T00:55:00+00:00
2026-09-17T01:18:20+00:00,KLAX,Los Angeles,73.04,2026-09-17T00:53:00+00:00
2026-09-17T01:18:20+00:00,KLAX,Los Angeles,73.4,2026-09-17T00:50:00+00:00
2026-09-17T01:18:20+00:00,KPHL,Philadelphia,75.2,2026-09-17T01:05:00+00:00
2026-09-17T01:18:20+00:00,KPHL,Philadelphia,75.2,2026-09-17T01:00:00+00:00
2026-09-17T01:18:20+00:00,KPHL,Philadelphia,75.2,2026-09-17T00:55:00+00:00
2026-09-17T01:18:20+00:00,KPHL,Philadelphia,75.02,2026-09-17T00:54:00+00:00
2026-09-17T01:18:20+00:00,KPHL,Philadelphia,75.2,2026-09-17T00:50:00+00:00
2026-09-17T01:18:20+00:00,KPHL,Philadelphia,75.2,2026-09-17T00:45:00+00:00
2026-09-17T01:18:20+00:00,KAUS,Austin,89.6,2026-09-17T01:05:00+00:00
2026-09-17T01:18:20+00:00,KAUS,Austin,91.4,2026-09-17T01:00:00+00:00
2026-09-17T01:18:20+00:00,KAUS,Austin,91.4,2026-09-17T00:55:00+00:00
2026-09-17T01:18:20+00:00,KAUS,Austin,91.04,2026-09-17T00:53:00+00:00
2026-09-17T01:18:20+00:00,KAUS,Austin,91.4,2026-09-17T00:50:00+00:00
2026-09-17T01:18:20+00:00,KAUS,Austin,91.4,2026-09-17T00:45:00+00:00
2026-09-17T01:18:20+00:00,KMDW,Chicago,69.8,2026-09-17T00:50:00+00:00
2026-09-17T01:18:20+00:00,KMDW,Chicago,69.8,2026-09-17T00:45:00+00:00
2026-09-17T01:18:20+00:00,KSFO,San Francisco,64.4,2026-09-17T01:00:00+00:00
2026-09-17T01:18:20+00:00,KSFO,San Francisco,64.04,2026-09-17T00:56:00+00:00
2026-09-17T01:18:20+00:00,KSFO,San Francisco,64.4,2026-09-17T00:55:00+00:00
2026-09-17T01:18:20+00:00,KSFO,San Francisco,64.4,2026-09-17T00:50:00+00:00
2026-09-17T01:18:20+00:00,KSFO,San Francisco,64.4,2026-09-17T00:45:00+00:00
2026-09-17T01:18:20+00:00,KPHX,Phoenix,82.4,2026-09-17T01:05:00+00:00
2026-09-17T01:18:20+00:00,KPHX,Phoenix,82.4,2026-09-17T01:00:00+00:00
2026-09-17T01:18:20+00:00,KPHX,Phoenix,82.4,2026-09-17T00:55:00+00:00
2026-09-17T01:18:20+00:00,KPHX,Phoenix,82.04,2026-09-17T00:51:00+00:00
2026-09-17T01:18:20+00:00,KPHX,Phoenix,82.4,2026-09-17T00:50:00+00:00
2026-09-17T01:18:20+00:00,KPHX,Phoenix,82.4,2026-09-17T00:45:00+00:00
2026-09-17T01:18:20+00:00,KDCA,Washington DC,75.2,2026-09-17T01:05:00+00:00
2026-09-17T01:18:20+00:00,KDCA,Washington DC,75.2,2026-09-17T01:00:00+00:00
2026-09-17T01:18:20+00:00,KDCA,Washington DC,77.0,2026-09-17T00:55:00+00:00
2026-09-17T01:18:20+00:00,KDCA,Washington DC,77.0,2026-09-17T00:52:00+00:00
2026-09-17T01:18:20+00:00,KDCA,Washington DC,77.0,2026-09-17T00:50:00+00:00
2026-09-17T01:18:20+00:00,KDCA,Washington DC,77.0,2026-09-17T00:45:00+00:00
2026-09-17T01:18:20+00:00,KATL,Atlanta,82.4,2026-09-17T00:50:00+00:00
2026-09-17T01:18:20+00:00,KATL,Atlanta,82.4,2026-09-17T00:45:00+00:00
2026-09-17T01:18:20+00:00,KDFW,Dallas,93.2,2026-09-17T01:00:00+00:00
2026-09-17T01:18:20+00:00,KDFW,Dallas,93.2,2026-09-17T00:55:00+00:00
2026-09-17T01:18:20+00:00,KDFW,Dallas,93.02,2026-09-17T00:53:00+00:00
2026-09-17T01:18:20+00:00,KDFW,Dallas,93.2,2026-09-17T00:50:00+00:00
2026-09-17T01:18:20+00:00,KDFW,Dallas,93.2,2026-09-17T00:45:00+00:00
2026-09-17T01:18:20+00:00,KSEA,Seattle,71.59,2026-09-17T01:00:00+00:00
2026-09-17T01:18:20+00:00,KSEA,Seattle,71.59,2026-09-17T00:55:00+00:00
2026-09-17T01:18:20+00:00,KSEA,Seattle,71.95,2026-09-17T00:53:00+00:00
2026-09-17T01:18:20+00:00,KSEA,Seattle,73.4,2026-09-17T00:45:00+00:00
2026-09-17T01:18:20+00:00,KLAS,Las Vegas,95.0,2026-09-17T01:05:00+00:00
2026-09-17T01:18:20+00:00,KLAS,Las Vegas,95.0,2026-09-17T01:00:00+00:00
2026-09-17T01:18:20+00:00,KLAS,Las Vegas,95.0,2026-09-17T00:56:00+00:00
2026-09-17T01:18:20+00:00,KLAS,Las Vegas,95.0,2026-09-17T00:55:00+00:00
2026-09-17T01:18:20+00:00,KLAS,Las Vegas,95.0,2026-09-17T00:50:00+00:00
2026-09-17T01:18:20+00:00,KOKC,Oklahoma City,89.6,2026-09-17T01:00:00+00:00
2026-09-17T01:18:20+00:00,KOKC,Oklahoma City,89.6,2026-09-17T00:55:00+00:00
2026-09-17T01:18:20+00:00,KOKC,Oklahoma City,91.04,2026-09-17T00:52:00+00:00
2026-09-17T01:18:20+00:00,KOKC,Oklahoma City,91.4,2026-09-17T00:50:00+00:00
2026-09-17T01:18:20+00:00,KBOS,Boston,73.4,2026-09-17T01:05:00+00:00
2026-09-17T01:18:20+00:00,KBOS,Boston,73.4,2026-09-17T01:00:00+00:00
2026-09-17T01:18:20+00:00,KBOS,Boston,73.4,2026-09-17T00:55:00+00:00
2026-09-17T01:18:20+00:00,KBOS,Boston,73.04,2026-09-17T00:54:00+00:00
2026-09-17T01:18:20+00:00,KBOS,Boston,73.4,2026-09-17T00:50:00+00:00
2026-09-17T01:18:20+00:00,KMSP,Minneapolis,69.8,2026-09-17T01:05:00+00:00
2026-09-17T01:18:20+00:00,KMSP,Minneapolis,69.8,2026-09-17T01:00:00+00:00
2026-09-17T01:18:20+00:00,KMSP,Minneapolis,69.8,2026-09-17T00:55:00+00:00
2026-09-17T01:18:20+00:00,KMSP,Minneapolis,69.98,2026-09-17T00:53:00+00:00
2026-09-17T01:18:20+00:00,KMSP,Minneapolis,69.8,2026-09-17T00:50:00+00:00
2026-09-17T01:18:20+00:00,KSAT,San Antonio,91.4,2026-09-17T01:05:00+00:00
2026-09-17T01:18:20+00:00,KSAT,San Antonio,91.4,2026-09-17T01:00:00+00:00
2026-09-17T01:18:20+00:00,KSAT,San Antonio,91.4,2026-09-17T00:55:00+00:00
2026-09-17T01:18:20+00:00,KSAT,San Antonio,93.02,2026-09-17T00:51:00+00:00
2026-09-17T01:18:20+00:00,KSAT,San Antonio,93.2,2026-09-17T00:50:00+00:00
2026-09-17T01:18:20+00:00,KMSY,New Orleans,82.4,2026-09-17T01:05:00+00:00
2026-09-17T01:18:20+00:00,KMSY,New Orleans,82.4,2026-09-17T01:00:00+00:00
2026-09-17T01:18:20+00:00,KMSY,New Orleans,84.2,2026-09-17T00:55:00+00:00
2026-09-17T01:18:20+00:00,KMSY,New Orleans,84.02,2026-09-17T00:53:00+00:00
2026-09-17T01:18:20+00:00,KMSY,New Orleans,84.2,2026-09-17T00:50:00+00:00
2026-09-17T01:18:20+00:00,KHOU,Houston,87.8,2026-09-17T01:00:00+00:00
2026-09-17T01:18:20+00:00,KHOU,Houston,87.8,2026-09-17T00:55:00+00:00
2026-09-17T01:18:20+00:00,KHOU,Houston,87.08,2026-09-17T00:53:00+00:00
2026-09-17T01:18:20+00:00,KHOU,Houston,87.8,2026-09-17T00:50:00+00:00
2026-09-17T01:19:00+00:00,KNYC,New York City,73.04,2026-09-17T00:51:00+00:00
2026-09-17T01:19:00+00:00,KMIA,Miami,86.0,2026-09-17T01:05:00+00:00
2026-09-17T01:19:00+00:00,KMIA,Miami,86.0,2026-09-17T01:00:00+00:00
2026-09-17T01:19:00+00:00,KMIA,Miami,84.2,2026-09-17T00:55:00+00:00
2026-09-17T01:19:00+00:00,KMIA,Miami,84.91,2026-09-17T00:53:00+00:00
2026-09-17T01:19:00+00:00,KMIA,Miami,84.2,2026-09-17T00:50:00+00:00
2026-09-17T01:19:00+00:00,KMIA,Miami,84.2,2026-09-17T00:45:00+00:00
2026-09-17T01:19:00+00:00,KDEN,Denver,73.4,2026-09-17T01:00:00+00:00
2026-09-17T01:19:00+00:00,KDEN,Denver,73.4,2026-09-17T00:55:00+00:00
2026-09-17T01:19:00+00:00,KDEN,Denver,73.04,2026-09-17T00:53:00+00:00
2026-09-17T01:19:00+00:00,KDEN,Denver,73.4,2026-09-17T00:50:00+00:00
2026-09-17T01:19:00+00:00,KDEN,Denver,73.4,2026-09-17T00:45:00+00:00
2026-09-17T01:19:00+00:00,KLAX,Los Angeles,71.59,2026-09-17T01:00:00+00:00
2026-09-17T01:19:00+00:00,KLAX,Los Angeles,73.4,2026-09-17T00:55:00+00:00
2026-09-17T01:19:00+00:00,KLAX,Los Angeles,73.04,2026-09-17T00:53:00+00:00
2026-09-17T01:19:00+00:00,KLAX,Los Angeles,73.4,2026-09-17T00:50:00+00:00
2026-09-17T01:19:00+00:00,KPHL,Philadelphia,75.2,2026-09-17T01:05:00+00:00
2026-09-17T01:19:00+00:00,KPHL,Philadelphia,75.2,2026-09-17T01:00:00+00:00
2026-09-17T01:19:00+00:00,KPHL,Philadelphia,75.2,2026-09-17T00:55:00+00:00
2026-09-17T01:19:00+00:00,KPHL,Philadelphia,75.02,2026-09-17T00:54:00+00:00
2026-09-17T01:19:00+00:00,KPHL,Philadelphia,75.2,2026-09-17T00:50:00+00:00
2026-09-17T01:19:00+00:00,KPHL,Philadelphia,75.2,2026-09-17T00:45:00+00:00
2026-09-17T01:19:00+00:00,KAUS,Austin,89.6,2026-09-17T01:05:00+00:00
2026-09-17T01:19:00+00:00,KAUS,Austin,91.4,2026-09-17T01:00:00+00:00
2026-09-17T01:19:00+00:00,KAUS,Austin,91.4,2026-09-17T00:55:00+00:00
2026-09-17T01:19:00+00:00,KAUS,Austin,91.04,2026-09-17T00:53:00+00:00
2026-09-17T01:19:00+00:00,KAUS,Austin,91.4,2026-09-17T00:50:00+00:00
2026-09-17T01:19:00+00:00,KAUS,Austin,91.4,2026-09-17T00:45:00+00:00
2026-09-17T01:19:00+00:00,KMDW,Chicago,69.8,2026-09-17T00:50:00+00:00
2026-09-17T01:19:00+00:00,KMDW,Chicago,69.8,2026-09-17T00:45:00+00:00
2026-09-17T01:19:00+00:00,KSFO,San Francisco,64.4,2026-09-17T01:05:00+00:00
2026-09-17T01:19:00+00:00,KSFO,San Francisco,64.4,2026-09-17T01:00:00+00:00
2026-09-17T01:19:00+00:00,KSFO,San Francisco,64.04,2026-09-17T00:56:00+00:00
2026-09-17T01:19:00+00:00,KSFO,San Francisco,64.4,2026-09-17T00:55:00+00:00
2026-09-17T01:19:00+00:00,KSFO,San Francisco,64.4,2026-09-17T00:50:00+00:00
2026-09-17T01:19:00+00:00,KSFO,San Francisco,64.4,2026-09-17T00:45:00+00:00
2026-09-17T01:19:00+00:00,KPHX,Phoenix,82.4,2026-09-17T01:05:00+00:00
2026-09-17T01:19:00+00:00,KPHX,Phoenix,82.4,2026-09-17T01:00:00+00:00
2026-09-17T01:19:00+00:00,KPHX,Phoenix,82.4,2026-09-17T00:55:00+00:00
2026-09-17T01:19:00+00:00,KPHX,Phoenix,82.04,2026-09-17T00:51:00+00:00
2026-09-17T01:19:00+00:00,KPHX,Phoenix,82.4,2026-09-17T00:50:00+00:00
2026-09-17T01:19:00+00:00,KPHX,Phoenix,82.4,2026-09-17T00:45:00+00:00
2026-09-17T01:19:00+00:00,KDCA,Washington DC,75.2,2026-09-17T01:05:00+00:00
2026-09-17T01:19:00+00:00,KDCA,Washington DC,75.2,2026-09-17T01:00:00+00:00
2026-09-17T01:19:00+00:00,KDCA,Washington DC,77.0,2026-09-17T00:55:00+00:00
2026-09-17T01:19:00+00:00,KDCA,Washington DC,77.0,2026-09-17T00:52:00+00:00
2026-09-17T01:19:00+00:00,KDCA,Washington DC,77.0,2026-09-17T00:50:00+00:00
2026-09-17T01:19:00+00:00,KDCA,Washington DC,77.0,2026-09-17T00:45:00+00:00
2026-09-17T01:19:00+00:00,KATL,Atlanta,82.4,2026-09-17T00:50:00+00:00
2026-09-17T01:19:00+00:00,KATL,Atlanta,82.4,2026-09-17T00:45:00+00:00
2026-09-17T01:19:00+00:00,KDFW,Dallas,93.2,2026-09-17T01:00:00+00:00
2026-09-17T01:19:00+00:00,KDFW,Dallas,93.2,2026-09-17T00:55:00+00:00
2026-09-17T01:19:00+00:00,KDFW,Dallas,93.02,2026-09-17T00:53:00+00:00
2026-09-17T01:19:00+00:00,KDFW,Dallas,93.2,2026-09-17T00:50:00+00:00
2026-09-17T01:19:00+00:00,KDFW,Dallas,93.2,2026-09-17T00:45:00+00:00
2026-09-17T01:19:00+00:00,KSEA,Seattle,71.59,2026-09-17T01:00:00+00:00
2026-09-17T01:19:00+00:00,KSEA,Seattle,71.59,2026-09-17T00:55:00+00:00
2026-09-17T01:19:00+00:00,KSEA,Seattle,71.95,2026-09-17T00:53:00+00:00
2026-09-17T01:19:00+00:00,KSEA,Seattle,73.4,2026-09-17T00:45:00+00:00
2026-09-17T01:19:00+00:00,KLAS,Las Vegas,95.0,2026-09-17T01:05:00+00:00
2026-09-17T01:19:00+00:00,KLAS,Las Vegas,95.0,2026-09-17T01:00:00+00:00
2026-09-17T01:19:00+00:00,KLAS,Las Vegas,95.0,2026-09-17T00:56:00+00:00
2026-09-17T01:19:00+00:00,KLAS,Las Vegas,95.0,2026-09-17T00:55:00+00:00
2026-09-17T01:19:00+00:00,KLAS,Las Vegas,95.0,2026-09-17T00:50:00+00:00
2026-09-17T01:19:00+00:00,KOKC,Oklahoma City,89.6,2026-09-17T01:00:00+00:00
2026-09-17T01:19:00+00:00,KOKC,Oklahoma City,89.6,2026-09-17T00:55:00+00:00
2026-09-17T01:19:00+00:00,KOKC,Oklahoma City,91.04,2026-09-17T00:52:00+00:00
2026-09-17T01:19:00+00:00,KOKC,Oklahoma City,91.4,2026-09-17T00:50:00+00:00
2026-09-17T01:19:00+00:00,KBOS,Boston,73.4,2026-09-17T01:05:00+00:00
2026-09-17T01:19:00+00:00,KBOS,Boston,73.4,2026-09-17T01:00:00+00:00
2026-09-17T01:19:00+00:00,KBOS,Boston,73.4,2026-09-17T00:55:00+00:00
2026-09-17T01:19:00+00:00,KBOS,Boston,73.04,2026-09-17T00:54:00+00:00
2026-09-17T01:19:00+00:00,KBOS,Boston,73.4,2026-09-17T00:50:00+00:00
2026-09-17T01:19:00+00:00,KMSP,Minneapolis,69.8,2026-09-17T01:05:00+00:00
2026-09-17T01:19:00+00:00,KMSP,Minneapolis,69.8,2026-09-17T01:00:00+00:00
2026-09-17T01:19:00+00:00,KMSP,Minneapolis,69.8,2026-09-17T00:55:00+00:00
2026-09-17T01:19:00+00:00,KMSP,Minneapolis,69.98,2026-09-17T00:53:00+00:00
2026-09-17T01:19:00+00:00,KMSP,Minneapolis,69.8,2026-09-17T00:50:00+00:00
2026-09-17T01:19:00+00:00,KSAT,San Antonio,91.4,2026-09-17T01:05:00+00:00
2026-09-17T01:19:00+00:00,KSAT,San Antonio,91.4,2026-09-17T01:00:00+00:00
2026-09-17T01:19:00+00:00,KSAT,San Antonio,91.4,2026-09-17T00:55:00+00:00
2026-09-17T01:19:00+00:00,KSAT,San Antonio,93.02,2026-09-17T00:51:00+00:00
2026-09-17T01:19:00+00:00,KSAT,San Antonio,93.2,2026-09-17T00:50:00+00:00
2026-09-17T01:19:00+00:00,KMSY,New Orleans,82.4,2026-09-17T01:05:00+00:00
2026-09-17T01:19:00+00:00,KMSY,New Orleans,82.4,2026-09-17T01:00:00+00:00
2026-09-17T01:19:00+00:00,KMSY,New Orleans,84.2,2026-09-17T00:55:00+00:00
2026-09-17T01:19:00+00:00,KMSY,New Orleans,84.02,2026-09-17T00:53:00+00:00
2026-09-17T01:19:00+00:00,KMSY,New Orleans,84.2,2026-09-17T00:50:00+00:00
2026-09-17T01:19:00+00:00,KHOU,Houston,87.8,2026-09-17T01:00:00+00:00
2026-09-17T01:19:00+00:00,KHOU,Houston,87.8,2026-09-17T00:55:00+00:00
2026-09-17T01:19:00+00:00,KHOU,Houston,87.08,2026-09-17T00:53:00+00:00
2026-09-17T01:19:00+00:00,KHOU,Houston,87.8,2026-09-17T00:50:00+00:00
2026-09-17T01:34:01+00:00,KMIA,Miami,84.2,2026-09-17T01:20:00+00:00
2026-09-17T01:34:01+00:00,KMIA,Miami,84.2,2026-09-17T01:15:00+00:00
2026-09-17T01:34:01+00:00,KMIA,Miami,84.2,2026-09-17T01:10:00+00:00
2026-09-17T01:34:01+00:00,KDEN,Denver,73.4,2026-09-17T01:20:00+00:00
2026-09-17T01:34:01+00:00,KDEN,Denver,73.4,2026-09-17T01:15:00+00:00
2026-09-17T01:34:01+00:00,KDEN,Denver,73.4,2026-09-17T01:10:00+00:00
2026-09-17T01:34:01+00:00,KDEN,Denver,73.4,2026-09-17T01:05:00+00:00
2026-09-17T01:34:01+00:00,KLAX,Los Angeles,71.59,2026-09-17T01:20:00+00:00
2026-09-17T01:34:01+00:00,KLAX,Los Angeles,71.59,2026-09-17T01:15:00+00:00
2026-09-17T01:34:01+00:00,KLAX,Los Angeles,71.59,2026-09-17T01:10:00+00:00
2026-09-17T01:34:01+00:00,KLAX,Los Angeles,71.59,2026-09-17T01:05:00+00:00
2026-09-17T01:34:01+00:00,KPHL,Philadelphia,75.2,2026-09-17T01:20:00+00:00
2026-09-17T01:34:01+00:00,KPHL,Philadelphia,75.2,2026-09-17T01:15:00+00:00
2026-09-17T01:34:01+00:00,KPHL,Philadelphia,75.2,2026-09-17T01:10:00+00:00
2026-09-17T01:34:01+00:00,KAUS,Austin,89.6,2026-09-17T01:15:00+00:00
2026-09-17T01:34:01+00:00,KAUS,Austin,89.6,2026-09-17T01:10:00+00:00
2026-09-17T01:34:01+00:00,KMDW,Chicago,69.8,2026-09-17T01:20:00+00:00
2026-09-17T01:34:01+00:00,KMDW,Chicago,69.8,2026-09-17T01:15:00+00:00
2026-09-17T01:34:01+00:00,KMDW,Chicago,69.8,2026-09-17T01:10:00+00:00
2026-09-17T01:34:01+00:00,KMDW,Chicago,69.8,2026-09-17T01:05:00+00:00
2026-09-17T01:34:01+00:00,KMDW,Chicago,69.8,2026-09-17T01:00:00+00:00
2026-09-17T01:34:01+00:00,KMDW,Chicago,69.8,2026-09-17T00:55:00+00:00
2026-09-17T01:34:01+00:00,KMDW,Chicago,69.08,2026-09-17T00:53:00+00:00
2026-09-17T01:34:01+00:00,KSFO,San Francisco,64.4,2026-09-17T01:20:00+00:00
2026-09-17T01:34:01+00:00,KSFO,San Francisco,64.4,2026-09-17T01:15:00+00:00
2026-09-17T01:34:01+00:00,KSFO,San Francisco,64.4,2026-09-17T01:10:00+00:00
2026-09-17T01:34:01+00:00,KPHX,Phoenix,82.4,2026-09-17T01:20:00+00:00
2026-09-17T01:34:01+00:00,KPHX,Phoenix,82.4,2026-09-17T01:15:00+00:00
2026-09-17T01:34:01+00:00,KPHX,Phoenix,82.4,2026-09-17T01:10:00+00:00
2026-09-17T01:34:01+00:00,KDCA,Washington DC,75.2,2026-09-17T01:20:00+00:00
2026-09-17T01:34:01+00:00,KDCA,Washington DC,75.2,2026-09-17T01:15:00+00:00
2026-09-17T01:34:01+00:00,KDCA,Washington DC,75.2,2026-09-17T01:10:00+00:00
2026-09-17T01:34:01+00:00,KATL,Atlanta,80.59,2026-09-17T01:20:00+00:00
2026-09-17T01:34:01+00:00,KATL,Atlanta,80.59,2026-09-17T01:15:00+00:00
2026-09-17T01:34:01+00:00,KATL,Atlanta,82.4,2026-09-17T01:10:00+00:00
2026-09-17T01:34:01+00:00,KATL,Atlanta,82.4,2026-09-17T01:05:00+00:00
2026-09-17T01:34:01+00:00,KATL,Atlanta,82.4,2026-09-17T01:00:00+00:00
2026-09-17T01:34:01+00:00,KATL,Atlanta,82.4,2026-09-17T00:55:00+00:00
2026-09-17T01:34:01+00:00,KATL,Atlanta,82.04,2026-09-17T00:52:00+00:00
2026-09-17T01:34:01+00:00,KDFW,Dallas,91.4,2026-09-17T01:15:00+00:00
2026-09-17T01:34:01+00:00,KDFW,Dallas,93.2,2026-09-17T01:10:00+00:00
2026-09-17T01:34:01+00:00,KDFW,Dallas,93.2,2026-09-17T01:05:00+00:00
2026-09-17T01:34:01+00:00,KSEA,Seattle,71.59,2026-09-17T01:20:00+00:00
2026-09-17T01:34:01+00:00,KSEA,Seattle,71.59,2026-09-17T01:15:00+00:00
2026-09-17T01:34:01+00:00,KSEA,Seattle,71.59,2026-09-17T01:10:00+00:00
2026-09-17T01:34:01+00:00,KSEA,Seattle,71.59,2026-09-17T01:05:00+00:00
2026-09-17T01:34:01+00:00,KLAS,Las Vegas,95.0,2026-09-17T01:20:00+00:00
2026-09-17T01:34:01+00:00,KLAS,Las Vegas,95.0,2026-09-17T01:15:00+00:00
2026-09-17T01:34:01+00:00,KLAS,Las Vegas,95.0,2026-09-17T01:10:00+00:00
2026-09-17T01:34:01+00:00,KOKC,Oklahoma City,89.6,2026-09-17T01:15:00+00:00
2026-09-17T01:34:01+00:00,KOKC,Oklahoma City,89.6,2026-09-17T01:10:00+00:00
2026-09-17T01:34:01+00:00,KOKC,Oklahoma City,89.6,2026-09-17T01:05:00+00:00
2026-09-17T01:34:01+00:00,KBOS,Boston,73.4,2026-09-17T01:20:00+00:00
2026-09-17T01:34:01+00:00,KBOS,Boston,73.4,2026-09-17T01:15:00+00:00
2026-09-17T01:34:01+00:00,KBOS,Boston,73.4,2026-09-17T01:10:00+00:00
2026-09-17T01:34:01+00:00,KMSP,Minneapolis,69.8,2026-09-17T01:20:00+00:00
2026-09-17T01:34:01+00:00,KMSP,Minneapolis,71.59,2026-09-17T01:15:00+00:00
2026-09-17T01:34:01+00:00,KMSP,Minneapolis,69.8,2026-09-17T01:10:00+00:00
2026-09-17T01:34:01+00:00,KSAT,San Antonio,91.4,2026-09-17T01:20:00+00:00
2026-09-17T01:34:01+00:00,KSAT,San Antonio,91.4,2026-09-17T01:15:00+00:00
2026-09-17T01:34:01+00:00,KSAT,San Antonio,91.4,2026-09-17T01:10:00+00:00
2026-09-17T01:34:01+00:00,KMSY,New Orleans,84.2,2026-09-17T01:20:00+00:00
2026-09-17T01:34:01+00:00,KMSY,New Orleans,84.2,2026-09-17T01:15:00+00:00
2026-09-17T01:34:01+00:00,KMSY,New Orleans,82.4,2026-09-17T01:10:00+00:00
2026-09-17T01:34:01+00:00,KHOU,Houston,87.8,2026-09-17T01:15:00+00:00
2026-09-17T01:34:01+00:00,KHOU,Houston,87.8,2026-09-17T01:10:00+00:00
2026-09-17T01:34:01+00:00,KHOU,Houston,87.8,2026-09-17T01:05:00+00:00
2026-09-17T01:49:00+00:00,KMIA,Miami,86.0,2026-09-17T01:30:00+00:00
2026-09-17T01:49:00+00:00,KMIA,Miami,84.2,2026-09-17T01:25:00+00:00
2026-09-17T01:49:00+00:00,KDEN,Denver,71.59,2026-09-17T01:30:00+00:00
2026-09-17T01:49:00+00:00,KDEN,Denver,73.4,2026-09-17T01:25:00+00:00
2026-09-17T01:49:00+00:00,KLAX,Los Angeles,71.59,2026-09-17T01:30:00+00:00
2026-09-17T01:49:00+00:00,KLAX,Los Angeles,71.59,2026-09-17T01:25:00+00:00
2026-09-17T01:49:00+00:00,KPHL,Philadelphia,73.4,2026-09-17T01:30:00+00:00
2026-09-17T01:49:00+00:00,KPHL,Philadelphia,75.2,2026-09-17T01:25:00+00:00
2026-09-17T01:49:00+00:00,KAUS,Austin,89.6,2026-09-17T01:20:00+00:00
2026-09-17T01:49:00+00:00,KMDW,Chicago,69.8,2026-09-17T01:30:00+00:00
2026-09-17T01:49:00+00:00,KMDW,Chicago,69.8,2026-09-17T01:25:00+00:00
2026-09-17T01:49:00+00:00,KSFO,San Francisco,64.4,2026-09-17T01:30:00+00:00
2026-09-17T01:49:00+00:00,KSFO,San Francisco,64.4,2026-09-17T01:25:00+00:00
2026-09-17T01:49:00+00:00,KPHX,Phoenix,82.4,2026-09-17T01:25:00+00:00
2026-09-17T01:49:00+00:00,KDCA,Washington DC,75.2,2026-09-17T01:30:00+00:00
2026-09-17T01:49:00+00:00,KDCA,Washington DC,75.2,2026-09-17T01:25:00+00:00
2026-09-17T01:49:00+00:00,KATL,Atlanta,80.59,2026-09-17T01:30:00+00:00
2026-09-17T01:49:00+00:00,KATL,Atlanta,80.59,2026-09-17T01:25:00+00:00
2026-09-17T01:49:00+00:00,KDFW,Dallas,91.4,2026-09-17T01:20:00+00:00
2026-09-17T01:49:00+00:00,KSEA,Seattle,71.59,2026-09-17T01:30:00+00:00
2026-09-17T01:49:00+00:00,KSEA,Seattle,71.59,2026-09-17T01:25:00+00:00
2026-09-17T01:49:00+00:00,KLAS,Las Vegas,93.2,2026-09-17T01:25:00+00:00
2026-09-17T01:49:00+00:00,KOKC,Oklahoma City,87.8,2026-09-17T01:20:00+00:00
2026-09-17T01:49:00+00:00,KBOS,Boston,73.4,2026-09-17T01:25:00+00:00
2026-09-17T01:49:00+00:00,KHOU,Houston,87.8,2026-09-17T01:20:00+00:00
2026-09-17T02:04:00+00:00,KMIA,Miami,84.2,2026-09-17T01:45:00+00:00
2026-09-17T02:04:00+00:00,KMIA,Miami,84.2,2026-09-17T01:40:00+00:00
2026-09-17T02:04:00+00:00,KMIA,Miami,86.0,2026-09-17T01:35:00+00:00
2026-09-17T02:04:00+00:00,KDEN,Denver,69.8,2026-09-17T01:45:00+00:00
2026-09-17T02:04:00+00:00,KDEN,Denver,69.8,2026-09-17T01:40:00+00:00
2026-09-17T02:04:00+00:00,KDEN,Denver,69.8,2026-09-17T01:35:00+00:00
2026-09-17T02:04:00+00:00,KLAX,Los Angeles,71.59,2026-09-17T01:40:00+00:00
2026-09-17T02:04:00+00:00,KLAX,Los Angeles,71.59,2026-09-17T01:35:00+00:00
2026-09-17T02:04:00+00:00,KPHL,Philadelphia,73.4,2026-09-17T01:40:00+00:00
2026-09-17T02:04:00+00:00,KPHL,Philadelphia,73.4,2026-09-17T01:35:00+00:00
2026-09-17T02:04:00+00:00,KAUS,Austin,89.6,2026-09-17T01:35:00+00:00
2026-09-17T02:04:00+00:00,KAUS,Austin,89.6,2026-09-17T01:30:00+00:00
2026-09-17T02:04:00+00:00,KAUS,Austin,89.6,2026-09-17T01:25:00+00:00
2026-09-17T02:04:00+00:00,KMDW,Chicago,69.8,2026-09-17T01:45:00+00:00
2026-09-17T02:04:00+00:00,KMDW,Chicago,69.8,2026-09-17T01:40:00+00:00
2026-09-17T02:04:00+00:00,KMDW,Chicago,69.8,2026-09-17T01:35:00+00:00
2026-09-17T02:04:00+00:00,KSFO,San Francisco,64.4,2026-09-17T01:45:00+00:00
2026-09-17T02:04:00+00:00,KSFO,San Francisco,64.4,2026-09-17T01:40:00+00:00
2026-09-17T02:04:00+00:00,KSFO,San Francisco,64.4,2026-09-17T01:35:00+00:00
2026-09-17T02:04:00+00:00,KPHX,Phoenix,82.4,2026-09-17T01:40:00+00:00
2026-09-17T02:04:00+00:00,KPHX,Phoenix,82.4,2026-09-17T01:35:00+00:00
2026-09-17T02:04:00+00:00,KPHX,Phoenix,82.4,2026-09-17T01:30:00+00:00
2026-09-17T02:04:00+00:00,KDCA,Washington DC,75.2,2026-09-17T01:45:00+00:00
2026-09-17T02:04:00+00:00,KDCA,Washington DC,75.2,2026-09-17T01:40:00+00:00
2026-09-17T02:04:00+00:00,KDCA,Washington DC,75.2,2026-09-17T01:35:00+00:00
2026-09-17T02:04:00+00:00,KATL,Atlanta,80.59,2026-09-17T01:45:00+00:00
2026-09-17T02:04:00+00:00,KATL,Atlanta,80.59,2026-09-17T01:40:00+00:00
2026-09-17T02:04:00+00:00,KATL,Atlanta,80.59,2026-09-17T01:35:00+00:00
2026-09-17T02:04:00+00:00,KDFW,Dallas,91.4,2026-09-17T01:45:00+00:00
2026-09-17T02:04:00+00:00,KDFW,Dallas,91.4,2026-09-17T01:40:00+00:00
2026-09-17T02:04:00+00:00,KDFW,Dallas,91.4,2026-09-17T01:35:00+00:00
2026-09-17T02:04:00+00:00,KDFW,Dallas,91.4,2026-09-17T01:30:00+00:00
2026-09-17T02:04:00+00:00,KDFW,Dallas,91.4,2026-09-17T01:25:00+00:00
2026-09-17T02:04:00+00:00,KSEA,Seattle,69.8,2026-09-17T01:40:00+00:00
2026-09-17T02:04:00+00:00,KSEA,Seattle,71.59,2026-09-17T01:35:00+00:00
2026-09-17T02:04:00+00:00,KLAS,Las Vegas,93.2,2026-09-17T01:40:00+00:00
2026-09-17T02:04:00+00:00,KLAS,Las Vegas,93.2,2026-09-17T01:35:00+00:00
2026-09-17T02:04:00+00:00,KLAS,Las Vegas,93.2,2026-09-17T01:30:00+00:00
2026-09-17T02:04:00+00:00,KOKC,Oklahoma City,87.8,2026-09-17T01:45:00+00:00
2026-09-17T02:04:00+00:00,KOKC,Oklahoma City,87.8,2026-09-17T01:40:00+00:00
2026-09-17T02:04:00+00:00,KOKC,Oklahoma City,87.8,2026-09-17T01:35:00+00:00
2026-09-17T02:04:00+00:00,KOKC,Oklahoma City,87.8,2026-09-17T01:30:00+00:00
2026-09-17T02:04:00+00:00,KOKC,Oklahoma City,87.8,2026-09-17T01:25:00+00:00
2026-09-17T02:04:00+00:00,KBOS,Boston,73.4,2026-09-17T01:45:00+00:00
2026-09-17T02:04:00+00:00,KBOS,Boston,71.59,2026-09-17T01:40:00+00:00
2026-09-17T02:04:00+00:00,KBOS,Boston,71.59,2026-09-17T01:35:00+00:00
2026-09-17T02:04:00+00:00,KMSP,Minneapolis,66.2,2026-09-17T01:45:00+00:00
2026-09-17T02:04:00+00:00,KMSP,Minneapolis,66.2,2026-09-17T01:40:00+00:00
2026-09-17T02:04:00+00:00,KMSP,Minneapolis,66.2,2026-09-17T01:35:00+00:00
2026-09-17T02:04:00+00:00,KMSP,Minneapolis,66.2,2026-09-17T01:30:00+00:00
2026-09-17T02:04:00+00:00,KMSP,Minneapolis,69.8,2026-09-17T01:25:00+00:00
2026-09-17T02:04:00+00:00,KSAT,San Antonio,91.4,2026-09-17T01:35:00+00:00
2026-09-17T02:04:00+00:00,KSAT,San Antonio,91.4,2026-09-17T01:30:00+00:00
2026-09-17T02:04:00+00:00,KSAT,San Antonio,91.4,2026-09-17T01:25:00+00:00
2026-09-17T02:04:00+00:00,KMSY,New Orleans,84.2,2026-09-17T01:45:00+00:00
2026-09-17T02:04:00+00:00,KMSY,New Orleans,84.2,2026-09-17T01:40:00+00:00
2026-09-17T02:04:00+00:00,KMSY,New Orleans,84.2,2026-09-17T01:35:00+00:00
2026-09-17T02:04:00+00:00,KMSY,New Orleans,84.2,2026-09-17T01:30:00+00:00
2026-09-17T02:04:00+00:00,KMSY,New Orleans,84.2,2026-09-17T01:25:00+00:00
2026-09-17T02:04:00+00:00,KHOU,Houston,86.0,2026-09-17T01:45:00+00:00
2026-09-17T02:04:00+00:00,KHOU,Houston,86.0,2026-09-17T01:40:00+00:00
2026-09-17T02:04:00+00:00,KHOU,Houston,87.8,2026-09-17T01:35:00+00:00
2026-09-17T02:04:00+00:00,KHOU,Houston,87.8,2026-09-17T01:30:00+00:00
2026-09-17T02:04:00+00:00,KHOU,Houston,87.8,2026-09-17T01:25:00+00:00
2026-09-17T02:19:00+00:00,KNYC,New York City,73.04,2026-09-17T01:51:00+00:00
2026-09-17T02:19:00+00:00,KMIA,Miami,84.2,2026-09-17T02:00:00+00:00
2026-09-17T02:19:00+00:00,KMIA,Miami,84.2,2026-09-17T01:55:00+00:00
2026-09-17T02:19:00+00:00,KMIA,Miami,84.02,2026-09-17T01:53:00+00:00
2026-09-17T02:19:00+00:00,KMIA,Miami,84.2,2026-09-17T01:50:00+00:00
2026-09-17T02:19:00+00:00,KDEN,Denver,69.8,2026-09-17T02:00:00+00:00
2026-09-17T02:19:00+00:00,KDEN,Denver,69.8,2026-09-17T01:55:00+00:00
2026-09-17T02:19:00+00:00,KDEN,Denver,69.08,2026-09-17T01:53:00+00:00
2026-09-17T02:19:00+00:00,KDEN,Denver,69.8,2026-09-17T01:50:00+00:00
2026-09-17T02:19:00+00:00,KLAX,Los Angeles,71.59,2026-09-17T02:00:00+00:00
2026-09-17T02:19:00+00:00,KLAX,Los Angeles,71.06,2026-09-17T01:53:00+00:00
2026-09-17T02:19:00+00:00,KLAX,Los Angeles,71.59,2026-09-17T01:50:00+00:00
2026-09-17T02:19:00+00:00,KLAX,Los Angeles,71.59,2026-09-17T01:45:00+00:00
2026-09-17T02:19:00+00:00,KPHL,Philadelphia,73.4,2026-09-17T02:00:00+00:00
2026-09-17T02:19:00+00:00,KPHL,Philadelphia,73.4,2026-09-17T01:55:00+00:00
2026-09-17T02:19:00+00:00,KPHL,Philadelphia,73.94,2026-09-17T01:54:00+00:00
2026-09-17T02:19:00+00:00,KPHL,Philadelphia,73.4,2026-09-17T01:50:00+00:00
2026-09-17T02:19:00+00:00,KPHL,Philadelphia,73.4,2026-09-17T01:45:00+00:00
2026-09-17T02:19:00+00:00,KAUS,Austin,89.6,2026-09-17T02:00:00+00:00
2026-09-17T02:19:00+00:00,KAUS,Austin,89.6,2026-09-17T01:55:00+00:00
2026-09-17T02:19:00+00:00,KAUS,Austin,89.06,2026-09-17T01:53:00+00:00
2026-09-17T02:19:00+00:00,KAUS,Austin,89.6,2026-09-17T01:50:00+00:00
2026-09-17T02:19:00+00:00,KAUS,Austin,89.6,2026-09-17T01:45:00+00:00
2026-09-17T02:19:00+00:00,KAUS,Austin,89.6,2026-09-17T01:40:00+00:00
2026-09-17T02:19:00+00:00,KMDW,Chicago,69.8,2026-09-17T02:00:00+00:00
2026-09-17T02:19:00+00:00,KMDW,Chicago,69.8,2026-09-17T01:55:00+00:00
2026-09-17T02:19:00+00:00,KMDW,Chicago,69.08,2026-09-17T01:53:00+00:00
2026-09-17T02:19:00+00:00,KMDW,Chicago,69.8,2026-09-17T01:50:00+00:00
2026-09-17T02:19:00+00:00,KSFO,San Francisco,62.6,2026-09-17T02:00:00+00:00
2026-09-17T02:19:00+00:00,KSFO,San Francisco,62.95,2026-09-17T01:56:00+00:00
2026-09-17T02:19:00+00:00,KSFO,San Francisco,64.4,2026-09-17T01:50:00+00:00
2026-09-17T02:19:00+00:00,KPHX,Phoenix,82.4,2026-09-17T02:00:00+00:00
2026-09-17T02:19:00+00:00,KPHX,Phoenix,82.4,2026-09-17T01:55:00+00:00
2026-09-17T02:19:00+00:00,KPHX,Phoenix,82.04,2026-09-17T01:51:00+00:00
2026-09-17T02:19:00+00:00,KPHX,Phoenix,82.4,2026-09-17T01:50:00+00:00
2026-09-17T02:19:00+00:00,KPHX,Phoenix,82.4,2026-09-17T01:45:00+00:00
2026-09-17T02:19:00+00:00,KDCA,Washington DC,75.2,2026-09-17T02:00:00+00:00
2026-09-17T02:19:00+00:00,KDCA,Washington DC,75.2,2026-09-17T01:55:00+00:00
2026-09-17T02:19:00+00:00,KDCA,Washington DC,75.02,2026-09-17T01:52:00+00:00
2026-09-17T02:19:00+00:00,KDCA,Washington DC,75.2,2026-09-17T01:50:00+00:00
2026-09-17T02:19:00+00:00,KATL,Atlanta,80.59,2026-09-17T02:00:00+00:00
2026-09-17T02:19:00+00:00,KATL,Atlanta,80.59,2026-09-17T01:55:00+00:00
2026-09-17T02:19:00+00:00,KATL,Atlanta,80.95,2026-09-17T01:52:00+00:00
2026-09-17T02:19:00+00:00,KATL,Atlanta,80.59,2026-09-17T01:50:00+00:00
2026-09-17T02:19:00+00:00,KDFW,Dallas,91.4,2026-09-17T02:00:00+00:00
2026-09-17T02:19:00+00:00,KDFW,Dallas,91.4,2026-09-17T01:55:00+00:00
2026-09-17T02:19:00+00:00,KDFW,Dallas,91.04,2026-09-17T01:53:00+00:00
2026-09-17T02:19:00+00:00,KDFW,Dallas,91.4,2026-09-17T01:50:00+00:00
2026-09-17T02:19:00+00:00,KSEA,Seattle,69.8,2026-09-17T02:00:00+00:00
2026-09-17T02:19:00+00:00,KSEA,Seattle,69.08,2026-09-17T01:53:00+00:00
2026-09-17T02:19:00+00:00,KSEA,Seattle,69.8,2026-09-17T01:50:00+00:00
2026-09-17T02:19:00+00:00,KLAS,Las Vegas,93.2,2026-09-17T02:00:00+00:00
2026-09-17T02:19:00+00:00,KLAS,Las Vegas,93.02,2026-09-17T01:56:00+00:00
2026-09-17T02:19:00+00:00,KLAS,Las Vegas,93.2,2026-09-17T01:50:00+00:00
2026-09-17T02:19:00+00:00,KLAS,Las Vegas,93.2,2026-09-17T01:45:00+00:00
2026-09-17T02:19:00+00:00,KOKC,Oklahoma City,87.8,2026-09-17T02:00:00+00:00
2026-09-17T02:19:00+00:00,KOKC,Oklahoma City,87.8,2026-09-17T01:55:00+00:00
2026-09-17T02:19:00+00:00,KOKC,Oklahoma City,87.98,2026-09-17T01:52:00+00:00
2026-09-17T02:19:00+00:00,KOKC,Oklahoma City,87.8,2026-09-17T01:50:00+00:00
2026-09-17T02:19:00+00:00,KBOS,Boston,71.59,2026-09-17T02:00:00+00:00
2026-09-17T02:19:00+00:00,KBOS,Boston,71.59,2026-09-17T01:55:00+00:00
2026-09-17T02:19:00+00:00,KBOS,Boston,71.95,2026-09-17T01:54:00+00:00
2026-09-17T02:19:00+00:00,KBOS,Boston,71.59,2026-09-17T01:50:00+00:00
2026-09-17T02:19:00+00:00,KMSP,Minneapolis,66.2,2026-09-17T02:00:00+00:00
2026-09-17T02:19:00+00:00,KMSP,Minneapolis,66.2,2026-09-17T01:55:00+00:00
2026-09-17T02:19:00+00:00,KMSP,Minneapolis,66.02,2026-09-17T01:53:00+00:00
2026-09-17T02:19:00+00:00,KMSP,Minneapolis,66.2,2026-09-17T01:50:00+00:00
2026-09-17T02:19:00+00:00,KSAT,San Antonio,89.6,2026-09-17T02:00:00+00:00
2026-09-17T02:19:00+00:00,KSAT,San Antonio,89.6,2026-09-17T01:55:00+00:00
2026-09-17T02:19:00+00:00,KSAT,San Antonio,89.96,2026-09-17T01:51:00+00:00
2026-09-17T02:19:00+00:00,KSAT,San Antonio,89.6,2026-09-17T01:50:00+00:00
2026-09-17T02:19:00+00:00,KSAT,San Antonio,91.4,2026-09-17T01:45:00+00:00
2026-09-17T02:19:00+00:00,KSAT,San Antonio,91.4,2026-09-17T01:40:00+00:00
2026-09-17T02:19:00+00:00,KMSY,New Orleans,84.2,2026-09-17T02:00:00+00:00
2026-09-17T02:19:00+00:00,KMSY,New Orleans,84.2,2026-09-17T01:55:00+00:00
2026-09-17T02:19:00+00:00,KMSY,New Orleans,84.02,2026-09-17T01:53:00+00:00
2026-09-17T02:19:00+00:00,KMSY,New Orleans,84.2,2026-09-17T01:50:00+00:00
2026-09-17T02:19:00+00:00,KHOU,Houston,86.0,2026-09-17T02:00:00+00:00
2026-09-17T02:19:00+00:00,KHOU,Houston,86.0,2026-09-17T01:55:00+00:00
2026-09-17T02:19:00+00:00,KHOU,Houston,86.0,2026-09-17T01:53:00+00:00
2026-09-17T02:19:00+00:00,KHOU,Houston,86.0,2026-09-17T01:50:00+00:00
2026-09-17T02:34:00+00:00,KMIA,Miami,84.2,2026-09-17T02:15:00+00:00
2026-09-17T02:34:00+00:00,KMIA,Miami,84.2,2026-09-17T02:10:00+00:00
2026-09-17T02:34:00+00:00,KMIA,Miami,84.2,2026-09-17T02:05:00+00:00
2026-09-17T02:34:00+00:00,KDEN,Denver,69.8,2026-09-17T02:15:00+00:00
2026-09-17T02:34:00+00:00,KDEN,Denver,69.8,2026-09-17T02:10:00+00:00
2026-09-17T02:34:00+00:00,KDEN,Denver,69.8,2026-09-17T02:05:00+00:00
2026-09-17T02:34:00+00:00,KLAX,Los Angeles,71.59,2026-09-17T02:15:00+00:00
2026-09-17T02:34:00+00:00,KLAX,Los Angeles,71.59,2026-09-17T02:10:00+00:00
2026-09-17T02:34:00+00:00,KLAX,Los Angeles,71.59,2026-09-17T02:05:00+00:00
2026-09-17T02:34:00+00:00,KLAX,Los Angeles,71.59,2026-09-17T01:55:00+00:00
2026-09-17T02:34:00+00:00,KPHL,Philadelphia,73.4,2026-09-17T02:15:00+00:00
2026-09-17T02:34:00+00:00,KPHL,Philadelphia,73.4,2026-09-17T02:10:00+00:00
2026-09-17T02:34:00+00:00,KPHL,Philadelphia,73.4,2026-09-17T02:05:00+00:00
2026-09-17T02:34:00+00:00,KAUS,Austin,87.8,2026-09-17T02:15:00+00:00
2026-09-17T02:34:00+00:00,KAUS,Austin,87.8,2026-09-17T02:10:00+00:00
2026-09-17T02:34:00+00:00,KAUS,Austin,87.8,2026-09-17T02:05:00+00:00
2026-09-17T02:34:00+00:00,KMDW,Chicago,69.8,2026-09-17T02:15:00+00:00
2026-09-17T02:34:00+00:00,KMDW,Chicago,69.8,2026-09-17T02:10:00+00:00
2026-09-17T02:34:00+00:00,KMDW,Chicago,69.8,2026-09-17T02:05:00+00:00
2026-09-17T02:34:00+00:00,KSFO,San Francisco,62.6,2026-09-17T02:15:00+00:00
2026-09-17T02:34:00+00:00,KSFO,San Francisco,62.6,2026-09-17T02:10:00+00:00
2026-09-17T02:34:00+00:00,KSFO,San Francisco,62.6,2026-09-17T02:05:00+00:00
2026-09-17T02:34:00+00:00,KSFO,San Francisco,62.6,2026-09-17T01:55:00+00:00
2026-09-17T02:34:00+00:00,KPHX,Phoenix,82.4,2026-09-17T02:15:00+00:00
2026-09-17T02:34:00+00:00,KPHX,Phoenix,82.4,2026-09-17T02:10:00+00:00
2026-09-17T02:34:00+00:00,KPHX,Phoenix,82.4,2026-09-17T02:05:00+00:00
2026-09-17T02:34:00+00:00,KDCA,Washington DC,73.4,2026-09-17T02:15:00+00:00
2026-09-17T02:34:00+00:00,KDCA,Washington DC,73.4,2026-09-17T02:10:00+00:00
2026-09-17T02:34:00+00:00,KDCA,Washington DC,73.4,2026-09-17T02:05:00+00:00
2026-09-17T02:34:00+00:00,KATL,Atlanta,80.59,2026-09-17T02:15:00+00:00
2026-09-17T02:34:00+00:00,KATL,Atlanta,80.59,2026-09-17T02:10:00+00:00
2026-09-17T02:34:00+00:00,KATL,Atlanta,80.59,2026-09-17T02:05:00+00:00
2026-09-17T02:34:00+00:00,KDFW,Dallas,91.4,2026-09-17T02:15:00+00:00
2026-09-17T02:34:00+00:00,KDFW,Dallas,91.4,2026-09-17T02:10:00+00:00
2026-09-17T02:34:00+00:00,KDFW,Dallas,91.4,2026-09-17T02:05:00+00:00
2026-09-17T02:34:00+00:00,KSEA,Seattle,68.0,2026-09-17T02:15:00+00:00
2026-09-17T02:34:00+00:00,KSEA,Seattle,68.0,2026-09-17T02:10:00+00:00
2026-09-17T02:34:00+00:00,KSEA,Seattle,69.8,2026-09-17T02:05:00+00:00
2026-09-17T02:34:00+00:00,KSEA,Seattle,69.8,2026-09-17T01:55:00+00:00
2026-09-17T02:34:00+00:00,KLAS,Las Vegas,93.2,2026-09-17T02:15:00+00:00
2026-09-17T02:34:00+00:00,KLAS,Las Vegas,93.2,2026-09-17T02:10:00+00:00
2026-09-17T02:34:00+00:00,KLAS,Las Vegas,93.2,2026-09-17T02:05:00+00:00
2026-09-17T02:34:00+00:00,KLAS,Las Vegas,93.2,2026-09-17T01:55:00+00:00
2026-09-17T02:34:00+00:00,KOKC,Oklahoma City,87.8,2026-09-17T02:15:00+00:00
2026-09-17T02:34:00+00:00,KOKC,Oklahoma City,87.8,2026-09-17T02:10:00+00:00
2026-09-17T02:34:00+00:00,KOKC,Oklahoma City,87.8,2026-09-17T02:05:00+00:00
2026-09-17T02:34:00+00:00,KBOS,Boston,71.59,2026-09-17T02:15:00+00:00
2026-09-17T02:34:00+00:00,KBOS,Boston,71.59,2026-09-17T02:10:00+00:00
2026-09-17T02:34:00+00:00,KBOS,Boston,71.59,2026-09-17T02:05:00+00:00
2026-09-17T02:34:00+00:00,KMSP,Minneapolis,64.4,2026-09-17T02:15:00+00:00
2026-09-17T02:34:00+00:00,KMSP,Minneapolis,64.4,2026-09-17T02:10:00+00:00
2026-09-17T02:34:00+00:00,KMSP,Minneapolis,66.2,2026-09-17T02:05:00+00:00
2026-09-17T02:34:00+00:00,KSAT,San Antonio,89.6,2026-09-17T02:15:00+00:00
2026-09-17T02:34:00+00:00,KSAT,San Antonio,89.6,2026-09-17T02:10:00+00:00
2026-09-17T02:34:00+00:00,KSAT,San Antonio,89.6,2026-09-17T02:05:00+00:00
2026-09-17T02:34:00+00:00,KMSY,New Orleans,84.2,2026-09-17T02:15:00+00:00
2026-09-17T02:34:00+00:00,KMSY,New Orleans,84.2,2026-09-17T02:10:00+00:00
2026-09-17T02:34:00+00:00,KMSY,New Orleans,84.2,2026-09-17T02:05:00+00:00
2026-09-17T02:34:00+00:00,KHOU,Houston,86.0,2026-09-17T02:15:00+00:00
2026-09-17T02:34:00+00:00,KHOU,Houston,86.0,2026-09-17T02:10:00+00:00
2026-09-17T02:34:00+00:00,KHOU,Houston,86.0,2026-09-17T02:05:00+00:00
2026-09-17T02:49:00+00:00,KMIA,Miami,84.2,2026-09-17T02:30:00+00:00
2026-09-17T02:49:00+00:00,KMIA,Miami,84.2,2026-09-17T02:25:00+00:00
2026-09-17T02:49:00+00:00,KMIA,Miami,84.2,2026-09-17T02:20:00+00:00
2026-09-17T02:49:00+00:00,KMIA,Miami,84.02,2026-09-17T02:16:00+00:00
2026-09-17T02:49:00+00:00,KDEN,Denver,69.8,2026-09-17T02:30:00+00:00
2026-09-17T02:49:00+00:00,KDEN,Denver,69.8,2026-09-17T02:25:00+00:00
2026-09-17T02:49:00+00:00,KDEN,Denver,69.8,2026-09-17T02:20:00+00:00
2026-09-17T02:49:00+00:00,KLAX,Los Angeles,69.8,2026-09-17T02:30:00+00:00
2026-09-17T02:49:00+00:00,KLAX,Los Angeles,69.8,2026-09-17T02:25:00+00:00
2026-09-17T02:49:00+00:00,KLAX,Los Angeles,71.59,2026-09-17T02:20:00+00:00
2026-09-17T02:49:00+00:00,KPHL,Philadelphia,73.4,2026-09-17T02:40:00+00:00
2026-09-17T02:49:00+00:00,KPHL,Philadelphia,73.4,2026-09-17T02:35:00+00:00
2026-09-17T02:49:00+00:00,KPHL,Philadelphia,73.4,2026-09-17T02:30:00+00:00
2026-09-17T02:49:00+00:00,KPHL,Philadelphia,73.4,2026-09-17T02:25:00+00:00
2026-09-17T02:49:00+00:00,KPHL,Philadelphia,73.4,2026-09-17T02:20:00+00:00
2026-09-17T02:49:00+00:00,KAUS,Austin,89.6,2026-09-17T02:30:00+00:00
2026-09-17T02:49:00+00:00,KAUS,Austin,89.6,2026-09-17T02:25:00+00:00
2026-09-17T02:49:00+00:00,KAUS,Austin,87.8,2026-09-17T02:20:00+00:00
2026-09-17T02:49:00+00:00,KMDW,Chicago,69.8,2026-09-17T02:35:00+00:00
2026-09-17T02:49:00+00:00,KMDW,Chicago,69.8,2026-09-17T02:30:00+00:00
2026-09-17T02:49:00+00:00,KMDW,Chicago,69.8,2026-09-17T02:25:00+00:00
2026-09-17T02:49:00+00:00,KMDW,Chicago,69.8,2026-09-17T02:20:00+00:00
2026-09-17T02:49:00+00:00,KSFO,San Francisco,62.6,2026-09-17T02:30:00+00:00
2026-09-17T02:49:00+00:00,KSFO,San Francisco,62.6,2026-09-17T02:25:00+00:00
2026-09-17T02:49:00+00:00,KSFO,San Francisco,62.6,2026-09-17T02:20:00+00:00
2026-09-17T02:49:00+00:00,KPHX,Phoenix,82.4,2026-09-17T02:30:00+00:00
2026-09-17T02:49:00+00:00,KPHX,Phoenix,82.4,2026-09-17T02:25:00+00:00
2026-09-17T02:49:00+00:00,KPHX,Phoenix,82.4,2026-09-17T02:20:00+00:00
2026-09-17T02:49:00+00:00,KDCA,Washington DC,73.4,2026-09-17T02:40:00+00:00
2026-09-17T02:49:00+00:00,KDCA,Washington DC,73.4,2026-09-17T02:35:00+00:00
2026-09-17T02:49:00+00:00,KDCA,Washington DC,73.4,2026-09-17T02:30:00+00:00
2026-09-17T02:49:00+00:00,KDCA,Washington DC,73.4,2026-09-17T02:25:00+00:00
2026-09-17T02:49:00+00:00,KDCA,Washington DC,73.4,2026-09-17T02:20:00+00:00
2026-09-17T02:49:00+00:00,KATL,Atlanta,78.8,2026-09-17T02:25:00+00:00
2026-09-17T02:49:00+00:00,KATL,Atlanta,78.8,2026-09-17T02:20:00+00:00
2026-09-17T02:49:00+00:00,KDFW,Dallas,91.4,2026-09-17T02:35:00+00:00
2026-09-17T02:49:00+00:00,KDFW,Dallas,91.4,2026-09-17T02:30:00+00:00
2026-09-17T02:49:00+00:00,KDFW,Dallas,91.4,2026-09-17T02:25:00+00:00
2026-09-17T02:49:00+00:00,KDFW,Dallas,91.4,2026-09-17T02:20:00+00:00
2026-09-17T02:49:00+00:00,KSEA,Seattle,66.2,2026-09-17T02:30:00+00:00
2026-09-17T02:49:00+00:00,KSEA,Seattle,66.2,2026-09-17T02:25:00+00:00
2026-09-17T02:49:00+00:00,KSEA,Seattle,68.0,2026-09-17T02:20:00+00:00
2026-09-17T02:49:00+00:00,KLAS,Las Vegas,91.4,2026-09-17T02:30:00+00:00
2026-09-17T02:49:00+00:00,KLAS,Las Vegas,93.2,2026-09-17T02:25:00+00:00
2026-09-17T02:49:00+00:00,KLAS,Las Vegas,93.2,2026-09-17T02:20:00+00:00
2026-09-17T02:49:00+00:00,KOKC,Oklahoma City,84.2,2026-09-17T02:35:00+00:00
2026-09-17T02:49:00+00:00,KOKC,Oklahoma City,84.2,2026-09-17T02:30:00+00:00
2026-09-17T02:49:00+00:00,KOKC,Oklahoma City,86.0,2026-09-17T02:25:00+00:00
2026-09-17T02:49:00+00:00,KOKC,Oklahoma City,86.0,2026-09-17T02:20:00+00:00
2026-09-17T02:49:00+00:00,KBOS,Boston,71.59,2026-09-17T02:40:00+00:00
2026-09-17T02:49:00+00:00,KBOS,Boston,71.59,2026-09-17T02:35:00+00:00
2026-09-17T02:49:00+00:00,KBOS,Boston,71.59,2026-09-17T02:30:00+00:00
2026-09-17T02:49:00+00:00,KBOS,Boston,71.59,2026-09-17T02:25:00+00:00
2026-09-17T02:49:00+00:00,KBOS,Boston,71.59,2026-09-17T02:20:00+00:00
2026-09-17T02:49:00+00:00,KMSP,Minneapolis,62.6,2026-09-17T02:35:00+00:00
2026-09-17T02:49:00+00:00,KMSP,Minneapolis,64.4,2026-09-17T02:30:00+00:00
2026-09-17T02:49:00+00:00,KMSP,Minneapolis,64.4,2026-09-17T02:25:00+00:00
2026-09-17T02:49:00+00:00,KMSP,Minneapolis,64.4,2026-09-17T02:20:00+00:00
2026-09-17T02:49:00+00:00,KSAT,San Antonio,89.6,2026-09-17T02:35:00+00:00
2026-09-17T02:49:00+00:00,KSAT,San Antonio,89.6,2026-09-17T02:30:00+00:00
2026-09-17T02:49:00+00:00,KSAT,San Antonio,89.6,2026-09-17T02:25:00+00:00
2026-09-17T02:49:00+00:00,KSAT,San Antonio,89.6,2026-09-17T02:20:00+00:00
2026-09-17T02:49:00+00:00,KMSY,New Orleans,84.2,2026-09-17T02:35:00+00:00
2026-09-17T02:49:00+00:00,KMSY,New Orleans,84.2,2026-09-17T02:30:00+00:00
2026-09-17T02:49:00+00:00,KMSY,New Orleans,84.2,2026-09-17T02:25:00+00:00
2026-09-17T02:49:00+00:00,KMSY,New Orleans,84.2,2026-09-17T02:20:00+00:00
2026-09-17T02:49:00+00:00,KHOU,Houston,86.0,2026-09-17T02:30:00+00:00
2026-09-17T02:49:00+00:00,KHOU,Houston,86.0,2026-09-17T02:25:00+00:00
2026-09-17T02:49:00+00:00,KHOU,Houston,86.0,2026-09-17T02:20:00+00:00
2026-09-17T03:04:01+00:00,KMIA,Miami,82.4,2026-09-17T02:40:00+00:00
2026-09-17T03:04:01+00:00,KMIA,Miami,84.2,2026-09-17T02:35:00+00:00
2026-09-17T03:04:01+00:00,KDEN,Denver,69.8,2026-09-17T02:45:00+00:00
2026-09-17T03:04:01+00:00,KDEN,Denver,69.8,2026-09-17T02:40:00+00:00
2026-09-17T03:04:01+00:00,KDEN,Denver,69.8,2026-09-17T02:35:00+00:00
2026-09-17T03:04:01+00:00,KLAX,Los Angeles,69.8,2026-09-17T02:45:00+00:00
2026-09-17T03:04:01+00:00,KLAX,Los Angeles,69.8,2026-09-17T02:40:00+00:00
2026-09-17T03:04:01+00:00,KLAX,Los Angeles,71.59,2026-09-17T02:35:00+00:00
2026-09-17T03:04:01+00:00,KAUS,Austin,89.6,2026-09-17T02:40:00+00:00
2026-09-17T03:04:01+00:00,KAUS,Austin,89.6,2026-09-17T02:35:00+00:00
2026-09-17T03:04:01+00:00,KMDW,Chicago,69.8,2026-09-17T02:40:00+00:00
2026-09-17T03:04:01+00:00,KSFO,San Francisco,62.6,2026-09-17T02:45:00+00:00
2026-09-17T03:04:01+00:00,KSFO,San Francisco,62.6,2026-09-17T02:40:00+00:00
2026-09-17T03:04:01+00:00,KSFO,San Francisco,62.6,2026-09-17T02:35:00+00:00
2026-09-17T03:04:01+00:00,KPHX,Phoenix,82.4,2026-09-17T02:45:00+00:00
2026-09-17T03:04:01+00:00,KPHX,Phoenix,82.4,2026-09-17T02:40:00+00:00
2026-09-17T03:04:01+00:00,KPHX,Phoenix,82.4,2026-09-17T02:35:00+00:00
2026-09-17T03:04:01+00:00,KATL,Atlanta,78.8,2026-09-17T02:40:00+00:00
2026-09-17T03:04:01+00:00,KATL,Atlanta,78.8,2026-09-17T02:35:00+00:00
2026-09-17T03:04:01+00:00,KATL,Atlanta,78.8,2026-09-17T02:30:00+00:00
2026-09-17T03:04:01+00:00,KDFW,Dallas,89.6,2026-09-17T02:45:00+00:00
2026-09-17T03:04:01+00:00,KDFW,Dallas,89.6,2026-09-17T02:40:00+00:00
2026-09-17T03:04:01+00:00,KSEA,Seattle,66.2,2026-09-17T02:45:00+00:00
2026-09-17T03:04:01+00:00,KSEA,Seattle,66.2,2026-09-17T02:35:00+00:00
2026-09-17T03:04:01+00:00,KLAS,Las Vegas,91.4,2026-09-17T02:45:00+00:00
2026-09-17T03:04:01+00:00,KLAS,Las Vegas,91.4,2026-09-17T02:40:00+00:00
2026-09-17T03:04:01+00:00,KLAS,Las Vegas,91.4,2026-09-17T02:35:00+00:00
2026-09-17T03:04:01+00:00,KOKC,Oklahoma City,84.2,2026-09-17T02:45:00+00:00
2026-09-17T03:04:01+00:00,KOKC,Oklahoma City,84.2,2026-09-17T02:40:00+00:00
2026-09-17T03:04:01+00:00,KBOS,Boston,71.59,2026-09-17T02:45:00+00:00
2026-09-17T03:04:01+00:00,KMSP,Minneapolis,62.6,2026-09-17T02:45:00+00:00
2026-09-17T03:04:01+00:00,KMSP,Minneapolis,64.4,2026-09-17T02:40:00+00:00
2026-09-17T03:04:01+00:00,KSAT,San Antonio,87.8,2026-09-17T02:45:00+00:00
2026-09-17T03:04:01+00:00,KSAT,San Antonio,89.6,2026-09-17T02:40:00+00:00
2026-09-17T03:04:01+00:00,KMSY,New Orleans,84.2,2026-09-17T02:45:00+00:00
2026-09-17T03:04:01+00:00,KMSY,New Orleans,84.2,2026-09-17T02:40:00+00:00
2026-09-17T03:04:01+00:00,KHOU,Houston,86.0,2026-09-17T02:40:00+00:00
2026-09-17T03:04:01+00:00,KHOU,Houston,86.0,2026-09-17T02:35:00+00:00
2026-09-17T03:19:00+00:00,KNYC,New York City,73.94,2026-09-17T02:51:00+00:00
2026-09-17T03:19:00+00:00,KMIA,Miami,80.59,2026-09-17T03:00:00+00:00
2026-09-17T03:19:00+00:00,KMIA,Miami,80.59,2026-09-17T02:55:00+00:00
2026-09-17T03:19:00+00:00,KMIA,Miami,80.95,2026-09-17T02:53:00+00:00
2026-09-17T03:19:00+00:00,KMIA,Miami,82.4,2026-09-17T02:50:00+00:00
2026-09-17T03:19:00+00:00,KMIA,Miami,82.4,2026-09-17T02:45:00+00:00
2026-09-17T03:19:00+00:00,KDEN,Denver,69.8,2026-09-17T03:00:00+00:00
2026-09-17T03:19:00+00:00,KDEN,Denver,69.8,2026-09-17T02:55:00+00:00
2026-09-17T03:19:00+00:00,KDEN,Denver,69.08,2026-09-17T02:53:00+00:00
2026-09-17T03:19:00+00:00,KDEN,Denver,69.8,2026-09-17T02:50:00+00:00
2026-09-17T03:19:00+00:00,KLAX,Los Angeles,69.8,2026-09-17T03:00:00+00:00
2026-09-17T03:19:00+00:00,KLAX,Los Angeles,69.8,2026-09-17T02:55:00+00:00
2026-09-17T03:19:00+00:00,KLAX,Los Angeles,69.98,2026-09-17T02:53:00+00:00
2026-09-17T03:19:00+00:00,KLAX,Los Angeles,69.8,2026-09-17T02:50:00+00:00
2026-09-17T03:19:00+00:00,KPHL,Philadelphia,73.4,2026-09-17T03:00:00+00:00
2026-09-17T03:19:00+00:00,KPHL,Philadelphia,73.4,2026-09-17T02:55:00+00:00
2026-09-17T03:19:00+00:00,KPHL,Philadelphia,73.04,2026-09-17T02:54:00+00:00
2026-09-17T03:19:00+00:00,KPHL,Philadelphia,73.4,2026-09-17T02:50:00+00:00
2026-09-17T03:19:00+00:00,KPHL,Philadelphia,73.4,2026-09-17T02:45:00+00:00
2026-09-17T03:19:00+00:00,KAUS,Austin,87.8,2026-09-17T03:00:00+00:00
2026-09-17T03:19:00+00:00,KAUS,Austin,87.8,2026-09-17T02:55:00+00:00
2026-09-17T03:19:00+00:00,KAUS,Austin,87.98,2026-09-17T02:53:00+00:00
2026-09-17T03:19:00+00:00,KAUS,Austin,87.8,2026-09-17T02:50:00+00:00
2026-09-17T03:19:00+00:00,KAUS,Austin,89.6,2026-09-17T02:45:00+00:00
2026-09-17T03:19:00+00:00,KMDW,Chicago,69.8,2026-09-17T03:00:00+00:00
2026-09-17T03:19:00+00:00,KMDW,Chicago,69.8,2026-09-17T02:55:00+00:00
2026-09-17T03:19:00+00:00,KMDW,Chicago,69.08,2026-09-17T02:53:00+00:00
2026-09-17T03:19:00+00:00,KMDW,Chicago,69.8,2026-09-17T02:50:00+00:00
2026-09-17T03:19:00+00:00,KMDW,Chicago,69.8,2026-09-17T02:45:00+00:00
2026-09-17T03:19:00+00:00,KSFO,San Francisco,62.6,2026-09-17T03:00:00+00:00
2026-09-17T03:19:00+00:00,KSFO,San Francisco,62.6,2026-09-17T02:55:00+00:00
2026-09-17T03:19:00+00:00,KSFO,San Francisco,62.6,2026-09-17T02:50:00+00:00
2026-09-17T03:19:00+00:00,KPHX,Phoenix,82.4,2026-09-17T03:00:00+00:00
2026-09-17T03:19:00+00:00,KPHX,Phoenix,82.4,2026-09-17T02:55:00+00:00
2026-09-17T03:19:00+00:00,KPHX,Phoenix,82.04,2026-09-17T02:51:00+00:00
2026-09-17T03:19:00+00:00,KPHX,Phoenix,82.4,2026-09-17T02:50:00+00:00
2026-09-17T03:19:00+00:00,KDCA,Washington DC,73.4,2026-09-17T03:00:00+00:00
2026-09-17T03:19:00+00:00,KDCA,Washington DC,73.4,2026-09-17T02:55:00+00:00
2026-09-17T03:19:00+00:00,KDCA,Washington DC,73.94,2026-09-17T02:52:00+00:00
2026-09-17T03:19:00+00:00,KDCA,Washington DC,73.4,2026-09-17T02:50:00+00:00
2026-09-17T03:19:00+00:00,KDCA,Washington DC,73.4,2026-09-17T02:45:00+00:00
2026-09-17T03:19:00+00:00,KATL,Atlanta,78.8,2026-09-17T03:00:00+00:00
2026-09-17T03:19:00+00:00,KATL,Atlanta,78.8,2026-09-17T02:55:00+00:00
2026-09-17T03:19:00+00:00,KATL,Atlanta,78.08,2026-09-17T02:52:00+00:00
2026-09-17T03:19:00+00:00,KATL,Atlanta,78.8,2026-09-17T02:50:00+00:00
2026-09-17T03:19:00+00:00,KATL,Atlanta,78.8,2026-09-17T02:45:00+00:00
2026-09-17T03:19:00+00:00,KDFW,Dallas,89.6,2026-09-17T03:00:00+00:00
2026-09-17T03:19:00+00:00,KDFW,Dallas,89.6,2026-09-17T02:55:00+00:00
2026-09-17T03:19:00+00:00,KDFW,Dallas,89.96,2026-09-17T02:53:00+00:00
2026-09-17T03:19:00+00:00,KDFW,Dallas,89.6,2026-09-17T02:50:00+00:00
2026-09-17T03:19:00+00:00,KSEA,Seattle,64.4,2026-09-17T03:00:00+00:00
2026-09-17T03:19:00+00:00,KSEA,Seattle,64.4,2026-09-17T02:55:00+00:00
2026-09-17T03:19:00+00:00,KSEA,Seattle,64.94,2026-09-17T02:53:00+00:00
2026-09-17T03:19:00+00:00,KSEA,Seattle,66.2,2026-09-17T02:50:00+00:00
2026-09-17T03:19:00+00:00,KLAS,Las Vegas,91.4,2026-09-17T03:00:00+00:00
2026-09-17T03:19:00+00:00,KLAS,Las Vegas,91.94,2026-09-17T02:56:00+00:00
2026-09-17T03:19:00+00:00,KLAS,Las Vegas,91.4,2026-09-17T02:55:00+00:00
2026-09-17T03:19:00+00:00,KLAS,Las Vegas,91.4,2026-09-17T02:50:00+00:00
2026-09-17T03:19:00+00:00,KOKC,Oklahoma City,84.2,2026-09-17T03:00:00+00:00
2026-09-17T03:19:00+00:00,KOKC,Oklahoma City,84.2,2026-09-17T02:55:00+00:00
2026-09-17T03:19:00+00:00,KOKC,Oklahoma City,84.91,2026-09-17T02:52:00+00:00
2026-09-17T03:19:00+00:00,KOKC,Oklahoma City,84.2,2026-09-17T02:50:00+00:00
2026-09-17T03:19:00+00:00,KBOS,Boston,71.59,2026-09-17T03:00:00+00:00
2026-09-17T03:19:00+00:00,KBOS,Boston,71.59,2026-09-17T02:55:00+00:00
2026-09-17T03:19:00+00:00,KBOS,Boston,71.95,2026-09-17T02:54:00+00:00
2026-09-17T03:19:00+00:00,KBOS,Boston,71.59,2026-09-17T02:50:00+00:00
2026-09-17T03:19:00+00:00,KMSP,Minneapolis,64.4,2026-09-17T03:00:00+00:00
2026-09-17T03:19:00+00:00,KMSP,Minneapolis,64.4,2026-09-17T02:55:00+00:00
2026-09-17T03:19:00+00:00,KMSP,Minneapolis,64.04,2026-09-17T02:53:00+00:00
2026-09-17T03:19:00+00:00,KMSP,Minneapolis,64.4,2026-09-17T02:50:00+00:00
2026-09-17T03:19:00+00:00,KSAT,San Antonio,87.8,2026-09-17T03:00:00+00:00
2026-09-17T03:19:00+00:00,KSAT,San Antonio,87.8,2026-09-17T02:55:00+00:00
2026-09-17T03:19:00+00:00,KSAT,San Antonio,87.98,2026-09-17T02:51:00+00:00
2026-09-17T03:19:00+00:00,KSAT,San Antonio,87.8,2026-09-17T02:50:00+00:00
2026-09-17T03:19:00+00:00,KMSY,New Orleans,82.4,2026-09-17T03:00:00+00:00
2026-09-17T03:19:00+00:00,KMSY,New Orleans,82.4,2026-09-17T02:55:00+00:00
2026-09-17T03:19:00+00:00,KMSY,New Orleans,82.94,2026-09-17T02:53:00+00:00
2026-09-17T03:19:00+00:00,KMSY,New Orleans,82.4,2026-09-17T02:50:00+00:00
2026-09-17T03:19:00+00:00,KHOU,Houston,86.0,2026-09-17T03:00:00+00:00
2026-09-17T03:19:00+00:00,KHOU,Houston,86.0,2026-09-17T02:55:00+00:00
2026-09-17T03:19:00+00:00,KHOU,Houston,86.0,2026-09-17T02:53:00+00:00
2026-09-17T03:19:00+00:00,KHOU,Houston,86.0,2026-09-17T02:50:00+00:00
2026-09-17T03:19:00+00:00,KHOU,Houston,84.2,2026-09-17T02:45:00+00:00
2026-09-17T03:34:00+00:00,KMIA,Miami,80.59,2026-09-17T03:20:00+00:00
2026-09-17T03:34:00+00:00,KMIA,Miami,80.59,2026-09-17T03:15:00+00:00
2026-09-17T03:34:00+00:00,KMIA,Miami,80.59,2026-09-17T03:10:00+00:00
2026-09-17T03:34:00+00:00,KMIA,Miami,80.59,2026-09-17T03:05:00+00:00
2026-09-17T03:34:00+00:00,KMIA,Miami,80.06,2026-09-17T03:02:00+00:00
2026-09-17T03:34:00+00:00,KDEN,Denver,68.0,2026-09-17T03:25:00+00:00
2026-09-17T03:34:00+00:00,KDEN,Denver,68.0,2026-09-17T03:20:00+00:00
2026-09-17T03:34:00+00:00,KDEN,Denver,68.0,2026-09-17T03:15:00+00:00
2026-09-17T03:34:00+00:00,KDEN,Denver,68.0,2026-09-17T03:10:00+00:00
2026-09-17T03:34:00+00:00,KDEN,Denver,68.0,2026-09-17T03:05:00+00:00
2026-09-17T03:34:00+00:00,KLAX,Los Angeles,69.8,2026-09-17T03:15:00+00:00
2026-09-17T03:34:00+00:00,KLAX,Los Angeles,69.8,2026-09-17T03:10:00+00:00
2026-09-17T03:34:00+00:00,KLAX,Los Angeles,69.8,2026-09-17T03:05:00+00:00
2026-09-17T03:34:00+00:00,KPHL,Philadelphia,73.4,2026-09-17T03:20:00+00:00
2026-09-17T03:34:00+00:00,KPHL,Philadelphia,73.4,2026-09-17T03:15:00+00:00
2026-09-17T03:34:00+00:00,KPHL,Philadelphia,73.4,2026-09-17T03:10:00+00:00
2026-09-17T03:34:00+00:00,KPHL,Philadelphia,73.4,2026-09-17T03:05:00+00:00
2026-09-17T03:34:00+00:00,KAUS,Austin,87.8,2026-09-17T03:15:00+00:00
2026-09-17T03:34:00+00:00,KAUS,Austin,87.8,2026-09-17T03:10:00+00:00
2026-09-17T03:34:00+00:00,KAUS,Austin,87.8,2026-09-17T03:05:00+00:00
2026-09-17T03:34:00+00:00,KMDW,Chicago,69.8,2026-09-17T03:20:00+00:00
2026-09-17T03:34:00+00:00,KMDW,Chicago,69.8,2026-09-17T03:15:00+00:00
2026-09-17T03:34:00+00:00,KMDW,Chicago,69.8,2026-09-17T03:10:00+00:00
2026-09-17T03:34:00+00:00,KMDW,Chicago,69.8,2026-09-17T03:05:00+00:00
2026-09-17T03:34:00+00:00,KSFO,San Francisco,62.6,2026-09-17T03:15:00+00:00
2026-09-17T03:34:00+00:00,KSFO,San Francisco,62.6,2026-09-17T03:10:00+00:00
2026-09-17T03:34:00+00:00,KSFO,San Francisco,62.6,2026-09-17T03:05:00+00:00
2026-09-17T03:34:00+00:00,KSFO,San Francisco,62.95,2026-09-17T02:56:00+00:00
2026-09-17T03:34:00+00:00,KPHX,Phoenix,82.4,2026-09-17T03:15:00+00:00
2026-09-17T03:34:00+00:00,KPHX,Phoenix,82.4,2026-09-17T03:10:00+00:00
2026-09-17T03:34:00+00:00,KPHX,Phoenix,82.4,2026-09-17T03:05:00+00:00
2026-09-17T03:34:00+00:00,KDCA,Washington DC,73.4,2026-09-17T03:25:00+00:00
2026-09-17T03:34:00+00:00,KDCA,Washington DC,73.4,2026-09-17T03:20:00+00:00
2026-09-17T03:34:00+00:00,KDCA,Washington DC,73.4,2026-09-17T03:15:00+00:00
2026-09-17T03:34:00+00:00,KDCA,Washington DC,73.4,2026-09-17T03:10:00+00:00
2026-09-17T03:34:00+00:00,KDCA,Washington DC,73.4,2026-09-17T03:05:00+00:00
2026-09-17T03:34:00+00:00,KATL,Atlanta,78.8,2026-09-17T03:20:00+00:00
2026-09-17T03:34:00+00:00,KATL,Atlanta,78.8,2026-09-17T03:15:00+00:00
2026-09-17T03:34:00+00:00,KATL,Atlanta,78.8,2026-09-17T03:10:00+00:00
2026-09-17T03:34:00+00:00,KATL,Atlanta,78.8,2026-09-17T03:05:00+00:00
2026-09-17T03:34:00+00:00,KDFW,Dallas,89.6,2026-09-17T03:15:00+00:00
2026-09-17T03:34:00+00:00,KDFW,Dallas,89.6,2026-09-17T03:10:00+00:00
2026-09-17T03:34:00+00:00,KDFW,Dallas,89.6,2026-09-17T03:05:00+00:00
2026-09-17T03:34:00+00:00,KSEA,Seattle,66.2,2026-09-17T03:15:00+00:00
2026-09-17T03:34:00+00:00,KSEA,Seattle,66.2,2026-09-17T03:10:00+00:00
2026-09-17T03:34:00+00:00,KSEA,Seattle,66.2,2026-09-17T03:05:00+00:00
2026-09-17T03:34:00+00:00,KLAS,Las Vegas,91.4,2026-09-17T03:15:00+00:00
2026-09-17T03:34:00+00:00,KLAS,Las Vegas,91.4,2026-09-17T03:10:00+00:00
2026-09-17T03:34:00+00:00,KLAS,Las Vegas,91.4,2026-09-17T03:05:00+00:00
2026-09-17T03:34:00+00:00,KOKC,Oklahoma City,84.2,2026-09-17T03:15:00+00:00
2026-09-17T03:34:00+00:00,KOKC,Oklahoma City,84.2,2026-09-17T03:10:00+00:00
2026-09-17T03:34:00+00:00,KOKC,Oklahoma City,84.2,2026-09-17T03:05:00+00:00
2026-09-17T03:34:00+00:00,KBOS,Boston,71.59,2026-09-17T03:20:00+00:00
2026-09-17T03:34:00+00:00,KBOS,Boston,71.59,2026-09-17T03:15:00+00:00
2026-09-17T03:34:00+00:00,KBOS,Boston,71.59,2026-09-17T03:10:00+00:00
2026-09-17T03:34:00+00:00,KBOS,Boston,71.59,2026-09-17T03:05:00+00:00
2026-09-17T03:34:00+00:00,KMSP,Minneapolis,62.6,2026-09-17T03:25:00+00:00
2026-09-17T03:34:00+00:00,KMSP,Minneapolis,62.6,2026-09-17T03:20:00+00:00
2026-09-17T03:34:00+00:00,KMSP,Minneapolis,62.6,2026-09-17T03:15:00+00:00
2026-09-17T03:34:00+00:00,KMSP,Minneapolis,62.6,2026-09-17T03:10:00+00:00
2026-09-17T03:34:00+00:00,KMSP,Minneapolis,62.95,2026-09-17T03:06:00+00:00
2026-09-17T03:34:00+00:00,KMSP,Minneapolis,62.6,2026-09-17T03:05:00+00:00
2026-09-17T03:34:00+00:00,KMSP,Minneapolis,64.04,2026-09-17T03:02:00+00:00
2026-09-17T03:34:00+00:00,KSAT,San Antonio,87.8,2026-09-17T03:15:00+00:00
2026-09-17T03:34:00+00:00,KSAT,San Antonio,87.8,2026-09-17T03:10:00+00:00
2026-09-17T03:34:00+00:00,KSAT,San Antonio,87.8,2026-09-17T03:05:00+00:00
2026-09-17T03:34:00+00:00,KMSY,New Orleans,82.4,2026-09-17T03:25:00+00:00
2026-09-17T03:34:00+00:00,KMSY,New Orleans,82.4,2026-09-17T03:20:00+00:00
2026-09-17T03:34:00+00:00,KMSY,New Orleans,82.4,2026-09-17T03:15:00+00:00
2026-09-17T03:34:00+00:00,KMSY,New Orleans,82.4,2026-09-17T03:10:00+00:00
2026-09-17T03:34:00+00:00,KMSY,New Orleans,82.4,2026-09-17T03:05:00+00:00
2026-09-17T03:34:00+00:00,KHOU,Houston,84.2,2026-09-17T03:15:00+00:00
2026-09-17T03:34:00+00:00,KHOU,Houston,84.2,2026-09-17T03:10:00+00:00
2026-09-17T03:34:00+00:00,KHOU,Houston,84.2,2026-09-17T03:05:00+00:00
2026-09-17T03:49:00+00:00,KMIA,Miami,80.59,2026-09-17T03:35:00+00:00
2026-09-17T03:49:00+00:00,KMIA,Miami,80.59,2026-09-17T03:30:00+00:00
2026-09-17T03:49:00+00:00,KMIA,Miami,80.59,2026-09-17T03:25:00+00:00
2026-09-17T03:49:00+00:00,KDEN,Denver,68.0,2026-09-17T03:35:00+00:00
2026-09-17T03:49:00+00:00,KDEN,Denver,68.0,2026-09-17T03:30:00+00:00
2026-09-17T03:49:00+00:00,KLAX,Los Angeles,69.8,2026-09-17T03:35:00+00:00
2026-09-17T03:49:00+00:00,KLAX,Los Angeles,69.8,2026-09-17T03:30:00+00:00
2026-09-17T03:49:00+00:00,KLAX,Los Angeles,69.8,2026-09-17T03:25:00+00:00
2026-09-17T03:49:00+00:00,KLAX,Los Angeles,69.8,2026-09-17T03:20:00+00:00
2026-09-17T03:49:00+00:00,KPHL,Philadelphia,69.8,2026-09-17T03:35:00+00:00
2026-09-17T03:49:00+00:00,KPHL,Philadelphia,69.8,2026-09-17T03:30:00+00:00
2026-09-17T03:49:00+00:00,KPHL,Philadelphia,71.59,2026-09-17T03:25:00+00:00
2026-09-17T03:49:00+00:00,KAUS,Austin,86.0,2026-09-17T03:35:00+00:00
2026-09-17T03:49:00+00:00,KAUS,Austin,87.8,2026-09-17T03:30:00+00:00
2026-09-17T03:49:00+00:00,KAUS,Austin,87.8,2026-09-17T03:25:00+00:00
2026-09-17T03:49:00+00:00,KAUS,Austin,87.8,2026-09-17T03:20:00+00:00
2026-09-17T03:49:00+00:00,KMDW,Chicago,69.8,2026-09-17T03:35:00+00:00
2026-09-17T03:49:00+00:00,KMDW,Chicago,69.8,2026-09-17T03:30:00+00:00
2026-09-17T03:49:00+00:00,KMDW,Chicago,69.8,2026-09-17T03:25:00+00:00
2026-09-17T03:49:00+00:00,KSFO,San Francisco,62.6,2026-09-17T03:35:00+00:00
2026-09-17T03:49:00+00:00,KSFO,San Francisco,62.6,2026-09-17T03:30:00+00:00
2026-09-17T03:49:00+00:00,KSFO,San Francisco,62.6,2026-09-17T03:25:00+00:00
2026-09-17T03:49:00+00:00,KSFO,San Francisco,62.6,2026-09-17T03:20:00+00:00
2026-09-17T03:49:00+00:00,KPHX,Phoenix,80.59,2026-09-17T03:35:00+00:00
2026-09-17T03:49:00+00:00,KPHX,Phoenix,80.59,2026-09-17T03:30:00+00:00
2026-09-17T03:49:00+00:00,KPHX,Phoenix,82.4,2026-09-17T03:25:00+00:00
2026-09-17T03:49:00+00:00,KPHX,Phoenix,82.4,2026-09-17T03:20:00+00:00
2026-09-17T03:49:00+00:00,KDCA,Washington DC,73.4,2026-09-17T03:30:00+00:00
2026-09-17T03:49:00+00:00,KATL,Atlanta,77.0,2026-09-17T03:35:00+00:00
2026-09-17T03:49:00+00:00,KATL,Atlanta,78.8,2026-09-17T03:30:00+00:00
2026-09-17T03:49:00+00:00,KATL,Atlanta,78.8,2026-09-17T03:25:00+00:00
2026-09-17T03:49:00+00:00,KDFW,Dallas,89.6,2026-09-17T03:35:00+00:00
2026-09-17T03:49:00+00:00,KDFW,Dallas,89.6,2026-09-17T03:30:00+00:00
2026-09-17T03:49:00+00:00,KDFW,Dallas,89.6,2026-09-17T03:25:00+00:00
2026-09-17T03:49:00+00:00,KDFW,Dallas,89.6,2026-09-17T03:20:00+00:00
2026-09-17T03:49:00+00:00,KSEA,Seattle,64.4,2026-09-17T03:35:00+00:00
2026-09-17T03:49:00+00:00,KSEA,Seattle,66.2,2026-09-17T03:30:00+00:00
2026-09-17T03:49:00+00:00,KSEA,Seattle,64.4,2026-09-17T03:25:00+00:00
2026-09-17T03:49:00+00:00,KSEA,Seattle,64.4,2026-09-17T03:20:00+00:00
2026-09-17T03:49:00+00:00,KLAS,Las Vegas,91.4,2026-09-17T03:35:00+00:00
2026-09-17T03:49:00+00:00,KLAS,Las Vegas,91.4,2026-09-17T03:30:00+00:00
2026-09-17T03:49:00+00:00,KLAS,Las Vegas,91.4,2026-09-17T03:25:00+00:00
2026-09-17T03:49:00+00:00,KLAS,Las Vegas,91.4,2026-09-17T03:20:00+00:00
2026-09-17T03:49:00+00:00,KOKC,Oklahoma City,84.2,2026-09-17T03:35:00+00:00
2026-09-17T03:49:00+00:00,KOKC,Oklahoma City,84.2,2026-09-17T03:30:00+00:00
2026-09-17T03:49:00+00:00,KOKC,Oklahoma City,84.2,2026-09-17T03:25:00+00:00
2026-09-17T03:49:00+00:00,KOKC,Oklahoma City,84.2,2026-09-17T03:20:00+00:00
2026-09-17T03:49:00+00:00,KBOS,Boston,71.59,2026-09-17T03:35:00+00:00
2026-09-17T03:49:00+00:00,KBOS,Boston,71.59,2026-09-17T03:30:00+00:00
2026-09-17T03:49:00+00:00,KMSP,Minneapolis,60.8,2026-09-17T03:35:00+00:00
2026-09-17T03:49:00+00:00,KMSP,Minneapolis,62.6,2026-09-17T03:30:00+00:00
2026-09-17T03:49:00+00:00,KMSP,Minneapolis,62.05,2026-09-17T03:24:00+00:00
2026-09-17T03:49:00+00:00,KSAT,San Antonio,86.0,2026-09-17T03:35:00+00:00
2026-09-17T03:49:00+00:00,KSAT,San Antonio,86.0,2026-09-17T03:30:00+00:00
2026-09-17T03:49:00+00:00,KSAT,San Antonio,86.0,2026-09-17T03:25:00+00:00
2026-09-17T03:49:00+00:00,KSAT,San Antonio,86.0,2026-09-17T03:20:00+00:00
2026-09-17T03:49:00+00:00,KMSY,New Orleans,82.4,2026-09-17T03:35:00+00:00
2026-09-17T03:49:00+00:00,KMSY,New Orleans,82.4,2026-09-17T03:30:00+00:00
2026-09-17T03:49:00+00:00,KHOU,Houston,84.2,2026-09-17T03:35:00+00:00
2026-09-17T03:49:00+00:00,KHOU,Houston,84.2,2026-09-17T03:30:00+00:00
2026-09-17T03:49:00+00:00,KHOU,Houston,84.2,2026-09-17T03:25:00+00:00
2026-09-17T03:49:00+00:00,KHOU,Houston,84.2,2026-09-17T03:20:00+00:00
2026-09-17T04:04:00+00:00,KMIA,Miami,78.8,2026-09-17T03:45:00+00:00
2026-09-17T04:04:00+00:00,KMIA,Miami,80.59,2026-09-17T03:40:00+00:00
2026-09-17T04:04:00+00:00,KDEN,Denver,69.8,2026-09-17T03:45:00+00:00
2026-09-17T04:04:00+00:00,KDEN,Denver,68.0,2026-09-17T03:40:00+00:00
2026-09-17T04:04:00+00:00,KLAX,Los Angeles,69.8,2026-09-17T03:50:00+00:00
2026-09-17T04:04:00+00:00,KLAX,Los Angeles,69.8,2026-09-17T03:45:00+00:00
2026-09-17T04:04:00+00:00,KLAX,Los Angeles,69.8,2026-09-17T03:40:00+00:00
2026-09-17T04:04:00+00:00,KPHL,Philadelphia,69.8,2026-09-17T03:40:00+00:00
2026-09-17T04:04:00+00:00,KAUS,Austin,86.0,2026-09-17T03:50:00+00:00
2026-09-17T04:04:00+00:00,KAUS,Austin,86.0,2026-09-17T03:45:00+00:00
2026-09-17T04:04:00+00:00,KAUS,Austin,86.0,2026-09-17T03:40:00+00:00
2026-09-17T04:04:00+00:00,KMDW,Chicago,69.8,2026-09-17T03:40:00+00:00
2026-09-17T04:04:00+00:00,KSFO,San Francisco,62.6,2026-09-17T03:50:00+00:00
2026-09-17T04:04:00+00:00,KSFO,San Francisco,62.6,2026-09-17T03:45:00+00:00
2026-09-17T04:04:00+00:00,KSFO,San Francisco,62.6,2026-09-17T03:40:00+00:00
2026-09-17T04:04:00+00:00,KPHX,Phoenix,80.59,2026-09-17T03:45:00+00:00
2026-09-17T04:04:00+00:00,KPHX,Phoenix,78.8,2026-09-17T03:40:00+00:00
2026-09-17T04:04:00+00:00,KDCA,Washington DC,73.4,2026-09-17T03:40:00+00:00
2026-09-17T04:04:00+00:00,KDCA,Washington DC,73.4,2026-09-17T03:35:00+00:00
2026-09-17T04:04:00+00:00,KATL,Atlanta,78.8,2026-09-17T03:40:00+00:00
2026-09-17T04:04:00+00:00,KDFW,Dallas,89.6,2026-09-17T03:50:00+00:00
2026-09-17T04:04:00+00:00,KDFW,Dallas,89.6,2026-09-17T03:45:00+00:00
2026-09-17T04:04:00+00:00,KDFW,Dallas,89.6,2026-09-17T03:40:00+00:00
2026-09-17T04:04:00+00:00,KSEA,Seattle,66.2,2026-09-17T03:45:00+00:00
2026-09-17T04:04:00+00:00,KSEA,Seattle,66.2,2026-09-17T03:40:00+00:00
2026-09-17T04:04:00+00:00,KLAS,Las Vegas,89.6,2026-09-17T03:45:00+00:00
2026-09-17T04:04:00+00:00,KLAS,Las Vegas,91.4,2026-09-17T03:40:00+00:00
2026-09-17T04:04:00+00:00,KOKC,Oklahoma City,82.4,2026-09-17T03:50:00+00:00
2026-09-17T04:04:00+00:00,KOKC,Oklahoma City,82.4,2026-09-17T03:45:00+00:00
2026-09-17T04:04:00+00:00,KOKC,Oklahoma City,82.4,2026-09-17T03:40:00+00:00
2026-09-17T04:04:00+00:00,KBOS,Boston,71.59,2026-09-17T03:45:00+00:00
2026-09-17T04:04:00+00:00,KBOS,Boston,71.59,2026-09-17T03:40:00+00:00
2026-09-17T04:04:00+00:00,KMSP,Minneapolis,60.8,2026-09-17T03:50:00+00:00
2026-09-17T04:04:00+00:00,KMSP,Minneapolis,60.8,2026-09-17T03:45:00+00:00
2026-09-17T04:04:00+00:00,KMSP,Minneapolis,60.98,2026-09-17T03:43:00+00:00
2026-09-17T04:04:00+00:00,KMSP,Minneapolis,60.8,2026-09-17T03:40:00+00:00
2026-09-17T04:04:00+00:00,KSAT,San Antonio,84.2,2026-09-17T03:50:00+00:00
2026-09-17T04:04:00+00:00,KSAT,San Antonio,84.2,2026-09-17T03:45:00+00:00
2026-09-17T04:04:00+00:00,KSAT,San Antonio,84.2,2026-09-17T03:40:00+00:00
2026-09-17T04:04:00+00:00,KMSY,New Orleans,82.4,2026-09-17T03:50:00+00:00
2026-09-17T04:04:00+00:00,KMSY,New Orleans,82.4,2026-09-17T03:45:00+00:00
2026-09-17T04:04:00+00:00,KMSY,New Orleans,82.4,2026-09-17T03:40:00+00:00
2026-09-17T04:04:00+00:00,KHOU,Houston,84.2,2026-09-17T03:50:00+00:00
2026-09-17T04:04:00+00:00,KHOU,Houston,84.2,2026-09-17T03:45:00+00:00
2026-09-17T04:04:00+00:00,KHOU,Houston,84.2,2026-09-17T03:40:00+00:00
2026-09-17T04:19:00+00:00,KNYC,New York City,73.94,2026-09-17T03:51:00+00:00
2026-09-17T04:19:00+00:00,KMIA,Miami,78.8,2026-09-17T04:00:00+00:00
2026-09-17T04:19:00+00:00,KMIA,Miami,78.8,2026-09-17T03:55:00+00:00
2026-09-17T04:19:00+00:00,KMIA,Miami,78.98,2026-09-17T03:53:00+00:00
2026-09-17T04:19:00+00:00,KMIA,Miami,78.8,2026-09-17T03:50:00+00:00
2026-09-17T04:19:00+00:00,KDEN,Denver,69.8,2026-09-17T04:00:00+00:00
2026-09-17T04:19:00+00:00,KDEN,Denver,69.8,2026-09-17T03:55:00+00:00
2026-09-17T04:19:00+00:00,KDEN,Denver,69.08,2026-09-17T03:53:00+00:00
2026-09-17T04:19:00+00:00,KDEN,Denver,69.8,2026-09-17T03:50:00+00:00
2026-09-17T04:19:00+00:00,KLAX,Los Angeles,69.8,2026-09-17T03:55:00+00:00
2026-09-17T04:19:00+00:00,KPHL,Philadelphia,71.59,2026-09-17T04:00:00+00:00
2026-09-17T04:19:00+00:00,KPHL,Philadelphia,73.4,2026-09-17T03:55:00+00:00
2026-09-17T04:19:00+00:00,KPHL,Philadelphia,73.04,2026-09-17T03:54:00+00:00
2026-09-17T04:19:00+00:00,KPHL,Philadelphia,71.59,2026-09-17T03:50:00+00:00
2026-09-17T04:19:00+00:00,KPHL,Philadelphia,69.8,2026-09-17T03:45:00+00:00
2026-09-17T04:19:00+00:00,KAUS,Austin,84.2,2026-09-17T04:00:00+00:00
2026-09-17T04:19:00+00:00,KAUS,Austin,84.2,2026-09-17T03:55:00+00:00
2026-09-17T04:19:00+00:00,KAUS,Austin,84.91,2026-09-17T03:53:00+00:00
2026-09-17T04:19:00+00:00,KMDW,Chicago,69.8,2026-09-17T04:00:00+00:00
2026-09-17T04:19:00+00:00,KMDW,Chicago,69.8,2026-09-17T03:55:00+00:00
2026-09-17T04:19:00+00:00,KMDW,Chicago,69.08,2026-09-17T03:53:00+00:00
2026-09-17T04:19:00+00:00,KMDW,Chicago,69.8,2026-09-17T03:50:00+00:00
2026-09-17T04:19:00+00:00,KMDW,Chicago,69.8,2026-09-17T03:45:00+00:00
2026-09-17T04:19:00+00:00,KSFO,San Francisco,62.6,2026-09-17T03:55:00+00:00
2026-09-17T04:19:00+00:00,KPHX,Phoenix,80.59,2026-09-17T04:00:00+00:00
2026-09-17T04:19:00+00:00,KPHX,Phoenix,80.59,2026-09-17T03:55:00+00:00
2026-09-17T04:19:00+00:00,KPHX,Phoenix,78.98,2026-09-17T03:51:00+00:00
2026-09-17T04:19:00+00:00,KPHX,Phoenix,78.8,2026-09-17T03:50:00+00:00
2026-09-17T04:19:00+00:00,KDCA,Washington DC,73.4,2026-09-17T04:00:00+00:00
2026-09-17T04:19:00+00:00,KDCA,Washington DC,73.4,2026-09-17T03:55:00+00:00
2026-09-17T04:19:00+00:00,KDCA,Washington DC,73.04,2026-09-17T03:52:00+00:00
2026-09-17T04:19:00+00:00,KDCA,Washington DC,73.4,2026-09-17T03:50:00+00:00
2026-09-17T04:19:00+00:00,KDCA,Washington DC,73.4,2026-09-17T03:45:00+00:00
2026-09-17T04:19:00+00:00,KATL,Atlanta,77.0,2026-09-17T04:00:00+00:00
2026-09-17T04:19:00+00:00,KATL,Atlanta,77.0,2026-09-17T03:55:00+00:00
2026-09-17T04:19:00+00:00,KATL,Atlanta,77.0,2026-09-17T03:52:00+00:00
2026-09-17T04:19:00+00:00,KATL,Atlanta,77.0,2026-09-17T03:50:00+00:00
2026-09-17T04:19:00+00:00,KATL,Atlanta,77.0,2026-09-17T03:45:00+00:00
2026-09-17T04:19:00+00:00,KDFW,Dallas,87.8,2026-09-17T04:00:00+00:00
2026-09-17T04:19:00+00:00,KDFW,Dallas,89.6,2026-09-17T03:55:00+00:00
2026-09-17T04:19:00+00:00,KDFW,Dallas,89.06,2026-09-17T03:53:00+00:00
2026-09-17T04:19:00+00:00,KSEA,Seattle,64.4,2026-09-17T03:55:00+00:00
2026-09-17T04:19:00+00:00,KSEA,Seattle,64.4,2026-09-17T03:50:00+00:00
2026-09-17T04:19:00+00:00,KLAS,Las Vegas,86.0,2026-09-17T04:00:00+00:00
2026-09-17T04:19:00+00:00,KLAS,Las Vegas,86.0,2026-09-17T03:56:00+00:00
2026-09-17T04:19:00+00:00,KLAS,Las Vegas,86.0,2026-09-17T03:55:00+00:00
2026-09-17T04:19:00+00:00,KLAS,Las Vegas,87.8,2026-09-17T03:50:00+00:00
2026-09-17T04:19:00+00:00,KOKC,Oklahoma City,82.4,2026-09-17T03:55:00+00:00
2026-09-17T04:19:00+00:00,KOKC,Oklahoma City,82.04,2026-09-17T03:52:00+00:00
2026-09-17T04:19:00+00:00,KBOS,Boston,71.59,2026-09-17T04:00:00+00:00
2026-09-17T04:19:00+00:00,KBOS,Boston,71.59,2026-09-17T03:55:00+00:00
2026-09-17T04:19:00+00:00,KBOS,Boston,71.95,2026-09-17T03:54:00+00:00
2026-09-17T04:19:00+00:00,KBOS,Boston,71.59,2026-09-17T03:50:00+00:00
2026-09-17T04:19:00+00:00,KMSP,Minneapolis,60.8,2026-09-17T04:00:00+00:00
2026-09-17T04:19:00+00:00,KMSP,Minneapolis,60.8,2026-09-17T03:55:00+00:00
2026-09-17T04:19:00+00:00,KMSP,Minneapolis,60.08,2026-09-17T03:53:00+00:00
2026-09-17T04:19:00+00:00,KSAT,San Antonio,84.2,2026-09-17T04:00:00+00:00
2026-09-17T04:19:00+00:00,KSAT,San Antonio,84.2,2026-09-17T03:55:00+00:00
2026-09-17T04:19:00+00:00,KSAT,San Antonio,84.91,2026-09-17T03:51:00+00:00
2026-09-17T04:19:00+00:00,KMSY,New Orleans,82.4,2026-09-17T04:00:00+00:00
2026-09-17T04:19:00+00:00,KMSY,New Orleans,82.4,2026-09-17T03:55:00+00:00
2026-09-17T04:19:00+00:00,KMSY,New Orleans,82.04,2026-09-17T03:53:00+00:00
2026-09-17T04:19:00+00:00,KHOU,Houston,84.2,2026-09-17T04:00:00+00:00
2026-09-17T04:19:00+00:00,KHOU,Houston,84.2,2026-09-17T03:55:00+00:00
2026-09-17T04:19:00+00:00,KHOU,Houston,84.91,2026-09-17T03:53:00+00:00
2026-09-17T04:34:00+00:00,KMIA,Miami,78.8,2026-09-17T04:20:00+00:00
2026-09-17T04:34:00+00:00,KMIA,Miami,78.8,2026-09-17T04:15:00+00:00
2026-09-17T04:34:00+00:00,KMIA,Miami,78.8,2026-09-17T04:10:00+00:00
2026-09-17T04:34:00+00:00,KMIA,Miami,78.8,2026-09-17T04:05:00+00:00
2026-09-17T04:34:00+00:00,KDEN,Denver,69.8,2026-09-17T04:20:00+00:00
2026-09-17T04:34:00+00:00,KDEN,Denver,69.8,2026-09-17T04:15:00+00:00
2026-09-17T04:34:00+00:00,KDEN,Denver,69.8,2026-09-17T04:10:00+00:00
2026-09-17T04:34:00+00:00,KDEN,Denver,69.8,2026-09-17T04:05:00+00:00
2026-09-17T04:34:00+00:00,KLAX,Los Angeles,69.8,2026-09-17T04:25:00+00:00
2026-09-17T04:34:00+00:00,KLAX,Los Angeles,69.8,2026-09-17T04:20:00+00:00
2026-09-17T04:34:00+00:00,KLAX,Los Angeles,69.8,2026-09-17T04:15:00+00:00
2026-09-17T04:34:00+00:00,KLAX,Los Angeles,69.8,2026-09-17T04:10:00+00:00
2026-09-17T04:34:00+00:00,KLAX,Los Angeles,69.8,2026-09-17T04:05:00+00:00
2026-09-17T04:34:00+00:00,KLAX,Los Angeles,69.8,2026-09-17T04:00:00+00:00
2026-09-17T04:34:00+00:00,KLAX,Los Angeles,69.98,2026-09-17T03:53:00+00:00
2026-09-17T04:34:00+00:00,KPHL,Philadelphia,71.59,2026-09-17T04:15:00+00:00
2026-09-17T04:34:00+00:00,KPHL,Philadelphia,73.4,2026-09-17T04:10:00+00:00
2026-09-17T04:34:00+00:00,KPHL,Philadelphia,71.59,2026-09-17T04:05:00+00:00
2026-09-17T04:34:00+00:00,KAUS,Austin,84.2,2026-09-17T04:25:00+00:00
2026-09-17T04:34:00+00:00,KAUS,Austin,84.2,2026-09-17T04:20:00+00:00
2026-09-17T04:34:00+00:00,KAUS,Austin,84.2,2026-09-17T04:15:00+00:00
2026-09-17T04:34:00+00:00,KAUS,Austin,84.2,2026-09-17T04:10:00+00:00
2026-09-17T04:34:00+00:00,KAUS,Austin,84.2,2026-09-17T04:05:00+00:00
2026-09-17T04:34:00+00:00,KMDW,Chicago,69.8,2026-09-17T04:20:00+00:00
2026-09-17T04:34:00+00:00,KMDW,Chicago,69.8,2026-09-17T04:15:00+00:00
2026-09-17T04:34:00+00:00,KMDW,Chicago,69.8,2026-09-17T04:10:00+00:00
2026-09-17T04:34:00+00:00,KMDW,Chicago,69.8,2026-09-17T04:05:00+00:00
2026-09-17T04:34:00+00:00,KSFO,San Francisco,62.6,2026-09-17T04:25:00+00:00
2026-09-17T04:34:00+00:00,KSFO,San Francisco,62.6,2026-09-17T04:20:00+00:00
2026-09-17T04:34:00+00:00,KSFO,San Francisco,62.6,2026-09-17T04:15:00+00:00
2026-09-17T04:34:00+00:00,KSFO,San Francisco,62.6,2026-09-17T04:10:00+00:00
2026-09-17T04:34:00+00:00,KSFO,San Francisco,62.6,2026-09-17T04:05:00+00:00
2026-09-17T04:34:00+00:00,KSFO,San Francisco,62.6,2026-09-17T04:00:00+00:00
2026-09-17T04:34:00+00:00,KSFO,San Francisco,62.05,2026-09-17T03:56:00+00:00
2026-09-17T04:34:00+00:00,KPHX,Phoenix,77.0,2026-09-17T04:20:00+00:00
2026-09-17T04:34:00+00:00,KPHX,Phoenix,77.0,2026-09-17T04:15:00+00:00
2026-09-17T04:34:00+00:00,KPHX,Phoenix,77.0,2026-09-17T04:10:00+00:00
2026-09-17T04:34:00+00:00,KPHX,Phoenix,78.8,2026-09-17T04:05:00+00:00
2026-09-17T04:34:00+00:00,KDCA,Washington DC,73.4,2026-09-17T04:15:00+00:00
2026-09-17T04:34:00+00:00,KDCA,Washington DC,73.4,2026-09-17T04:10:00+00:00
2026-09-17T04:34:00+00:00,KDCA,Washington DC,73.4,2026-09-17T04:05:00+00:00
2026-09-17T04:34:00+00:00,KATL,Atlanta,75.2,2026-09-17T04:20:00+00:00
2026-09-17T04:34:00+00:00,KATL,Atlanta,75.2,2026-09-17T04:15:00+00:00
2026-09-17T04:34:00+00:00,KATL,Atlanta,75.2,2026-09-17T04:10:00+00:00
2026-09-17T04:34:00+00:00,KATL,Atlanta,77.0,2026-09-17T04:05:00+00:00
2026-09-17T04:34:00+00:00,KDFW,Dallas,87.8,2026-09-17T04:25:00+00:00
2026-09-17T04:34:00+00:00,KDFW,Dallas,87.8,2026-09-17T04:20:00+00:00
2026-09-17T04:34:00+00:00,KDFW,Dallas,87.8,2026-09-17T04:15:00+00:00
2026-09-17T04:34:00+00:00,KDFW,Dallas,87.8,2026-09-17T04:10:00+00:00
2026-09-17T04:34:00+00:00,KDFW,Dallas,87.8,2026-09-17T04:05:00+00:00
2026-09-17T04:34:00+00:00,KSEA,Seattle,68.0,2026-09-17T04:25:00+00:00
2026-09-17T04:34:00+00:00,KSEA,Seattle,64.4,2026-09-17T04:20:00+00:00
2026-09-17T04:34:00+00:00,KSEA,Seattle,64.4,2026-09-17T04:15:00+00:00
2026-09-17T04:34:00+00:00,KSEA,Seattle,64.4,2026-09-17T04:10:00+00:00
2026-09-17T04:34:00+00:00,KSEA,Seattle,66.2,2026-09-17T04:05:00+00:00
2026-09-17T04:34:00+00:00,KSEA,Seattle,64.4,2026-09-17T04:00:00+00:00
2026-09-17T04:34:00+00:00,KSEA,Seattle,64.94,2026-09-17T03:53:00+00:00
2026-09-17T04:34:00+00:00,KLAS,Las Vegas,84.2,2026-09-17T04:20:00+00:00
2026-09-17T04:34:00+00:00,KLAS,Las Vegas,84.2,2026-09-17T04:15:00+00:00
2026-09-17T04:34:00+00:00,KLAS,Las Vegas,84.2,2026-09-17T04:10:00+00:00
2026-09-17T04:34:00+00:00,KLAS,Las Vegas,84.2,2026-09-17T04:05:00+00:00
2026-09-17T04:34:00+00:00,KBOS,Boston,71.59,2026-09-17T04:20:00+00:00
2026-09-17T04:34:00+00:00,KBOS,Boston,71.59,2026-09-17T04:15:00+00:00
2026-09-17T04:34:00+00:00,KBOS,Boston,71.59,2026-09-17T04:10:00+00:00
2026-09-17T04:34:00+00:00,KBOS,Boston,71.59,2026-09-17T04:05:00+00:00
2026-09-17T04:34:00+00:00,KMSP,Minneapolis,60.8,2026-09-17T04:25:00+00:00
2026-09-17T04:34:00+00:00,KMSP,Minneapolis,60.8,2026-09-17T04:20:00+00:00
2026-09-17T04:34:00+00:00,KMSP,Minneapolis,60.8,2026-09-17T04:15:00+00:00
2026-09-17T04:34:00+00:00,KMSP,Minneapolis,60.8,2026-09-17T04:10:00+00:00
2026-09-17T04:34:00+00:00,KMSP,Minneapolis,60.8,2026-09-17T04:05:00+00:00
2026-09-17T04:34:00+00:00,KSAT,San Antonio,84.2,2026-09-17T04:25:00+00:00
2026-09-17T04:34:00+00:00,KSAT,San Antonio,84.2,2026-09-17T04:20:00+00:00
2026-09-17T04:34:00+00:00,KSAT,San Antonio,84.2,2026-09-17T04:15:00+00:00
2026-09-17T04:34:00+00:00,KSAT,San Antonio,84.2,2026-09-17T04:10:00+00:00
2026-09-17T04:34:00+00:00,KSAT,San Antonio,84.2,2026-09-17T04:05:00+00:00
2026-09-17T04:34:00+00:00,KMSY,New Orleans,82.4,2026-09-17T04:25:00+00:00
2026-09-17T04:34:00+00:00,KMSY,New Orleans,82.4,2026-09-17T04:20:00+00:00
2026-09-17T04:34:00+00:00,KMSY,New Orleans,82.4,2026-09-17T04:15:00+00:00
2026-09-17T04:34:00+00:00,KMSY,New Orleans,82.4,2026-09-17T04:10:00+00:00
2026-09-17T04:34:00+00:00,KMSY,New Orleans,82.4,2026-09-17T04:05:00+00:00
2026-09-17T04:34:00+00:00,KHOU,Houston,84.2,2026-09-17T04:25:00+00:00
2026-09-17T04:34:00+00:00,KHOU,Houston,84.2,2026-09-17T04:20:00+00:00
2026-09-17T04:34:00+00:00,KHOU,Houston,84.2,2026-09-17T04:15:00+00:00
2026-09-17T04:34:00+00:00,KHOU,Houston,84.2,2026-09-17T04:10:00+00:00
2026-09-17T04:34:00+00:00,KHOU,Houston,84.2,2026-09-17T04:05:00+00:00
2026-09-17T04:47:59+00:00,KMIA,Miami,78.8,2026-09-17T04:25:00+00:00
2026-09-17T04:47:59+00:00,KDEN,Denver,69.8,2026-09-17T04:35:00+00:00
2026-09-17T04:47:59+00:00,KDEN,Denver,69.8,2026-09-17T04:30:00+00:00
2026-09-17T04:47:59+00:00,KDEN,Denver,69.8,2026-09-17T04:25:00+00:00
2026-09-17T04:47:59+00:00,KPHL,Philadelphia,69.8,2026-09-17T04:30:00+00:00
2026-09-17T04:47:59+00:00,KPHL,Philadelphia,69.8,2026-09-17T04:25:00+00:00
2026-09-17T04:47:59+00:00,KPHL,Philadelphia,69.8,2026-09-17T04:20:00+00:00
2026-09-17T04:47:59+00:00,KAUS,Austin,84.2,2026-09-17T04:30:00+00:00
2026-09-17T04:47:59+00:00,KMDW,Chicago,69.8,2026-09-17T04:30:00+00:00
2026-09-17T04:47:59+00:00,KMDW,Chicago,69.8,2026-09-17T04:25:00+00:00
2026-09-17T04:47:59+00:00,KPHX,Phoenix,75.2,2026-09-17T04:35:00+00:00
2026-09-17T04:47:59+00:00,KPHX,Phoenix,75.2,2026-09-17T04:30:00+00:00
2026-09-17T04:47:59+00:00,KPHX,Phoenix,75.2,2026-09-17T04:25:00+00:00
2026-09-17T04:47:59+00:00,KDCA,Washington DC,73.4,2026-09-17T04:30:00+00:00
2026-09-17T04:47:59+00:00,KDCA,Washington DC,73.4,2026-09-17T04:25:00+00:00
2026-09-17T04:47:59+00:00,KDCA,Washington DC,73.4,2026-09-17T04:20:00+00:00
2026-09-17T04:47:59+00:00,KATL,Atlanta,75.2,2026-09-17T04:25:00+00:00
2026-09-17T04:47:59+00:00,KDFW,Dallas,87.8,2026-09-17T04:35:00+00:00
2026-09-17T04:47:59+00:00,KDFW,Dallas,87.8,2026-09-17T04:30:00+00:00
2026-09-17T04:47:59+00:00,KLAS,Las Vegas,84.2,2026-09-17T04:35:00+00:00
2026-09-17T04:47:59+00:00,KLAS,Las Vegas,84.2,2026-09-17T04:30:00+00:00
2026-09-17T04:47:59+00:00,KLAS,Las Vegas,84.2,2026-09-17T04:25:00+00:00
2026-09-17T04:47:59+00:00,KBOS,Boston,71.59,2026-09-17T04:30:00+00:00
2026-09-17T04:47:59+00:00,KBOS,Boston,71.59,2026-09-17T04:25:00+00:00
2026-09-17T04:47:59+00:00,KMSP,Minneapolis,59.0,2026-09-17T04:35:00+00:00
2026-09-17T04:47:59+00:00,KMSP,Minneapolis,59.0,2026-09-17T04:30:00+00:00
2026-09-17T04:47:59+00:00,KMSP,Minneapolis,60.08,2026-09-17T04:28:00+00:00
2026-09-17T04:47:59+00:00,KMSP,Minneapolis,60.08,2026-09-17T04:23:00+00:00
2026-09-17T04:47:59+00:00,KSAT,San Antonio,84.2,2026-09-17T04:35:00+00:00
2026-09-17T04:47:59+00:00,KSAT,San Antonio,84.2,2026-09-17T04:30:00+00:00
2026-09-17T04:47:59+00:00,KMSY,New Orleans,82.4,2026-09-17T04:35:00+00:00
2026-09-17T04:47:59+00:00,KMSY,New Orleans,82.4,2026-09-17T04:30:00+00:00
2026-09-17T04:47:59+00:00,KHOU,Houston,84.2,2026-09-17T04:30:00+00:00
2026-09-17T04:49:00+00:00,KMIA,Miami,78.8,2026-09-17T04:25:00+00:00
2026-09-17T04:49:00+00:00,KDEN,Denver,69.8,2026-09-17T04:35:00+00:00
2026-09-17T04:49:00+00:00,KDEN,Denver,69.8,2026-09-17T04:30:00+00:00
2026-09-17T04:49:00+00:00,KDEN,Denver,69.8,2026-09-17T04:25:00+00:00
2026-09-17T04:49:00+00:00,KPHL,Philadelphia,69.8,2026-09-17T04:30:00+00:00
2026-09-17T04:49:00+00:00,KPHL,Philadelphia,69.8,2026-09-17T04:25:00+00:00
2026-09-17T04:49:00+00:00,KPHL,Philadelphia,69.8,2026-09-17T04:20:00+00:00
2026-09-17T04:49:00+00:00,KAUS,Austin,84.2,2026-09-17T04:30:00+00:00
2026-09-17T04:49:00+00:00,KMDW,Chicago,69.8,2026-09-17T04:30:00+00:00
2026-09-17T04:49:00+00:00,KMDW,Chicago,69.8,2026-09-17T04:25:00+00:00
2026-09-17T04:49:00+00:00,KPHX,Phoenix,75.2,2026-09-17T04:35:00+00:00
2026-09-17T04:49:00+00:00,KPHX,Phoenix,75.2,2026-09-17T04:30:00+00:00
2026-09-17T04:49:00+00:00,KPHX,Phoenix,75.2,2026-09-17T04:25:00+00:00
2026-09-17T04:49:00+00:00,KDCA,Washington DC,73.4,2026-09-17T04:30:00+00:00
2026-09-17T04:49:00+00:00,KDCA,Washington DC,73.4,2026-09-17T04:25:00+00:00
2026-09-17T04:49:00+00:00,KDCA,Washington DC,73.4,2026-09-17T04:20:00+00:00
2026-09-17T04:49:00+00:00,KATL,Atlanta,75.2,2026-09-17T04:25:00+00:00
2026-09-17T04:49:00+00:00,KDFW,Dallas,87.8,2026-09-17T04:35:00+00:00
2026-09-17T04:49:00+00:00,KDFW,Dallas,87.8,2026-09-17T04:30:00+00:00
2026-09-17T04:49:00+00:00,KLAS,Las Vegas,84.2,2026-09-17T04:35:00+00:00
2026-09-17T04:49:00+00:00,KLAS,Las Vegas,84.2,2026-09-17T04:30:00+00:00
2026-09-17T04:49:00+00:00,KLAS,Las Vegas,84.2,2026-09-17T04:25:00+00:00
2026-09-17T04:49:00+00:00,KBOS,Boston,71.59,2026-09-17T04:30:00+00:00
2026-09-17T04:49:00+00:00,KBOS,Boston,71.59,2026-09-17T04:25:00+00:00
2026-09-17T04:49:00+00:00,KMSP,Minneapolis,59.0,2026-09-17T04:35:00+00:00
2026-09-17T04:49:00+00:00,KMSP,Minneapolis,59.0,2026-09-17T04:30:00+00:00
2026-09-17T04:49:00+00:00,KMSP,Minneapolis,60.08,2026-09-17T04:28:00+00:00
2026-09-17T04:49:00+00:00,KMSP,Minneapolis,60.08,2026-09-17T04:23:00+00:00
2026-09-17T04:49:00+00:00,KSAT,San Antonio,84.2,2026-09-17T04:35:00+00:00
2026-09-17T04:49:00+00:00,KSAT,San Antonio,84.2,2026-09-17T04:30:00+00:00
2026-09-17T04:49:00+00:00,KMSY,New Orleans,82.4,2026-09-17T04:35:00+00:00
2026-09-17T04:49:00+00:00,KMSY,New Orleans,82.4,2026-09-17T04:30:00+00:00
2026-09-17T04:49:00+00:00,KHOU,Houston,84.2,2026-09-17T04:30:00+00:00
2026-09-17T05:04:00+00:00,KMIA,Miami,78.8,2026-09-17T04:50:00+00:00
2026-09-17T05:04:00+00:00,KMIA,Miami,78.8,2026-09-17T04:45:00+00:00
2026-09-17T05:04:00+00:00,KMIA,Miami,78.8,2026-09-17T04:40:00+00:00
2026-09-17T05:04:00+00:00,KMIA,Miami,78.8,2026-09-17T04:35:00+00:00
2026-09-17T05:04:00+00:00,KMIA,Miami,78.8,2026-09-17T04:30:00+00:00
2026-09-17T05:04:00+00:00,KDEN,Denver,69.8,2026-09-17T04:50:00+00:00
2026-09-17T05:04:00+00:00,KDEN,Denver,69.8,2026-09-17T04:45:00+00:00
2026-09-17T05:04:00+00:00,KDEN,Denver,69.8,2026-09-17T04:40:00+00:00
2026-09-17T05:04:00+00:00,KLAX,Los Angeles,69.8,2026-09-17T04:50:00+00:00
2026-09-17T05:04:00+00:00,KLAX,Los Angeles,69.8,2026-09-17T04:45:00+00:00
2026-09-17T05:04:00+00:00,KLAX,Los Angeles,69.8,2026-09-17T04:40:00+00:00
2026-09-17T05:04:00+00:00,KLAX,Los Angeles,69.8,2026-09-17T04:35:00+00:00
2026-09-17T05:04:00+00:00,KLAX,Los Angeles,69.8,2026-09-17T04:30:00+00:00
2026-09-17T05:04:00+00:00,KPHL,Philadelphia,71.59,2026-09-17T04:40:00+00:00
2026-09-17T05:04:00+00:00,KPHL,Philadelphia,69.8,2026-09-17T04:35:00+00:00
2026-09-17T05:04:00+00:00,KAUS,Austin,84.2,2026-09-17T04:45:00+00:00
2026-09-17T05:04:00+00:00,KAUS,Austin,84.2,2026-09-17T04:40:00+00:00
2026-09-17T05:04:00+00:00,KAUS,Austin,84.2,2026-09-17T04:35:00+00:00
2026-09-17T05:04:00+00:00,KMDW,Chicago,69.8,2026-09-17T04:40:00+00:00
2026-09-17T05:04:00+00:00,KMDW,Chicago,69.8,2026-09-17T04:35:00+00:00
2026-09-17T05:04:00+00:00,KSFO,San Francisco,62.6,2026-09-17T04:50:00+00:00
2026-09-17T05:04:00+00:00,KSFO,San Francisco,62.6,2026-09-17T04:45:00+00:00
2026-09-17T05:04:00+00:00,KSFO,San Francisco,62.6,2026-09-17T04:40:00+00:00
2026-09-17T05:04:00+00:00,KSFO,San Francisco,62.6,2026-09-17T04:35:00+00:00
2026-09-17T05:04:00+00:00,KSFO,San Francisco,62.6,2026-09-17T04:30:00+00:00
2026-09-17T05:04:00+00:00,KPHX,Phoenix,75.2,2026-09-17T04:40:00+00:00
2026-09-17T05:04:00+00:00,KDCA,Washington DC,73.4,2026-09-17T04:40:00+00:00
2026-09-17T05:04:00+00:00,KDCA,Washington DC,73.4,2026-09-17T04:35:00+00:00
2026-09-17T05:04:00+00:00,KATL,Atlanta,75.2,2026-09-17T04:50:00+00:00
2026-09-17T05:04:00+00:00,KATL,Atlanta,75.2,2026-09-17T04:45:00+00:00
2026-09-17T05:04:00+00:00,KATL,Atlanta,75.2,2026-09-17T04:40:00+00:00
2026-09-17T05:04:00+00:00,KATL,Atlanta,75.2,2026-09-17T04:35:00+00:00
2026-09-17T05:04:00+00:00,KATL,Atlanta,75.2,2026-09-17T04:30:00+00:00
2026-09-17T05:04:00+00:00,KDFW,Dallas,87.8,2026-09-17T04:45:00+00:00
2026-09-17T05:04:00+00:00,KDFW,Dallas,87.8,2026-09-17T04:40:00+00:00
2026-09-17T05:04:00+00:00,KSEA,Seattle,66.2,2026-09-17T04:50:00+00:00
2026-09-17T05:04:00+00:00,KSEA,Seattle,66.2,2026-09-17T04:45:00+00:00
2026-09-17T05:04:00+00:00,KSEA,Seattle,66.2,2026-09-17T04:35:00+00:00
2026-09-17T05:04:00+00:00,KSEA,Seattle,68.0,2026-09-17T04:30:00+00:00
2026-09-17T05:04:00+00:00,KLAS,Las Vegas,82.4,2026-09-17T04:50:00+00:00
2026-09-17T05:04:00+00:00,KLAS,Las Vegas,82.4,2026-09-17T04:45:00+00:00
2026-09-17T05:04:00+00:00,KLAS,Las Vegas,84.2,2026-09-17T04:40:00+00:00
2026-09-17T05:04:00+00:00,KOKC,Oklahoma City,80.59,2026-09-17T04:30:00+00:00
2026-09-17T05:04:00+00:00,KOKC,Oklahoma City,80.59,2026-09-17T04:25:00+00:00
2026-09-17T05:04:00+00:00,KOKC,Oklahoma City,80.59,2026-09-17T04:20:00+00:00
2026-09-17T05:04:00+00:00,KOKC,Oklahoma City,80.59,2026-09-17T04:15:00+00:00
2026-09-17T05:04:00+00:00,KOKC,Oklahoma City,80.59,2026-09-17T04:10:00+00:00
2026-09-17T05:04:00+00:00,KOKC,Oklahoma City,80.59,2026-09-17T04:05:00+00:00
2026-09-17T05:04:00+00:00,KOKC,Oklahoma City,80.59,2026-09-17T04:00:00+00:00
2026-09-17T05:04:00+00:00,KBOS,Boston,71.59,2026-09-17T04:50:00+00:00
2026-09-17T05:04:00+00:00,KBOS,Boston,71.59,2026-09-17T04:45:00+00:00
2026-09-17T05:04:00+00:00,KBOS,Boston,71.59,2026-09-17T04:40:00+00:00
2026-09-17T05:04:00+00:00,KMSP,Minneapolis,59.0,2026-09-17T04:45:00+00:00
2026-09-17T05:04:00+00:00,KMSP,Minneapolis,59.0,2026-09-17T04:43:00+00:00
2026-09-17T05:04:00+00:00,KMSP,Minneapolis,59.0,2026-09-17T04:40:00+00:00
2026-09-17T05:04:00+00:00,KSAT,San Antonio,84.2,2026-09-17T04:45:00+00:00
2026-09-17T05:04:00+00:00,KSAT,San Antonio,84.2,2026-09-17T04:40:00+00:00
2026-09-17T05:04:00+00:00,KMSY,New Orleans,82.4,2026-09-17T04:45:00+00:00
2026-09-17T05:04:00+00:00,KMSY,New Orleans,82.4,2026-09-17T04:40:00+00:00
2026-09-17T05:04:00+00:00,KHOU,Houston,84.2,2026-09-17T04:45:00+00:00
2026-09-17T05:04:00+00:00,KHOU,Houston,84.2,2026-09-17T04:40:00+00:00
2026-09-17T05:04:00+00:00,KHOU,Houston,84.2,2026-09-17T04:35:00+00:00
