utc_time,station,city,temp_f
2026-07-09T18:13:54+00:00,KNYC,New York City,79.0
2026-07-09T18:13:54+00:00,KMIA,Miami,91.4
2026-07-09T18:13:54+00:00,KDEN,Denver,78.1
2026-07-09T18:13:54+00:00,KLAX,Los Angeles,71.6
2026-07-09T18:13:54+00:00,KPHL,Philadelphia,73.4
2026-07-09T18:13:54+00:00,KAUS,Austin,93.2
2026-07-09T18:13:54+00:00,KMDW,Chicago,82.4
2026-07-09T18:39:46+00:00,KNYC,New York City,77.0
2026-07-09T18:39:46+00:00,KMIA,Miami,91.4
2026-07-09T18:39:46+00:00,KDEN,Denver,82.9
2026-07-09T18:39:46+00:00,KLAX,Los Angeles,71.6
2026-07-09T18:39:46+00:00,KPHL,Philadelphia,75.2
2026-07-09T18:39:46+00:00,KAUS,Austin,93.2
2026-07-09T18:39:46+00:00,KMDW,Chicago,82.4
2026-07-09T20:02:32+00:00,KNYC,New York City,77.0
2026-07-09T20:02:32+00:00,KMIA,Miami,91.4
2026-07-09T20:02:32+00:00,KDEN,Denver,86.0
2026-07-09T20:02:32+00:00,KLAX,Los Angeles,73.4
2026-07-09T20:02:32+00:00,KPHL,Philadelphia,78.8
2026-07-09T20:02:32+00:00,KAUS,Austin,96.8
2026-07-09T20:02:32+00:00,KMDW,Chicago,84.2
2026-07-09T21:40:03+00:00,KNYC,New York City,73.9
2026-07-09T21:40:03+00:00,KMIA,Miami,89.6
2026-07-09T21:40:03+00:00,KDEN,Denver,87.1
2026-07-09T21:40:03+00:00,KLAX,Los Angeles,73.4
2026-07-09T21:40:03+00:00,KPHL,Philadelphia,77.0
2026-07-09T21:40:03+00:00,KAUS,Austin,98.6
2026-07-09T21:40:03+00:00,KMDW,Chicago,86.0
2026-07-09T22:53:04+00:00,KNYC,New York City,73.9
2026-07-09T22:53:04+00:00,KMIA,Miami,89.6
2026-07-09T22:53:04+00:00,KDEN,Denver,82.9
2026-07-09T22:53:04+00:00,KLAX,Los Angeles,73.4
2026-07-09T22:53:04+00:00,KPHL,Philadelphia,77.0
2026-07-09T22:53:04+00:00,KAUS,Austin,96.8
2026-07-09T22:53:04+00:00,KMDW,Chicago,86.0
2026-07-09T23:55:21+00:00,KNYC,New York City,73.9
2026-07-09T23:55:21+00:00,KMIA,Miami,87.8
2026-07-09T23:55:21+00:00,KDEN,Denver,73.9
2026-07-09T23:55:21+00:00,KLAX,Los Angeles,71.6
2026-07-09T23:55:21+00:00,KPHL,Philadelphia,75.2
2026-07-09T23:55:21+00:00,KAUS,Austin,95.0
2026-07-09T23:55:21+00:00,KMDW,Chicago,84.2
2026-07-10T01:24:31+00:00,KNYC,New York City,73.9
2026-07-10T01:24:31+00:00,KMIA,Miami,86.0
2026-07-10T01:24:31+00:00,KDEN,Denver,75.0
2026-07-10T01:24:31+00:00,KLAX,Los Angeles,69.8
2026-07-10T01:24:31+00:00,KPHL,Philadelphia,75.2
2026-07-10T01:24:31+00:00,KAUS,Austin,89.6
2026-07-10T01:24:31+00:00,KMDW,Chicago,82.4
2026-07-10T05:13:09+00:00,KNYC,New York City,73.9
2026-07-10T05:13:09+00:00,KMIA,Miami,86.0
2026-07-10T05:13:09+00:00,KDEN,Denver,66.9
2026-07-10T05:13:09+00:00,KLAX,Los Angeles,64.9
2026-07-10T05:13:09+00:00,KPHL,Philadelphia,75.2
2026-07-10T05:13:09+00:00,KAUS,Austin,78.8
2026-07-10T05:13:09+00:00,KMDW,Chicago,75.2
2026-07-10T08:39:52+00:00,KNYC,New York City,73.0
2026-07-10T08:39:52+00:00,KMIA,Miami,84.2
2026-07-10T08:39:52+00:00,KDEN,Denver,59.0
2026-07-10T08:39:52+00:00,KLAX,Los Angeles,64.4
2026-07-10T08:39:52+00:00,KPHL,Philadelphia,75.2
2026-07-10T08:39:52+00:00,KAUS,Austin,75.2
2026-07-10T08:39:52+00:00,KMDW,Chicago,71.6
2026-07-10T11:30:39+00:00,KNYC,New York City,73.9
2026-07-10T11:30:39+00:00,KMIA,Miami,84.2
2026-07-10T11:30:39+00:00,KDEN,Denver,59.0
2026-07-10T11:30:39+00:00,KLAX,Los Angeles,66.2
2026-07-10T11:30:39+00:00,KPHL,Philadelphia,75.2
2026-07-10T11:30:39+00:00,KAUS,Austin,71.6
2026-07-10T11:30:39+00:00,KMDW,Chicago,71.6
2026-07-10T13:32:12+00:00,KNYC,New York City,78.1
2026-07-10T13:32:12+00:00,KMIA,Miami,87.8
2026-07-10T13:32:12+00:00,KDEN,Denver,63.0
2026-07-10T13:32:12+00:00,KLAX,Los Angeles,64.4
2026-07-10T13:32:12+00:00,KPHL,Philadelphia,80.6
2026-07-10T13:32:12+00:00,KAUS,Austin,77.0
2026-07-10T13:32:12+00:00,KMDW,Chicago,73.4
2026-07-10T16:02:05+00:00,KNYC,New York City,82.0
2026-07-10T16:02:05+00:00,KMIA,Miami,89.6
2026-07-10T16:02:05+00:00,KDEN,Denver,72.0
2026-07-10T16:02:05+00:00,KLAX,Los Angeles,66.2
2026-07-10T16:02:05+00:00,KPHL,Philadelphia,86.0
2026-07-10T16:02:05+00:00,KAUS,Austin,86.0
2026-07-10T16:02:05+00:00,KMDW,Chicago,78.8
2026-07-10T17:58:23+00:00,KNYC,New York City,81.0
2026-07-10T17:58:23+00:00,KMIA,Miami,91.4
2026-07-10T17:58:23+00:00,KDEN,Denver,80.1
2026-07-10T17:58:23+00:00,KLAX,Los Angeles,73.4
2026-07-10T17:58:23+00:00,KPHL,Philadelphia,86.0
2026-07-10T17:58:23+00:00,KAUS,Austin,91.4
2026-07-10T17:58:23+00:00,KMDW,Chicago,80.6
2026-07-10T19:21:27+00:00,KNYC,New York City,82.0
2026-07-10T19:21:27+00:00,KMIA,Miami,91.4
2026-07-10T19:21:27+00:00,KDEN,Denver,86.0
2026-07-10T19:21:27+00:00,KLAX,Los Angeles,73.4
2026-07-10T19:21:27+00:00,KPHL,Philadelphia,86.0
2026-07-10T19:21:27+00:00,KAUS,Austin,93.2
2026-07-10T19:21:27+00:00,KMDW,Chicago,80.6
2026-07-10T20:46:34+00:00,KNYC,New York City,82.0
2026-07-10T20:46:34+00:00,KMIA,Miami,91.4
2026-07-10T20:46:34+00:00,KDEN,Denver,88.0
2026-07-10T20:46:34+00:00,KLAX,Los Angeles,73.4
2026-07-10T20:46:34+00:00,KPHL,Philadelphia,86.0
2026-07-10T20:46:34+00:00,KAUS,Austin,93.2
2026-07-10T20:46:34+00:00,KMDW,Chicago,80.6
2026-07-10T21:46:21+00:00,KNYC,New York City,82.0
2026-07-10T21:46:21+00:00,KMIA,Miami,91.4
2026-07-10T21:46:21+00:00,KDEN,Denver,88.0
2026-07-10T21:46:21+00:00,KLAX,Los Angeles,71.6
2026-07-10T21:46:21+00:00,KPHL,Philadelphia,86.0
2026-07-10T21:46:21+00:00,KAUS,Austin,93.2
2026-07-10T21:46:21+00:00,KMDW,Chicago,78.8
2026-07-10T22:45:32+00:00,KNYC,New York City,82.0
2026-07-10T22:45:32+00:00,KMIA,Miami,89.6
2026-07-10T22:45:32+00:00,KDEN,Denver,88.0
2026-07-10T22:45:32+00:00,KLAX,Los Angeles,73.4
2026-07-10T22:45:32+00:00,KPHL,Philadelphia,86.0
2026-07-10T22:45:32+00:00,KAUS,Austin,91.4
2026-07-10T22:45:32+00:00,KMDW,Chicago,78.8
2026-07-10T23:43:48+00:00,KNYC,New York City,82.0
2026-07-10T23:43:48+00:00,KMIA,Miami,87.8
2026-07-10T23:43:48+00:00,KDEN,Denver,84.9
2026-07-10T23:43:48+00:00,KLAX,Los Angeles,73.4
2026-07-10T23:43:48+00:00,KPHL,Philadelphia,84.2
2026-07-10T23:43:48+00:00,KAUS,Austin,82.4
2026-07-10T23:43:48+00:00,KMDW,Chicago,77.0
2026-07-11T01:07:32+00:00,KNYC,New York City,81.0
2026-07-11T01:07:32+00:00,KMIA,Miami,87.8
2026-07-11T01:07:32+00:00,KDEN,Denver,64.9
2026-07-11T01:07:32+00:00,KLAX,Los Angeles,71.6
2026-07-11T01:07:32+00:00,KPHL,Philadelphia,84.2
2026-07-11T01:07:32+00:00,KAUS,Austin,77.0
2026-07-11T01:07:32+00:00,KMDW,Chicago,75.2
2026-07-11T04:24:42+00:00,KNYC,New York City,79.0
2026-07-11T04:24:42+00:00,KMIA,Miami,73.4
2026-07-11T04:24:42+00:00,KDEN,Denver,68.0
2026-07-11T04:24:42+00:00,KLAX,Los Angeles,66.2
2026-07-11T04:24:42+00:00,KPHL,Philadelphia,78.8
2026-07-11T04:24:42+00:00,KAUS,Austin,77.0
2026-07-11T04:24:42+00:00,KMDW,Chicago,73.4
2026-07-11T06:31:08+00:00,KNYC,New York City,77.0
2026-07-11T06:31:08+00:00,KMIA,Miami,73.4
2026-07-11T06:31:08+00:00,KDEN,Denver,68.0
2026-07-11T06:31:08+00:00,KLAX,Los Angeles,66.2
2026-07-11T06:31:08+00:00,KPHL,Philadelphia,77.0
2026-07-11T06:31:08+00:00,KAUS,Austin,75.2
2026-07-11T06:31:08+00:00,KMDW,Chicago,71.6
2026-07-11T08:25:25+00:00,KNYC,New York City,75.0
2026-07-11T08:25:25+00:00,KMIA,Miami,73.4
2026-07-11T08:25:25+00:00,KDEN,Denver,61.0
2026-07-11T08:25:25+00:00,KLAX,Los Angeles,66.2
2026-07-11T08:25:25+00:00,KPHL,Philadelphia,75.2
2026-07-11T08:25:25+00:00,KAUS,Austin,75.2
2026-07-11T08:25:25+00:00,KMDW,Chicago,71.6
2026-07-11T09:54:07+00:00,KNYC,New York City,77.0
2026-07-11T09:54:07+00:00,KMIA,Miami,75.2
2026-07-11T09:54:07+00:00,KDEN,Denver,61.0
2026-07-11T09:54:07+00:00,KLAX,Los Angeles,66.2
2026-07-11T09:54:07+00:00,KPHL,Philadelphia,73.4
2026-07-11T09:54:07+00:00,KAUS,Austin,75.2
2026-07-11T09:54:07+00:00,KMDW,Chicago,69.8
2026-07-11T10:49:34+00:00,KNYC,New York City,75.0
2026-07-11T10:49:34+00:00,KMIA,Miami,77.0
2026-07-11T10:49:34+00:00,KDEN,Denver,59.0
2026-07-11T10:49:34+00:00,KLAX,Los Angeles,66.2
2026-07-11T10:49:34+00:00,KPHL,Philadelphia,73.4
2026-07-11T10:49:34+00:00,KAUS,Austin,75.2
2026-07-11T10:49:34+00:00,KMDW,Chicago,69.8
2026-07-11T11:40:23+00:00,KNYC,New York City,73.9
2026-07-11T11:40:23+00:00,KMIA,Miami,78.8
2026-07-11T11:40:23+00:00,KDEN,Denver,59.0
2026-07-11T11:40:23+00:00,KLAX,Los Angeles,66.2
2026-07-11T11:40:23+00:00,KPHL,Philadelphia,75.2
2026-07-11T11:40:23+00:00,KAUS,Austin,75.2
2026-07-11T11:40:23+00:00,KMDW,Chicago,71.6
2026-07-11T12:37:35+00:00,KNYC,New York City,75.0
2026-07-11T12:37:35+00:00,KMIA,Miami,80.6
2026-07-11T12:37:35+00:00,KDEN,Denver,57.9
2026-07-11T12:37:35+00:00,KLAX,Los Angeles,66.2
2026-07-11T12:37:35+00:00,KPHL,Philadelphia,77.0
2026-07-11T12:37:35+00:00,KAUS,Austin,75.2
2026-07-11T12:37:35+00:00,KMDW,Chicago,73.4
2026-07-11T14:07:24+00:00,KNYC,New York City,75.0
2026-07-11T14:07:24+00:00,KMIA,Miami,84.2
2026-07-11T14:07:24+00:00,KDEN,Denver,64.9
2026-07-11T14:07:24+00:00,KLAX,Los Angeles,68.0
2026-07-11T14:07:24+00:00,KPHL,Philadelphia,82.4
2026-07-11T14:07:24+00:00,KAUS,Austin,80.6
2026-07-11T14:07:24+00:00,KMDW,Chicago,77.0
2026-07-11T15:11:46+00:00,KNYC,New York City,73.9
2026-07-11T15:11:46+00:00,KMIA,Miami,86.0
2026-07-11T15:11:46+00:00,KDEN,Denver,69.1
2026-07-11T15:11:46+00:00,KLAX,Los Angeles,69.8
2026-07-11T15:11:46+00:00,KPHL,Philadelphia,84.2
2026-07-11T15:11:46+00:00,KAUS,Austin,82.4
2026-07-11T15:11:46+00:00,KMDW,Chicago,78.8
2026-07-11T16:08:03+00:00,KNYC,New York City,71.1
2026-07-11T16:08:03+00:00,KMIA,Miami,87.8
2026-07-11T16:08:03+00:00,KDEN,Denver,73.0
2026-07-11T16:08:03+00:00,KLAX,Los Angeles,69.8
2026-07-11T16:08:03+00:00,KPHL,Philadelphia,87.8
2026-07-11T16:08:03+00:00,KAUS,Austin,86.0
2026-07-11T16:08:03+00:00,KMDW,Chicago,80.6
2026-07-11T17:12:17+00:00,KNYC,New York City,73.0
2026-07-11T17:12:17+00:00,KMIA,Miami,87.8
2026-07-11T17:12:17+00:00,KDEN,Denver,77.0
2026-07-11T17:12:17+00:00,KLAX,Los Angeles,71.6
2026-07-11T17:12:17+00:00,KPHL,Philadelphia,87.8
2026-07-11T17:12:17+00:00,KAUS,Austin,89.6
2026-07-11T17:12:17+00:00,KMDW,Chicago,82.4
2026-07-11T18:05:17+00:00,KNYC,New York City,75.9
2026-07-11T18:05:17+00:00,KMIA,Miami,89.6
2026-07-11T18:05:17+00:00,KDEN,Denver,81.0
2026-07-11T18:05:17+00:00,KLAX,Los Angeles,73.4
2026-07-11T18:05:17+00:00,KPHL,Philadelphia,87.8
2026-07-11T18:05:17+00:00,KAUS,Austin,
2026-07-11T18:05:17+00:00,KMDW,Chicago,82.4
2026-07-11T19:22:41+00:00,KNYC,New York City,79.0
2026-07-11T19:22:41+00:00,KMIA,Miami,89.6
2026-07-11T19:22:41+00:00,KDEN,Denver,84.2
2026-07-11T19:22:41+00:00,KLAX,Los Angeles,75.2
2026-07-11T19:22:41+00:00,KPHL,Philadelphia,78.8
2026-07-11T19:22:41+00:00,KAUS,Austin,75.2
2026-07-11T19:22:41+00:00,KMDW,Chicago,78.8
2026-07-11T20:13:26+00:00,KNYC,New York City,79.0
2026-07-11T20:13:26+00:00,KMIA,Miami,89.6
2026-07-11T20:13:26+00:00,KDEN,Denver,88.0
2026-07-11T20:13:26+00:00,KLAX,Los Angeles,75.2
2026-07-11T20:13:26+00:00,KPHL,Philadelphia,75.2
2026-07-11T20:13:26+00:00,KAUS,Austin,77.0
2026-07-11T20:13:26+00:00,KMDW,Chicago,78.8
2026-07-11T21:04:26+00:00,KNYC,New York City,81.0
2026-07-11T21:04:26+00:00,KMIA,Miami,87.8
2026-07-11T21:04:26+00:00,KDEN,Denver,91.9
2026-07-11T21:04:26+00:00,KLAX,Los Angeles,75.2
2026-07-11T21:04:26+00:00,KPHL,Philadelphia,75.2
2026-07-11T21:04:26+00:00,KAUS,Austin,78.8
2026-07-11T21:04:26+00:00,KMDW,Chicago,80.6
2026-07-11T22:03:28+00:00,KNYC,New York City,79.0
2026-07-11T22:03:28+00:00,KMIA,Miami,87.8
2026-07-11T22:03:28+00:00,KDEN,Denver,93.0
2026-07-11T22:03:28+00:00,KLAX,Los Angeles,73.4
2026-07-11T22:03:28+00:00,KPHL,Philadelphia,78.8
2026-07-11T22:03:28+00:00,KAUS,Austin,80.6
2026-07-11T22:03:28+00:00,KMDW,Chicago,78.8
2026-07-11T23:06:23+00:00,KNYC,New York City,78.1
2026-07-11T23:06:23+00:00,KMIA,Miami,87.8
2026-07-11T23:06:23+00:00,KDEN,Denver,93.0
2026-07-11T23:06:23+00:00,KLAX,Los Angeles,73.4
2026-07-11T23:06:23+00:00,KPHL,Philadelphia,78.8
2026-07-11T23:06:23+00:00,KAUS,Austin,82.4
2026-07-11T23:06:23+00:00,KMDW,Chicago,78.8
2026-07-12T00:07:03+00:00,KNYC,New York City,79.0
2026-07-12T00:07:03+00:00,KMIA,Miami,86.0
2026-07-12T00:07:03+00:00,KDEN,Denver,93.0
2026-07-12T00:07:03+00:00,KLAX,Los Angeles,71.6
2026-07-12T00:07:03+00:00,KPHL,Philadelphia,78.8
2026-07-12T00:07:03+00:00,KAUS,Austin,84.2
2026-07-12T00:07:03+00:00,KMDW,Chicago,80.6
2026-07-12T03:51:28+00:00,KNYC,New York City,73.0
2026-07-12T03:51:28+00:00,KMIA,Miami,84.2
2026-07-12T03:51:28+00:00,KDEN,Denver,80.1
2026-07-12T03:51:28+00:00,KLAX,Los Angeles,68.0
2026-07-12T03:51:28+00:00,KPHL,Philadelphia,73.4
2026-07-12T03:51:28+00:00,KAUS,Austin,77.0
2026-07-12T03:51:28+00:00,KMDW,Chicago,73.4
2026-07-12T06:23:29+00:00,KNYC,New York City,71.1
2026-07-12T06:23:29+00:00,KMIA,Miami,84.2
2026-07-12T06:23:29+00:00,KDEN,Denver,75.0
2026-07-12T06:23:29+00:00,KLAX,Los Angeles,68.0
2026-07-12T06:23:29+00:00,KPHL,Philadelphia,71.6
2026-07-12T06:23:29+00:00,KAUS,Austin,77.0
2026-07-12T06:23:29+00:00,KMDW,Chicago,73.4
2026-07-12T08:34:42+00:00,KNYC,New York City,72.0
2026-07-12T08:34:42+00:00,KMIA,Miami,84.2
2026-07-12T08:34:42+00:00,KDEN,Denver,71.1
2026-07-12T08:34:42+00:00,KLAX,Los Angeles,68.0
2026-07-12T08:34:42+00:00,KPHL,Philadelphia,71.6
2026-07-12T08:34:42+00:00,KAUS,Austin,77.0
2026-07-12T08:34:42+00:00,KMDW,Chicago,71.6
2026-07-12T10:11:48+00:00,KNYC,New York City,70.0
2026-07-12T10:11:48+00:00,KMIA,Miami,84.2
2026-07-12T10:11:48+00:00,KDEN,Denver,
2026-07-12T10:11:48+00:00,KLAX,Los Angeles,66.2
2026-07-12T10:11:48+00:00,KPHL,Philadelphia,73.4
2026-07-12T10:11:48+00:00,KAUS,Austin,75.2
2026-07-12T10:11:48+00:00,KMDW,Chicago,71.6
2026-07-12T11:25:22+00:00,KNYC,New York City,70.0
2026-07-12T11:25:22+00:00,KMIA,Miami,84.2
2026-07-12T11:25:22+00:00,KDEN,Denver,64.9
2026-07-12T11:25:22+00:00,KLAX,Los Angeles,66.2
2026-07-12T11:25:22+00:00,KPHL,Philadelphia,73.4
2026-07-12T11:25:22+00:00,KAUS,Austin,75.2
2026-07-12T11:25:22+00:00,KMDW,Chicago,69.8
2026-07-12T12:10:47+00:00,KNYC,New York City,70.0
2026-07-12T12:10:47+00:00,KMIA,Miami,84.2
2026-07-12T12:10:47+00:00,KDEN,Denver,64.9
2026-07-12T12:10:47+00:00,KLAX,Los Angeles,66.2
2026-07-12T12:10:47+00:00,KPHL,Philadelphia,75.2
2026-07-12T12:10:47+00:00,KAUS,Austin,75.2
2026-07-12T12:10:47+00:00,KMDW,Chicago,71.6
2026-07-12T13:52:24+00:00,KNYC,New York City,73.9
2026-07-12T13:52:24+00:00,KMIA,Miami,87.8
2026-07-12T13:52:24+00:00,KDEN,Denver,69.1
2026-07-12T13:52:24+00:00,KLAX,Los Angeles,68.0
2026-07-12T13:52:24+00:00,KPHL,Philadelphia,78.8
2026-07-12T13:52:24+00:00,KAUS,Austin,78.8
2026-07-12T13:52:24+00:00,KMDW,Chicago,78.8
2026-07-12T14:44:50+00:00,KNYC,New York City,75.9
2026-07-12T14:44:50+00:00,KMIA,Miami,87.8
2026-07-12T14:44:50+00:00,KDEN,Denver,75.0
2026-07-12T14:44:50+00:00,KLAX,Los Angeles,69.8
2026-07-12T14:44:50+00:00,KPHL,Philadelphia,80.6
2026-07-12T14:44:50+00:00,KAUS,Austin,80.6
2026-07-12T14:44:50+00:00,KMDW,Chicago,80.6
2026-07-12T15:41:18+00:00,KNYC,New York City,79.0
2026-07-12T15:41:18+00:00,KMIA,Miami,89.6
2026-07-12T15:41:18+00:00,KDEN,Denver,78.1
2026-07-12T15:41:18+00:00,KLAX,Los Angeles,69.8
2026-07-12T15:41:18+00:00,KPHL,Philadelphia,84.2
2026-07-12T15:41:18+00:00,KAUS,Austin,84.2
2026-07-12T15:41:18+00:00,KMDW,Chicago,80.6
2026-07-12T16:32:43+00:00,KNYC,New York City,82.0
2026-07-12T16:32:43+00:00,KMIA,Miami,89.6
2026-07-12T16:32:43+00:00,KDEN,Denver,82.0
2026-07-12T16:32:43+00:00,KLAX,Los Angeles,73.4
2026-07-12T16:32:43+00:00,KPHL,Philadelphia,84.2
2026-07-12T16:32:43+00:00,KAUS,Austin,86.0
2026-07-12T16:32:43+00:00,KMDW,Chicago,82.4
2026-07-12T17:39:36+00:00,KNYC,New York City,82.9
2026-07-12T17:39:36+00:00,KMIA,Miami,93.2
2026-07-12T17:39:36+00:00,KDEN,Denver,86.0
2026-07-12T17:39:36+00:00,KLAX,Los Angeles,75.2
2026-07-12T17:39:36+00:00,KPHL,Philadelphia,86.0
2026-07-12T17:39:36+00:00,KAUS,Austin,87.8
2026-07-12T17:39:36+00:00,KMDW,Chicago,84.2
2026-07-12T18:32:43+00:00,KNYC,New York City,82.9
2026-07-12T18:32:43+00:00,KMIA,Miami,93.2
2026-07-12T18:32:43+00:00,KDEN,Denver,91.9
2026-07-12T18:32:43+00:00,KLAX,Los Angeles,73.4
2026-07-12T18:32:43+00:00,KPHL,Philadelphia,87.8
2026-07-12T18:32:43+00:00,KAUS,Austin,89.6
2026-07-12T18:32:43+00:00,KMDW,Chicago,84.2
2026-07-12T19:46:58+00:00,KNYC,New York City,82.0
2026-07-12T19:46:58+00:00,KMIA,Miami,93.2
2026-07-12T19:46:58+00:00,KDEN,Denver,93.0
2026-07-12T19:46:58+00:00,KLAX,Los Angeles,71.6
2026-07-12T19:46:58+00:00,KPHL,Philadelphia,84.2
2026-07-12T19:46:58+00:00,KAUS,Austin,93.2
2026-07-12T19:46:58+00:00,KMDW,Chicago,84.2
2026-07-12T20:32:46+00:00,KNYC,New York City,81.0
2026-07-12T20:32:46+00:00,KMIA,Miami,93.2
2026-07-12T20:32:46+00:00,KDEN,Denver,93.9
2026-07-12T20:32:46+00:00,KLAX,Los Angeles,73.4
2026-07-12T20:32:46+00:00,KPHL,Philadelphia,86.0
2026-07-12T20:32:46+00:00,KAUS,Austin,93.2
2026-07-12T20:32:46+00:00,KMDW,Chicago,84.2
2026-07-12T21:29:38+00:00,KNYC,New York City,80.1
2026-07-12T21:29:38+00:00,KMIA,Miami,91.4
2026-07-12T21:29:38+00:00,KDEN,Denver,93.9
2026-07-12T21:29:38+00:00,KLAX,Los Angeles,69.8
2026-07-12T21:29:38+00:00,KPHL,Philadelphia,86.0
2026-07-12T21:29:38+00:00,KAUS,Austin,95.0
2026-07-12T21:29:38+00:00,KMDW,Chicago,84.2
2026-07-12T22:23:04+00:00,KNYC,New York City,79.0
2026-07-12T22:23:04+00:00,KMIA,Miami,91.4
2026-07-12T22:23:04+00:00,KDEN,Denver,93.9
2026-07-12T22:23:04+00:00,KLAX,Los Angeles,69.8
2026-07-12T22:23:04+00:00,KPHL,Philadelphia,82.4
2026-07-12T22:23:04+00:00,KAUS,Austin,93.2
2026-07-12T22:23:04+00:00,KMDW,Chicago,84.2
2026-07-12T23:12:53+00:00,KNYC,New York City,79.0
2026-07-12T23:12:53+00:00,KMIA,Miami,89.6
2026-07-12T23:12:53+00:00,KDEN,Denver,93.9
2026-07-12T23:12:53+00:00,KLAX,Los Angeles,71.6
2026-07-12T23:12:53+00:00,KPHL,Philadelphia,82.4
2026-07-12T23:12:53+00:00,KAUS,Austin,91.4
2026-07-12T23:12:53+00:00,KMDW,Chicago,84.2
2026-07-13T00:09:20+00:00,KNYC,New York City,77.0
2026-07-13T00:09:20+00:00,KMIA,Miami,87.8
2026-07-13T00:09:20+00:00,KDEN,Denver,93.0
2026-07-13T00:09:20+00:00,KLAX,Los Angeles,71.6
2026-07-13T00:09:20+00:00,KPHL,Philadelphia,80.6
2026-07-13T00:09:20+00:00,KAUS,Austin,91.4
2026-07-13T00:09:20+00:00,KMDW,Chicago,82.4
2026-07-13T03:54:09+00:00,KNYC,New York City,73.0
2026-07-13T03:54:09+00:00,KMIA,Miami,84.2
2026-07-13T03:54:09+00:00,KDEN,Denver,80.1
2026-07-13T03:54:09+00:00,KLAX,Los Angeles,68.0
2026-07-13T03:54:09+00:00,KPHL,Philadelphia,73.4
2026-07-13T03:54:09+00:00,KAUS,Austin,82.4
2026-07-13T03:54:09+00:00,KMDW,Chicago,78.8
2026-07-13T06:41:53+00:00,KNYC,New York City,72.0
2026-07-13T06:41:53+00:00,KMIA,Miami,84.2
2026-07-13T06:41:53+00:00,KDEN,Denver,73.9
2026-07-13T06:41:53+00:00,KLAX,Los Angeles,69.8
2026-07-13T06:41:53+00:00,KPHL,Philadelphia,71.6
2026-07-13T06:41:53+00:00,KAUS,Austin,78.8
2026-07-13T06:41:53+00:00,KMDW,Chicago,73.4
2026-07-13T09:57:15+00:00,KNYC,New York City,71.1
2026-07-13T09:57:15+00:00,KMIA,Miami,82.4
2026-07-13T09:57:15+00:00,KDEN,Denver,66.9
2026-07-13T09:57:15+00:00,KLAX,Los Angeles,66.2
2026-07-13T09:57:15+00:00,KPHL,Philadelphia,71.6
2026-07-13T09:57:15+00:00,KAUS,Austin,77.0
2026-07-13T09:57:15+00:00,KMDW,Chicago,69.8
2026-07-13T12:27:06+00:00,KNYC,New York City,73.0
2026-07-13T12:27:06+00:00,KMIA,Miami,84.2
2026-07-13T12:27:06+00:00,KDEN,Denver,64.9
2026-07-13T12:27:06+00:00,KLAX,Los Angeles,66.2
2026-07-13T12:27:06+00:00,KPHL,Philadelphia,73.4
2026-07-13T12:27:06+00:00,KAUS,Austin,78.8
2026-07-13T12:27:06+00:00,KMDW,Chicago,73.4
2026-07-13T15:18:51+00:00,KNYC,New York City,77.0
2026-07-13T15:18:51+00:00,KMIA,Miami,90.0
2026-07-13T15:18:51+00:00,KDEN,Denver,77.0
2026-07-13T15:18:51+00:00,KLAX,Los Angeles,68.0
2026-07-13T15:18:51+00:00,KPHL,Philadelphia,80.6
2026-07-13T15:18:51+00:00,KAUS,Austin,84.2
2026-07-13T15:18:51+00:00,KMDW,Chicago,80.6
2026-07-13T17:26:09+00:00,KNYC,New York City,82.0
2026-07-13T17:26:09+00:00,KMIA,Miami,91.4
2026-07-13T17:26:09+00:00,KDEN,Denver,89.1
2026-07-13T17:26:09+00:00,KLAX,Los Angeles,71.6
2026-07-13T17:26:09+00:00,KPHL,Philadelphia,82.4
2026-07-13T17:26:09+00:00,KAUS,Austin,84.2
2026-07-13T17:26:09+00:00,KMDW,Chicago,87.8
2026-07-13T18:53:23+00:00,KNYC,New York City,82.9
2026-07-13T18:53:23+00:00,KMIA,Miami,91.4
2026-07-13T18:53:23+00:00,KDEN,Denver,91.9
2026-07-13T18:53:23+00:00,KLAX,Los Angeles,73.4
2026-07-13T18:53:23+00:00,KPHL,Philadelphia,84.2
2026-07-13T18:53:23+00:00,KAUS,Austin,89.6
2026-07-13T18:53:23+00:00,KMDW,Chicago,89.6
2026-07-13T20:04:04+00:00,KNYC,New York City,82.0
2026-07-13T20:04:04+00:00,KMIA,Miami,91.4
2026-07-13T20:04:04+00:00,KDEN,Denver,93.0
2026-07-13T20:04:04+00:00,KLAX,Los Angeles,73.4
2026-07-13T20:04:04+00:00,KPHL,Philadelphia,86.0
2026-07-13T20:04:04+00:00,KAUS,Austin,91.4
2026-07-13T20:04:04+00:00,KMDW,Chicago,89.6
2026-07-13T21:10:30+00:00,KNYC,New York City,81.0
2026-07-13T21:10:30+00:00,KMIA,Miami,91.4
2026-07-13T21:10:30+00:00,KDEN,Denver,93.9
2026-07-13T21:10:30+00:00,KLAX,Los Angeles,73.4
2026-07-13T21:10:30+00:00,KPHL,Philadelphia,84.2
2026-07-13T21:10:30+00:00,KAUS,Austin,93.2
2026-07-13T21:10:30+00:00,KMDW,Chicago,91.4
2026-07-13T22:06:11+00:00,KNYC,New York City,81.0
2026-07-13T22:06:11+00:00,KMIA,Miami,91.4
2026-07-13T22:06:11+00:00,KDEN,Denver,97.0
2026-07-13T22:06:11+00:00,KLAX,Los Angeles,73.4
2026-07-13T22:06:11+00:00,KPHL,Philadelphia,84.2
2026-07-13T22:06:11+00:00,KAUS,Austin,87.8
2026-07-13T22:06:11+00:00,KMDW,Chicago,91.4
2026-07-13T23:09:04+00:00,KNYC,New York City,80.1
2026-07-13T23:09:04+00:00,KMIA,Miami,89.6
2026-07-13T23:09:04+00:00,KDEN,Denver,96.1
2026-07-13T23:09:04+00:00,KLAX,Los Angeles,73.4
2026-07-13T23:09:04+00:00,KPHL,Philadelphia,82.4
2026-07-13T23:09:04+00:00,KAUS,Austin,82.4
2026-07-13T23:09:04+00:00,KMDW,Chicago,91.4
2026-07-14T00:03:13+00:00,KNYC,New York City,79.0
2026-07-14T00:03:13+00:00,KMIA,Miami,87.8
2026-07-14T00:03:13+00:00,KDEN,Denver,95.0
2026-07-14T00:03:13+00:00,KLAX,Los Angeles,73.4
2026-07-14T00:03:13+00:00,KPHL,Philadelphia,82.4
2026-07-14T00:03:13+00:00,KAUS,Austin,80.6
2026-07-14T00:03:13+00:00,KMDW,Chicago,89.6
2026-07-14T03:28:33+00:00,KNYC,New York City,75.9
2026-07-14T03:28:33+00:00,KMIA,Miami,82.4
2026-07-14T03:28:33+00:00,KDEN,Denver,82.0
2026-07-14T03:28:33+00:00,KLAX,Los Angeles,68.0
2026-07-14T03:28:33+00:00,KPHL,Philadelphia,75.2
2026-07-14T03:28:33+00:00,KAUS,Austin,77.0
2026-07-14T03:28:33+00:00,KMDW,Chicago,84.2
2026-07-14T05:50:34+00:00,KNYC,New York City,73.9
2026-07-14T05:50:34+00:00,KMIA,Miami,80.6
2026-07-14T05:50:34+00:00,KDEN,Denver,77.0
2026-07-14T05:50:34+00:00,KLAX,Los Angeles,68.0
2026-07-14T05:50:34+00:00,KPHL,Philadelphia,73.4
2026-07-14T05:50:34+00:00,KAUS,Austin,77.0
2026-07-14T05:50:34+00:00,KMDW,Chicago,80.6
2026-07-14T07:31:00+00:00,KNYC,New York City,73.0
2026-07-14T07:31:00+00:00,KMIA,Miami,80.6
2026-07-14T07:31:00+00:00,KDEN,Denver,72.0
2026-07-14T07:31:00+00:00,KLAX,Los Angeles,68.0
2026-07-14T07:31:00+00:00,KPHL,Philadelphia,71.6
2026-07-14T07:31:00+00:00,KAUS,Austin,77.0
2026-07-14T07:31:00+00:00,KMDW,Chicago,77.0
2026-07-14T09:28:21+00:00,KNYC,New York City,72.0
2026-07-14T09:28:21+00:00,KMIA,Miami,82.4
2026-07-14T09:28:21+00:00,KDEN,Denver,66.9
2026-07-14T09:28:21+00:00,KLAX,Los Angeles,68.0
2026-07-14T09:28:21+00:00,KPHL,Philadelphia,71.6
2026-07-14T09:28:21+00:00,KAUS,Austin,77.0
2026-07-14T09:28:21+00:00,KMDW,Chicago,75.2
2026-07-14T11:04:49+00:00,KNYC,New York City,72.0
2026-07-14T11:04:49+00:00,KMIA,Miami,80.6
2026-07-14T11:04:49+00:00,KDEN,Denver,66.0
2026-07-14T11:04:49+00:00,KLAX,Los Angeles,66.2
2026-07-14T11:04:49+00:00,KPHL,Philadelphia,71.6
2026-07-14T11:04:49+00:00,KAUS,Austin,77.0
2026-07-14T11:04:49+00:00,KMDW,Chicago,73.4
2026-07-14T12:21:24+00:00,KNYC,New York City,73.0
2026-07-14T12:21:24+00:00,KMIA,Miami,84.2
2026-07-14T12:21:24+00:00,KDEN,Denver,64.9
2026-07-14T12:21:24+00:00,KLAX,Los Angeles,66.2
2026-07-14T12:21:24+00:00,KPHL,Philadelphia,75.2
2026-07-14T12:21:24+00:00,KAUS,Austin,71.6
2026-07-14T12:21:24+00:00,KMDW,Chicago,75.2
2026-07-14T14:19:46+00:00,KNYC,New York City,75.0
2026-07-14T14:19:46+00:00,KMIA,Miami,87.8
2026-07-14T14:19:46+00:00,KDEN,Denver,72.0
2026-07-14T14:19:46+00:00,KLAX,Los Angeles,66.2
2026-07-14T14:19:46+00:00,KPHL,Philadelphia,80.6
2026-07-14T14:19:46+00:00,KAUS,Austin,75.0
2026-07-14T14:19:46+00:00,KMDW,Chicago,82.4
2026-07-14T15:52:57+00:00,KNYC,New York City,82.0
2026-07-14T15:52:57+00:00,KMIA,Miami,91.4
2026-07-14T15:52:57+00:00,KDEN,Denver,73.9
2026-07-14T15:52:57+00:00,KLAX,Los Angeles,69.8
2026-07-14T15:52:57+00:00,KPHL,Philadelphia,86.0
2026-07-14T15:52:57+00:00,KAUS,Austin,75.2
2026-07-14T15:52:57+00:00,KMDW,Chicago,87.8
2026-07-14T16:58:18+00:00,KNYC,New York City,84.9
2026-07-14T16:58:18+00:00,KMIA,Miami,91.4
2026-07-14T16:58:18+00:00,KDEN,Denver,78.1
2026-07-14T16:58:18+00:00,KLAX,Los Angeles,71.6
2026-07-14T16:58:18+00:00,KPHL,Philadelphia,87.8
2026-07-14T16:58:18+00:00,KAUS,Austin,78.8
2026-07-14T16:58:18+00:00,KMDW,Chicago,89.6
2026-07-14T17:58:49+00:00,KNYC,New York City,86.0
2026-07-14T17:58:49+00:00,KMIA,Miami,91.4
2026-07-14T17:58:49+00:00,KDEN,Denver,82.9
2026-07-14T17:58:49+00:00,KLAX,Los Angeles,73.4
2026-07-14T17:58:49+00:00,KPHL,Philadelphia,89.6
2026-07-14T17:58:49+00:00,KAUS,Austin,78.8
2026-07-14T17:58:49+00:00,KMDW,Chicago,91.4
2026-07-14T19:14:36+00:00,KNYC,New York City,89.1
2026-07-14T19:14:36+00:00,KMIA,Miami,93.2
2026-07-14T19:14:36+00:00,KDEN,Denver,90.0
2026-07-14T19:14:36+00:00,KLAX,Los Angeles,73.4
2026-07-14T19:14:36+00:00,KPHL,Philadelphia,91.4
2026-07-14T19:14:36+00:00,KAUS,Austin,78.8
2026-07-14T19:14:36+00:00,KMDW,Chicago,93.2
2026-07-14T20:31:48+00:00,KNYC,New York City,89.1
2026-07-14T20:31:48+00:00,KMIA,Miami,93.2
2026-07-14T20:31:48+00:00,KDEN,Denver,91.9
2026-07-14T20:31:48+00:00,KLAX,Los Angeles,73.4
2026-07-14T20:31:48+00:00,KPHL,Philadelphia,91.4
2026-07-14T20:31:48+00:00,KAUS,Austin,80.6
2026-07-14T20:31:48+00:00,KMDW,Chicago,95.0
2026-07-14T21:34:28+00:00,KNYC,New York City,88.0
2026-07-14T21:34:28+00:00,KMIA,Miami,91.4
2026-07-14T21:34:28+00:00,KDEN,Denver,93.9
2026-07-14T21:34:28+00:00,KLAX,Los Angeles,75.2
2026-07-14T21:34:28+00:00,KPHL,Philadelphia,91.4
2026-07-14T21:34:28+00:00,KAUS,Austin,78.8
2026-07-14T21:34:28+00:00,KMDW,Chicago,95.0
2026-07-14T22:36:27+00:00,KNYC,New York City,88.0
2026-07-14T22:36:27+00:00,KMIA,Miami,89.6
2026-07-14T22:36:27+00:00,KDEN,Denver,95.0
2026-07-14T22:36:27+00:00,KLAX,Los Angeles,75.2
2026-07-14T22:36:27+00:00,KPHL,Philadelphia,89.6
2026-07-14T22:36:27+00:00,KAUS,Austin,78.8
2026-07-14T22:36:27+00:00,KMDW,Chicago,93.2
2026-07-14T23:30:08+00:00,KNYC,New York City,89.1
2026-07-14T23:30:08+00:00,KMIA,Miami,87.8
2026-07-14T23:30:08+00:00,KDEN,Denver,93.0
2026-07-14T23:30:08+00:00,KLAX,Los Angeles,75.2
2026-07-14T23:30:08+00:00,KPHL,Philadelphia,89.6
2026-07-14T23:30:08+00:00,KAUS,Austin,78.8
2026-07-14T23:30:08+00:00,KMDW,Chicago,93.2
2026-07-15T00:57:27+00:00,KNYC,New York City,88.0
2026-07-15T00:57:27+00:00,KMIA,Miami,86.0
2026-07-15T00:57:27+00:00,KDEN,Denver,91.0
2026-07-15T00:57:27+00:00,KLAX,Los Angeles,75.2
2026-07-15T00:57:27+00:00,KPHL,Philadelphia,86.0
2026-07-15T00:57:27+00:00,KAUS,Austin,77.0
2026-07-15T00:57:27+00:00,KMDW,Chicago,89.6
2026-07-15T03:53:47+00:00,KNYC,New York City,84.0
2026-07-15T03:53:47+00:00,KMIA,Miami,84.2
2026-07-15T03:53:47+00:00,KDEN,Denver,80.1
2026-07-15T03:53:47+00:00,KLAX,Los Angeles,71.6
2026-07-15T03:53:47+00:00,KPHL,Philadelphia,80.6
2026-07-15T03:53:47+00:00,KAUS,Austin,75.2
2026-07-15T03:53:47+00:00,KMDW,Chicago,84.2
2026-07-15T06:03:54+00:00,KNYC,New York City,82.0
2026-07-15T06:03:54+00:00,KMIA,Miami,84.2
2026-07-15T06:03:54+00:00,KDEN,Denver,75.0
2026-07-15T06:03:54+00:00,KLAX,Los Angeles,69.8
2026-07-15T06:03:54+00:00,KPHL,Philadelphia,80.6
2026-07-15T06:03:54+00:00,KAUS,Austin,75.2
2026-07-15T06:03:54+00:00,KMDW,Chicago,82.4
2026-07-15T08:32:57+00:00,KNYC,New York City,80.1
2026-07-15T08:32:57+00:00,KMIA,Miami,82.4
2026-07-15T08:32:57+00:00,KDEN,Denver,69.1
2026-07-15T08:32:57+00:00,KLAX,Los Angeles,69.8
2026-07-15T08:32:57+00:00,KPHL,Philadelphia,78.8
2026-07-15T08:32:57+00:00,KAUS,Austin,75.2
2026-07-15T08:32:57+00:00,KMDW,Chicago,78.8
2026-07-15T10:26:37+00:00,KNYC,New York City,78.1
2026-07-15T10:26:37+00:00,KMIA,Miami,80.6
2026-07-15T10:26:37+00:00,KDEN,Denver,68.0
2026-07-15T10:26:37+00:00,KLAX,Los Angeles,68.0
2026-07-15T10:26:37+00:00,KPHL,Philadelphia,78.8
2026-07-15T10:26:37+00:00,KAUS,Austin,75.2
2026-07-15T10:26:37+00:00,KMDW,Chicago,78.8
2026-07-15T11:55:28+00:00,KNYC,New York City,78.1
2026-07-15T11:55:28+00:00,KMIA,Miami,80.6
2026-07-15T11:55:28+00:00,KDEN,Denver,64.9
2026-07-15T11:55:28+00:00,KLAX,Los Angeles,68.0
2026-07-15T11:55:28+00:00,KPHL,Philadelphia,80.6
2026-07-15T11:55:28+00:00,KAUS,Austin,75.2
2026-07-15T11:55:28+00:00,KMDW,Chicago,78.8
2026-07-15T13:03:38+00:00,KNYC,New York City,80.1
2026-07-15T13:03:38+00:00,KMIA,Miami,82.4
2026-07-15T13:03:38+00:00,KDEN,Denver,63.0
2026-07-15T13:03:38+00:00,KLAX,Los Angeles,68.0
2026-07-15T13:03:38+00:00,KPHL,Philadelphia,82.4
2026-07-15T13:03:38+00:00,KAUS,Austin,75.2
2026-07-15T13:03:38+00:00,KMDW,Chicago,80.6
2026-07-15T15:00:06+00:00,KNYC,New York City,84.9
2026-07-15T15:00:06+00:00,KMIA,Miami,87.8
2026-07-15T15:00:06+00:00,KDEN,Denver,73.0
2026-07-15T15:00:06+00:00,KLAX,Los Angeles,71.6
2026-07-15T15:00:06+00:00,KPHL,Philadelphia,89.6
2026-07-15T15:00:06+00:00,KAUS,Austin,75.2
2026-07-15T15:00:06+00:00,KMDW,Chicago,87.8
2026-07-15T16:42:13+00:00,KNYC,New York City,93.0
2026-07-15T16:42:13+00:00,KMIA,Miami,91.4
2026-07-15T16:42:13+00:00,KDEN,Denver,75.9
2026-07-15T16:42:13+00:00,KLAX,Los Angeles,78.8
2026-07-15T16:42:13+00:00,KPHL,Philadelphia,93.2
2026-07-15T16:42:13+00:00,KAUS,Austin,75.2
2026-07-15T16:42:13+00:00,KMDW,Chicago,89.6
2026-07-15T17:51:57+00:00,KNYC,New York City,95.0
2026-07-15T17:51:57+00:00,KMIA,Miami,91.4
2026-07-15T17:51:57+00:00,KDEN,Denver,82.0
2026-07-15T17:51:57+00:00,KLAX,Los Angeles,77.0
2026-07-15T17:51:57+00:00,KPHL,Philadelphia,96.8
2026-07-15T17:51:57+00:00,KAUS,Austin,71.6
2026-07-15T17:51:57+00:00,KMDW,Chicago,91.4
2026-07-15T18:49:24+00:00,KNYC,New York City,93.9
2026-07-15T18:49:24+00:00,KMIA,Miami,91.4
2026-07-15T18:49:24+00:00,KDEN,Denver,88.0
2026-07-15T18:49:24+00:00,KLAX,Los Angeles,78.8
2026-07-15T18:49:24+00:00,KPHL,Philadelphia,96.8
2026-07-15T18:49:24+00:00,KAUS,Austin,73.4
2026-07-15T18:49:24+00:00,KMDW,Chicago,91.4
2026-07-15T19:58:37+00:00,KNYC,New York City,93.9
2026-07-15T19:58:37+00:00,KMIA,Miami,93.2
2026-07-15T19:58:37+00:00,KDEN,Denver,87.1
2026-07-15T19:58:37+00:00,KLAX,Los Angeles,80.6
2026-07-15T19:58:37+00:00,KPHL,Philadelphia,96.8
2026-07-15T19:58:37+00:00,KAUS,Austin,73.4
2026-07-15T19:58:37+00:00,KMDW,Chicago,93.2
2026-07-15T20:56:41+00:00,KNYC,New York City,93.9
2026-07-15T20:56:41+00:00,KMIA,Miami,93.2
2026-07-15T20:56:41+00:00,KDEN,Denver,90.0
2026-07-15T20:56:41+00:00,KLAX,Los Angeles,78.8
2026-07-15T20:56:41+00:00,KPHL,Philadelphia,96.8
2026-07-15T20:56:41+00:00,KAUS,Austin,75.2
2026-07-15T20:56:41+00:00,KMDW,Chicago,93.2
2026-07-15T21:49:19+00:00,KNYC,New York City,
2026-07-15T21:49:19+00:00,KMIA,Miami,89.6
2026-07-15T21:49:19+00:00,KDEN,Denver,91.9
2026-07-15T21:49:19+00:00,KLAX,Los Angeles,78.8
2026-07-15T21:49:19+00:00,KPHL,Philadelphia,96.8
2026-07-15T21:49:19+00:00,KAUS,Austin,78.8
2026-07-15T21:49:19+00:00,KMDW,Chicago,93.2
2026-07-15T22:44:12+00:00,KNYC,New York City,
2026-07-15T22:44:12+00:00,KMIA,Miami,87.8
2026-07-15T22:44:12+00:00,KDEN,Denver,91.9
2026-07-15T22:44:12+00:00,KLAX,Los Angeles,78.8
2026-07-15T22:44:12+00:00,KPHL,Philadelphia,95.0
2026-07-15T22:44:12+00:00,KAUS,Austin,78.8
2026-07-15T22:44:12+00:00,KMDW,Chicago,91.4
2026-07-15T23:40:35+00:00,KNYC,New York City,75.9
2026-07-15T23:40:35+00:00,KMIA,Miami,87.8
2026-07-15T23:40:35+00:00,KDEN,Denver,93.0
2026-07-15T23:40:35+00:00,KLAX,Los Angeles,78.8
2026-07-15T23:40:35+00:00,KPHL,Philadelphia,93.2
2026-07-15T23:40:35+00:00,KAUS,Austin,78.8
2026-07-15T23:40:35+00:00,KMDW,Chicago,91.4
2026-07-16T01:05:24+00:00,KNYC,New York City,81.0
2026-07-16T01:05:24+00:00,KMIA,Miami,86.0
2026-07-16T01:05:24+00:00,KDEN,Denver,91.9
2026-07-16T01:05:24+00:00,KLAX,Los Angeles,78.8
2026-07-16T01:05:24+00:00,KPHL,Philadelphia,87.8
2026-07-16T01:05:24+00:00,KAUS,Austin,80.6
2026-07-16T01:05:24+00:00,KMDW,Chicago,89.6
2026-07-16T04:22:12+00:00,KNYC,New York City,79.0
2026-07-16T04:22:12+00:00,KMIA,Miami,84.2
2026-07-16T04:22:12+00:00,KDEN,Denver,78.1
2026-07-16T04:22:12+00:00,KLAX,Los Angeles,71.6
2026-07-16T04:22:12+00:00,KPHL,Philadelphia,84.2
2026-07-16T04:22:12+00:00,KAUS,Austin,75.2
2026-07-16T04:22:12+00:00,KMDW,Chicago,84.2
2026-07-16T06:38:14+00:00,KNYC,New York City,77.0
2026-07-16T06:38:14+00:00,KMIA,Miami,80.6
2026-07-16T06:38:14+00:00,KDEN,Denver,75.0
2026-07-16T06:38:14+00:00,KLAX,Los Angeles,71.6
2026-07-16T06:38:14+00:00,KPHL,Philadelphia,82.4
2026-07-16T06:38:14+00:00,KAUS,Austin,75.2
2026-07-16T06:38:14+00:00,KMDW,Chicago,80.6
2026-07-16T08:59:05+00:00,KNYC,New York City,75.9
2026-07-16T08:59:05+00:00,KMIA,Miami,80.6
2026-07-16T08:59:05+00:00,KDEN,Denver,72.0
2026-07-16T08:59:05+00:00,KLAX,Los Angeles,71.6
2026-07-16T08:59:05+00:00,KPHL,Philadelphia,80.6
2026-07-16T08:59:05+00:00,KAUS,Austin,75.2
2026-07-16T08:59:05+00:00,KMDW,Chicago,80.6
2026-07-16T10:56:52+00:00,KNYC,New York City,75.0
2026-07-16T10:56:52+00:00,KMIA,Miami,82.4
2026-07-16T10:56:52+00:00,KDEN,Denver,69.1
2026-07-16T10:56:52+00:00,KLAX,Los Angeles,69.8
2026-07-16T10:56:52+00:00,KPHL,Philadelphia,78.8
2026-07-16T10:56:52+00:00,KAUS,Austin,75.2
2026-07-16T10:56:52+00:00,KMDW,Chicago,78.8
2026-07-16T12:14:48+00:00,KNYC,New York City,75.0
2026-07-16T12:14:48+00:00,KMIA,Miami,82.4
2026-07-16T12:14:48+00:00,KDEN,Denver,70.0
2026-07-16T12:14:48+00:00,KLAX,Los Angeles,69.8
2026-07-16T12:14:48+00:00,KPHL,Philadelphia,80.6
2026-07-16T12:14:48+00:00,KAUS,Austin,75.2
2026-07-16T12:14:48+00:00,KMDW,Chicago,78.8
2026-07-16T14:22:43+00:00,KNYC,New York City,78.1
2026-07-16T14:22:43+00:00,KMIA,Miami,87.8
2026-07-16T14:22:43+00:00,KDEN,Denver,72.0
2026-07-16T14:22:43+00:00,KLAX,Los Angeles,69.8
2026-07-16T14:22:43+00:00,KPHL,Philadelphia,82.4
2026-07-16T14:22:43+00:00,KAUS,Austin,78.8
2026-07-16T14:22:43+00:00,KMDW,Chicago,82.4
2026-07-16T15:51:32+00:00,KNYC,New York City,80.1
2026-07-16T15:51:32+00:00,KMIA,Miami,91.4
2026-07-16T15:51:32+00:00,KDEN,Denver,73.9
2026-07-16T15:51:32+00:00,KLAX,Los Angeles,75.2
2026-07-16T15:51:32+00:00,KPHL,Philadelphia,87.8
2026-07-16T15:51:32+00:00,KAUS,Austin,80.6
2026-07-16T15:51:32+00:00,KMDW,Chicago,84.2
2026-07-16T16:58:35+00:00,KNYC,New York City,80.1
2026-07-16T16:58:35+00:00,KMIA,Miami,93.2
2026-07-16T16:58:35+00:00,KDEN,Denver,78.1
2026-07-16T16:58:35+00:00,KLAX,Los Angeles,78.8
2026-07-16T16:58:35+00:00,KPHL,Philadelphia,89.6
2026-07-16T16:58:35+00:00,KAUS,Austin,80.6
2026-07-16T16:58:35+00:00,KMDW,Chicago,87.8
2026-07-16T18:03:11+00:00,KNYC,New York City,81.0
2026-07-16T18:03:11+00:00,KMIA,Miami,91.4
2026-07-16T18:03:11+00:00,KDEN,Denver,81.0
2026-07-16T18:03:11+00:00,KLAX,Los Angeles,80.6
2026-07-16T18:03:11+00:00,KPHL,Philadelphia,91.4
2026-07-16T18:03:11+00:00,KAUS,Austin,84.2
2026-07-16T18:03:11+00:00,KMDW,Chicago,89.6
2026-07-16T19:32:23+00:00,KNYC,New York City,82.0
2026-07-16T19:32:23+00:00,KMIA,Miami,95.0
2026-07-16T19:32:23+00:00,KDEN,Denver,86.0
2026-07-16T19:32:23+00:00,KLAX,Los Angeles,80.6
2026-07-16T19:32:23+00:00,KPHL,Philadelphia,93.2
2026-07-16T19:32:23+00:00,KAUS,Austin,87.8
2026-07-16T19:32:23+00:00,KMDW,Chicago,89.6
2026-07-16T20:31:58+00:00,KNYC,New York City,82.9
2026-07-16T20:31:58+00:00,KMIA,Miami,93.2
2026-07-16T20:31:58+00:00,KDEN,Denver,88.0
2026-07-16T20:31:58+00:00,KLAX,Los Angeles,78.8
2026-07-16T20:31:58+00:00,KPHL,Philadelphia,93.2
2026-07-16T20:31:58+00:00,KAUS,Austin,89.6
2026-07-16T20:31:58+00:00,KMDW,Chicago,89.6
2026-07-16T21:42:04+00:00,KNYC,New York City,84.9
2026-07-16T21:42:04+00:00,KMIA,Miami,89.6
2026-07-16T21:42:04+00:00,KDEN,Denver,91.9
2026-07-16T21:42:04+00:00,KLAX,Los Angeles,78.8
2026-07-16T21:42:04+00:00,KPHL,Philadelphia,93.2
2026-07-16T21:42:04+00:00,KAUS,Austin,80.6
2026-07-16T21:42:04+00:00,KMDW,Chicago,87.8
2026-07-16T22:36:16+00:00,KNYC,New York City,84.9
2026-07-16T22:36:16+00:00,KMIA,Miami,87.8
2026-07-16T22:36:16+00:00,KDEN,Denver,91.9
2026-07-16T22:36:16+00:00,KLAX,Los Angeles,78.8
2026-07-16T22:36:16+00:00,KPHL,Philadelphia,95.0
2026-07-16T22:36:16+00:00,KAUS,Austin,82.4
2026-07-16T22:36:16+00:00,KMDW,Chicago,87.8
2026-07-16T23:33:36+00:00,KNYC,New York City,84.0
2026-07-16T23:33:36+00:00,KMIA,Miami,87.8
2026-07-16T23:33:36+00:00,KDEN,Denver,91.0
2026-07-16T23:33:36+00:00,KLAX,Los Angeles,78.8
2026-07-16T23:33:36+00:00,KPHL,Philadelphia,95.0
2026-07-16T23:33:36+00:00,KAUS,Austin,75.2
2026-07-16T23:33:36+00:00,KMDW,Chicago,86.0
2026-07-17T01:08:30+00:00,KNYC,New York City,82.0
2026-07-17T01:08:30+00:00,KMIA,Miami,86.0
2026-07-17T01:08:30+00:00,KDEN,Denver,90.0
2026-07-17T01:08:30+00:00,KLAX,Los Angeles,75.2
2026-07-17T01:08:30+00:00,KPHL,Philadelphia,89.6
2026-07-17T01:08:30+00:00,KAUS,Austin,78.8
2026-07-17T01:08:30+00:00,KMDW,Chicago,84.2
2026-07-17T04:20:29+00:00,KNYC,New York City,79.0
2026-07-17T04:20:29+00:00,KMIA,Miami,84.2
2026-07-17T04:20:29+00:00,KDEN,Denver,75.0
2026-07-17T04:20:29+00:00,KLAX,Los Angeles,71.6
2026-07-17T04:20:29+00:00,KPHL,Philadelphia,82.4
2026-07-17T04:20:29+00:00,KAUS,Austin,77.0
2026-07-17T04:20:29+00:00,KMDW,Chicago,80.6
2026-07-17T06:32:42+00:00,KNYC,New York City,75.9
2026-07-17T06:32:42+00:00,KMIA,Miami,84.2
2026-07-17T06:32:42+00:00,KDEN,Denver,73.0
2026-07-17T06:32:42+00:00,KLAX,Los Angeles,71.6
2026-07-17T06:32:42+00:00,KPHL,Philadelphia,78.8
2026-07-17T06:32:42+00:00,KAUS,Austin,80.6
2026-07-17T06:32:42+00:00,KMDW,Chicago,78.8
2026-07-17T08:53:30+00:00,KNYC,New York City,73.0
2026-07-17T08:53:30+00:00,KMIA,Miami,82.4
2026-07-17T08:53:30+00:00,KDEN,Denver,72.0
2026-07-17T08:53:30+00:00,KLAX,Los Angeles,69.8
2026-07-17T08:53:30+00:00,KPHL,Philadelphia,77.0
2026-07-17T08:53:30+00:00,KAUS,Austin,78.8
2026-07-17T08:53:30+00:00,KMDW,Chicago,78.8
2026-07-17T10:27:47+00:00,KNYC,New York City,72.0
2026-07-17T10:27:47+00:00,KMIA,Miami,82.4
2026-07-17T10:27:47+00:00,KDEN,Denver,69.1
2026-07-17T10:27:47+00:00,KLAX,Los Angeles,69.8
2026-07-17T10:27:47+00:00,KPHL,Philadelphia,75.2
2026-07-17T10:27:47+00:00,KAUS,Austin,78.8
2026-07-17T10:27:47+00:00,KMDW,Chicago,78.8
2026-07-17T11:49:53+00:00,KNYC,New York City,72.0
2026-07-17T11:49:53+00:00,KMIA,Miami,82.4
2026-07-17T11:49:53+00:00,KDEN,Denver,68.0
2026-07-17T11:49:53+00:00,KLAX,Los Angeles,69.8
2026-07-17T11:49:53+00:00,KPHL,Philadelphia,75.2
2026-07-17T11:49:53+00:00,KAUS,Austin,78.8
2026-07-17T11:49:53+00:00,KMDW,Chicago,78.8
2026-07-17T12:53:59+00:00,KNYC,New York City,73.0
2026-07-17T12:53:59+00:00,KMIA,Miami,84.2
2026-07-17T12:53:59+00:00,KDEN,Denver,66.0
2026-07-17T12:53:59+00:00,KLAX,Los Angeles,69.8
2026-07-17T12:53:59+00:00,KPHL,Philadelphia,78.8
2026-07-17T12:53:59+00:00,KAUS,Austin,78.8
2026-07-17T12:53:59+00:00,KMDW,Chicago,80.6
2026-07-17T14:22:01+00:00,KNYC,New York City,75.9
2026-07-17T14:22:01+00:00,KMIA,Miami,87.8
2026-07-17T14:22:01+00:00,KDEN,Denver,69.1
2026-07-17T14:22:01+00:00,KLAX,Los Angeles,71.6
2026-07-17T14:22:01+00:00,KPHL,Philadelphia,80.6
2026-07-17T14:22:01+00:00,KAUS,Austin,82.4
2026-07-17T14:22:01+00:00,KMDW,Chicago,84.2
2026-07-17T15:50:47+00:00,KNYC,New York City,79.0
2026-07-17T15:50:47+00:00,KMIA,Miami,89.6
2026-07-17T15:50:47+00:00,KDEN,Denver,77.0
2026-07-17T15:50:47+00:00,KLAX,Los Angeles,73.4
2026-07-17T15:50:47+00:00,KPHL,Philadelphia,84.2
2026-07-17T15:50:47+00:00,KAUS,Austin,84.2
2026-07-17T15:50:47+00:00,KMDW,Chicago,84.2
2026-07-17T16:55:12+00:00,KNYC,New York City,84.0
2026-07-17T16:55:12+00:00,KMIA,Miami,91.4
2026-07-17T16:55:12+00:00,KDEN,Denver,80.1
2026-07-17T16:55:12+00:00,KLAX,Los Angeles,75.2
2026-07-17T16:55:12+00:00,KPHL,Philadelphia,84.2
2026-07-17T16:55:12+00:00,KAUS,Austin,87.8
2026-07-17T16:55:12+00:00,KMDW,Chicago,89.6
2026-07-17T17:53:52+00:00,KNYC,New York City,84.9
2026-07-17T17:53:52+00:00,KMIA,Miami,91.4
2026-07-17T17:53:52+00:00,KDEN,Denver,84.9
2026-07-17T17:53:52+00:00,KLAX,Los Angeles,78.8
2026-07-17T17:53:52+00:00,KPHL,Philadelphia,86.0
2026-07-17T17:53:52+00:00,KAUS,Austin,87.8
2026-07-17T17:53:52+00:00,KMDW,Chicago,89.6
2026-07-17T18:46:43+00:00,KNYC,New York City,84.9
2026-07-17T18:46:43+00:00,KMIA,Miami,89.6
2026-07-17T18:46:43+00:00,KDEN,Denver,87.1
2026-07-17T18:46:43+00:00,KLAX,Los Angeles,80.6
2026-07-17T18:46:43+00:00,KPHL,Philadelphia,87.8
2026-07-17T18:46:43+00:00,KAUS,Austin,89.6
2026-07-17T18:46:43+00:00,KMDW,Chicago,91.4
2026-07-17T19:54:26+00:00,KNYC,New York City,84.9
2026-07-17T19:54:26+00:00,KMIA,Miami,84.2
2026-07-17T19:54:26+00:00,KDEN,Denver,89.1
2026-07-17T19:54:26+00:00,KLAX,Los Angeles,82.4
2026-07-17T19:54:26+00:00,KPHL,Philadelphia,87.8
2026-07-17T19:54:26+00:00,KAUS,Austin,91.4
2026-07-17T19:54:26+00:00,KMDW,Chicago,91.4
2026-07-17T20:39:39+00:00,KNYC,New York City,84.9
2026-07-17T20:39:39+00:00,KMIA,Miami,
2026-07-17T20:39:39+00:00,KDEN,Denver,90.0
2026-07-17T20:39:39+00:00,KLAX,Los Angeles,84.2
2026-07-17T20:39:39+00:00,KPHL,Philadelphia,87.8
2026-07-17T20:39:39+00:00,KAUS,Austin,91.4
2026-07-17T20:39:39+00:00,KMDW,Chicago,84.2
2026-07-17T21:29:11+00:00,KNYC,New York City,86.0
2026-07-17T21:29:11+00:00,KMIA,Miami,78.8
2026-07-17T21:29:11+00:00,KDEN,Denver,90.0
2026-07-17T21:29:11+00:00,KLAX,Los Angeles,84.2
2026-07-17T21:29:11+00:00,KPHL,Philadelphia,87.8
2026-07-17T21:29:11+00:00,KAUS,Austin,91.4
2026-07-17T21:29:11+00:00,KMDW,Chicago,87.8
2026-07-17T22:13:57+00:00,KNYC,New York City,84.0
2026-07-17T22:13:57+00:00,KMIA,Miami,78.8
2026-07-17T22:13:57+00:00,KDEN,Denver,90.0
2026-07-17T22:13:57+00:00,KLAX,Los Angeles,80.6
2026-07-17T22:13:57+00:00,KPHL,Philadelphia,87.8
2026-07-17T22:13:57+00:00,KAUS,Austin,93.2
2026-07-17T22:13:57+00:00,KMDW,Chicago,87.8
2026-07-17T23:07:17+00:00,KNYC,New York City,84.0
2026-07-17T23:07:17+00:00,KMIA,Miami,80.6
2026-07-17T23:07:17+00:00,KDEN,Denver,90.0
2026-07-17T23:07:17+00:00,KLAX,Los Angeles,78.8
2026-07-17T23:07:17+00:00,KPHL,Philadelphia,86.0
2026-07-17T23:07:17+00:00,KAUS,Austin,93.2
2026-07-17T23:07:17+00:00,KMDW,Chicago,86.0
2026-07-18T00:05:26+00:00,KNYC,New York City,82.9
2026-07-18T00:05:26+00:00,KMIA,Miami,80.6
2026-07-18T00:05:26+00:00,KDEN,Denver,90.0
2026-07-18T00:05:26+00:00,KLAX,Los Angeles,77.0
2026-07-18T00:05:26+00:00,KPHL,Philadelphia,84.2
2026-07-18T00:05:26+00:00,KAUS,Austin,91.4
2026-07-18T00:05:26+00:00,KMDW,Chicago,86.0
2026-07-18T03:25:48+00:00,KNYC,New York City,75.9
2026-07-18T03:25:48+00:00,KMIA,Miami,80.6
2026-07-18T03:25:48+00:00,KDEN,Denver,81.0
2026-07-18T03:25:48+00:00,KLAX,Los Angeles,71.6
2026-07-18T03:25:48+00:00,KPHL,Philadelphia,78.8
2026-07-18T03:25:48+00:00,KAUS,Austin,82.4
2026-07-18T03:25:48+00:00,KMDW,Chicago,84.2
2026-07-18T05:39:43+00:00,KNYC,New York City,75.0
2026-07-18T05:39:43+00:00,KMIA,Miami,82.4
2026-07-18T05:39:43+00:00,KDEN,Denver,73.9
2026-07-18T05:39:43+00:00,KLAX,Los Angeles,71.6
2026-07-18T05:39:43+00:00,KPHL,Philadelphia,75.2
2026-07-18T05:39:43+00:00,KAUS,Austin,78.8
2026-07-18T05:39:43+00:00,KMDW,Chicago,82.4
2026-07-18T07:16:44+00:00,KNYC,New York City,73.9
2026-07-18T07:16:44+00:00,KMIA,Miami,82.4
2026-07-18T07:16:44+00:00,KDEN,Denver,66.0
2026-07-18T07:16:44+00:00,KLAX,Los Angeles,71.6
2026-07-18T07:16:44+00:00,KPHL,Philadelphia,73.4
2026-07-18T07:16:44+00:00,KAUS,Austin,78.8
2026-07-18T07:16:44+00:00,KMDW,Chicago,80.6
2026-07-18T09:05:28+00:00,KNYC,New York City,73.0
2026-07-18T09:05:28+00:00,KMIA,Miami,82.4
2026-07-18T09:05:28+00:00,KDEN,Denver,66.0
2026-07-18T09:05:28+00:00,KLAX,Los Angeles,71.6
2026-07-18T09:05:28+00:00,KPHL,Philadelphia,75.2
2026-07-18T09:05:28+00:00,KAUS,Austin,78.8
2026-07-18T09:05:28+00:00,KMDW,Chicago,80.6
2026-07-18T10:37:05+00:00,KNYC,New York City,72.0
2026-07-18T10:37:05+00:00,KMIA,Miami,82.4
2026-07-18T10:37:05+00:00,KDEN,Denver,64.9
2026-07-18T10:37:05+00:00,KLAX,Los Angeles,69.8
2026-07-18T10:37:05+00:00,KPHL,Philadelphia,73.4
2026-07-18T10:37:05+00:00,KAUS,Austin,78.8
2026-07-18T10:37:05+00:00,KMDW,Chicago,78.8
2026-07-18T11:33:32+00:00,KNYC,New York City,73.9
2026-07-18T11:33:32+00:00,KMIA,Miami,82.4
2026-07-18T11:33:32+00:00,KDEN,Denver,66.9
2026-07-18T11:33:32+00:00,KLAX,Los Angeles,69.8
2026-07-18T11:33:32+00:00,KPHL,Philadelphia,75.2
2026-07-18T11:33:32+00:00,KAUS,Austin,77.0
2026-07-18T11:33:32+00:00,KMDW,Chicago,78.8
2026-07-18T12:33:37+00:00,KNYC,New York City,75.0
2026-07-18T12:33:37+00:00,KMIA,Miami,78.8
2026-07-18T12:33:37+00:00,KDEN,Denver,66.0
2026-07-18T12:33:37+00:00,KLAX,Los Angeles,69.8
2026-07-18T12:33:37+00:00,KPHL,Philadelphia,75.2
2026-07-18T12:33:37+00:00,KAUS,Austin,78.8
2026-07-18T12:33:37+00:00,KMDW,Chicago,80.6
2026-07-18T14:04:59+00:00,KNYC,New York City,75.9
2026-07-18T14:04:59+00:00,KMIA,Miami,84.2
2026-07-18T14:04:59+00:00,KDEN,Denver,69.1
2026-07-18T14:04:59+00:00,KLAX,Los Angeles,69.8
2026-07-18T14:04:59+00:00,KPHL,Philadelphia,78.8
2026-07-18T14:04:59+00:00,KAUS,Austin,80.6
2026-07-18T14:04:59+00:00,KMDW,Chicago,82.4
2026-07-18T15:10:20+00:00,KNYC,New York City,
2026-07-18T15:10:20+00:00,KMIA,Miami,82.4
2026-07-18T15:10:20+00:00,KDEN,Denver,72.0
2026-07-18T15:10:20+00:00,KLAX,Los Angeles,71.6
2026-07-18T15:10:20+00:00,KPHL,Philadelphia,80.6
2026-07-18T15:10:20+00:00,KAUS,Austin,84.2
2026-07-18T15:10:20+00:00,KMDW,Chicago,86.0
2026-07-18T16:07:35+00:00,KNYC,New York City,71.1
2026-07-18T16:07:35+00:00,KMIA,Miami,87.8
2026-07-18T16:07:35+00:00,KDEN,Denver,75.0
2026-07-18T16:07:35+00:00,KLAX,Los Angeles,75.2
2026-07-18T16:07:35+00:00,KPHL,Philadelphia,82.4
2026-07-18T16:07:35+00:00,KAUS,Austin,86.0
2026-07-18T16:07:35+00:00,KMDW,Chicago,87.8
2026-07-18T17:10:13+00:00,KNYC,New York City,70.0
2026-07-18T17:10:13+00:00,KMIA,Miami,89.6
2026-07-18T17:10:13+00:00,KDEN,Denver,77.0
2026-07-18T17:10:13+00:00,KLAX,Los Angeles,75.2
2026-07-18T17:10:13+00:00,KPHL,Philadelphia,84.2
2026-07-18T17:10:13+00:00,KAUS,Austin,87.8
2026-07-18T17:10:13+00:00,KMDW,Chicago,87.8
2026-07-18T18:04:32+00:00,KNYC,New York City,70.0
2026-07-18T18:04:32+00:00,KMIA,Miami,86.0
2026-07-18T18:04:32+00:00,KDEN,Denver,84.0
2026-07-18T18:04:32+00:00,KLAX,Los Angeles,75.2
2026-07-18T18:04:32+00:00,KPHL,Philadelphia,86.0
2026-07-18T18:04:32+00:00,KAUS,Austin,89.6
2026-07-18T18:04:32+00:00,KMDW,Chicago,84.2
2026-07-18T19:20:40+00:00,KNYC,New York City,70.0
2026-07-18T19:20:40+00:00,KMIA,Miami,87.8
2026-07-18T19:20:40+00:00,KDEN,Denver,84.0
2026-07-18T19:20:40+00:00,KLAX,Los Angeles,77.0
2026-07-18T19:20:40+00:00,KPHL,Philadelphia,91.4
2026-07-18T19:20:40+00:00,KAUS,Austin,93.2
2026-07-18T19:20:40+00:00,KMDW,Chicago,87.8
2026-07-18T20:09:45+00:00,KNYC,New York City,73.0
2026-07-18T20:09:45+00:00,KMIA,Miami,89.6
2026-07-18T20:09:45+00:00,KDEN,Denver,89.1
2026-07-18T20:09:45+00:00,KLAX,Los Angeles,78.8
2026-07-18T20:09:45+00:00,KPHL,Philadelphia,91.4
2026-07-18T20:09:45+00:00,KAUS,Austin,93.2
2026-07-18T20:09:45+00:00,KMDW,Chicago,87.8
2026-07-18T21:02:00+00:00,KNYC,New York City,73.9
2026-07-18T21:02:00+00:00,KMIA,Miami,89.6
2026-07-18T21:02:00+00:00,KDEN,Denver,90.0
2026-07-18T21:02:00+00:00,KLAX,Los Angeles,77.0
2026-07-18T21:02:00+00:00,KPHL,Philadelphia,89.6
2026-07-18T21:02:00+00:00,KAUS,Austin,93.2
2026-07-18T21:02:00+00:00,KMDW,Chicago,89.6
2026-07-18T22:03:29+00:00,KNYC,New York City,73.9
2026-07-18T22:03:29+00:00,KMIA,Miami,87.8
2026-07-18T22:03:29+00:00,KDEN,Denver,90.0
2026-07-18T22:03:29+00:00,KLAX,Los Angeles,77.0
2026-07-18T22:03:29+00:00,KPHL,Philadelphia,82.4
2026-07-18T22:03:29+00:00,KAUS,Austin,93.2
2026-07-18T22:03:29+00:00,KMDW,Chicago,84.2
2026-07-18T23:05:38+00:00,KNYC,New York City,73.9
2026-07-18T23:05:38+00:00,KMIA,Miami,87.8
2026-07-18T23:05:38+00:00,KDEN,Denver,91.0
2026-07-18T23:05:38+00:00,KLAX,Los Angeles,75.2
2026-07-18T23:05:38+00:00,KPHL,Philadelphia,80.6
2026-07-18T23:05:38+00:00,KAUS,Austin,93.2
2026-07-18T23:05:38+00:00,KMDW,Chicago,82.4
2026-07-19T00:05:09+00:00,KNYC,New York City,73.9
2026-07-19T00:05:09+00:00,KMIA,Miami,86.0
2026-07-19T00:05:09+00:00,KDEN,Denver,93.0
2026-07-19T00:05:09+00:00,KLAX,Los Angeles,75.2
2026-07-19T00:05:09+00:00,KPHL,Philadelphia,80.6
2026-07-19T00:05:09+00:00,KAUS,Austin,91.4
2026-07-19T00:05:09+00:00,KMDW,Chicago,80.6
2026-07-19T03:47:17+00:00,KNYC,New York City,73.9
2026-07-19T03:47:17+00:00,KMIA,Miami,84.2
2026-07-19T03:47:17+00:00,KDEN,Denver,82.0
2026-07-19T03:47:17+00:00,KLAX,Los Angeles,69.8
2026-07-19T03:47:17+00:00,KPHL,Philadelphia,77.0
2026-07-19T03:47:17+00:00,KAUS,Austin,82.4
2026-07-19T03:47:17+00:00,KMDW,Chicago,75.2
2026-07-19T03:47:17+00:00,KSFO,San Francisco,57.2
2026-07-19T03:47:17+00:00,KPHX,Phoenix,93.2
2026-07-19T03:47:17+00:00,KDCA,Washington DC,78.8
2026-07-19T03:47:17+00:00,KATL,Atlanta,78.8
2026-07-19T03:47:17+00:00,KDFW,Dallas,87.8
2026-07-19T03:47:17+00:00,KSEA,Seattle,69.8
2026-07-19T03:47:17+00:00,KLAS,Las Vegas,100.4
2026-07-19T03:47:17+00:00,KOKC,Oklahoma City,78.8
2026-07-19T03:47:17+00:00,KBOS,Boston,71.6
2026-07-19T03:47:17+00:00,KMSP,Minneapolis,80.6
2026-07-19T03:47:17+00:00,KSAT,San Antonio,82.4
2026-07-19T03:47:17+00:00,KMSY,New Orleans,82.4
2026-07-19T03:47:17+00:00,KHOU,Houston,82.4
2026-07-19T06:19:48+00:00,KNYC,New York City,73.9
2026-07-19T06:19:48+00:00,KMIA,Miami,82.4
2026-07-19T06:19:48+00:00,KDEN,Denver,73.9
2026-07-19T06:19:48+00:00,KLAX,Los Angeles,69.8
2026-07-19T06:19:48+00:00,KPHL,Philadelphia,75.2
2026-07-19T06:19:48+00:00,KAUS,Austin,78.8
2026-07-19T06:19:48+00:00,KMDW,Chicago,71.6
2026-07-19T06:19:48+00:00,KSFO,San Francisco,57.2
2026-07-19T06:19:48+00:00,KPHX,Phoenix,91.4
2026-07-19T06:19:48+00:00,KDCA,Washington DC,78.8
2026-07-19T06:19:48+00:00,KATL,Atlanta,77.0
2026-07-19T06:19:48+00:00,KDFW,Dallas,84.2
2026-07-19T06:19:48+00:00,KSEA,Seattle,64.4
2026-07-19T06:19:48+00:00,KLAS,Las Vegas,96.8
2026-07-19T06:19:48+00:00,KOKC,Oklahoma City,77.0
2026-07-19T06:19:48+00:00,KBOS,Boston,71.6
2026-07-19T06:19:48+00:00,KMSP,Minneapolis,73.4
2026-07-19T06:19:48+00:00,KSAT,San Antonio,78.8
2026-07-19T06:19:48+00:00,KMSY,New Orleans,80.6
2026-07-19T06:19:48+00:00,KHOU,Houston,80.6
2026-07-19T08:38:47+00:00,KNYC,New York City,73.0
2026-07-19T08:38:47+00:00,KMIA,Miami,84.2
2026-07-19T08:38:47+00:00,KDEN,Denver,69.1
2026-07-19T08:38:47+00:00,KLAX,Los Angeles,68.0
2026-07-19T08:38:47+00:00,KPHL,Philadelphia,73.4
2026-07-19T08:38:47+00:00,KAUS,Austin,77.0
2026-07-19T08:38:47+00:00,KMDW,Chicago,71.6
2026-07-19T08:38:47+00:00,KSFO,San Francisco,55.4
2026-07-19T08:38:47+00:00,KPHX,Phoenix,91.4
2026-07-19T08:38:47+00:00,KDCA,Washington DC,78.8
2026-07-19T08:38:47+00:00,KATL,Atlanta,75.2
2026-07-19T08:38:47+00:00,KDFW,Dallas,82.4
2026-07-19T08:38:47+00:00,KSEA,Seattle,60.8
2026-07-19T08:38:47+00:00,KLAS,Las Vegas,95.0
2026-07-19T08:38:47+00:00,KOKC,Oklahoma City,73.4
2026-07-19T08:38:47+00:00,KBOS,Boston,73.4
2026-07-19T08:38:47+00:00,KMSP,Minneapolis,71.6
2026-07-19T08:38:47+00:00,KSAT,San Antonio,78.8
2026-07-19T08:38:47+00:00,KMSY,New Orleans,78.8
2026-07-19T08:38:47+00:00,KHOU,Houston,78.8
2026-07-19T10:11:59+00:00,KNYC,New York City,73.0
2026-07-19T10:11:59+00:00,KMIA,Miami,82.4
2026-07-19T10:11:59+00:00,KDEN,Denver,69.1
2026-07-19T10:11:59+00:00,KLAX,Los Angeles,68.0
2026-07-19T10:11:59+00:00,KPHL,Philadelphia,73.4
2026-07-19T10:11:59+00:00,KAUS,Austin,77.0
2026-07-19T10:11:59+00:00,KMDW,Chicago,71.6
2026-07-19T10:11:59+00:00,KSFO,San Francisco,55.4
2026-07-19T10:11:59+00:00,KPHX,Phoenix,87.8
2026-07-19T10:11:59+00:00,KDCA,Washington DC,78.8
2026-07-19T10:11:59+00:00,KATL,Atlanta,75.2
2026-07-19T10:11:59+00:00,KDFW,Dallas,82.4
2026-07-19T10:11:59+00:00,KSEA,Seattle,60.8
2026-07-19T10:11:59+00:00,KLAS,Las Vegas,91.4
2026-07-19T10:11:59+00:00,KOKC,Oklahoma City,71.6
2026-07-19T10:11:59+00:00,KBOS,Boston,71.6
2026-07-19T10:11:59+00:00,KMSP,Minneapolis,71.6
2026-07-19T10:11:59+00:00,KSAT,San Antonio,78.8
2026-07-19T10:11:59+00:00,KMSY,New Orleans,78.8
2026-07-19T10:11:59+00:00,KHOU,Houston,78.8
2026-07-19T11:21:41+00:00,KNYC,New York City,72.0
2026-07-19T11:21:41+00:00,KMIA,Miami,82.4
2026-07-19T11:21:41+00:00,KDEN,Denver,68.0
2026-07-19T11:21:41+00:00,KLAX,Los Angeles,68.0
2026-07-19T11:21:41+00:00,KPHL,Philadelphia,73.4
2026-07-19T11:21:41+00:00,KAUS,Austin,75.2
2026-07-19T11:21:41+00:00,KMDW,Chicago,71.6
2026-07-19T11:21:41+00:00,KSFO,San Francisco,55.4
2026-07-19T11:21:41+00:00,KPHX,Phoenix,87.8
2026-07-19T11:21:41+00:00,KDCA,Washington DC,78.8
2026-07-19T11:21:41+00:00,KATL,Atlanta,75.2
2026-07-19T11:21:41+00:00,KDFW,Dallas,80.6
2026-07-19T11:21:41+00:00,KSEA,Seattle,57.2
2026-07-19T11:21:41+00:00,KLAS,Las Vegas,89.6
2026-07-19T11:21:41+00:00,KOKC,Oklahoma City,71.6
2026-07-19T11:21:41+00:00,KBOS,Boston,71.6
2026-07-19T11:21:41+00:00,KMSP,Minneapolis,71.6
2026-07-19T11:21:41+00:00,KSAT,San Antonio,78.8
2026-07-19T11:21:41+00:00,KMSY,New Orleans,77.0
2026-07-19T11:21:41+00:00,KHOU,Houston,78.8
2026-07-19T12:09:36+00:00,KNYC,New York City,72.0
2026-07-19T12:09:36+00:00,KMIA,Miami,84.2
2026-07-19T12:09:36+00:00,KDEN,Denver,68.0
2026-07-19T12:09:36+00:00,KLAX,Los Angeles,69.8
2026-07-19T12:09:36+00:00,KPHL,Philadelphia,75.2
2026-07-19T12:09:36+00:00,KAUS,Austin,75.2
2026-07-19T12:09:36+00:00,KMDW,Chicago,71.6
2026-07-19T12:09:36+00:00,KSFO,San Francisco,55.4
2026-07-19T12:09:36+00:00,KPHX,Phoenix,84.2
2026-07-19T12:09:36+00:00,KDCA,Washington DC,78.8
2026-07-19T12:09:36+00:00,KATL,Atlanta,75.2
2026-07-19T12:09:36+00:00,KDFW,Dallas,80.6
2026-07-19T12:09:36+00:00,KSEA,Seattle,57.2
2026-07-19T12:09:36+00:00,KLAS,Las Vegas,89.6
2026-07-19T12:09:36+00:00,KOKC,Oklahoma City,71.6
2026-07-19T12:09:36+00:00,KBOS,Boston,71.6
2026-07-19T12:09:36+00:00,KMSP,Minneapolis,71.6
2026-07-19T12:09:36+00:00,KSAT,San Antonio,78.8
2026-07-19T12:09:36+00:00,KMSY,New Orleans,77.0
2026-07-19T12:09:36+00:00,KHOU,Houston,78.8
2026-07-19T13:47:59+00:00,KNYC,New York City,72.0
2026-07-19T13:47:59+00:00,KMIA,Miami,87.8
2026-07-19T13:47:59+00:00,KDEN,Denver,71.1
2026-07-19T13:47:59+00:00,KLAX,Los Angeles,69.8
2026-07-19T13:47:59+00:00,KPHL,Philadelphia,78.8
2026-07-19T13:47:59+00:00,KAUS,Austin,78.8
2026-07-19T13:47:59+00:00,KMDW,Chicago,71.6
2026-07-19T13:47:59+00:00,KSFO,San Francisco,55.4
2026-07-19T13:47:59+00:00,KPHX,Phoenix,84.2
2026-07-19T13:47:59+00:00,KDCA,Washington DC,82.4
2026-07-19T13:47:59+00:00,KATL,Atlanta,80.6
2026-07-19T13:47:59+00:00,KDFW,Dallas,82.4
2026-07-19T13:47:59+00:00,KSEA,Seattle,57.2
2026-07-19T13:47:59+00:00,KLAS,Las Vegas,89.6
2026-07-19T13:47:59+00:00,KOKC,Oklahoma City,77.0
2026-07-19T13:47:59+00:00,KBOS,Boston,73.4
2026-07-19T13:47:59+00:00,KMSP,Minneapolis,75.2
2026-07-19T13:47:59+00:00,KSAT,San Antonio,80.6
2026-07-19T13:47:59+00:00,KMSY,New Orleans,82.4
2026-07-19T13:47:59+00:00,KHOU,Houston,80.6
2026-07-19T14:44:25+00:00,KNYC,New York City,73.0
2026-07-19T14:44:25+00:00,KMIA,Miami,87.8
2026-07-19T14:44:25+00:00,KDEN,Denver,75.9
2026-07-19T14:44:25+00:00,KLAX,Los Angeles,71.6
2026-07-19T14:44:25+00:00,KPHL,Philadelphia,78.8
2026-07-19T14:44:25+00:00,KAUS,Austin,80.6
2026-07-19T14:44:25+00:00,KMDW,Chicago,73.4
2026-07-19T14:44:25+00:00,KSFO,San Francisco,55.4
2026-07-19T14:44:25+00:00,KPHX,Phoenix,87.8
2026-07-19T14:44:25+00:00,KDCA,Washington DC,82.4
2026-07-19T14:44:25+00:00,KATL,Atlanta,84.2
2026-07-19T14:44:25+00:00,KDFW,Dallas,84.2
2026-07-19T14:44:25+00:00,KSEA,Seattle,59.0
2026-07-19T14:44:25+00:00,KLAS,Las Vegas,91.4
2026-07-19T14:44:25+00:00,KOKC,Oklahoma City,80.6
2026-07-19T14:44:25+00:00,KBOS,Boston,73.4
2026-07-19T14:44:25+00:00,KMSP,Minneapolis,78.8
2026-07-19T14:44:25+00:00,KSAT,San Antonio,80.6
2026-07-19T14:44:25+00:00,KMSY,New Orleans,84.2
2026-07-19T14:44:25+00:00,KHOU,Houston,84.2
2026-07-19T15:38:00+00:00,KNYC,New York City,75.0
2026-07-19T15:38:00+00:00,KMIA,Miami,89.6
2026-07-19T15:38:00+00:00,KDEN,Denver,79.0
2026-07-19T15:38:00+00:00,KLAX,Los Angeles,71.6
2026-07-19T15:38:00+00:00,KPHL,Philadelphia,80.6
2026-07-19T15:38:00+00:00,KAUS,Austin,86.0
2026-07-19T15:38:00+00:00,KMDW,Chicago,75.2
2026-07-19T15:38:00+00:00,KSFO,San Francisco,57.2
2026-07-19T15:38:00+00:00,KPHX,Phoenix,87.8
2026-07-19T15:38:00+00:00,KDCA,Washington DC,84.2
2026-07-19T15:38:00+00:00,KATL,Atlanta,87.8
2026-07-19T15:38:00+00:00,KDFW,Dallas,87.8
2026-07-19T15:38:00+00:00,KSEA,Seattle,60.8
2026-07-19T15:38:00+00:00,KLAS,Las Vegas,91.4
2026-07-19T15:38:00+00:00,KOKC,Oklahoma City,84.2
2026-07-19T15:38:00+00:00,KBOS,Boston,75.2
2026-07-19T15:38:00+00:00,KMSP,Minneapolis,82.4
2026-07-19T15:38:00+00:00,KSAT,San Antonio,82.4
2026-07-19T15:38:00+00:00,KMSY,New Orleans,87.8
2026-07-19T15:38:00+00:00,KHOU,Houston,86.0
2026-07-19T16:31:50+00:00,KNYC,New York City,75.0
2026-07-19T16:31:50+00:00,KMIA,Miami,91.4
2026-07-19T16:31:50+00:00,KDEN,Denver,82.9
2026-07-19T16:31:50+00:00,KLAX,Los Angeles,73.4
2026-07-19T16:31:50+00:00,KPHL,Philadelphia,80.6
2026-07-19T16:31:50+00:00,KAUS,Austin,87.8
2026-07-19T16:31:50+00:00,KMDW,Chicago,75.2
2026-07-19T16:31:50+00:00,KSFO,San Francisco,60.8
2026-07-19T16:31:50+00:00,KPHX,Phoenix,87.8
2026-07-19T16:31:50+00:00,KDCA,Washington DC,84.2
2026-07-19T16:31:50+00:00,KATL,Atlanta,89.6
2026-07-19T16:31:50+00:00,KDFW,Dallas,89.6
2026-07-19T16:31:50+00:00,KSEA,Seattle,64.4
2026-07-19T16:31:50+00:00,KLAS,Las Vegas,93.2
2026-07-19T16:31:50+00:00,KOKC,Oklahoma City,87.8
2026-07-19T16:31:50+00:00,KBOS,Boston,77.0
2026-07-19T16:31:50+00:00,KMSP,Minneapolis,82.4
2026-07-19T16:31:50+00:00,KSAT,San Antonio,84.2
2026-07-19T16:31:50+00:00,KMSY,New Orleans,87.8
2026-07-19T16:31:50+00:00,KHOU,Houston,87.8
2026-07-19T17:38:38+00:00,KNYC,New York City,75.9
2026-07-19T17:38:38+00:00,KMIA,Miami,89.6
2026-07-19T17:38:38+00:00,KDEN,Denver,89.1
2026-07-19T17:38:38+00:00,KLAX,Los Angeles,75.2
2026-07-19T17:38:38+00:00,KPHL,Philadelphia,82.4
2026-07-19T17:38:38+00:00,KAUS,Austin,89.6
2026-07-19T17:38:38+00:00,KMDW,Chicago,75.2
2026-07-19T17:38:38+00:00,KSFO,San Francisco,60.8
2026-07-19T17:38:38+00:00,KPHX,Phoenix,91.4
2026-07-19T17:38:38+00:00,KDCA,Washington DC,87.8
2026-07-19T17:38:38+00:00,KATL,Atlanta,89.6
2026-07-19T17:38:38+00:00,KDFW,Dallas,91.4
2026-07-19T17:38:38+00:00,KSEA,Seattle,64.4
2026-07-19T17:38:38+00:00,KLAS,Las Vegas,93.2
2026-07-19T17:38:38+00:00,KOKC,Oklahoma City,89.6
2026-07-19T17:38:38+00:00,KBOS,Boston,78.8
2026-07-19T17:38:38+00:00,KMSP,Minneapolis,84.2
2026-07-19T17:38:38+00:00,KSAT,San Antonio,87.8
2026-07-19T17:38:38+00:00,KMSY,New Orleans,89.6
2026-07-19T17:38:38+00:00,KHOU,Houston,89.6
2026-07-19T18:34:15+00:00,KNYC,New York City,77.0
2026-07-19T18:34:15+00:00,KMIA,Miami,89.6
2026-07-19T18:34:15+00:00,KDEN,Denver,91.9
2026-07-19T18:34:15+00:00,KLAX,Los Angeles,75.2
2026-07-19T18:34:15+00:00,KPHL,Philadelphia,84.2
2026-07-19T18:34:15+00:00,KAUS,Austin,91.4
2026-07-19T18:34:15+00:00,KMDW,Chicago,75.2
2026-07-19T18:34:15+00:00,KSFO,San Francisco,64.4
2026-07-19T18:34:15+00:00,KPHX,Phoenix,95.0
2026-07-19T18:34:15+00:00,KDCA,Washington DC,87.8
2026-07-19T18:34:15+00:00,KATL,Atlanta,
2026-07-19T18:34:15+00:00,KDFW,Dallas,93.2
2026-07-19T18:34:15+00:00,KSEA,Seattle,66.2
2026-07-19T18:34:15+00:00,KLAS,Las Vegas,89.6
2026-07-19T18:34:15+00:00,KOKC,Oklahoma City,91.4
2026-07-19T18:34:15+00:00,KBOS,Boston,80.6
2026-07-19T18:34:15+00:00,KMSP,Minneapolis,86.0
2026-07-19T18:34:15+00:00,KSAT,San Antonio,89.6
2026-07-19T18:34:15+00:00,KMSY,New Orleans,91.4
2026-07-19T18:34:15+00:00,KHOU,Houston,91.4
2026-07-19T19:49:12+00:00,KNYC,New York City,78.1
2026-07-19T19:49:12+00:00,KMIA,Miami,89.6
2026-07-19T19:49:12+00:00,KDEN,Denver,93.9
2026-07-19T19:49:12+00:00,KLAX,Los Angeles,75.2
2026-07-19T19:49:12+00:00,KPHL,Philadelphia,82.4
2026-07-19T19:49:12+00:00,KAUS,Austin,93.2
2026-07-19T19:49:12+00:00,KMDW,Chicago,77.0
2026-07-19T19:49:12+00:00,KSFO,San Francisco,66.2
2026-07-19T19:49:12+00:00,KPHX,Phoenix,100.4
2026-07-19T19:49:12+00:00,KDCA,Washington DC,87.8
2026-07-19T19:49:12+00:00,KATL,Atlanta,75.2
2026-07-19T19:49:12+00:00,KDFW,Dallas,96.8
2026-07-19T19:49:12+00:00,KSEA,Seattle,69.8
2026-07-19T19:49:12+00:00,KLAS,Las Vegas,95.0
2026-07-19T19:49:12+00:00,KOKC,Oklahoma City,93.2
2026-07-19T19:49:12+00:00,KBOS,Boston,78.8
2026-07-19T19:49:12+00:00,KMSP,Minneapolis,87.8
2026-07-19T19:49:12+00:00,KSAT,San Antonio,91.4
2026-07-19T19:49:12+00:00,KMSY,New Orleans,91.4
2026-07-19T19:49:12+00:00,KHOU,Houston,91.4
2026-07-19T20:34:53+00:00,KNYC,New York City,79.0
2026-07-19T20:34:53+00:00,KMIA,Miami,89.6
2026-07-19T20:34:53+00:00,KDEN,Denver,95.0
2026-07-19T20:34:53+00:00,KLAX,Los Angeles,77.0
2026-07-19T20:34:53+00:00,KPHL,Philadelphia,82.4
2026-07-19T20:34:53+00:00,KAUS,Austin,93.2
2026-07-19T20:34:53+00:00,KMDW,Chicago,77.0
2026-07-19T20:34:53+00:00,KSFO,San Francisco,64.4
2026-07-19T20:34:53+00:00,KPHX,Phoenix,98.6
2026-07-19T20:34:53+00:00,KDCA,Washington DC,87.8
2026-07-19T20:34:53+00:00,KATL,Atlanta,78.8
2026-07-19T20:34:53+00:00,KDFW,Dallas,96.8
2026-07-19T20:34:53+00:00,KSEA,Seattle,73.4
2026-07-19T20:34:53+00:00,KLAS,Las Vegas,98.6
2026-07-19T20:34:53+00:00,KOKC,Oklahoma City,93.2
2026-07-19T20:34:53+00:00,KBOS,Boston,80.6
2026-07-19T20:34:53+00:00,KMSP,Minneapolis,89.6
2026-07-19T20:34:53+00:00,KSAT,San Antonio,91.4
2026-07-19T20:34:53+00:00,KMSY,New Orleans,91.4
2026-07-19T20:34:53+00:00,KHOU,Houston,93.2
2026-07-19T21:31:07+00:00,KNYC,New York City,79.0
2026-07-19T21:31:07+00:00,KMIA,Miami,89.6
2026-07-19T21:31:07+00:00,KDEN,Denver,97.0
2026-07-19T21:31:07+00:00,KLAX,Los Angeles,77.0
2026-07-19T21:31:07+00:00,KPHL,Philadelphia,82.4
2026-07-19T21:31:07+00:00,KAUS,Austin,93.2
2026-07-19T21:31:07+00:00,KMDW,Chicago,78.8
2026-07-19T21:31:07+00:00,KSFO,San Francisco,64.4
2026-07-19T21:31:07+00:00,KPHX,Phoenix,100.4
2026-07-19T21:31:07+00:00,KDCA,Washington DC,87.8
2026-07-19T21:31:07+00:00,KATL,Atlanta,80.6
2026-07-19T21:31:07+00:00,KDFW,Dallas,96.8
2026-07-19T21:31:07+00:00,KSEA,Seattle,73.4
2026-07-19T21:31:07+00:00,KLAS,Las Vegas,100.4
2026-07-19T21:31:07+00:00,KOKC,Oklahoma City,93.2
2026-07-19T21:31:07+00:00,KBOS,Boston,80.6
2026-07-19T21:31:07+00:00,KMSP,Minneapolis,87.8
2026-07-19T21:31:07+00:00,KSAT,San Antonio,96.8
2026-07-19T21:31:07+00:00,KMSY,New Orleans,93.2
2026-07-19T21:31:07+00:00,KHOU,Houston,93.2
2026-07-19T22:30:59+00:00,KNYC,New York City,78.1
2026-07-19T22:30:59+00:00,KMIA,Miami,89.6
2026-07-19T22:30:59+00:00,KDEN,Denver,96.1
2026-07-19T22:30:59+00:00,KLAX,Los Angeles,77.0
2026-07-19T22:30:59+00:00,KPHL,Philadelphia,82.4
2026-07-19T22:30:59+00:00,KAUS,Austin,93.2
2026-07-19T22:30:59+00:00,KMDW,Chicago,78.8
2026-07-19T22:30:59+00:00,KSFO,San Francisco,64.4
2026-07-19T22:30:59+00:00,KPHX,Phoenix,100.4
2026-07-19T22:30:59+00:00,KDCA,Washington DC,86.0
2026-07-19T22:30:59+00:00,KATL,Atlanta,82.4
2026-07-19T22:30:59+00:00,KDFW,Dallas,96.8
2026-07-19T22:30:59+00:00,KSEA,Seattle,75.2
2026-07-19T22:30:59+00:00,KLAS,Las Vegas,102.2
2026-07-19T22:30:59+00:00,KOKC,Oklahoma City,93.2
2026-07-19T22:30:59+00:00,KBOS,Boston,80.6
2026-07-19T22:30:59+00:00,KMSP,Minneapolis,87.8
2026-07-19T22:30:59+00:00,KSAT,San Antonio,93.2
2026-07-19T22:30:59+00:00,KMSY,New Orleans,93.2
2026-07-19T22:30:59+00:00,KHOU,Houston,95.0
2026-07-19T23:36:19+00:00,KNYC,New York City,77.0
2026-07-19T23:36:19+00:00,KMIA,Miami,87.8
2026-07-19T23:36:19+00:00,KDEN,Denver,97.0
2026-07-19T23:36:19+00:00,KLAX,Los Angeles,77.0
2026-07-19T23:36:19+00:00,KPHL,Philadelphia,82.4
2026-07-19T23:36:19+00:00,KAUS,Austin,95.0
2026-07-19T23:36:19+00:00,KMDW,Chicago,77.0
2026-07-19T23:36:19+00:00,KSFO,San Francisco,64.4
2026-07-19T23:36:19+00:00,KPHX,Phoenix,102.2
2026-07-19T23:36:19+00:00,KDCA,Washington DC,82.4
2026-07-19T23:36:19+00:00,KATL,Atlanta,82.4
2026-07-19T23:36:19+00:00,KDFW,Dallas,96.8
2026-07-19T23:36:19+00:00,KSEA,Seattle,77.0
2026-07-19T23:36:19+00:00,KLAS,Las Vegas,104.0
2026-07-19T23:36:19+00:00,KOKC,Oklahoma City,93.2
2026-07-19T23:36:19+00:00,KBOS,Boston,78.8
2026-07-19T23:36:19+00:00,KMSP,Minneapolis,87.8
2026-07-19T23:36:19+00:00,KSAT,San Antonio,95.0
2026-07-19T23:36:19+00:00,KMSY,New Orleans,93.2
2026-07-19T23:36:19+00:00,KHOU,Houston,93.2
2026-07-20T01:10:33+00:00,KNYC,New York City,75.9
2026-07-20T01:10:33+00:00,KMIA,Miami,86.0
2026-07-20T01:10:33+00:00,KDEN,Denver,95.0
2026-07-20T01:10:33+00:00,KLAX,Los Angeles,73.4
2026-07-20T01:10:33+00:00,KPHL,Philadelphia,78.8
2026-07-20T01:10:33+00:00,KAUS,Austin,91.4
2026-07-20T01:10:33+00:00,KMDW,Chicago,73.4
2026-07-20T01:10:33+00:00,KSFO,San Francisco,62.6
2026-07-20T01:10:33+00:00,KPHX,Phoenix,102.2
2026-07-20T01:10:33+00:00,KDCA,Washington DC,78.8
2026-07-20T01:10:33+00:00,KATL,Atlanta,80.6
2026-07-20T01:10:33+00:00,KDFW,Dallas,91.4
2026-07-20T01:10:33+00:00,KSEA,Seattle,78.8
2026-07-20T01:10:33+00:00,KLAS,Las Vegas,105.8
2026-07-20T01:10:33+00:00,KOKC,Oklahoma City,87.8
2026-07-20T01:10:33+00:00,KBOS,Boston,75.2
2026-07-20T01:10:33+00:00,KMSP,Minneapolis,84.2
2026-07-20T01:10:33+00:00,KSAT,San Antonio,89.6
2026-07-20T01:10:33+00:00,KMSY,New Orleans,89.6
2026-07-20T01:10:33+00:00,KHOU,Houston,91.4
2026-07-20T04:48:34+00:00,KNYC,New York City,70.0
2026-07-20T04:48:34+00:00,KMIA,Miami,84.2
2026-07-20T04:48:34+00:00,KDEN,Denver,80.1
2026-07-20T04:48:34+00:00,KLAX,Los Angeles,69.8
2026-07-20T04:48:34+00:00,KPHL,Philadelphia,73.4
2026-07-20T04:48:34+00:00,KAUS,Austin,78.8
2026-07-20T04:48:34+00:00,KMDW,Chicago,71.6
2026-07-20T04:48:34+00:00,KSFO,San Francisco,59.0
2026-07-20T04:48:34+00:00,KPHX,Phoenix,98.6
2026-07-20T04:48:34+00:00,KDCA,Washington DC,75.2
2026-07-20T04:48:34+00:00,KATL,Atlanta,75.2
2026-07-20T04:48:34+00:00,KDFW,Dallas,87.8
2026-07-20T04:48:34+00:00,KSEA,Seattle,69.8
2026-07-20T04:48:34+00:00,KLAS,Las Vegas,100.4
2026-07-20T04:48:34+00:00,KOKC,Oklahoma City,78.8
2026-07-20T04:48:34+00:00,KBOS,Boston,69.8
2026-07-20T04:48:34+00:00,KMSP,Minneapolis,78.8
2026-07-20T04:48:34+00:00,KSAT,San Antonio,82.4
2026-07-20T04:48:34+00:00,KMSY,New Orleans,82.4
2026-07-20T04:48:34+00:00,KHOU,Houston,80.6
2026-07-20T07:48:55+00:00,KNYC,New York City,66.0
2026-07-20T07:48:55+00:00,KMIA,Miami,84.2
2026-07-20T07:48:55+00:00,KDEN,Denver,75.9
2026-07-20T07:48:55+00:00,KLAX,Los Angeles,69.8
2026-07-20T07:48:55+00:00,KPHL,Philadelphia,68.0
2026-07-20T07:48:55+00:00,KAUS,Austin,77.0
2026-07-20T07:48:55+00:00,KMDW,Chicago,69.8
2026-07-20T07:48:55+00:00,KSFO,San Francisco,59.0
2026-07-20T07:48:55+00:00,KPHX,Phoenix,95.0
2026-07-20T07:48:55+00:00,KDCA,Washington DC,73.4
2026-07-20T07:48:55+00:00,KATL,Atlanta,75.2
2026-07-20T07:48:55+00:00,KDFW,Dallas,84.2
2026-07-20T07:48:55+00:00,KSEA,Seattle,66.2
2026-07-20T07:48:55+00:00,KLAS,Las Vegas,96.8
2026-07-20T07:48:55+00:00,KOKC,Oklahoma City,73.4
2026-07-20T07:48:55+00:00,KBOS,Boston,66.2
2026-07-20T07:48:55+00:00,KMSP,Minneapolis,75.2
2026-07-20T07:48:55+00:00,KSAT,San Antonio,78.8
2026-07-20T07:48:55+00:00,KMSY,New Orleans,82.4
2026-07-20T07:48:55+00:00,KHOU,Houston,78.8
2026-07-20T10:36:06+00:00,KNYC,New York City,63.0
2026-07-20T10:36:06+00:00,KMIA,Miami,84.2
2026-07-20T10:36:06+00:00,KDEN,Denver,75.0
2026-07-20T10:36:06+00:00,KLAX,Los Angeles,68.0
2026-07-20T10:36:06+00:00,KPHL,Philadelphia,66.2
2026-07-20T10:36:06+00:00,KAUS,Austin,75.2
2026-07-20T10:36:06+00:00,KMDW,Chicago,68.0
2026-07-20T10:36:06+00:00,KSFO,San Francisco,59.0
2026-07-20T10:36:06+00:00,KPHX,Phoenix,95.0
2026-07-20T10:36:06+00:00,KDCA,Washington DC,71.6
2026-07-20T10:36:06+00:00,KATL,Atlanta,73.4
2026-07-20T10:36:06+00:00,KDFW,Dallas,82.4
2026-07-20T10:36:06+00:00,KSEA,Seattle,62.6
2026-07-20T10:36:06+00:00,KLAS,Las Vegas,91.4
2026-07-20T10:36:06+00:00,KOKC,Oklahoma City,71.6
2026-07-20T10:36:06+00:00,KBOS,Boston,64.4
2026-07-20T10:36:06+00:00,KMSP,Minneapolis,71.6
2026-07-20T10:36:06+00:00,KSAT,San Antonio,75.2
2026-07-20T10:36:06+00:00,KMSY,New Orleans,80.6
2026-07-20T10:36:06+00:00,KHOU,Houston,77.0
2026-07-20T12:37:40+00:00,KNYC,New York City,66.0
2026-07-20T12:37:40+00:00,KMIA,Miami,87.8
2026-07-20T12:37:40+00:00,KDEN,Denver,68.0
2026-07-20T12:37:40+00:00,KLAX,Los Angeles,69.8
2026-07-20T12:37:40+00:00,KPHL,Philadelphia,71.6
2026-07-20T12:37:40+00:00,KAUS,Austin,75.2
2026-07-20T12:37:40+00:00,KMDW,Chicago,69.8
2026-07-20T12:37:40+00:00,KSFO,San Francisco,59.0
2026-07-20T12:37:40+00:00,KPHX,Phoenix,91.4
2026-07-20T12:37:40+00:00,KDCA,Washington DC,73.4
2026-07-20T12:37:40+00:00,KATL,Atlanta,78.8
2026-07-20T12:37:40+00:00,KDFW,Dallas,80.6
2026-07-20T12:37:40+00:00,KSEA,Seattle,62.6
2026-07-20T12:37:40+00:00,KLAS,Las Vegas,89.6
2026-07-20T12:37:40+00:00,KOKC,Oklahoma City,73.4
2026-07-20T12:37:40+00:00,KBOS,Boston,69.8
2026-07-20T12:37:40+00:00,KMSP,Minneapolis,71.6
2026-07-20T12:37:40+00:00,KSAT,San Antonio,75.2
2026-07-20T12:37:40+00:00,KMSY,New Orleans,80.6
2026-07-20T12:37:40+00:00,KHOU,Houston,77.0
2026-07-20T14:53:11+00:00,KNYC,New York City,73.0
2026-07-20T14:53:11+00:00,KMIA,Miami,87.8
2026-07-20T14:53:11+00:00,KDEN,Denver,79.0
2026-07-20T14:53:11+00:00,KLAX,Los Angeles,69.8
2026-07-20T14:53:11+00:00,KPHL,Philadelphia,78.8
2026-07-20T14:53:11+00:00,KAUS,Austin,80.6
2026-07-20T14:53:11+00:00,KMDW,Chicago,75.2
2026-07-20T14:53:11+00:00,KSFO,San Francisco,60.8
2026-07-20T14:53:11+00:00,KPHX,Phoenix,91.4
2026-07-20T14:53:11+00:00,KDCA,Washington DC,78.8
2026-07-20T14:53:11+00:00,KATL,Atlanta,84.2
2026-07-20T14:53:11+00:00,KDFW,Dallas,86.0
2026-07-20T14:53:11+00:00,KSEA,Seattle,64.4
2026-07-20T14:53:11+00:00,KLAS,Las Vegas,93.2
2026-07-20T14:53:11+00:00,KOKC,Oklahoma City,84.2
2026-07-20T14:53:11+00:00,KBOS,Boston,75.2
2026-07-20T14:53:11+00:00,KMSP,Minneapolis,78.8
2026-07-20T14:53:11+00:00,KSAT,San Antonio,80.6
2026-07-20T14:53:11+00:00,KMSY,New Orleans,87.8
2026-07-20T14:53:11+00:00,KHOU,Houston,82.4
2026-07-20T16:18:00+00:00,KNYC,New York City,75.0
2026-07-20T16:18:00+00:00,KMIA,Miami,89.6
2026-07-20T16:18:00+00:00,KDEN,Denver,84.0
2026-07-20T16:18:00+00:00,KLAX,Los Angeles,73.4
2026-07-20T16:18:00+00:00,KPHL,Philadelphia,80.6
2026-07-20T16:18:00+00:00,KAUS,Austin,86.0
2026-07-20T16:18:00+00:00,KMDW,Chicago,78.8
2026-07-20T16:18:00+00:00,KSFO,San Francisco,62.6
2026-07-20T16:18:00+00:00,KPHX,Phoenix,91.4
2026-07-20T16:18:00+00:00,KDCA,Washington DC,82.4
2026-07-20T16:18:00+00:00,KATL,Atlanta,87.8
2026-07-20T16:18:00+00:00,KDFW,Dallas,89.6
2026-07-20T16:18:00+00:00,KSEA,Seattle,66.2
2026-07-20T16:18:00+00:00,KLAS,Las Vegas,96.8
2026-07-20T16:18:00+00:00,KOKC,Oklahoma City,89.6
2026-07-20T16:18:00+00:00,KBOS,Boston,78.8
2026-07-20T16:18:00+00:00,KMSP,Minneapolis,82.4
2026-07-20T16:18:00+00:00,KSAT,San Antonio,84.2
2026-07-20T16:18:00+00:00,KMSY,New Orleans,89.6
2026-07-20T16:18:00+00:00,KHOU,Houston,87.8
2026-07-20T18:25:36+00:00,KNYC,New York City,79.0
2026-07-20T18:25:36+00:00,KMIA,Miami,91.4
2026-07-20T18:25:36+00:00,KDEN,Denver,95.0
2026-07-20T18:25:36+00:00,KLAX,Los Angeles,82.4
2026-07-20T18:25:36+00:00,KPHL,Philadelphia,82.4
2026-07-20T18:25:36+00:00,KAUS,Austin,91.4
2026-07-20T18:25:36+00:00,KMDW,Chicago,78.8
2026-07-20T18:25:36+00:00,KSFO,San Francisco,64.4
2026-07-20T18:25:36+00:00,KPHX,Phoenix,96.8
2026-07-20T18:25:36+00:00,KDCA,Washington DC,84.2
2026-07-20T18:25:36+00:00,KATL,Atlanta,89.6
2026-07-20T18:25:36+00:00,KDFW,Dallas,96.8
2026-07-20T18:25:36+00:00,KSEA,Seattle,71.6
2026-07-20T18:25:36+00:00,KLAS,Las Vegas,102.2
2026-07-20T18:25:36+00:00,KOKC,Oklahoma City,95.0
2026-07-20T18:25:36+00:00,KBOS,Boston,82.4
2026-07-20T18:25:36+00:00,KMSP,Minneapolis,86.0
2026-07-20T18:25:36+00:00,KSAT,San Antonio,89.6
2026-07-20T18:25:36+00:00,KMSY,New Orleans,91.4
2026-07-20T18:25:36+00:00,KHOU,Houston,91.4
2026-07-20T20:01:42+00:00,KNYC,New York City,80.1
2026-07-20T20:01:42+00:00,KMIA,Miami,91.4
2026-07-20T20:01:42+00:00,KDEN,Denver,97.0
2026-07-20T20:01:42+00:00,KLAX,Los Angeles,80.6
2026-07-20T20:01:42+00:00,KPHL,Philadelphia,84.2
2026-07-20T20:01:42+00:00,KAUS,Austin,95.0
2026-07-20T20:01:42+00:00,KMDW,Chicago,78.8
2026-07-20T20:01:42+00:00,KSFO,San Francisco,66.2
2026-07-20T20:01:42+00:00,KPHX,Phoenix,100.4
2026-07-20T20:01:42+00:00,KDCA,Washington DC,84.2
2026-07-20T20:01:42+00:00,KATL,Atlanta,91.4
2026-07-20T20:01:42+00:00,KDFW,Dallas,98.6
2026-07-20T20:01:42+00:00,KSEA,Seattle,77.0
2026-07-20T20:01:42+00:00,KLAS,Las Vegas,102.2
2026-07-20T20:01:42+00:00,KOKC,Oklahoma City,96.8
2026-07-20T20:01:42+00:00,KBOS,Boston,78.8
2026-07-20T20:01:42+00:00,KMSP,Minneapolis,89.6
2026-07-20T20:01:42+00:00,KSAT,San Antonio,93.2
2026-07-20T20:01:42+00:00,KMSY,New Orleans,93.2
2026-07-20T20:01:42+00:00,KHOU,Houston,93.2
2026-07-20T21:20:32+00:00,KNYC,New York City,79.0
2026-07-20T21:20:32+00:00,KMIA,Miami,91.4
2026-07-20T21:20:32+00:00,KDEN,Denver,100.0
2026-07-20T21:20:32+00:00,KLAX,Los Angeles,78.8
2026-07-20T21:20:32+00:00,KPHL,Philadelphia,84.2
2026-07-20T21:20:32+00:00,KAUS,Austin,96.8
2026-07-20T21:20:32+00:00,KMDW,Chicago,80.6
2026-07-20T21:20:32+00:00,KSFO,San Francisco,69.8
2026-07-20T21:20:32+00:00,KPHX,Phoenix,105.8
2026-07-20T21:20:32+00:00,KDCA,Washington DC,84.2
2026-07-20T21:20:32+00:00,KATL,Atlanta,91.4
2026-07-20T21:20:32+00:00,KDFW,Dallas,100.4
2026-07-20T21:20:32+00:00,KSEA,Seattle,73.4
2026-07-20T21:20:32+00:00,KLAS,Las Vegas,102.2
2026-07-20T21:20:32+00:00,KOKC,Oklahoma City,96.8
2026-07-20T21:20:32+00:00,KBOS,Boston,75.2
2026-07-20T21:20:32+00:00,KMSP,Minneapolis,91.4
2026-07-20T21:20:32+00:00,KSAT,San Antonio,95.0
2026-07-20T21:20:32+00:00,KMSY,New Orleans,93.2
2026-07-20T21:20:32+00:00,KHOU,Houston,95.0
2026-07-20T22:27:15+00:00,KNYC,New York City,79.0
2026-07-20T22:27:15+00:00,KMIA,Miami,89.6
2026-07-20T22:27:15+00:00,KDEN,Denver,99.0
2026-07-20T22:27:15+00:00,KLAX,Los Angeles,75.2
2026-07-20T22:27:15+00:00,KPHL,Philadelphia,84.2
2026-07-20T22:27:15+00:00,KAUS,Austin,96.8
2026-07-20T22:27:15+00:00,KMDW,Chicago,82.4
2026-07-20T22:27:15+00:00,KSFO,San Francisco,69.8
2026-07-20T22:27:15+00:00,KPHX,Phoenix,104.0
2026-07-20T22:27:15+00:00,KDCA,Washington DC,86.0
2026-07-20T22:27:15+00:00,KATL,Atlanta,93.2
2026-07-20T22:27:15+00:00,KDFW,Dallas,98.6
2026-07-20T22:27:15+00:00,KSEA,Seattle,78.8
2026-07-20T22:27:15+00:00,KLAS,Las Vegas,105.8
2026-07-20T22:27:15+00:00,KOKC,Oklahoma City,96.8
2026-07-20T22:27:15+00:00,KBOS,Boston,78.8
2026-07-20T22:27:15+00:00,KMSP,Minneapolis,91.4
2026-07-20T22:27:15+00:00,KSAT,San Antonio,96.8
2026-07-20T22:27:15+00:00,KMSY,New Orleans,95.0
2026-07-20T22:27:15+00:00,KHOU,Houston,95.0
2026-07-20T23:28:31+00:00,KNYC,New York City,75.0
2026-07-20T23:28:31+00:00,KMIA,Miami,87.8
2026-07-20T23:28:31+00:00,KDEN,Denver,98.1
2026-07-20T23:28:31+00:00,KLAX,Los Angeles,77.0
2026-07-20T23:28:31+00:00,KPHL,Philadelphia,82.4
2026-07-20T23:28:31+00:00,KAUS,Austin,96.8
2026-07-20T23:28:31+00:00,KMDW,Chicago,80.6
2026-07-20T23:28:31+00:00,KSFO,San Francisco,69.8
2026-07-20T23:28:31+00:00,KPHX,Phoenix,105.8
2026-07-20T23:28:31+00:00,KDCA,Washington DC,84.2
2026-07-20T23:28:31+00:00,KATL,Atlanta,89.6
2026-07-20T23:28:31+00:00,KDFW,Dallas,98.6
2026-07-20T23:28:31+00:00,KSEA,Seattle,80.6
2026-07-20T23:28:31+00:00,KLAS,Las Vegas,102.2
2026-07-20T23:28:31+00:00,KOKC,Oklahoma City,96.8
2026-07-20T23:28:31+00:00,KBOS,Boston,77.0
2026-07-20T23:28:31+00:00,KMSP,Minneapolis,89.6
2026-07-20T23:28:31+00:00,KSAT,San Antonio,96.8
2026-07-20T23:28:31+00:00,KMSY,New Orleans,93.2
2026-07-20T23:28:31+00:00,KHOU,Houston,95.0
2026-07-21T00:56:49+00:00,KNYC,New York City,73.9
2026-07-21T00:56:49+00:00,KMIA,Miami,84.2
2026-07-21T00:56:49+00:00,KDEN,Denver,97.0
2026-07-21T00:56:49+00:00,KLAX,Los Angeles,77.0
2026-07-21T00:56:49+00:00,KPHL,Philadelphia,78.8
2026-07-21T00:56:49+00:00,KAUS,Austin,91.4
2026-07-21T00:56:49+00:00,KMDW,Chicago,78.8
2026-07-21T00:56:49+00:00,KSFO,San Francisco,68.0
2026-07-21T00:56:49+00:00,KPHX,Phoenix,105.8
2026-07-21T00:56:49+00:00,KDCA,Washington DC,80.6
2026-07-21T00:56:49+00:00,KATL,Atlanta,86.0
2026-07-21T00:56:49+00:00,KDFW,Dallas,96.8
2026-07-21T00:56:49+00:00,KSEA,Seattle,82.4
2026-07-21T00:56:49+00:00,KLAS,Las Vegas,104.0
2026-07-21T00:56:49+00:00,KOKC,Oklahoma City,93.2
2026-07-21T00:56:49+00:00,KBOS,Boston,71.6
2026-07-21T00:56:49+00:00,KMSP,Minneapolis,86.0
2026-07-21T00:56:49+00:00,KSAT,San Antonio,93.2
2026-07-21T00:56:49+00:00,KMSY,New Orleans,89.6
2026-07-21T00:56:49+00:00,KHOU,Houston,93.2
2026-07-21T04:10:14+00:00,KNYC,New York City,72.0
2026-07-21T04:10:14+00:00,KMIA,Miami,84.2
2026-07-21T04:10:14+00:00,KDEN,Denver,
2026-07-21T04:10:14+00:00,KLAX,Los Angeles,71.6
2026-07-21T04:10:14+00:00,KPHL,Philadelphia,75.2
2026-07-21T04:10:14+00:00,KAUS,Austin,78.8
2026-07-21T04:10:14+00:00,KMDW,Chicago,75.2
2026-07-21T04:10:14+00:00,KSFO,San Francisco,62.6
2026-07-21T04:10:14+00:00,KPHX,Phoenix,
2026-07-21T04:10:14+00:00,KDCA,Washington DC,78.8
2026-07-21T04:10:14+00:00,KATL,Atlanta,78.8
2026-07-21T04:10:14+00:00,KDFW,Dallas,89.6
2026-07-21T04:10:14+00:00,KSEA,Seattle,78.8
2026-07-21T04:10:14+00:00,KLAS,Las Vegas,100.4
2026-07-21T04:10:14+00:00,KOKC,Oklahoma City,84.2
2026-07-21T04:10:14+00:00,KBOS,Boston,68.0
2026-07-21T04:10:14+00:00,KMSP,Minneapolis,80.6
2026-07-21T04:10:14+00:00,KSAT,San Antonio,84.2
2026-07-21T04:10:14+00:00,KMSY,New Orleans,84.2
2026-07-21T04:10:14+00:00,KHOU,Houston,82.4
2026-07-21T06:38:50+00:00,KNYC,New York City,72.0
2026-07-21T06:38:50+00:00,KMIA,Miami,82.4
2026-07-21T06:38:50+00:00,KDEN,Denver,78.1
2026-07-21T06:38:50+00:00,KLAX,Los Angeles,71.6
2026-07-21T06:38:50+00:00,KPHL,Philadelphia,73.4
2026-07-21T06:38:50+00:00,KAUS,Austin,77.0
2026-07-21T06:38:50+00:00,KMDW,Chicago,75.2
2026-07-21T06:38:50+00:00,KSFO,San Francisco,62.6
2026-07-21T06:38:50+00:00,KPHX,Phoenix,84.2
2026-07-21T06:38:50+00:00,KDCA,Washington DC,78.8
2026-07-21T06:38:50+00:00,KATL,Atlanta,75.2
2026-07-21T06:38:50+00:00,KDFW,Dallas,86.0
2026-07-21T06:38:50+00:00,KSEA,Seattle,69.8
2026-07-21T06:38:50+00:00,KLAS,Las Vegas,98.6
2026-07-21T06:38:50+00:00,KOKC,Oklahoma City,78.8
2026-07-21T06:38:50+00:00,KBOS,Boston,64.4
2026-07-21T06:38:50+00:00,KMSP,Minneapolis,75.2
2026-07-21T06:38:50+00:00,KSAT,San Antonio,80.6
2026-07-21T06:38:50+00:00,KMSY,New Orleans,86.0
2026-07-21T06:38:50+00:00,KHOU,Houston,80.6
2026-07-21T09:14:19+00:00,KNYC,New York City,73.0
2026-07-21T09:14:19+00:00,KMIA,Miami,82.4
2026-07-21T09:14:19+00:00,KDEN,Denver,81.0
2026-07-21T09:14:19+00:00,KLAX,Los Angeles,71.6
2026-07-21T09:14:19+00:00,KPHL,Philadelphia,75.2
2026-07-21T09:14:19+00:00,KAUS,Austin,73.4
2026-07-21T09:14:19+00:00,KMDW,Chicago,75.2
2026-07-21T09:14:19+00:00,KSFO,San Francisco,62.6
2026-07-21T09:14:19+00:00,KPHX,Phoenix,82.4
2026-07-21T09:14:19+00:00,KDCA,Washington DC,77.0
2026-07-21T09:14:19+00:00,KATL,Atlanta,75.2
2026-07-21T09:14:19+00:00,KDFW,Dallas,84.2
2026-07-21T09:14:19+00:00,KSEA,Seattle,68.0
2026-07-21T09:14:19+00:00,KLAS,Las Vegas,96.8
2026-07-21T09:14:19+00:00,KOKC,Oklahoma City,
2026-07-21T09:14:19+00:00,KBOS,Boston,62.6
2026-07-21T09:14:19+00:00,KMSP,Minneapolis,71.6
2026-07-21T09:14:19+00:00,KSAT,San Antonio,78.8
2026-07-21T09:14:19+00:00,KMSY,New Orleans,84.2
2026-07-21T09:14:19+00:00,KHOU,Houston,78.8
2026-07-21T11:18:13+00:00,KNYC,New York City,73.0
2026-07-21T11:18:13+00:00,KMIA,Miami,84.2
2026-07-21T11:18:13+00:00,KDEN,Denver,70.0
2026-07-21T11:18:13+00:00,KLAX,Los Angeles,71.6
2026-07-21T11:18:13+00:00,KPHL,Philadelphia,75.2
2026-07-21T11:18:13+00:00,KAUS,Austin,73.4
2026-07-21T11:18:13+00:00,KMDW,Chicago,73.4
2026-07-21T11:18:13+00:00,KSFO,San Francisco,62.6
2026-07-21T11:18:13+00:00,KPHX,Phoenix,82.4
2026-07-21T11:18:13+00:00,KDCA,Washington DC,77.0
2026-07-21T11:18:13+00:00,KATL,Atlanta,75.2
2026-07-21T11:18:13+00:00,KDFW,Dallas,80.6
2026-07-21T11:18:13+00:00,KSEA,Seattle,68.0
2026-07-21T11:18:13+00:00,KLAS,Las Vegas,91.4
2026-07-21T11:18:13+00:00,KOKC,Oklahoma City,75.2
2026-07-21T11:18:13+00:00,KBOS,Boston,64.4
2026-07-21T11:18:13+00:00,KMSP,Minneapolis,69.8
2026-07-21T11:18:13+00:00,KSAT,San Antonio,73.4
2026-07-21T11:18:13+00:00,KMSY,New Orleans,82.4
2026-07-21T11:18:13+00:00,KHOU,Houston,77.0
2026-07-21T12:48:43+00:00,KNYC,New York City,73.9
2026-07-21T12:48:43+00:00,KMIA,Miami,84.2
2026-07-21T12:48:43+00:00,KDEN,Denver,66.0
2026-07-21T12:48:43+00:00,KLAX,Los Angeles,71.6
2026-07-21T12:48:43+00:00,KPHL,Philadelphia,78.8
2026-07-21T12:48:43+00:00,KAUS,Austin,75.2
2026-07-21T12:48:43+00:00,KMDW,Chicago,75.2
2026-07-21T12:48:43+00:00,KSFO,San Francisco,64.4
2026-07-21T12:48:43+00:00,KPHX,Phoenix,82.4
2026-07-21T12:48:43+00:00,KDCA,Washington DC,78.8
2026-07-21T12:48:43+00:00,KATL,Atlanta,77.0
2026-07-21T12:48:43+00:00,KDFW,Dallas,80.6
2026-07-21T12:48:43+00:00,KSEA,Seattle,64.4
2026-07-21T12:48:43+00:00,KLAS,Las Vegas,91.4
2026-07-21T12:48:43+00:00,KOKC,Oklahoma City,77.0
2026-07-21T12:48:43+00:00,KBOS,Boston,69.8
2026-07-21T12:48:43+00:00,KMSP,Minneapolis,69.8
2026-07-21T12:48:43+00:00,KSAT,San Antonio,75.2
2026-07-21T12:48:43+00:00,KMSY,New Orleans,84.2
2026-07-21T12:48:43+00:00,KHOU,Houston,78.8
2026-07-21T14:51:38+00:00,KNYC,New York City,73.9
2026-07-21T14:51:38+00:00,KMIA,Miami,89.6
2026-07-21T14:51:38+00:00,KDEN,Denver,68.0
2026-07-21T14:51:38+00:00,KLAX,Los Angeles,71.6
2026-07-21T14:51:38+00:00,KPHL,Philadelphia,82.4
2026-07-21T14:51:38+00:00,KAUS,Austin,82.4
2026-07-21T14:51:38+00:00,KMDW,Chicago,80.6
2026-07-21T14:51:38+00:00,KSFO,San Francisco,66.2
2026-07-21T14:51:38+00:00,KPHX,Phoenix,86.0
2026-07-21T14:51:38+00:00,KDCA,Washington DC,82.4
2026-07-21T14:51:38+00:00,KATL,Atlanta,82.4
2026-07-21T14:51:38+00:00,KDFW,Dallas,89.6
2026-07-21T14:51:38+00:00,KSEA,Seattle,68.0
2026-07-21T14:51:38+00:00,KLAS,Las Vegas,91.4
2026-07-21T14:51:38+00:00,KOKC,Oklahoma City,87.8
2026-07-21T14:51:38+00:00,KBOS,Boston,77.0
2026-07-21T14:51:38+00:00,KMSP,Minneapolis,71.6
2026-07-21T14:51:38+00:00,KSAT,San Antonio,80.6
2026-07-21T14:51:38+00:00,KMSY,New Orleans,86.0
2026-07-21T14:51:38+00:00,KHOU,Houston,82.4
2026-07-21T16:11:01+00:00,KNYC,New York City,75.0
2026-07-21T16:11:01+00:00,KMIA,Miami,89.6
2026-07-21T16:11:01+00:00,KDEN,Denver,73.0
2026-07-21T16:11:01+00:00,KLAX,Los Angeles,75.2
2026-07-21T16:11:01+00:00,KPHL,Philadelphia,84.2
2026-07-21T16:11:01+00:00,KAUS,Austin,87.8
2026-07-21T16:11:01+00:00,KMDW,Chicago,82.4
2026-07-21T16:11:01+00:00,KSFO,San Francisco,69.8
2026-07-21T16:11:01+00:00,KPHX,Phoenix,87.8
2026-07-21T16:11:01+00:00,KDCA,Washington DC,84.2
2026-07-21T16:11:01+00:00,KATL,Atlanta,82.4
2026-07-21T16:11:01+00:00,KDFW,Dallas,96.8
2026-07-21T16:11:01+00:00,KSEA,Seattle,73.4
2026-07-21T16:11:01+00:00,KLAS,Las Vegas,95.0
2026-07-21T16:11:01+00:00,KOKC,Oklahoma City,95.0
2026-07-21T16:11:01+00:00,KBOS,Boston,78.8
2026-07-21T16:11:01+00:00,KMSP,Minneapolis,71.6
2026-07-21T16:11:01+00:00,KSAT,San Antonio,84.2
2026-07-21T16:11:01+00:00,KMSY,New Orleans,87.8
2026-07-21T16:11:01+00:00,KHOU,Houston,87.8
2026-07-21T17:41:50+00:00,KNYC,New York City,79.0
2026-07-21T17:41:50+00:00,KMIA,Miami,91.4
2026-07-21T17:41:50+00:00,KDEN,Denver,78.1
2026-07-21T17:41:50+00:00,KLAX,Los Angeles,80.6
2026-07-21T17:41:50+00:00,KPHL,Philadelphia,82.4
2026-07-21T17:41:50+00:00,KAUS,Austin,91.4
2026-07-21T17:41:50+00:00,KMDW,Chicago,84.2
2026-07-21T17:41:50+00:00,KSFO,San Francisco,71.6
2026-07-21T17:41:50+00:00,KPHX,Phoenix,91.4
2026-07-21T17:41:50+00:00,KDCA,Washington DC,89.6
2026-07-21T17:41:50+00:00,KATL,Atlanta,84.2
2026-07-21T17:41:50+00:00,KDFW,Dallas,100.4
2026-07-21T17:41:50+00:00,KSEA,Seattle,73.4
2026-07-21T17:41:50+00:00,KLAS,Las Vegas,98.6
2026-07-21T17:41:50+00:00,KOKC,Oklahoma City,100.4
2026-07-21T17:41:50+00:00,KBOS,Boston,78.8
2026-07-21T17:41:50+00:00,KMSP,Minneapolis,77.0
2026-07-21T17:41:50+00:00,KSAT,San Antonio,87.8
2026-07-21T17:41:50+00:00,KMSY,New Orleans,89.6
2026-07-21T17:41:50+00:00,KHOU,Houston,89.6
2026-07-21T18:53:23+00:00,KNYC,New York City,77.0
2026-07-21T18:53:23+00:00,KMIA,Miami,89.6
2026-07-21T18:53:23+00:00,KDEN,Denver,82.0
2026-07-21T18:53:23+00:00,KLAX,Los Angeles,80.6
2026-07-21T18:53:23+00:00,KPHL,Philadelphia,86.0
2026-07-21T18:53:23+00:00,KAUS,Austin,96.8
2026-07-21T18:53:23+00:00,KMDW,Chicago,84.2
2026-07-21T18:53:23+00:00,KSFO,San Francisco,77.0
2026-07-21T18:53:23+00:00,KPHX,Phoenix,95.0
2026-07-21T18:53:23+00:00,KDCA,Washington DC,89.6
2026-07-21T18:53:23+00:00,KATL,Atlanta,87.8
2026-07-21T18:53:23+00:00,KDFW,Dallas,102.2
2026-07-21T18:53:23+00:00,KSEA,Seattle,78.8
2026-07-21T18:53:23+00:00,KLAS,Las Vegas,100.4
2026-07-21T18:53:23+00:00,KOKC,Oklahoma City,100.4
2026-07-21T18:53:23+00:00,KBOS,Boston,75.2
2026-07-21T18:53:23+00:00,KMSP,Minneapolis,77.0
2026-07-21T18:53:23+00:00,KSAT,San Antonio,91.4
2026-07-21T18:53:23+00:00,KMSY,New Orleans,91.4
2026-07-21T18:53:23+00:00,KHOU,Houston,93.2
2026-07-21T20:09:11+00:00,KNYC,New York City,77.0
2026-07-21T20:09:11+00:00,KMIA,Miami,91.4
2026-07-21T20:09:11+00:00,KDEN,Denver,84.9
2026-07-21T20:09:11+00:00,KLAX,Los Angeles,78.8
2026-07-21T20:09:11+00:00,KPHL,Philadelphia,87.8
2026-07-21T20:09:11+00:00,KAUS,Austin,98.6
2026-07-21T20:09:11+00:00,KMDW,Chicago,84.2
2026-07-21T20:09:11+00:00,KSFO,San Francisco,78.8
2026-07-21T20:09:11+00:00,KPHX,Phoenix,96.8
2026-07-21T20:09:11+00:00,KDCA,Washington DC,91.4
2026-07-21T20:09:11+00:00,KATL,Atlanta,87.8
2026-07-21T20:09:11+00:00,KDFW,Dallas,102.2
2026-07-21T20:09:11+00:00,KSEA,Seattle,82.4
2026-07-21T20:09:11+00:00,KLAS,Las Vegas,100.4
2026-07-21T20:09:11+00:00,KOKC,Oklahoma City,102.2
2026-07-21T20:09:11+00:00,KBOS,Boston,71.6
2026-07-21T20:09:11+00:00,KMSP,Minneapolis,77.0
2026-07-21T20:09:11+00:00,KSAT,San Antonio,96.8
2026-07-21T20:09:11+00:00,KMSY,New Orleans,95.0
2026-07-21T20:09:11+00:00,KHOU,Houston,96.8
2026-07-21T21:30:55+00:00,KNYC,New York City,
2026-07-21T21:30:55+00:00,KMIA,Miami,89.6
2026-07-21T21:30:55+00:00,KDEN,Denver,89.1
2026-07-21T21:30:55+00:00,KLAX,Los Angeles,78.8
2026-07-21T21:30:55+00:00,KPHL,Philadelphia,
2026-07-21T21:30:55+00:00,KAUS,Austin,100.4
2026-07-21T21:30:55+00:00,KMDW,Chicago,84.2
2026-07-21T21:30:55+00:00,KSFO,San Francisco,
2026-07-21T21:30:55+00:00,KPHX,Phoenix,96.8
2026-07-21T21:30:55+00:00,KDCA,Washington DC,80.6
2026-07-21T21:30:55+00:00,KATL,Atlanta,86.0
2026-07-21T21:30:55+00:00,KDFW,Dallas,102.2
2026-07-21T21:30:55+00:00,KSEA,Seattle,86.0
2026-07-21T21:30:55+00:00,KLAS,Las Vegas,102.2
2026-07-21T21:30:55+00:00,KOKC,Oklahoma City,102.2
2026-07-21T21:30:55+00:00,KBOS,Boston,66.2
2026-07-21T21:30:55+00:00,KMSP,Minneapolis,78.8
2026-07-21T21:30:55+00:00,KSAT,San Antonio,98.6
2026-07-21T21:30:55+00:00,KMSY,New Orleans,95.0
2026-07-21T21:30:55+00:00,KHOU,Houston,96.8
2026-07-21T22:32:46+00:00,KNYC,New York City,72.0
2026-07-21T22:32:46+00:00,KMIA,Miami,89.6
2026-07-21T22:32:46+00:00,KDEN,Denver,91.9
2026-07-21T22:32:46+00:00,KLAX,Los Angeles,80.6
2026-07-21T22:32:46+00:00,KPHL,Philadelphia,73.4
2026-07-21T22:32:46+00:00,KAUS,Austin,100.4
2026-07-21T22:32:46+00:00,KMDW,Chicago,84.2
2026-07-21T22:32:46+00:00,KSFO,San Francisco,
2026-07-21T22:32:46+00:00,KPHX,Phoenix,98.6
2026-07-21T22:32:46+00:00,KDCA,Washington DC,80.6
2026-07-21T22:32:46+00:00,KATL,Atlanta,87.8
2026-07-21T22:32:46+00:00,KDFW,Dallas,105.8
2026-07-21T22:32:46+00:00,KSEA,Seattle,89.6
2026-07-21T22:32:46+00:00,KLAS,Las Vegas,102.2
2026-07-21T22:32:46+00:00,KOKC,Oklahoma City,102.2
2026-07-21T22:32:46+00:00,KBOS,Boston,64.4
2026-07-21T22:32:46+00:00,KMSP,Minneapolis,78.8
2026-07-21T22:32:46+00:00,KSAT,San Antonio,98.6
2026-07-21T22:32:46+00:00,KMSY,New Orleans,89.6
2026-07-21T22:32:46+00:00,KHOU,Houston,98.6
2026-07-21T23:36:49+00:00,KNYC,New York City,73.0
2026-07-21T23:36:49+00:00,KMIA,Miami,87.8
2026-07-21T23:36:49+00:00,KDEN,Denver,93.9
2026-07-21T23:36:49+00:00,KLAX,Los Angeles,78.8
2026-07-21T23:36:49+00:00,KPHL,Philadelphia,73.4
2026-07-21T23:36:49+00:00,KAUS,Austin,100.4
2026-07-21T23:36:49+00:00,KMDW,Chicago,82.4
2026-07-21T23:36:49+00:00,KSFO,San Francisco,
2026-07-21T23:36:49+00:00,KPHX,Phoenix,100.4
2026-07-21T23:36:49+00:00,KDCA,Washington DC,78.8
2026-07-21T23:36:49+00:00,KATL,Atlanta,87.8
2026-07-21T23:36:49+00:00,KDFW,Dallas,104.0
2026-07-21T23:36:49+00:00,KSEA,Seattle,91.4
2026-07-21T23:36:49+00:00,KLAS,Las Vegas,100.4
2026-07-21T23:36:49+00:00,KOKC,Oklahoma City,102.2
2026-07-21T23:36:49+00:00,KBOS,Boston,64.4
2026-07-21T23:36:49+00:00,KMSP,Minneapolis,75.2
2026-07-21T23:36:49+00:00,KSAT,San Antonio,98.6
2026-07-21T23:36:49+00:00,KMSY,New Orleans,87.8
2026-07-21T23:36:49+00:00,KHOU,Houston,96.8
2026-07-22T01:03:40+00:00,KNYC,New York City,
2026-07-22T01:03:40+00:00,KMIA,Miami,84.2
2026-07-22T01:03:40+00:00,KDEN,Denver,93.0
2026-07-22T01:03:40+00:00,KLAX,Los Angeles,77.0
2026-07-22T01:03:40+00:00,KPHL,Philadelphia,73.4
2026-07-22T01:03:40+00:00,KAUS,Austin,96.8
2026-07-22T01:03:40+00:00,KMDW,Chicago,80.6
2026-07-22T01:03:40+00:00,KSFO,San Francisco,89.6
2026-07-22T01:03:40+00:00,KPHX,Phoenix,100.4
2026-07-22T01:03:40+00:00,KDCA,Washington DC,77.0
2026-07-22T01:03:40+00:00,KATL,Atlanta,84.2
2026-07-22T01:03:40+00:00,KDFW,Dallas,100.4
2026-07-22T01:03:40+00:00,KSEA,Seattle,93.2
2026-07-22T01:03:40+00:00,KLAS,Las Vegas,100.4
2026-07-22T01:03:40+00:00,KOKC,Oklahoma City,98.6
2026-07-22T01:03:40+00:00,KBOS,Boston,71.6
2026-07-22T01:03:40+00:00,KMSP,Minneapolis,75.2
2026-07-22T01:03:40+00:00,KSAT,San Antonio,93.2
2026-07-22T01:03:40+00:00,KMSY,New Orleans,82.4
2026-07-22T01:03:40+00:00,KHOU,Houston,93.2
2026-07-22T04:29:43+00:00,KNYC,New York City,72.0
2026-07-22T04:29:43+00:00,KMIA,Miami,84.2
2026-07-22T04:29:43+00:00,KDEN,Denver,82.9
2026-07-22T04:29:43+00:00,KLAX,Los Angeles,75.2
2026-07-22T04:29:43+00:00,KPHL,Philadelphia,75.2
2026-07-22T04:29:43+00:00,KAUS,Austin,80.6
2026-07-22T04:29:43+00:00,KMDW,Chicago,69.8
2026-07-22T04:29:43+00:00,KSFO,San Francisco,73.4
2026-07-22T04:29:43+00:00,KPHX,Phoenix,95.0
2026-07-22T04:29:43+00:00,KDCA,Washington DC,73.4
2026-07-22T04:29:43+00:00,KATL,Atlanta,80.6
2026-07-22T04:29:43+00:00,KDFW,Dallas,93.2
2026-07-22T04:29:43+00:00,KSEA,Seattle,80.6
2026-07-22T04:29:43+00:00,KLAS,Las Vegas,93.2
2026-07-22T04:29:43+00:00,KOKC,Oklahoma City,87.8
2026-07-22T04:29:43+00:00,KBOS,Boston,71.6
2026-07-22T04:29:43+00:00,KMSP,Minneapolis,66.2
2026-07-22T04:29:43+00:00,KSAT,San Antonio,84.2
2026-07-22T04:29:43+00:00,KMSY,New Orleans,86.0
2026-07-22T04:29:43+00:00,KHOU,Houston,86.0
2026-07-22T07:10:06+00:00,KNYC,New York City,73.9
2026-07-22T07:10:06+00:00,KMIA,Miami,82.4
2026-07-22T07:10:06+00:00,KDEN,Denver,79.0
2026-07-22T07:10:06+00:00,KLAX,Los Angeles,71.6
2026-07-22T07:10:06+00:00,KPHL,Philadelphia,75.2
2026-07-22T07:10:06+00:00,KAUS,Austin,80.6
2026-07-22T07:10:06+00:00,KMDW,Chicago,66.2
2026-07-22T07:10:06+00:00,KSFO,San Francisco,71.6
2026-07-22T07:10:06+00:00,KPHX,Phoenix,87.8
2026-07-22T07:10:06+00:00,KDCA,Washington DC,73.4
2026-07-22T07:10:06+00:00,KATL,Atlanta,77.0
2026-07-22T07:10:06+00:00,KDFW,Dallas,89.6
2026-07-22T07:10:06+00:00,KSEA,Seattle,75.9
2026-07-22T07:10:06+00:00,KLAS,Las Vegas,91.4
2026-07-22T07:10:06+00:00,KOKC,Oklahoma City,86.0
2026-07-22T07:10:06+00:00,KBOS,Boston,73.4
2026-07-22T07:10:06+00:00,KMSP,Minneapolis,62.6
2026-07-22T07:10:06+00:00,KSAT,San Antonio,82.4
2026-07-22T07:10:06+00:00,KMSY,New Orleans,82.4
2026-07-22T07:10:06+00:00,KHOU,Houston,82.4
2026-07-22T09:35:58+00:00,KNYC,New York City,73.0
2026-07-22T09:35:58+00:00,KMIA,Miami,82.4
2026-07-22T09:35:58+00:00,KDEN,Denver,68.0
2026-07-22T09:35:58+00:00,KLAX,Los Angeles,69.8
2026-07-22T09:35:58+00:00,KPHL,Philadelphia,73.4
2026-07-22T09:35:58+00:00,KAUS,Austin,78.8
2026-07-22T09:35:58+00:00,KMDW,Chicago,66.2
2026-07-22T09:35:58+00:00,KSFO,San Francisco,69.8
2026-07-22T09:35:58+00:00,KPHX,Phoenix,86.0
2026-07-22T09:35:58+00:00,KDCA,Washington DC,73.4
2026-07-22T09:35:58+00:00,KATL,Atlanta,77.0
2026-07-22T09:35:58+00:00,KDFW,Dallas,87.8
2026-07-22T09:35:58+00:00,KSEA,Seattle,73.9
2026-07-22T09:35:58+00:00,KLAS,Las Vegas,89.6
2026-07-22T09:35:58+00:00,KOKC,Oklahoma City,82.4
2026-07-22T09:35:58+00:00,KBOS,Boston,71.6
2026-07-22T09:35:58+00:00,KMSP,Minneapolis,62.6
2026-07-22T09:35:58+00:00,KSAT,San Antonio,78.8
2026-07-22T09:35:58+00:00,KMSY,New Orleans,80.6
2026-07-22T09:35:58+00:00,KHOU,Houston,80.6
2026-07-22T11:27:57+00:00,KNYC,New York City,73.0
2026-07-22T11:27:57+00:00,KMIA,Miami,84.2
2026-07-22T11:27:57+00:00,KDEN,Denver,68.0
2026-07-22T11:27:57+00:00,KLAX,Los Angeles,69.8
2026-07-22T11:27:57+00:00,KPHL,Philadelphia,75.2
2026-07-22T11:27:57+00:00,KAUS,Austin,75.2
2026-07-22T11:27:57+00:00,KMDW,Chicago,64.4
2026-07-22T11:27:57+00:00,KSFO,San Francisco,66.2
2026-07-22T11:27:57+00:00,KPHX,Phoenix,84.2
2026-07-22T11:27:57+00:00,KDCA,Washington DC,75.2
2026-07-22T11:27:57+00:00,KATL,Atlanta,77.0
2026-07-22T11:27:57+00:00,KDFW,Dallas,87.8
2026-07-22T11:27:57+00:00,KSEA,Seattle,73.0
2026-07-22T11:27:57+00:00,KLAS,Las Vegas,87.8
2026-07-22T11:27:57+00:00,KOKC,Oklahoma City,78.8
2026-07-22T11:27:57+00:00,KBOS,Boston,73.4
2026-07-22T11:27:57+00:00,KMSP,Minneapolis,62.6
2026-07-22T11:27:57+00:00,KSAT,San Antonio,78.8
2026-07-22T11:27:57+00:00,KMSY,New Orleans,80.6
2026-07-22T11:27:57+00:00,KHOU,Houston,80.6
2026-07-22T12:55:03+00:00,KNYC,New York City,73.9
2026-07-22T12:55:03+00:00,KMIA,Miami,86.0
2026-07-22T12:55:03+00:00,KDEN,Denver,69.1
2026-07-22T12:55:03+00:00,KLAX,Los Angeles,69.8
2026-07-22T12:55:03+00:00,KPHL,Philadelphia,78.8
2026-07-22T12:55:03+00:00,KAUS,Austin,78.8
2026-07-22T12:55:03+00:00,KMDW,Chicago,64.4
2026-07-22T12:55:03+00:00,KSFO,San Francisco,66.2
2026-07-22T12:55:03+00:00,KPHX,Phoenix,86.0
2026-07-22T12:55:03+00:00,KDCA,Washington DC,78.8
2026-07-22T12:55:03+00:00,KATL,Atlanta,78.8
2026-07-22T12:55:03+00:00,KDFW,Dallas,86.0
2026-07-22T12:55:03+00:00,KSEA,Seattle,69.1
2026-07-22T12:55:03+00:00,KLAS,Las Vegas,86.0
2026-07-22T12:55:03+00:00,KOKC,Oklahoma City,78.8
2026-07-22T12:55:03+00:00,KBOS,Boston,75.2
2026-07-22T12:55:03+00:00,KMSP,Minneapolis,62.6
2026-07-22T12:55:03+00:00,KSAT,San Antonio,77.0
2026-07-22T12:55:03+00:00,KMSY,New Orleans,80.6
2026-07-22T12:55:03+00:00,KHOU,Houston,80.6
2026-07-22T14:50:53+00:00,KNYC,New York City,75.9
2026-07-22T14:50:53+00:00,KMIA,Miami,87.8
2026-07-22T14:50:53+00:00,KDEN,Denver,73.9
2026-07-22T14:50:53+00:00,KLAX,Los Angeles,69.8
2026-07-22T14:50:53+00:00,KPHL,Philadelphia,82.4
2026-07-22T14:50:53+00:00,KAUS,Austin,91.4
2026-07-22T14:50:53+00:00,KMDW,Chicago,68.0
2026-07-22T14:50:53+00:00,KSFO,San Francisco,66.2
2026-07-22T14:50:53+00:00,KPHX,Phoenix,87.8
2026-07-22T14:50:53+00:00,KDCA,Washington DC,86.0
2026-07-22T14:50:53+00:00,KATL,Atlanta,82.4
2026-07-22T14:50:53+00:00,KDFW,Dallas,93.2
2026-07-22T14:50:53+00:00,KSEA,Seattle,66.9
2026-07-22T14:50:53+00:00,KLAS,Las Vegas,89.6
2026-07-22T14:50:53+00:00,KOKC,Oklahoma City,82.4
2026-07-22T14:50:53+00:00,KBOS,Boston,80.6
2026-07-22T14:50:53+00:00,KMSP,Minneapolis,64.4
2026-07-22T14:50:53+00:00,KSAT,San Antonio,87.8
2026-07-22T14:50:53+00:00,KMSY,New Orleans,84.2
2026-07-22T14:50:53+00:00,KHOU,Houston,87.8
2026-07-22T16:10:38+00:00,KNYC,New York City,79.0
2026-07-22T16:10:38+00:00,KMIA,Miami,89.6
2026-07-22T16:10:38+00:00,KDEN,Denver,78.1
2026-07-22T16:10:38+00:00,KLAX,Los Angeles,69.8
2026-07-22T16:10:38+00:00,KPHL,Philadelphia,86.0
2026-07-22T16:10:38+00:00,KAUS,Austin,95.0
2026-07-22T16:10:38+00:00,KMDW,Chicago,68.0
2026-07-22T16:10:38+00:00,KSFO,San Francisco,69.8
2026-07-22T16:10:38+00:00,KPHX,Phoenix,89.6
2026-07-22T16:10:38+00:00,KDCA,Washington DC,87.8
2026-07-22T16:10:38+00:00,KATL,Atlanta,82.4
2026-07-22T16:10:38+00:00,KDFW,Dallas,98.6
2026-07-22T16:10:38+00:00,KSEA,Seattle,73.9
2026-07-22T16:10:38+00:00,KLAS,Las Vegas,93.2
2026-07-22T16:10:38+00:00,KOKC,Oklahoma City,87.8
2026-07-22T16:10:38+00:00,KBOS,Boston,80.6
2026-07-22T16:10:38+00:00,KMSP,Minneapolis,68.0
2026-07-22T16:10:38+00:00,KSAT,San Antonio,91.4
2026-07-22T16:10:38+00:00,KMSY,New Orleans,86.0
2026-07-22T16:10:38+00:00,KHOU,Houston,91.4
2026-07-22T17:38:48+00:00,KNYC,New York City,84.0
2026-07-22T17:38:48+00:00,KMIA,Miami,91.4
2026-07-22T17:38:48+00:00,KDEN,Denver,84.0
2026-07-22T17:38:48+00:00,KLAX,Los Angeles,73.4
2026-07-22T17:38:48+00:00,KPHL,Philadelphia,87.8
2026-07-22T17:38:48+00:00,KAUS,Austin,98.6
2026-07-22T17:38:48+00:00,KMDW,Chicago,69.8
2026-07-22T17:38:48+00:00,KSFO,San Francisco,68.0
2026-07-22T17:38:48+00:00,KPHX,Phoenix,95.0
2026-07-22T17:38:48+00:00,KDCA,Washington DC,89.6
2026-07-22T17:38:48+00:00,KATL,Atlanta,86.0
2026-07-22T17:38:48+00:00,KDFW,Dallas,100.4
2026-07-22T17:38:48+00:00,KSEA,Seattle,81.0
2026-07-22T17:38:48+00:00,KLAS,Las Vegas,96.8
2026-07-22T17:38:48+00:00,KOKC,Oklahoma City,89.6
2026-07-22T17:38:48+00:00,KBOS,Boston,84.2
2026-07-22T17:38:48+00:00,KMSP,Minneapolis,68.0
2026-07-22T17:38:48+00:00,KSAT,San Antonio,96.8
2026-07-22T17:38:48+00:00,KMSY,New Orleans,87.8
2026-07-22T17:38:48+00:00,KHOU,Houston,95.0
2026-07-22T18:45:14+00:00,KNYC,New York City,84.9
2026-07-22T18:45:14+00:00,KMIA,Miami,91.4
2026-07-22T18:45:14+00:00,KDEN,Denver,87.1
2026-07-22T18:45:14+00:00,KLAX,Los Angeles,73.4
2026-07-22T18:45:14+00:00,KPHL,Philadelphia,87.8
2026-07-22T18:45:14+00:00,KAUS,Austin,100.4
2026-07-22T18:45:14+00:00,KMDW,Chicago,71.6
2026-07-22T18:45:14+00:00,KSFO,San Francisco,71.6
2026-07-22T18:45:14+00:00,KPHX,Phoenix,98.6
2026-07-22T18:45:14+00:00,KDCA,Washington DC,91.4
2026-07-22T18:45:14+00:00,KATL,Atlanta,87.8
2026-07-22T18:45:14+00:00,KDFW,Dallas,102.2
2026-07-22T18:45:14+00:00,KSEA,Seattle,84.0
2026-07-22T18:45:14+00:00,KLAS,Las Vegas,98.6
2026-07-22T18:45:14+00:00,KOKC,Oklahoma City,91.4
2026-07-22T18:45:14+00:00,KBOS,Boston,84.2
2026-07-22T18:45:14+00:00,KMSP,Minneapolis,71.6
2026-07-22T18:45:14+00:00,KSAT,San Antonio,98.6
2026-07-22T18:45:14+00:00,KMSY,New Orleans,87.8
2026-07-22T18:45:14+00:00,KHOU,Houston,98.6
2026-07-22T20:03:46+00:00,KNYC,New York City,84.9
2026-07-22T20:03:46+00:00,KMIA,Miami,91.4
2026-07-22T20:03:46+00:00,KDEN,Denver,88.0
2026-07-22T20:03:46+00:00,KLAX,Los Angeles,75.2
2026-07-22T20:03:46+00:00,KPHL,Philadelphia,89.6
2026-07-22T20:03:46+00:00,KAUS,Austin,102.2
2026-07-22T20:03:46+00:00,KMDW,Chicago,71.6
2026-07-22T20:03:46+00:00,KSFO,San Francisco,71.6
2026-07-22T20:03:46+00:00,KPHX,Phoenix,100.4
2026-07-22T20:03:46+00:00,KDCA,Washington DC,91.4
2026-07-22T20:03:46+00:00,KATL,Atlanta,87.8
2026-07-22T20:03:46+00:00,KDFW,Dallas,105.8
2026-07-22T20:03:46+00:00,KSEA,Seattle,86.0
2026-07-22T20:03:46+00:00,KLAS,Las Vegas,100.4
2026-07-22T20:03:46+00:00,KOKC,Oklahoma City,93.2
2026-07-22T20:03:46+00:00,KBOS,Boston,84.2
2026-07-22T20:03:46+00:00,KMSP,Minneapolis,71.6
2026-07-22T20:03:46+00:00,KSAT,San Antonio,98.6
2026-07-22T20:03:46+00:00,KMSY,New Orleans,86.0
2026-07-22T20:03:46+00:00,KHOU,Houston,100.4
2026-07-22T21:19:41+00:00,KNYC,New York City,84.9
2026-07-22T21:19:41+00:00,KMIA,Miami,89.6
2026-07-22T21:19:41+00:00,KDEN,Denver,93.0
2026-07-22T21:19:41+00:00,KLAX,Los Angeles,75.2
2026-07-22T21:19:41+00:00,KPHL,Philadelphia,89.6
2026-07-22T21:19:41+00:00,KAUS,Austin,102.2
2026-07-22T21:19:41+00:00,KMDW,Chicago,71.6
2026-07-22T21:19:41+00:00,KSFO,San Francisco,73.4
2026-07-22T21:19:41+00:00,KPHX,Phoenix,100.4
2026-07-22T21:19:41+00:00,KDCA,Washington DC,89.6
2026-07-22T21:19:41+00:00,KATL,Atlanta,80.6
2026-07-22T21:19:41+00:00,KDFW,Dallas,105.8
2026-07-22T21:19:41+00:00,KSEA,Seattle,89.1
2026-07-22T21:19:41+00:00,KLAS,Las Vegas,104.0
2026-07-22T21:19:41+00:00,KOKC,Oklahoma City,93.2
2026-07-22T21:19:41+00:00,KBOS,Boston,
2026-07-22T21:19:41+00:00,KMSP,Minneapolis,71.6
2026-07-22T21:19:41+00:00,KSAT,San Antonio,98.6
2026-07-22T21:19:41+00:00,KMSY,New Orleans,84.2
2026-07-22T21:19:41+00:00,KHOU,Houston,100.4
2026-07-22T22:29:58+00:00,KNYC,New York City,82.9
2026-07-22T22:29:58+00:00,KMIA,Miami,89.6
2026-07-22T22:29:58+00:00,KDEN,Denver,91.0
2026-07-22T22:29:58+00:00,KLAX,Los Angeles,75.2
2026-07-22T22:29:58+00:00,KPHL,Philadelphia,89.6
2026-07-22T22:29:58+00:00,KAUS,Austin,102.2
2026-07-22T22:29:58+00:00,KMDW,Chicago,71.6
2026-07-22T22:29:58+00:00,KSFO,San Francisco,71.6
2026-07-22T22:29:58+00:00,KPHX,Phoenix,102.2
2026-07-22T22:29:58+00:00,KDCA,Washington DC,89.6
2026-07-22T22:29:58+00:00,KATL,Atlanta,86.0
2026-07-22T22:29:58+00:00,KDFW,Dallas,102.2
2026-07-22T22:29:58+00:00,KSEA,Seattle,90.0
2026-07-22T22:29:58+00:00,KLAS,Las Vegas,105.8
2026-07-22T22:29:58+00:00,KOKC,Oklahoma City,93.2
2026-07-22T22:29:58+00:00,KBOS,Boston,73.4
2026-07-22T22:29:58+00:00,KMSP,Minneapolis,71.6
2026-07-22T22:29:58+00:00,KSAT,San Antonio,100.4
2026-07-22T22:29:58+00:00,KMSY,New Orleans,84.2
2026-07-22T22:29:58+00:00,KHOU,Houston,100.4
2026-07-22T23:29:35+00:00,KNYC,New York City,82.9
2026-07-22T23:29:35+00:00,KMIA,Miami,87.8
2026-07-22T23:29:35+00:00,KDEN,Denver,
2026-07-22T23:29:35+00:00,KLAX,Los Angeles,77.0
2026-07-22T23:29:35+00:00,KPHL,Philadelphia,87.8
2026-07-22T23:29:35+00:00,KAUS,Austin,102.2
2026-07-22T23:29:35+00:00,KMDW,Chicago,71.6
2026-07-22T23:29:35+00:00,KSFO,San Francisco,71.6
2026-07-22T23:29:35+00:00,KPHX,Phoenix,102.2
2026-07-22T23:29:35+00:00,KDCA,Washington DC,87.8
2026-07-22T23:29:35+00:00,KATL,Atlanta,86.0
2026-07-22T23:29:35+00:00,KDFW,Dallas,102.2
2026-07-22T23:29:35+00:00,KSEA,Seattle,93.0
2026-07-22T23:29:35+00:00,KLAS,Las Vegas,105.8
2026-07-22T23:29:35+00:00,KOKC,Oklahoma City,93.2
2026-07-22T23:29:35+00:00,KBOS,Boston,75.2
2026-07-22T23:29:35+00:00,KMSP,Minneapolis,73.4
2026-07-22T23:29:35+00:00,KSAT,San Antonio,98.6
2026-07-22T23:29:35+00:00,KMSY,New Orleans,84.2
2026-07-22T23:29:35+00:00,KHOU,Houston,100.4
2026-07-23T01:00:24+00:00,KNYC,New York City,80.1
2026-07-23T01:00:24+00:00,KMIA,Miami,86.0
2026-07-23T01:00:24+00:00,KDEN,Denver,73.0
2026-07-23T01:00:24+00:00,KLAX,Los Angeles,75.2
2026-07-23T01:00:24+00:00,KPHL,Philadelphia,82.4
2026-07-23T01:00:24+00:00,KAUS,Austin,100.4
2026-07-23T01:00:24+00:00,KMDW,Chicago,69.8
2026-07-23T01:00:24+00:00,KSFO,San Francisco,69.8
2026-07-23T01:00:24+00:00,KPHX,Phoenix,104.0
2026-07-23T01:00:24+00:00,KDCA,Washington DC,84.2
2026-07-23T01:00:24+00:00,KATL,Atlanta,78.8
2026-07-23T01:00:24+00:00,KDFW,Dallas,98.6
2026-07-23T01:00:24+00:00,KSEA,Seattle,91.9
2026-07-23T01:00:24+00:00,KLAS,Las Vegas,107.6
2026-07-23T01:00:24+00:00,KOKC,Oklahoma City,89.6
2026-07-23T01:00:24+00:00,KBOS,Boston,78.8
2026-07-23T01:00:24+00:00,KMSP,Minneapolis,71.6
2026-07-23T01:00:24+00:00,KSAT,San Antonio,96.8
2026-07-23T01:00:24+00:00,KMSY,New Orleans,84.2
2026-07-23T01:00:24+00:00,KHOU,Houston,100.4
2026-07-23T04:28:42+00:00,KNYC,New York City,73.0
2026-07-23T04:28:42+00:00,KMIA,Miami,84.2
2026-07-23T04:28:42+00:00,KDEN,Denver,70.0
2026-07-23T04:28:42+00:00,KLAX,Los Angeles,71.6
2026-07-23T04:28:42+00:00,KPHL,Philadelphia,75.2
2026-07-23T04:28:42+00:00,KAUS,Austin,84.2
2026-07-23T04:28:42+00:00,KMDW,Chicago,66.2
2026-07-23T04:28:42+00:00,KSFO,San Francisco,62.6
2026-07-23T04:28:42+00:00,KPHX,Phoenix,102.2
2026-07-23T04:28:42+00:00,KDCA,Washington DC,75.2
2026-07-23T04:28:42+00:00,KATL,Atlanta,77.0
2026-07-23T04:28:42+00:00,KDFW,Dallas,91.4
2026-07-23T04:28:42+00:00,KSEA,Seattle,77.0
2026-07-23T04:28:42+00:00,KLAS,Las Vegas,102.2
2026-07-23T04:28:42+00:00,KOKC,Oklahoma City,80.6
2026-07-23T04:28:42+00:00,KBOS,Boston,69.8
2026-07-23T04:28:42+00:00,KMSP,Minneapolis,66.2
2026-07-23T04:28:42+00:00,KSAT,San Antonio,89.6
2026-07-23T04:28:42+00:00,KMSY,New Orleans,80.6
2026-07-23T04:28:42+00:00,KHOU,Houston,87.8
2026-07-23T07:04:00+00:00,KNYC,New York City,71.1
2026-07-23T07:04:00+00:00,KMIA,Miami,84.2
2026-07-23T07:04:00+00:00,KDEN,Denver,69.1
2026-07-23T07:04:00+00:00,KLAX,Los Angeles,69.8
2026-07-23T07:04:00+00:00,KPHL,Philadelphia,73.4
2026-07-23T07:04:00+00:00,KAUS,Austin,84.2
2026-07-23T07:04:00+00:00,KMDW,Chicago,62.6
2026-07-23T07:04:00+00:00,KSFO,San Francisco,62.6
2026-07-23T07:04:00+00:00,KPHX,Phoenix,98.6
2026-07-23T07:04:00+00:00,KDCA,Washington DC,73.4
2026-07-23T07:04:00+00:00,KATL,Atlanta,75.2
2026-07-23T07:04:00+00:00,KDFW,Dallas,87.8
2026-07-23T07:04:00+00:00,KSEA,Seattle,69.1
2026-07-23T07:04:00+00:00,KLAS,Las Vegas,98.6
2026-07-23T07:04:00+00:00,KOKC,Oklahoma City,78.8
2026-07-23T07:04:00+00:00,KBOS,Boston,68.0
2026-07-23T07:04:00+00:00,KMSP,Minneapolis,64.4
2026-07-23T07:04:00+00:00,KSAT,San Antonio,86.0
2026-07-23T07:04:00+00:00,KMSY,New Orleans,80.6
2026-07-23T07:04:00+00:00,KHOU,Houston,89.6
2026-07-23T09:32:19+00:00,KNYC,New York City,66.0
2026-07-23T09:32:19+00:00,KMIA,Miami,82.4
2026-07-23T09:32:19+00:00,KDEN,Denver,68.0
2026-07-23T09:32:19+00:00,KLAX,Los Angeles,69.8
2026-07-23T09:32:19+00:00,KPHL,Philadelphia,69.8
2026-07-23T09:32:19+00:00,KAUS,Austin,84.2
2026-07-23T09:32:19+00:00,KMDW,Chicago,60.8
2026-07-23T09:32:19+00:00,KSFO,San Francisco,60.8
2026-07-23T09:32:19+00:00,KPHX,Phoenix,93.2
2026-07-23T09:32:19+00:00,KDCA,Washington DC,69.8
2026-07-23T09:32:19+00:00,KATL,Atlanta,75.2
2026-07-23T09:32:19+00:00,KDFW,Dallas,84.2
2026-07-23T09:32:19+00:00,KSEA,Seattle,64.9
2026-07-23T09:32:19+00:00,KLAS,Las Vegas,93.2
2026-07-23T09:32:19+00:00,KOKC,Oklahoma City,73.4
2026-07-23T09:32:19+00:00,KBOS,Boston,64.4
2026-07-23T09:32:19+00:00,KMSP,Minneapolis,60.8
2026-07-23T09:32:19+00:00,KSAT,San Antonio,84.2
2026-07-23T09:32:19+00:00,KMSY,New Orleans,82.4
2026-07-23T09:32:19+00:00,KHOU,Houston,86.0
2026-07-23T11:29:00+00:00,KNYC,New York City,64.9
2026-07-23T11:29:00+00:00,KMIA,Miami,84.2
2026-07-23T11:29:00+00:00,KDEN,Denver,66.0
2026-07-23T11:29:00+00:00,KLAX,Los Angeles,69.8
2026-07-23T11:29:00+00:00,KPHL,Philadelphia,68.0
2026-07-23T11:29:00+00:00,KAUS,Austin,82.4
2026-07-23T11:29:00+00:00,KMDW,Chicago,59.0
2026-07-23T11:29:00+00:00,KSFO,San Francisco,60.8
2026-07-23T11:29:00+00:00,KPHX,Phoenix,93.2
2026-07-23T11:29:00+00:00,KDCA,Washington DC,68.0
2026-07-23T11:29:00+00:00,KATL,Atlanta,75.2
2026-07-23T11:29:00+00:00,KDFW,Dallas,82.4
2026-07-23T11:29:00+00:00,KSEA,Seattle,61.0
2026-07-23T11:29:00+00:00,KLAS,Las Vegas,91.4
2026-07-23T11:29:00+00:00,KOKC,Oklahoma City,73.4
2026-07-23T11:29:00+00:00,KBOS,Boston,64.4
2026-07-23T11:29:00+00:00,KMSP,Minneapolis,59.0
2026-07-23T11:29:00+00:00,KSAT,San Antonio,84.2
2026-07-23T11:29:00+00:00,KMSY,New Orleans,80.6
2026-07-23T11:29:00+00:00,KHOU,Houston,84.2
2026-07-23T12:58:10+00:00,KNYC,New York City,66.0
2026-07-23T12:58:10+00:00,KMIA,Miami,86.0
2026-07-23T12:58:10+00:00,KDEN,Denver,66.9
2026-07-23T12:58:10+00:00,KLAX,Los Angeles,69.8
2026-07-23T12:58:10+00:00,KPHL,Philadelphia,71.6
2026-07-23T12:58:10+00:00,KAUS,Austin,82.4
2026-07-23T12:58:10+00:00,KMDW,Chicago,64.4
2026-07-23T12:58:10+00:00,KSFO,San Francisco,60.8
2026-07-23T12:58:10+00:00,KPHX,Phoenix,93.2
2026-07-23T12:58:10+00:00,KDCA,Washington DC,71.6
2026-07-23T12:58:10+00:00,KATL,Atlanta,75.2
2026-07-23T12:58:10+00:00,KDFW,Dallas,80.6
2026-07-23T12:58:10+00:00,KSEA,Seattle,61.0
2026-07-23T12:58:10+00:00,KLAS,Las Vegas,91.4
2026-07-23T12:58:10+00:00,KOKC,Oklahoma City,75.2
2026-07-23T12:58:10+00:00,KBOS,Boston,69.8
2026-07-23T12:58:10+00:00,KMSP,Minneapolis,60.8
2026-07-23T12:58:10+00:00,KSAT,San Antonio,82.4
2026-07-23T12:58:10+00:00,KMSY,New Orleans,84.2
2026-07-23T12:58:10+00:00,KHOU,Houston,84.2
2026-07-23T15:04:17+00:00,KNYC,New York City,71.1
2026-07-23T15:04:17+00:00,KMIA,Miami,89.6
2026-07-23T15:04:17+00:00,KDEN,Denver,73.9
2026-07-23T15:04:17+00:00,KLAX,Los Angeles,71.6
2026-07-23T15:04:17+00:00,KPHL,Philadelphia,75.2
2026-07-23T15:04:17+00:00,KAUS,Austin,87.8
2026-07-23T15:04:17+00:00,KMDW,Chicago,71.6
2026-07-23T15:04:17+00:00,KSFO,San Francisco,60.8
2026-07-23T15:04:17+00:00,KPHX,Phoenix,96.8
2026-07-23T15:04:17+00:00,KDCA,Washington DC,75.2
2026-07-23T15:04:17+00:00,KATL,Atlanta,80.6
2026-07-23T15:04:17+00:00,KDFW,Dallas,84.2
2026-07-23T15:04:17+00:00,KSEA,Seattle,62.1
2026-07-23T15:04:17+00:00,KLAS,Las Vegas,93.2
2026-07-23T15:04:17+00:00,KOKC,Oklahoma City,80.6
2026-07-23T15:04:17+00:00,KBOS,Boston,73.4
2026-07-23T15:04:17+00:00,KMSP,Minneapolis,69.8
2026-07-23T15:04:17+00:00,KSAT,San Antonio,86.0
2026-07-23T15:04:17+00:00,KMSY,New Orleans,87.8
2026-07-23T15:04:17+00:00,KHOU,Houston,84.2
2026-07-23T16:42:22+00:00,KNYC,New York City,75.0
2026-07-23T16:42:22+00:00,KMIA,Miami,91.4
2026-07-23T16:42:22+00:00,KDEN,Denver,77.0
2026-07-23T16:42:22+00:00,KLAX,Los Angeles,77.0
2026-07-23T16:42:22+00:00,KPHL,Philadelphia,78.8
2026-07-23T16:42:22+00:00,KAUS,Austin,91.4
2026-07-23T16:42:22+00:00,KMDW,Chicago,73.4
2026-07-23T16:42:22+00:00,KSFO,San Francisco,60.8
2026-07-23T16:42:22+00:00,KPHX,Phoenix,100.4
2026-07-23T16:42:22+00:00,KDCA,Washington DC,78.8
2026-07-23T16:42:22+00:00,KATL,Atlanta,84.2
2026-07-23T16:42:22+00:00,KDFW,Dallas,87.8
2026-07-23T16:42:22+00:00,KSEA,Seattle,64.4
2026-07-23T16:42:22+00:00,KLAS,Las Vegas,96.8
2026-07-23T16:42:22+00:00,KOKC,Oklahoma City,84.2
2026-07-23T16:42:22+00:00,KBOS,Boston,75.2
2026-07-23T16:42:22+00:00,KMSP,Minneapolis,75.2
2026-07-23T16:42:22+00:00,KSAT,San Antonio,89.6
2026-07-23T16:42:22+00:00,KMSY,New Orleans,89.6
2026-07-23T16:42:22+00:00,KHOU,Houston,84.2
2026-07-23T17:59:21+00:00,KNYC,New York City,78.1
2026-07-23T17:59:21+00:00,KMIA,Miami,91.4
2026-07-23T17:59:21+00:00,KDEN,Denver,81.0
2026-07-23T17:59:21+00:00,KLAX,Los Angeles,78.8
2026-07-23T17:59:21+00:00,KPHL,Philadelphia,80.6
2026-07-23T17:59:21+00:00,KAUS,Austin,95.0
2026-07-23T17:59:21+00:00,KMDW,Chicago,73.4
2026-07-23T17:59:21+00:00,KSFO,San Francisco,62.6
2026-07-23T17:59:21+00:00,KPHX,Phoenix,104.0
2026-07-23T17:59:21+00:00,KDCA,Washington DC,78.8
2026-07-23T17:59:21+00:00,KATL,Atlanta,86.0
2026-07-23T17:59:21+00:00,KDFW,Dallas,91.4
2026-07-23T17:59:21+00:00,KSEA,Seattle,66.2
2026-07-23T17:59:21+00:00,KLAS,Las Vegas,100.4
2026-07-23T17:59:21+00:00,KOKC,Oklahoma City,87.8
2026-07-23T17:59:21+00:00,KBOS,Boston,77.0
2026-07-23T17:59:21+00:00,KMSP,Minneapolis,77.0
2026-07-23T17:59:21+00:00,KSAT,San Antonio,91.4
2026-07-23T17:59:21+00:00,KMSY,New Orleans,89.6
2026-07-23T17:59:21+00:00,KHOU,Houston,87.8
2026-07-23T19:13:17+00:00,KNYC,New York City,77.0
2026-07-23T19:13:17+00:00,KMIA,Miami,89.6
2026-07-23T19:13:17+00:00,KDEN,Denver,82.0
2026-07-23T19:13:17+00:00,KLAX,Los Angeles,78.8
2026-07-23T19:13:17+00:00,KPHL,Philadelphia,80.6
2026-07-23T19:13:17+00:00,KAUS,Austin,96.8
2026-07-23T19:13:17+00:00,KMDW,Chicago,75.2
2026-07-23T19:13:17+00:00,KSFO,San Francisco,64.4
2026-07-23T19:13:17+00:00,KPHX,Phoenix,105.8
2026-07-23T19:13:17+00:00,KDCA,Washington DC,80.6
2026-07-23T19:13:17+00:00,KATL,Atlanta,87.8
2026-07-23T19:13:17+00:00,KDFW,Dallas,93.2
2026-07-23T19:13:17+00:00,KSEA,Seattle,69.8
2026-07-23T19:13:17+00:00,KLAS,Las Vegas,105.8
2026-07-23T19:13:17+00:00,KOKC,Oklahoma City,89.6
2026-07-23T19:13:17+00:00,KBOS,Boston,78.8
2026-07-23T19:13:17+00:00,KMSP,Minneapolis,78.8
2026-07-23T19:13:17+00:00,KSAT,San Antonio,93.2
2026-07-23T19:13:17+00:00,KMSY,New Orleans,87.8
2026-07-23T19:13:17+00:00,KHOU,Houston,87.8
2026-07-23T20:19:17+00:00,KNYC,New York City,78.1
2026-07-23T20:19:17+00:00,KMIA,Miami,89.6
2026-07-23T20:19:17+00:00,KDEN,Denver,84.0
2026-07-23T20:19:17+00:00,KLAX,Los Angeles,78.8
2026-07-23T20:19:17+00:00,KPHL,Philadelphia,80.6
2026-07-23T20:19:17+00:00,KAUS,Austin,96.8
2026-07-23T20:19:17+00:00,KMDW,Chicago,75.2
2026-07-23T20:19:17+00:00,KSFO,San Francisco,68.0
2026-07-23T20:19:17+00:00,KPHX,Phoenix,111.2
2026-07-23T20:19:17+00:00,KDCA,Washington DC,82.4
2026-07-23T20:19:17+00:00,KATL,Atlanta,89.6
2026-07-23T20:19:17+00:00,KDFW,Dallas,96.8
2026-07-23T20:19:17+00:00,KSEA,Seattle,71.6
2026-07-23T20:19:17+00:00,KLAS,Las Vegas,107.6
2026-07-23T20:19:17+00:00,KOKC,Oklahoma City,91.4
2026-07-23T20:19:17+00:00,KBOS,Boston,80.6
2026-07-23T20:19:17+00:00,KMSP,Minneapolis,78.8
2026-07-23T20:19:17+00:00,KSAT,San Antonio,95.0
2026-07-23T20:19:17+00:00,KMSY,New Orleans,86.0
2026-07-23T20:19:17+00:00,KHOU,Houston,84.2
2026-07-23T21:31:42+00:00,KNYC,New York City,78.1
2026-07-23T21:31:42+00:00,KMIA,Miami,89.6
2026-07-23T21:31:42+00:00,KDEN,Denver,84.0
2026-07-23T21:31:42+00:00,KLAX,Los Angeles,80.6
2026-07-23T21:31:42+00:00,KPHL,Philadelphia,82.4
2026-07-23T21:31:42+00:00,KAUS,Austin,98.6
2026-07-23T21:31:42+00:00,KMDW,Chicago,75.2
2026-07-23T21:31:42+00:00,KSFO,San Francisco,69.8
2026-07-23T21:31:42+00:00,KPHX,Phoenix,113.0
2026-07-23T21:31:42+00:00,KDCA,Washington DC,82.4
2026-07-23T21:31:42+00:00,KATL,Atlanta,82.4
2026-07-23T21:31:42+00:00,KDFW,Dallas,98.6
2026-07-23T21:31:42+00:00,KSEA,Seattle,73.4
2026-07-23T21:31:42+00:00,KLAS,Las Vegas,107.6
2026-07-23T21:31:42+00:00,KOKC,Oklahoma City,91.4
2026-07-23T21:31:42+00:00,KBOS,Boston,78.8
2026-07-23T21:31:42+00:00,KMSP,Minneapolis,78.8
2026-07-23T21:31:42+00:00,KSAT,San Antonio,96.8
2026-07-23T21:31:42+00:00,KMSY,New Orleans,87.8
2026-07-23T21:31:42+00:00,KHOU,Houston,82.4
2026-07-23T22:35:13+00:00,KNYC,New York City,78.1
2026-07-23T22:35:13+00:00,KMIA,Miami,89.6
2026-07-23T22:35:13+00:00,KDEN,Denver,82.9
2026-07-23T22:35:13+00:00,KLAX,Los Angeles,78.8
2026-07-23T22:35:13+00:00,KPHL,Philadelphia,82.4
2026-07-23T22:35:13+00:00,KAUS,Austin,98.6
2026-07-23T22:35:13+00:00,KMDW,Chicago,75.2
2026-07-23T22:35:13+00:00,KSFO,San Francisco,68.0
2026-07-23T22:35:13+00:00,KPHX,Phoenix,113.0
2026-07-23T22:35:13+00:00,KDCA,Washington DC,80.6
2026-07-23T22:35:13+00:00,KATL,Atlanta,87.8
2026-07-23T22:35:13+00:00,KDFW,Dallas,96.8
2026-07-23T22:35:13+00:00,KSEA,Seattle,73.4
2026-07-23T22:35:13+00:00,KLAS,Las Vegas,111.2
2026-07-23T22:35:13+00:00,KOKC,Oklahoma City,91.4
2026-07-23T22:35:13+00:00,KBOS,Boston,73.4
2026-07-23T22:35:13+00:00,KMSP,Minneapolis,78.8
2026-07-23T22:35:13+00:00,KSAT,San Antonio,98.6
2026-07-23T22:35:13+00:00,KMSY,New Orleans,89.6
2026-07-23T22:35:13+00:00,KHOU,Houston,78.8
2026-07-23T23:33:10+00:00,KNYC,New York City,75.9
2026-07-23T23:33:10+00:00,KMIA,Miami,87.8
2026-07-23T23:33:10+00:00,KDEN,Denver,84.9
2026-07-23T23:33:10+00:00,KLAX,Los Angeles,78.8
2026-07-23T23:33:10+00:00,KPHL,Philadelphia,82.4
2026-07-23T23:33:10+00:00,KAUS,Austin,96.8
2026-07-23T23:33:10+00:00,KMDW,Chicago,75.2
2026-07-23T23:33:10+00:00,KSFO,San Francisco,68.0
2026-07-23T23:33:10+00:00,KPHX,Phoenix,113.0
2026-07-23T23:33:10+00:00,KDCA,Washington DC,78.8
2026-07-23T23:33:10+00:00,KATL,Atlanta,86.0
2026-07-23T23:33:10+00:00,KDFW,Dallas,96.8
2026-07-23T23:33:10+00:00,KSEA,Seattle,75.2
2026-07-23T23:33:10+00:00,KLAS,Las Vegas,109.4
2026-07-23T23:33:10+00:00,KOKC,Oklahoma City,91.4
2026-07-23T23:33:10+00:00,KBOS,Boston,71.6
2026-07-23T23:33:10+00:00,KMSP,Minneapolis,78.8
2026-07-23T23:33:10+00:00,KSAT,San Antonio,96.8
2026-07-23T23:33:10+00:00,KMSY,New Orleans,84.2
2026-07-23T23:33:10+00:00,KHOU,Houston,78.8
2026-07-24T01:04:15+00:00,KNYC,New York City,73.0
2026-07-24T01:04:15+00:00,KMIA,Miami,86.0
2026-07-24T01:04:15+00:00,KDEN,Denver,82.0
2026-07-24T01:04:15+00:00,KLAX,Los Angeles,75.2
2026-07-24T01:04:15+00:00,KPHL,Philadelphia,75.2
2026-07-24T01:04:15+00:00,KAUS,Austin,93.2
2026-07-24T01:04:15+00:00,KMDW,Chicago,73.4
2026-07-24T01:04:15+00:00,KSFO,San Francisco,66.2
2026-07-24T01:04:15+00:00,KPHX,Phoenix,113.0
2026-07-24T01:04:15+00:00,KDCA,Washington DC,75.2
2026-07-24T01:04:15+00:00,KATL,Atlanta,82.4
2026-07-24T01:04:15+00:00,KDFW,Dallas,93.2
2026-07-24T01:04:15+00:00,KSEA,Seattle,75.2
2026-07-24T01:04:15+00:00,KLAS,Las Vegas,109.4
2026-07-24T01:04:15+00:00,KOKC,Oklahoma City,89.6
2026-07-24T01:04:15+00:00,KBOS,Boston,69.8
2026-07-24T01:04:15+00:00,KMSP,Minneapolis,77.0
2026-07-24T01:04:15+00:00,KSAT,San Antonio,95.0
2026-07-24T01:04:15+00:00,KMSY,New Orleans,82.4
2026-07-24T01:04:15+00:00,KHOU,Houston,78.8
2026-07-24T04:28:07+00:00,KNYC,New York City,69.1
2026-07-24T04:28:07+00:00,KMIA,Miami,86.0
2026-07-24T04:28:07+00:00,KDEN,Denver,68.0
2026-07-24T04:28:07+00:00,KLAX,Los Angeles,73.4
2026-07-24T04:28:07+00:00,KPHL,Philadelphia,69.8
2026-07-24T04:28:07+00:00,KAUS,Austin,89.6
2026-07-24T04:28:07+00:00,KMDW,Chicago,69.8
2026-07-24T04:28:07+00:00,KSFO,San Francisco,60.8
2026-07-24T04:28:07+00:00,KPHX,Phoenix,107.6
2026-07-24T04:28:07+00:00,KDCA,Washington DC,73.4
2026-07-24T04:28:07+00:00,KATL,Atlanta,80.6
2026-07-24T04:28:07+00:00,KDFW,Dallas,87.8
2026-07-24T04:28:07+00:00,KSEA,Seattle,66.2
2026-07-24T04:28:07+00:00,KLAS,Las Vegas,105.8
2026-07-24T04:28:07+00:00,KOKC,Oklahoma City,78.8
2026-07-24T04:28:07+00:00,KBOS,Boston,64.4
2026-07-24T04:28:07+00:00,KMSP,Minneapolis,69.8
2026-07-24T04:28:07+00:00,KSAT,San Antonio,87.8
2026-07-24T04:28:07+00:00,KMSY,New Orleans,82.4
2026-07-24T04:28:07+00:00,KHOU,Houston,78.8
2026-07-24T07:04:16+00:00,KNYC,New York City,68.0
2026-07-24T07:04:16+00:00,KMIA,Miami,82.4
2026-07-24T07:04:16+00:00,KDEN,Denver,70.0
2026-07-24T07:04:16+00:00,KLAX,Los Angeles,71.6
2026-07-24T07:04:16+00:00,KPHL,Philadelphia,68.0
2026-07-24T07:04:16+00:00,KAUS,Austin,80.6
2026-07-24T07:04:16+00:00,KMDW,Chicago,68.0
2026-07-24T07:04:16+00:00,KSFO,San Francisco,60.8
2026-07-24T07:04:16+00:00,KPHX,Phoenix,102.2
2026-07-24T07:04:16+00:00,KDCA,Washington DC,69.8
2026-07-24T07:04:16+00:00,KATL,Atlanta,80.6
2026-07-24T07:04:16+00:00,KDFW,Dallas,86.0
2026-07-24T07:04:16+00:00,KSEA,Seattle,64.4
2026-07-24T07:04:16+00:00,KLAS,Las Vegas,102.2
2026-07-24T07:04:16+00:00,KOKC,Oklahoma City,75.2
2026-07-24T07:04:16+00:00,KBOS,Boston,62.6
2026-07-24T07:04:16+00:00,KMSP,Minneapolis,69.8
2026-07-24T07:04:16+00:00,KSAT,San Antonio,82.4
2026-07-24T07:04:16+00:00,KMSY,New Orleans,80.6
2026-07-24T07:04:16+00:00,KHOU,Houston,78.8
2026-07-24T09:29:51+00:00,KNYC,New York City,66.0
2026-07-24T09:29:51+00:00,KMIA,Miami,82.4
2026-07-24T09:29:51+00:00,KDEN,Denver,70.0
2026-07-24T09:29:51+00:00,KLAX,Los Angeles,69.8
2026-07-24T09:29:51+00:00,KPHL,Philadelphia,64.4
2026-07-24T09:29:51+00:00,KAUS,Austin,78.8
2026-07-24T09:29:51+00:00,KMDW,Chicago,66.2
2026-07-24T09:29:51+00:00,KSFO,San Francisco,60.8
2026-07-24T09:29:51+00:00,KPHX,Phoenix,100.4
2026-07-24T09:29:51+00:00,KDCA,Washington DC,66.2
2026-07-24T09:29:51+00:00,KATL,Atlanta,78.8
2026-07-24T09:29:51+00:00,KDFW,Dallas,82.4
2026-07-24T09:29:51+00:00,KSEA,Seattle,60.8
2026-07-24T09:29:51+00:00,KLAS,Las Vegas,98.6
2026-07-24T09:29:51+00:00,KOKC,Oklahoma City,77.0
2026-07-24T09:29:51+00:00,KBOS,Boston,62.6
2026-07-24T09:29:51+00:00,KMSP,Minneapolis,69.8
2026-07-24T09:29:51+00:00,KSAT,San Antonio,75.2
2026-07-24T09:29:51+00:00,KMSY,New Orleans,78.8
2026-07-24T09:29:51+00:00,KHOU,Houston,78.8
2026-07-24T11:16:48+00:00,KNYC,New York City,66.0
2026-07-24T11:16:48+00:00,KMIA,Miami,82.4
2026-07-24T11:16:48+00:00,KDEN,Denver,68.0
2026-07-24T11:16:48+00:00,KLAX,Los Angeles,69.8
2026-07-24T11:16:48+00:00,KPHL,Philadelphia,69.8
2026-07-24T11:16:48+00:00,KAUS,Austin,78.1
2026-07-24T11:16:48+00:00,KMDW,Chicago,64.4
2026-07-24T11:16:48+00:00,KSFO,San Francisco,60.8
2026-07-24T11:16:48+00:00,KPHX,Phoenix,100.4
2026-07-24T11:16:48+00:00,KDCA,Washington DC,68.0
2026-07-24T11:16:48+00:00,KATL,Atlanta,78.8
2026-07-24T11:16:48+00:00,KDFW,Dallas,82.0
2026-07-24T11:16:48+00:00,KSEA,Seattle,59.0
2026-07-24T11:16:48+00:00,KLAS,Las Vegas,96.8
2026-07-24T11:16:48+00:00,KOKC,Oklahoma City,78.1
2026-07-24T11:16:48+00:00,KBOS,Boston,66.2
2026-07-24T11:16:48+00:00,KMSP,Minneapolis,66.9
2026-07-24T11:16:48+00:00,KSAT,San Antonio,75.9
2026-07-24T11:16:48+00:00,KMSY,New Orleans,79.0
2026-07-24T11:16:48+00:00,KHOU,Houston,78.8
2026-07-24T12:51:02+00:00,KNYC,New York City,69.1
2026-07-24T12:51:02+00:00,KMIA,Miami,82.4
2026-07-24T12:51:02+00:00,KDEN,Denver,68.0
2026-07-24T12:51:02+00:00,KLAX,Los Angeles,68.0
2026-07-24T12:51:02+00:00,KPHL,Philadelphia,73.4
2026-07-24T12:51:02+00:00,KAUS,Austin,78.8
2026-07-24T12:51:02+00:00,KMDW,Chicago,68.0
2026-07-24T12:51:02+00:00,KSFO,San Francisco,60.8
2026-07-24T12:51:02+00:00,KPHX,Phoenix,98.6
2026-07-24T12:51:02+00:00,KDCA,Washington DC,71.6
2026-07-24T12:51:02+00:00,KATL,Atlanta,78.8
2026-07-24T12:51:02+00:00,KDFW,Dallas,80.6
2026-07-24T12:51:02+00:00,KSEA,Seattle,57.2
2026-07-24T12:51:02+00:00,KLAS,Las Vegas,95.0
2026-07-24T12:51:02+00:00,KOKC,Oklahoma City,78.8
2026-07-24T12:51:02+00:00,KBOS,Boston,71.6
2026-07-24T12:51:02+00:00,KMSP,Minneapolis,66.2
2026-07-24T12:51:02+00:00,KSAT,San Antonio,75.2
2026-07-24T12:51:02+00:00,KMSY,New Orleans,80.6
2026-07-24T12:51:02+00:00,KHOU,Houston,80.6
2026-07-24T14:30:23+00:00,KNYC,New York City,75.0
2026-07-24T14:30:23+00:00,KMIA,Miami,87.8
2026-07-24T14:30:23+00:00,KDEN,Denver,75.0
2026-07-24T14:30:23+00:00,KLAX,Los Angeles,69.8
2026-07-24T14:30:23+00:00,KPHL,Philadelphia,78.8
2026-07-24T14:30:23+00:00,KAUS,Austin,80.6
2026-07-24T14:30:23+00:00,KMDW,Chicago,69.8
2026-07-24T14:30:23+00:00,KSFO,San Francisco,60.8
2026-07-24T14:30:23+00:00,KPHX,Phoenix,98.6
2026-07-24T14:30:23+00:00,KDCA,Washington DC,78.8
2026-07-24T14:30:23+00:00,KATL,Atlanta,82.4
2026-07-24T14:30:23+00:00,KDFW,Dallas,82.4
2026-07-24T14:30:23+00:00,KSEA,Seattle,59.0
2026-07-24T14:30:23+00:00,KLAS,Las Vegas,96.8
2026-07-24T14:30:23+00:00,KOKC,Oklahoma City,78.8
2026-07-24T14:30:23+00:00,KBOS,Boston,75.2
2026-07-24T14:30:23+00:00,KMSP,Minneapolis,68.0
2026-07-24T14:30:23+00:00,KSAT,San Antonio,78.8
2026-07-24T14:30:23+00:00,KMSY,New Orleans,84.2
2026-07-24T14:30:23+00:00,KHOU,Houston,84.2
2026-07-24T17:47:30+00:00,KNYC,New York City,81.0
2026-07-24T17:47:30+00:00,KMIA,Miami,91.4
2026-07-24T17:47:30+00:00,KDEN,Denver,86.0
2026-07-24T17:47:30+00:00,KLAX,Los Angeles,75.2
2026-07-24T17:47:30+00:00,KPHL,Philadelphia,82.4
2026-07-24T17:47:30+00:00,KAUS,Austin,89.6
2026-07-24T17:47:30+00:00,KMDW,Chicago,77.0
2026-07-24T17:47:30+00:00,KSFO,San Francisco,66.2
2026-07-24T17:47:30+00:00,KPHX,Phoenix,105.8
2026-07-24T17:47:30+00:00,KDCA,Washington DC,80.6
2026-07-24T17:47:30+00:00,KATL,Atlanta,87.8
2026-07-24T17:47:30+00:00,KDFW,Dallas,87.8
2026-07-24T17:47:30+00:00,KSEA,Seattle,64.4
2026-07-24T17:47:30+00:00,KLAS,Las Vegas,105.8
2026-07-24T17:47:30+00:00,KOKC,Oklahoma City,82.4
2026-07-24T17:47:30+00:00,KBOS,Boston,75.2
2026-07-24T17:47:30+00:00,KMSP,Minneapolis,77.0
2026-07-24T17:47:30+00:00,KSAT,San Antonio,87.8
2026-07-24T17:47:30+00:00,KMSY,New Orleans,89.6
2026-07-24T17:47:30+00:00,KHOU,Houston,91.4
2026-07-24T19:06:43+00:00,KNYC,New York City,81.0
2026-07-24T19:06:43+00:00,KMIA,Miami,91.4
2026-07-24T19:06:43+00:00,KDEN,Denver,88.0
2026-07-24T19:06:43+00:00,KLAX,Los Angeles,78.8
2026-07-24T19:06:43+00:00,KPHL,Philadelphia,84.2
2026-07-24T19:06:43+00:00,KAUS,Austin,91.4
2026-07-24T19:06:43+00:00,KMDW,Chicago,78.8
2026-07-24T19:06:43+00:00,KSFO,San Francisco,66.2
2026-07-24T19:06:43+00:00,KPHX,Phoenix,109.4
2026-07-24T19:06:43+00:00,KDCA,Washington DC,80.6
2026-07-24T19:06:43+00:00,KATL,Atlanta,80.6
2026-07-24T19:06:43+00:00,KDFW,Dallas,93.2
2026-07-24T19:06:43+00:00,KSEA,Seattle,66.2
2026-07-24T19:06:43+00:00,KLAS,Las Vegas,105.8
2026-07-24T19:06:43+00:00,KOKC,Oklahoma City,82.4
2026-07-24T19:06:43+00:00,KBOS,Boston,77.0
2026-07-24T19:06:43+00:00,KMSP,Minneapolis,78.8
2026-07-24T19:06:43+00:00,KSAT,San Antonio,87.8
2026-07-24T19:06:43+00:00,KMSY,New Orleans,89.6
2026-07-24T19:06:43+00:00,KHOU,Houston,91.4
2026-07-24T20:38:43+00:00,KNYC,New York City,78.1
2026-07-24T20:38:43+00:00,KMIA,Miami,91.4
2026-07-24T20:38:43+00:00,KDEN,Denver,93.0
2026-07-24T20:38:43+00:00,KLAX,Los Angeles,77.0
2026-07-24T20:38:43+00:00,KPHL,Philadelphia,82.4
2026-07-24T20:38:43+00:00,KAUS,Austin,93.2
2026-07-24T20:38:43+00:00,KMDW,Chicago,78.8
2026-07-24T20:38:43+00:00,KSFO,San Francisco,68.0
2026-07-24T20:38:43+00:00,KPHX,Phoenix,113.0
2026-07-24T20:38:43+00:00,KDCA,Washington DC,80.6
2026-07-24T20:38:43+00:00,KATL,Atlanta,78.8
2026-07-24T20:38:43+00:00,KDFW,Dallas,93.2
2026-07-24T20:38:43+00:00,KSEA,Seattle,73.4
2026-07-24T20:38:43+00:00,KLAS,Las Vegas,107.6
2026-07-24T20:38:43+00:00,KOKC,Oklahoma City,84.2
2026-07-24T20:38:43+00:00,KBOS,Boston,77.0
2026-07-24T20:38:43+00:00,KMSP,Minneapolis,80.6
2026-07-24T20:38:43+00:00,KSAT,San Antonio,91.4
2026-07-24T20:38:43+00:00,KMSY,New Orleans,89.6
2026-07-24T20:38:43+00:00,KHOU,Houston,93.2
2026-07-24T21:41:53+00:00,KNYC,New York City,78.1
2026-07-24T21:41:53+00:00,KMIA,Miami,91.4
2026-07-24T21:41:53+00:00,KDEN,Denver,93.0
2026-07-24T21:41:53+00:00,KLAX,Los Angeles,78.8
2026-07-24T21:41:53+00:00,KPHL,Philadelphia,82.4
2026-07-24T21:41:53+00:00,KAUS,Austin,93.2
2026-07-24T21:41:53+00:00,KMDW,Chicago,77.0
2026-07-24T21:41:53+00:00,KSFO,San Francisco,69.8
2026-07-24T21:41:53+00:00,KPHX,Phoenix,113.0
2026-07-24T21:41:53+00:00,KDCA,Washington DC,78.8
2026-07-24T21:41:53+00:00,KATL,Atlanta,78.8
2026-07-24T21:41:53+00:00,KDFW,Dallas,93.2
2026-07-24T21:41:53+00:00,KSEA,Seattle,75.2
2026-07-24T21:41:53+00:00,KLAS,Las Vegas,111.2
2026-07-24T21:41:53+00:00,KOKC,Oklahoma City,87.8
2026-07-24T21:41:53+00:00,KBOS,Boston,75.2
2026-07-24T21:41:53+00:00,KMSP,Minneapolis,80.6
2026-07-24T21:41:53+00:00,KSAT,San Antonio,93.2
2026-07-24T21:41:53+00:00,KMSY,New Orleans,91.4
2026-07-24T21:41:53+00:00,KHOU,Houston,93.2
2026-07-24T22:40:39+00:00,KNYC,New York City,75.9
2026-07-24T22:40:39+00:00,KMIA,Miami,89.6
2026-07-24T22:40:39+00:00,KDEN,Denver,95.0
2026-07-24T22:40:39+00:00,KLAX,Los Angeles,78.8
2026-07-24T22:40:39+00:00,KPHL,Philadelphia,80.6
2026-07-24T22:40:39+00:00,KAUS,Austin,93.2
2026-07-24T22:40:39+00:00,KMDW,Chicago,78.8
2026-07-24T22:40:39+00:00,KSFO,San Francisco,69.8
2026-07-24T22:40:39+00:00,KPHX,Phoenix,114.8
2026-07-24T22:40:39+00:00,KDCA,Washington DC,78.8
2026-07-24T22:40:39+00:00,KATL,Atlanta,78.8
2026-07-24T22:40:39+00:00,KDFW,Dallas,93.2
2026-07-24T22:40:39+00:00,KSEA,Seattle,78.8
2026-07-24T22:40:39+00:00,KLAS,Las Vegas,111.2
2026-07-24T22:40:39+00:00,KOKC,Oklahoma City,87.8
2026-07-24T22:40:39+00:00,KBOS,Boston,75.2
2026-07-24T22:40:39+00:00,KMSP,Minneapolis,80.6
2026-07-24T22:40:39+00:00,KSAT,San Antonio,91.4
2026-07-24T22:40:39+00:00,KMSY,New Orleans,87.8
2026-07-24T22:40:39+00:00,KHOU,Houston,91.4
2026-07-24T23:40:52+00:00,KNYC,New York City,73.9
2026-07-24T23:40:52+00:00,KMIA,Miami,87.8
2026-07-24T23:40:52+00:00,KDEN,Denver,93.0
2026-07-24T23:40:52+00:00,KLAX,Los Angeles,77.0
2026-07-24T23:40:52+00:00,KPHL,Philadelphia,77.0
2026-07-24T23:40:52+00:00,KAUS,Austin,93.2
2026-07-24T23:40:52+00:00,KMDW,Chicago,77.0
2026-07-24T23:40:52+00:00,KSFO,San Francisco,69.8
2026-07-24T23:40:52+00:00,KPHX,Phoenix,114.8
2026-07-24T23:40:52+00:00,KDCA,Washington DC,77.0
2026-07-24T23:40:52+00:00,KATL,Atlanta,78.8
2026-07-24T23:40:52+00:00,KDFW,Dallas,93.2
2026-07-24T23:40:52+00:00,KSEA,Seattle,80.6
2026-07-24T23:40:52+00:00,KLAS,Las Vegas,113.0
2026-07-24T23:40:52+00:00,KOKC,Oklahoma City,87.8
2026-07-24T23:40:52+00:00,KBOS,Boston,71.6
2026-07-24T23:40:52+00:00,KMSP,Minneapolis,78.8
2026-07-24T23:40:52+00:00,KSAT,San Antonio,93.2
2026-07-24T23:40:52+00:00,KMSY,New Orleans,87.8
2026-07-24T23:40:52+00:00,KHOU,Houston,89.6
2026-07-25T01:07:25+00:00,KNYC,New York City,73.0
2026-07-25T01:07:25+00:00,KMIA,Miami,86.0
2026-07-25T01:07:25+00:00,KDEN,Denver,89.1
2026-07-25T01:07:25+00:00,KLAX,Los Angeles,75.2
2026-07-25T01:07:25+00:00,KPHL,Philadelphia,73.4
2026-07-25T01:07:25+00:00,KAUS,Austin,91.4
2026-07-25T01:07:25+00:00,KMDW,Chicago,75.2
2026-07-25T01:07:25+00:00,KSFO,San Francisco,68.0
2026-07-25T01:07:25+00:00,KPHX,Phoenix,113.0
2026-07-25T01:07:25+00:00,KDCA,Washington DC,75.2
2026-07-25T01:07:25+00:00,KATL,Atlanta,77.0
2026-07-25T01:07:25+00:00,KDFW,Dallas,93.2
2026-07-25T01:07:25+00:00,KSEA,Seattle,82.4
2026-07-25T01:07:25+00:00,KLAS,Las Vegas,111.2
2026-07-25T01:07:25+00:00,KOKC,Oklahoma City,87.8
2026-07-25T01:07:25+00:00,KBOS,Boston,71.6
2026-07-25T01:07:25+00:00,KMSP,Minneapolis,78.8
2026-07-25T01:07:25+00:00,KSAT,San Antonio,89.6
2026-07-25T01:07:25+00:00,KMSY,New Orleans,84.2
2026-07-25T01:07:25+00:00,KHOU,Houston,87.8
2026-07-25T04:23:23+00:00,KNYC,New York City,69.1
2026-07-25T04:23:23+00:00,KMIA,Miami,84.2
2026-07-25T04:23:23+00:00,KDEN,Denver,79.0
2026-07-25T04:23:23+00:00,KLAX,Los Angeles,71.6
2026-07-25T04:23:23+00:00,KPHL,Philadelphia,71.6
2026-07-25T04:23:23+00:00,KAUS,Austin,82.4
2026-07-25T04:23:23+00:00,KMDW,Chicago,71.6
2026-07-25T04:23:23+00:00,KSFO,San Francisco,62.6
2026-07-25T04:23:23+00:00,KPHX,Phoenix,109.4
2026-07-25T04:23:23+00:00,KDCA,Washington DC,73.4
2026-07-25T04:23:23+00:00,KATL,Atlanta,75.2
2026-07-25T04:23:23+00:00,KDFW,Dallas,87.8
2026-07-25T04:23:23+00:00,KSEA,Seattle,69.8
2026-07-25T04:23:23+00:00,KLAS,Las Vegas,105.8
2026-07-25T04:23:23+00:00,KOKC,Oklahoma City,78.8
2026-07-25T04:23:23+00:00,KBOS,Boston,68.0
2026-07-25T04:23:23+00:00,KMSP,Minneapolis,75.2
2026-07-25T04:23:23+00:00,KSAT,San Antonio,80.6
2026-07-25T04:23:23+00:00,KMSY,New Orleans,82.4
2026-07-25T04:23:23+00:00,KHOU,Houston,82.4
2026-07-25T06:33:48+00:00,KNYC,New York City,68.0
2026-07-25T06:33:48+00:00,KMIA,Miami,84.2
2026-07-25T06:33:48+00:00,KDEN,Denver,75.9
2026-07-25T06:33:48+00:00,KLAX,Los Angeles,71.6
2026-07-25T06:33:48+00:00,KPHL,Philadelphia,69.8
2026-07-25T06:33:48+00:00,KAUS,Austin,78.8
2026-07-25T06:33:48+00:00,KMDW,Chicago,68.0
2026-07-25T06:33:48+00:00,KSFO,San Francisco,60.8
2026-07-25T06:33:48+00:00,KPHX,Phoenix,107.6
2026-07-25T06:33:48+00:00,KDCA,Washington DC,73.4
2026-07-25T06:33:48+00:00,KATL,Atlanta,75.2
2026-07-25T06:33:48+00:00,KDFW,Dallas,86.0
2026-07-25T06:33:48+00:00,KSEA,Seattle,64.4
2026-07-25T06:33:48+00:00,KLAS,Las Vegas,102.2
2026-07-25T06:33:48+00:00,KOKC,Oklahoma City,78.8
2026-07-25T06:33:48+00:00,KBOS,Boston,66.2
2026-07-25T06:33:48+00:00,KMSP,Minneapolis,73.4
2026-07-25T06:33:48+00:00,KSAT,San Antonio,78.8
2026-07-25T06:33:48+00:00,KMSY,New Orleans,78.8
2026-07-25T06:33:48+00:00,KHOU,Houston,80.6
2026-07-25T08:35:17+00:00,KNYC,New York City,66.9
2026-07-25T08:35:17+00:00,KMIA,Miami,84.2
2026-07-25T08:35:17+00:00,KDEN,Denver,75.9
2026-07-25T08:35:17+00:00,KLAX,Los Angeles,71.6
2026-07-25T08:35:17+00:00,KPHL,Philadelphia,69.8
2026-07-25T08:35:17+00:00,KAUS,Austin,77.0
2026-07-25T08:35:17+00:00,KMDW,Chicago,66.2
2026-07-25T08:35:17+00:00,KSFO,San Francisco,60.8
2026-07-25T08:35:17+00:00,KPHX,Phoenix,105.8
2026-07-25T08:35:17+00:00,KDCA,Washington DC,66.2
2026-07-25T08:35:17+00:00,KATL,Atlanta,75.2
2026-07-25T08:35:17+00:00,KDFW,Dallas,84.2
2026-07-25T08:35:17+00:00,KSEA,Seattle,60.8
2026-07-25T08:35:17+00:00,KLAS,Las Vegas,98.6
2026-07-25T08:35:17+00:00,KOKC,Oklahoma City,77.0
2026-07-25T08:35:17+00:00,KBOS,Boston,62.6
2026-07-25T08:35:17+00:00,KMSP,Minneapolis,71.6
2026-07-25T08:35:17+00:00,KSAT,San Antonio,78.8
2026-07-25T08:35:17+00:00,KMSY,New Orleans,78.8
2026-07-25T08:35:17+00:00,KHOU,Houston,80.6
2026-07-25T10:13:50+00:00,KNYC,New York City,66.0
2026-07-25T10:13:50+00:00,KMIA,Miami,84.2
2026-07-25T10:13:50+00:00,KDEN,Denver,75.0
2026-07-25T10:13:50+00:00,KLAX,Los Angeles,71.6
2026-07-25T10:13:50+00:00,KPHL,Philadelphia,68.0
2026-07-25T10:13:50+00:00,KAUS,Austin,75.2
2026-07-25T10:13:50+00:00,KMDW,Chicago,64.4
2026-07-25T10:13:50+00:00,KSFO,San Francisco,60.8
2026-07-25T10:13:50+00:00,KPHX,Phoenix,102.2
2026-07-25T10:13:50+00:00,KDCA,Washington DC,66.2
2026-07-25T10:13:50+00:00,KATL,Atlanta,75.2
2026-07-25T10:13:50+00:00,KDFW,Dallas,82.4
2026-07-25T10:13:50+00:00,KSEA,Seattle,59.0
2026-07-25T10:13:50+00:00,KLAS,Las Vegas,96.8
2026-07-25T10:13:50+00:00,KOKC,Oklahoma City,75.2
2026-07-25T10:13:50+00:00,KBOS,Boston,62.6
2026-07-25T10:13:50+00:00,KMSP,Minneapolis,71.6
2026-07-25T10:13:50+00:00,KSAT,San Antonio,78.8
2026-07-25T10:13:50+00:00,KMSY,New Orleans,78.8
2026-07-25T10:13:50+00:00,KHOU,Houston,78.8
2026-07-25T11:33:04+00:00,KNYC,New York City,66.9
2026-07-25T11:33:04+00:00,KMIA,Miami,84.2
2026-07-25T11:33:04+00:00,KDEN,Denver,73.9
2026-07-25T11:33:04+00:00,KLAX,Los Angeles,71.6
2026-07-25T11:33:04+00:00,KPHL,Philadelphia,69.8
2026-07-25T11:33:04+00:00,KAUS,Austin,73.4
2026-07-25T11:33:04+00:00,KMDW,Chicago,64.4
2026-07-25T11:33:04+00:00,KSFO,San Francisco,60.8
2026-07-25T11:33:04+00:00,KPHX,Phoenix,100.4
2026-07-25T11:33:04+00:00,KDCA,Washington DC,66.2
2026-07-25T11:33:04+00:00,KATL,Atlanta,75.2
2026-07-25T11:33:04+00:00,KDFW,Dallas,80.6
2026-07-25T11:33:04+00:00,KSEA,Seattle,57.2
2026-07-25T11:33:04+00:00,KLAS,Las Vegas,93.2
2026-07-25T11:33:04+00:00,KOKC,Oklahoma City,75.2
2026-07-25T11:33:04+00:00,KBOS,Boston,64.4
2026-07-25T11:33:04+00:00,KMSP,Minneapolis,71.6
2026-07-25T11:33:04+00:00,KSAT,San Antonio,78.8
2026-07-25T11:33:04+00:00,KMSY,New Orleans,78.8
2026-07-25T11:33:04+00:00,KHOU,Houston,78.8
2026-07-25T12:40:35+00:00,KNYC,New York City,69.1
2026-07-25T12:40:35+00:00,KMIA,Miami,84.2
2026-07-25T12:40:35+00:00,KDEN,Denver,73.0
2026-07-25T12:40:35+00:00,KLAX,Los Angeles,69.8
2026-07-25T12:40:35+00:00,KPHL,Philadelphia,71.6
2026-07-25T12:40:35+00:00,KAUS,Austin,75.2
2026-07-25T12:40:35+00:00,KMDW,Chicago,66.2
2026-07-25T12:40:35+00:00,KSFO,San Francisco,60.8
2026-07-25T12:40:35+00:00,KPHX,Phoenix,96.8
2026-07-25T12:40:35+00:00,KDCA,Washington DC,66.2
2026-07-25T12:40:35+00:00,KATL,Atlanta,75.2
2026-07-25T12:40:35+00:00,KDFW,Dallas,80.6
2026-07-25T12:40:35+00:00,KSEA,Seattle,57.2
2026-07-25T12:40:35+00:00,KLAS,Las Vegas,93.2
2026-07-25T12:40:35+00:00,KOKC,Oklahoma City,77.0
2026-07-25T12:40:35+00:00,KBOS,Boston,68.0
2026-07-25T12:40:35+00:00,KMSP,Minneapolis,73.4
2026-07-25T12:40:35+00:00,KSAT,San Antonio,78.8
2026-07-25T12:40:35+00:00,KMSY,New Orleans,80.6
2026-07-25T12:40:35+00:00,KHOU,Houston,78.8
2026-07-25T14:14:49+00:00,KNYC,New York City,73.9
2026-07-25T14:14:49+00:00,KMIA,Miami,86.0
2026-07-25T14:14:49+00:00,KDEN,Denver,77.0
2026-07-25T14:14:49+00:00,KLAX,Los Angeles,69.8
2026-07-25T14:14:49+00:00,KPHL,Philadelphia,75.2
2026-07-25T14:14:49+00:00,KAUS,Austin,80.6
2026-07-25T14:14:49+00:00,KMDW,Chicago,71.6
2026-07-25T14:14:49+00:00,KSFO,San Francisco,60.8
2026-07-25T14:14:49+00:00,KPHX,Phoenix,98.6
2026-07-25T14:14:49+00:00,KDCA,Washington DC,71.6
2026-07-25T14:14:49+00:00,KATL,Atlanta,77.0
2026-07-25T14:14:49+00:00,KDFW,Dallas,82.4
2026-07-25T14:14:49+00:00,KSEA,Seattle,59.0
2026-07-25T14:14:49+00:00,KLAS,Las Vegas,93.2
2026-07-25T14:14:49+00:00,KOKC,Oklahoma City,82.4
2026-07-25T14:14:49+00:00,KBOS,Boston,71.6
2026-07-25T14:14:49+00:00,KMSP,Minneapolis,73.4
2026-07-25T14:14:49+00:00,KSAT,San Antonio,80.6
2026-07-25T14:14:49+00:00,KMSY,New Orleans,84.2
2026-07-25T14:14:49+00:00,KHOU,Houston,84.2
2026-07-25T15:19:17+00:00,KNYC,New York City,75.9
2026-07-25T15:19:17+00:00,KMIA,Miami,84.2
2026-07-25T15:19:17+00:00,KDEN,Denver,82.0
2026-07-25T15:19:17+00:00,KLAX,Los Angeles,71.6
2026-07-25T15:19:17+00:00,KPHL,Philadelphia,78.8
2026-07-25T15:19:17+00:00,KAUS,Austin,82.4
2026-07-25T15:19:17+00:00,KMDW,Chicago,73.4
2026-07-25T15:19:17+00:00,KSFO,San Francisco,62.6
2026-07-25T15:19:17+00:00,KPHX,Phoenix,100.4
2026-07-25T15:19:17+00:00,KDCA,Washington DC,73.4
2026-07-25T15:19:17+00:00,KATL,Atlanta,78.8
2026-07-25T15:19:17+00:00,KDFW,Dallas,86.0
2026-07-25T15:19:17+00:00,KSEA,Seattle,60.8
2026-07-25T15:19:17+00:00,KLAS,Las Vegas,96.8
2026-07-25T15:19:17+00:00,KOKC,Oklahoma City,87.8
2026-07-25T15:19:17+00:00,KBOS,Boston,75.2
2026-07-25T15:19:17+00:00,KMSP,Minneapolis,75.2
2026-07-25T15:19:17+00:00,KSAT,San Antonio,82.4
2026-07-25T15:19:17+00:00,KMSY,New Orleans,86.0
2026-07-25T15:19:17+00:00,KHOU,Houston,86.0
2026-07-25T16:15:26+00:00,KNYC,New York City,75.9
2026-07-25T16:15:26+00:00,KMIA,Miami,87.8
2026-07-25T16:15:26+00:00,KDEN,Denver,82.0
2026-07-25T16:15:26+00:00,KLAX,Los Angeles,75.2
2026-07-25T16:15:26+00:00,KPHL,Philadelphia,80.6
2026-07-25T16:15:26+00:00,KAUS,Austin,86.0
2026-07-25T16:15:26+00:00,KMDW,Chicago,75.2
2026-07-25T16:15:26+00:00,KSFO,San Francisco,64.4
2026-07-25T16:15:26+00:00,KPHX,Phoenix,102.2
2026-07-25T16:15:26+00:00,KDCA,Washington DC,75.2
2026-07-25T16:15:26+00:00,KATL,Atlanta,82.4
2026-07-25T16:15:26+00:00,KDFW,Dallas,89.6
2026-07-25T16:15:26+00:00,KSEA,Seattle,60.8
2026-07-25T16:15:26+00:00,KLAS,Las Vegas,100.4
2026-07-25T16:15:26+00:00,KOKC,Oklahoma City,91.4
2026-07-25T16:15:26+00:00,KBOS,Boston,75.2
2026-07-25T16:15:26+00:00,KMSP,Minneapolis,75.2
2026-07-25T16:15:26+00:00,KSAT,San Antonio,82.4
2026-07-25T16:15:26+00:00,KMSY,New Orleans,86.0
2026-07-25T16:15:26+00:00,KHOU,Houston,87.8
2026-07-25T17:27:18+00:00,KNYC,New York City,80.1
2026-07-25T17:27:18+00:00,KMIA,Miami,91.4
2026-07-25T17:27:18+00:00,KDEN,Denver,91.9
2026-07-25T17:27:18+00:00,KLAX,Los Angeles,78.8
2026-07-25T17:27:18+00:00,KPHL,Philadelphia,82.4
2026-07-25T17:27:18+00:00,KAUS,Austin,89.6
2026-07-25T17:27:18+00:00,KMDW,Chicago,75.2
2026-07-25T17:27:18+00:00,KSFO,San Francisco,66.2
2026-07-25T17:27:18+00:00,KPHX,Phoenix,105.8
2026-07-25T17:27:18+00:00,KDCA,Washington DC,78.8
2026-07-25T17:27:18+00:00,KATL,Atlanta,86.0
2026-07-25T17:27:18+00:00,KDFW,Dallas,91.4
2026-07-25T17:27:18+00:00,KSEA,Seattle,64.4
2026-07-25T17:27:18+00:00,KLAS,Las Vegas,104.0
2026-07-25T17:27:18+00:00,KOKC,Oklahoma City,93.2
2026-07-25T17:27:18+00:00,KBOS,Boston,75.2
2026-07-25T17:27:18+00:00,KMSP,Minneapolis,78.8
2026-07-25T17:27:18+00:00,KSAT,San Antonio,86.0
2026-07-25T17:27:18+00:00,KMSY,New Orleans,87.8
2026-07-25T17:27:18+00:00,KHOU,Houston,89.6
2026-07-25T18:13:25+00:00,KNYC,New York City,80.1
2026-07-25T18:13:25+00:00,KMIA,Miami,89.6
2026-07-25T18:13:25+00:00,KDEN,Denver,93.9
2026-07-25T18:13:25+00:00,KLAX,Los Angeles,75.2
2026-07-25T18:13:25+00:00,KPHL,Philadelphia,82.4
2026-07-25T18:13:25+00:00,KAUS,Austin,91.4
2026-07-25T18:13:25+00:00,KMDW,Chicago,75.2
2026-07-25T18:13:25+00:00,KSFO,San Francisco,66.2
2026-07-25T18:13:25+00:00,KPHX,Phoenix,107.6
2026-07-25T18:13:25+00:00,KDCA,Washington DC,80.6
2026-07-25T18:13:25+00:00,KATL,Atlanta,87.8
2026-07-25T18:13:25+00:00,KDFW,Dallas,93.2
2026-07-25T18:13:25+00:00,KSEA,Seattle,66.2
2026-07-25T18:13:25+00:00,KLAS,Las Vegas,105.8
2026-07-25T18:13:25+00:00,KOKC,Oklahoma City,96.8
2026-07-25T18:13:25+00:00,KBOS,Boston,73.4
2026-07-25T18:13:25+00:00,KMSP,Minneapolis,78.1
2026-07-25T18:13:25+00:00,KSAT,San Antonio,89.6
2026-07-25T18:13:25+00:00,KMSY,New Orleans,91.4
2026-07-25T18:13:25+00:00,KHOU,Houston,89.6
2026-07-25T19:33:13+00:00,KNYC,New York City,80.1
2026-07-25T19:33:13+00:00,KMIA,Miami,84.0
2026-07-25T19:33:13+00:00,KDEN,Denver,99.0
2026-07-25T19:33:13+00:00,KLAX,Los Angeles,78.8
2026-07-25T19:33:13+00:00,KPHL,Philadelphia,84.2
2026-07-25T19:33:13+00:00,KAUS,Austin,93.2
2026-07-25T19:33:13+00:00,KMDW,Chicago,75.2
2026-07-25T19:33:13+00:00,KSFO,San Francisco,69.8
2026-07-25T19:33:13+00:00,KPHX,Phoenix,111.2
2026-07-25T19:33:13+00:00,KDCA,Washington DC,80.6
2026-07-25T19:33:13+00:00,KATL,Atlanta,
2026-07-25T19:33:13+00:00,KDFW,Dallas,95.0
2026-07-25T19:33:13+00:00,KSEA,Seattle,68.0
2026-07-25T19:33:13+00:00,KLAS,Las Vegas,109.4
2026-07-25T19:33:13+00:00,KOKC,Oklahoma City,98.6
2026-07-25T19:33:13+00:00,KBOS,Boston,73.4
2026-07-25T19:33:13+00:00,KMSP,Minneapolis,78.8
2026-07-25T19:33:13+00:00,KSAT,San Antonio,89.6
2026-07-25T19:33:13+00:00,KMSY,New Orleans,93.2
2026-07-25T19:33:13+00:00,KHOU,Houston,91.4
2026-07-25T20:29:39+00:00,KNYC,New York City,79.0
2026-07-25T20:29:39+00:00,KMIA,Miami,86.0
2026-07-25T20:29:39+00:00,KDEN,Denver,99.0
2026-07-25T20:29:39+00:00,KLAX,Los Angeles,75.2
2026-07-25T20:29:39+00:00,KPHL,Philadelphia,84.2
2026-07-25T20:29:39+00:00,KAUS,Austin,93.2
2026-07-25T20:29:39+00:00,KMDW,Chicago,75.2
2026-07-25T20:29:39+00:00,KSFO,San Francisco,69.8
2026-07-25T20:29:39+00:00,KPHX,Phoenix,113.0
2026-07-25T20:29:39+00:00,KDCA,Washington DC,80.6
2026-07-25T20:29:39+00:00,KATL,Atlanta,80.6
2026-07-25T20:29:39+00:00,KDFW,Dallas,96.8
2026-07-25T20:29:39+00:00,KSEA,Seattle,71.6
2026-07-25T20:29:39+00:00,KLAS,Las Vegas,111.2
2026-07-25T20:29:39+00:00,KOKC,Oklahoma City,100.4
2026-07-25T20:29:39+00:00,KBOS,Boston,73.4
2026-07-25T20:29:39+00:00,KMSP,Minneapolis,80.6
2026-07-25T20:29:39+00:00,KSAT,San Antonio,91.4
2026-07-25T20:29:39+00:00,KMSY,New Orleans,93.2
2026-07-25T20:29:39+00:00,KHOU,Houston,91.4
2026-07-25T21:24:36+00:00,KNYC,New York City,79.0
2026-07-25T21:24:36+00:00,KMIA,Miami,87.8
2026-07-25T21:24:36+00:00,KDEN,Denver,99.0
2026-07-25T21:24:36+00:00,KLAX,Los Angeles,75.2
2026-07-25T21:24:36+00:00,KPHL,Philadelphia,84.2
2026-07-25T21:24:36+00:00,KAUS,Austin,95.0
2026-07-25T21:24:36+00:00,KMDW,Chicago,75.2
2026-07-25T21:24:36+00:00,KSFO,San Francisco,69.8
2026-07-25T21:24:36+00:00,KPHX,Phoenix,113.0
2026-07-25T21:24:36+00:00,KDCA,Washington DC,82.4
2026-07-25T21:24:36+00:00,KATL,Atlanta,86.0
2026-07-25T21:24:36+00:00,KDFW,Dallas,96.8
2026-07-25T21:24:36+00:00,KSEA,Seattle,71.6
2026-07-25T21:24:36+00:00,KLAS,Las Vegas,111.2
2026-07-25T21:24:36+00:00,KOKC,Oklahoma City,100.4
2026-07-25T21:24:36+00:00,KBOS,Boston,71.6
2026-07-25T21:24:36+00:00,KMSP,Minneapolis,84.2
2026-07-25T21:24:36+00:00,KSAT,San Antonio,93.2
2026-07-25T21:24:36+00:00,KMSY,New Orleans,91.4
2026-07-25T21:24:36+00:00,KHOU,Houston,91.4
2026-07-25T22:14:30+00:00,KNYC,New York City,79.0
2026-07-25T22:14:30+00:00,KMIA,Miami,89.6
2026-07-25T22:14:30+00:00,KDEN,Denver,99.0
2026-07-25T22:14:30+00:00,KLAX,Los Angeles,78.8
2026-07-25T22:14:30+00:00,KPHL,Philadelphia,82.4
2026-07-25T22:14:30+00:00,KAUS,Austin,95.0
2026-07-25T22:14:30+00:00,KMDW,Chicago,75.2
2026-07-25T22:14:30+00:00,KSFO,San Francisco,69.8
2026-07-25T22:14:30+00:00,KPHX,Phoenix,114.8
2026-07-25T22:14:30+00:00,KDCA,Washington DC,80.6
2026-07-25T22:14:30+00:00,KATL,Atlanta,86.0
2026-07-25T22:14:30+00:00,KDFW,Dallas,98.6
2026-07-25T22:14:30+00:00,KSEA,Seattle,69.8
2026-07-25T22:14:30+00:00,KLAS,Las Vegas,109.4
2026-07-25T22:14:30+00:00,KOKC,Oklahoma City,100.4
2026-07-25T22:14:30+00:00,KBOS,Boston,71.6
2026-07-25T22:14:30+00:00,KMSP,Minneapolis,84.2
2026-07-25T22:14:30+00:00,KSAT,San Antonio,91.4
2026-07-25T22:14:30+00:00,KMSY,New Orleans,91.4
2026-07-25T22:14:30+00:00,KHOU,Houston,89.6
2026-07-25T23:11:54+00:00,KNYC,New York City,77.0
2026-07-25T23:11:54+00:00,KMIA,Miami,89.6
2026-07-25T23:11:54+00:00,KDEN,Denver,98.1
2026-07-25T23:11:54+00:00,KLAX,Los Angeles,77.0
2026-07-25T23:11:54+00:00,KPHL,Philadelphia,80.6
2026-07-25T23:11:54+00:00,KAUS,Austin,95.0
2026-07-25T23:11:54+00:00,KMDW,Chicago,75.2
2026-07-25T23:11:54+00:00,KSFO,San Francisco,69.8
2026-07-25T23:11:54+00:00,KPHX,Phoenix,111.2
2026-07-25T23:11:54+00:00,KDCA,Washington DC,80.6
2026-07-25T23:11:54+00:00,KATL,Atlanta,84.2
2026-07-25T23:11:54+00:00,KDFW,Dallas,96.8
2026-07-25T23:11:54+00:00,KSEA,Seattle,71.6
2026-07-25T23:11:54+00:00,KLAS,Las Vegas,113.0
2026-07-25T23:11:54+00:00,KOKC,Oklahoma City,100.4
2026-07-25T23:11:54+00:00,KBOS,Boston,69.8
2026-07-25T23:11:54+00:00,KMSP,Minneapolis,86.0
2026-07-25T23:11:54+00:00,KSAT,San Antonio,93.2
2026-07-25T23:11:54+00:00,KMSY,New Orleans,89.6
2026-07-25T23:11:54+00:00,KHOU,Houston,89.6
2026-07-26T00:11:29+00:00,KNYC,New York City,73.9
2026-07-26T00:11:29+00:00,KMIA,Miami,87.8
2026-07-26T00:11:29+00:00,KDEN,Denver,97.0
2026-07-26T00:11:29+00:00,KLAX,Los Angeles,78.8
2026-07-26T00:11:29+00:00,KPHL,Philadelphia,78.8
2026-07-26T00:11:29+00:00,KAUS,Austin,93.2
2026-07-26T00:11:29+00:00,KMDW,Chicago,75.2
2026-07-26T00:11:29+00:00,KSFO,San Francisco,69.8
2026-07-26T00:11:29+00:00,KPHX,Phoenix,
2026-07-26T00:11:29+00:00,KDCA,Washington DC,78.8
2026-07-26T00:11:29+00:00,KATL,Atlanta,84.2
2026-07-26T00:11:29+00:00,KDFW,Dallas,96.8
2026-07-26T00:11:29+00:00,KSEA,Seattle,71.6
2026-07-26T00:11:29+00:00,KLAS,Las Vegas,113.0
2026-07-26T00:11:29+00:00,KOKC,Oklahoma City,98.6
2026-07-26T00:11:29+00:00,KBOS,Boston,68.0
2026-07-26T00:11:29+00:00,KMSP,Minneapolis,84.2
2026-07-26T00:11:29+00:00,KSAT,San Antonio,91.4
2026-07-26T00:11:29+00:00,KMSY,New Orleans,87.8
2026-07-26T00:11:29+00:00,KHOU,Houston,89.6
2026-07-26T03:52:18+00:00,KNYC,New York City,68.0
2026-07-26T03:52:18+00:00,KMIA,Miami,84.2
2026-07-26T03:52:18+00:00,KDEN,Denver,87.8
2026-07-26T03:52:18+00:00,KLAX,Los Angeles,73.4
2026-07-26T03:52:18+00:00,KPHL,Philadelphia,69.8
2026-07-26T03:52:18+00:00,KAUS,Austin,84.2
2026-07-26T03:52:18+00:00,KMDW,Chicago,71.6
2026-07-26T03:52:18+00:00,KSFO,San Francisco,62.6
2026-07-26T03:52:18+00:00,KPHX,Phoenix,98.6
2026-07-26T03:52:18+00:00,KDCA,Washington DC,73.4
2026-07-26T03:52:18+00:00,KATL,Atlanta,75.2
2026-07-26T03:52:18+00:00,KDFW,Dallas,89.6
2026-07-26T03:52:18+00:00,KSEA,Seattle,66.2
2026-07-26T03:52:18+00:00,KLAS,Las Vegas,107.6
2026-07-26T03:52:18+00:00,KOKC,Oklahoma City,86.0
2026-07-26T03:52:18+00:00,KBOS,Boston,62.6
2026-07-26T03:52:18+00:00,KMSP,Minneapolis,82.4
2026-07-26T03:52:18+00:00,KSAT,San Antonio,82.4
2026-07-26T03:52:18+00:00,KMSY,New Orleans,82.4
2026-07-26T03:52:18+00:00,KHOU,Houston,82.4
2026-07-26T06:26:29+00:00,KNYC,New York City,66.9
2026-07-26T06:26:29+00:00,KMIA,Miami,82.4
2026-07-26T06:26:29+00:00,KDEN,Denver,
2026-07-26T06:26:29+00:00,KLAX,Los Angeles,71.6
2026-07-26T06:26:29+00:00,KPHL,Philadelphia,66.2
2026-07-26T06:26:29+00:00,KAUS,Austin,78.8
2026-07-26T06:26:29+00:00,KMDW,Chicago,71.6
2026-07-26T06:26:29+00:00,KSFO,San Francisco,60.8
2026-07-26T06:26:29+00:00,KPHX,Phoenix,95.0
2026-07-26T06:26:29+00:00,KDCA,Washington DC,71.6
2026-07-26T06:26:29+00:00,KATL,Atlanta,73.4
2026-07-26T06:26:29+00:00,KDFW,Dallas,87.8
2026-07-26T06:26:29+00:00,KSEA,Seattle,64.4
2026-07-26T06:26:29+00:00,KLAS,Las Vegas,102.2
2026-07-26T06:26:29+00:00,KOKC,Oklahoma City,80.6
2026-07-26T06:26:29+00:00,KBOS,Boston,60.8
2026-07-26T06:26:29+00:00,KMSP,Minneapolis,78.8
2026-07-26T06:26:29+00:00,KSAT,San Antonio,78.8
2026-07-26T06:26:29+00:00,KMSY,New Orleans,80.6
2026-07-26T06:26:29+00:00,KHOU,Houston,80.6
2026-07-26T08:42:48+00:00,KNYC,New York City,64.9
2026-07-26T08:42:48+00:00,KMIA,Miami,82.4
2026-07-26T08:42:48+00:00,KDEN,Denver,
2026-07-26T08:42:48+00:00,KLAX,Los Angeles,71.6
2026-07-26T08:42:48+00:00,KPHL,Philadelphia,66.2
2026-07-26T08:42:48+00:00,KAUS,Austin,73.4
2026-07-26T08:42:48+00:00,KMDW,Chicago,71.6
2026-07-26T08:42:48+00:00,KSFO,San Francisco,60.8
2026-07-26T08:42:48+00:00,KPHX,Phoenix,95.0
2026-07-26T08:42:48+00:00,KDCA,Washington DC,69.8
2026-07-26T08:42:48+00:00,KATL,Atlanta,73.4
2026-07-26T08:42:48+00:00,KDFW,Dallas,84.2
2026-07-26T08:42:48+00:00,KSEA,Seattle,62.6
2026-07-26T08:42:48+00:00,KLAS,Las Vegas,98.6
2026-07-26T08:42:48+00:00,KOKC,Oklahoma City,78.8
2026-07-26T08:42:48+00:00,KBOS,Boston,60.8
2026-07-26T08:42:48+00:00,KMSP,Minneapolis,78.8
2026-07-26T08:42:48+00:00,KSAT,San Antonio,78.8
2026-07-26T08:42:48+00:00,KMSY,New Orleans,78.8
2026-07-26T08:42:48+00:00,KHOU,Houston,78.8
2026-07-26T10:22:01+00:00,KNYC,New York City,64.9
2026-07-26T10:22:01+00:00,KMIA,Miami,80.6
2026-07-26T10:22:01+00:00,KDEN,Denver,73.0
2026-07-26T10:22:01+00:00,KLAX,Los Angeles,69.8
2026-07-26T10:22:01+00:00,KPHL,Philadelphia,64.4
2026-07-26T10:22:01+00:00,KAUS,Austin,73.4
2026-07-26T10:22:01+00:00,KMDW,Chicago,71.6
2026-07-26T10:22:01+00:00,KSFO,San Francisco,60.8
2026-07-26T10:22:01+00:00,KPHX,Phoenix,93.2
2026-07-26T10:22:01+00:00,KDCA,Washington DC,69.8
2026-07-26T10:22:01+00:00,KATL,Atlanta,73.4
2026-07-26T10:22:01+00:00,KDFW,Dallas,82.4
2026-07-26T10:22:01+00:00,KSEA,Seattle,62.6
2026-07-26T10:22:01+00:00,KLAS,Las Vegas,95.0
2026-07-26T10:22:01+00:00,KOKC,Oklahoma City,75.2
2026-07-26T10:22:01+00:00,KBOS,Boston,60.8
2026-07-26T10:22:01+00:00,KMSP,Minneapolis,75.2
2026-07-26T10:22:01+00:00,KSAT,San Antonio,77.0
2026-07-26T10:22:01+00:00,KMSY,New Orleans,78.8
2026-07-26T10:22:01+00:00,KHOU,Houston,78.8
2026-07-26T11:41:26+00:00,KNYC,New York City,66.0
2026-07-26T11:41:26+00:00,KMIA,Miami,80.6
2026-07-26T11:41:26+00:00,KDEN,Denver,73.0
2026-07-26T11:41:26+00:00,KLAX,Los Angeles,71.6
2026-07-26T11:41:26+00:00,KPHL,Philadelphia,69.8
2026-07-26T11:41:26+00:00,KAUS,Austin,73.4
2026-07-26T11:41:26+00:00,KMDW,Chicago,71.6
2026-07-26T11:41:26+00:00,KSFO,San Francisco,60.8
2026-07-26T11:41:26+00:00,KPHX,Phoenix,91.4
2026-07-26T11:41:26+00:00,KDCA,Washington DC,71.6
2026-07-26T11:41:26+00:00,KATL,Atlanta,73.4
2026-07-26T11:41:26+00:00,KDFW,Dallas,80.6
2026-07-26T11:41:26+00:00,KSEA,Seattle,62.6
2026-07-26T11:41:26+00:00,KLAS,Las Vegas,93.2
2026-07-26T11:41:26+00:00,KOKC,Oklahoma City,75.2
2026-07-26T11:41:26+00:00,KBOS,Boston,64.4
2026-07-26T11:41:26+00:00,KMSP,Minneapolis,75.2
2026-07-26T11:41:26+00:00,KSAT,San Antonio,75.2
2026-07-26T11:41:26+00:00,KMSY,New Orleans,78.8
2026-07-26T11:41:26+00:00,KHOU,Houston,78.8
2026-07-26T12:43:08+00:00,KNYC,New York City,68.0
2026-07-26T12:43:08+00:00,KMIA,Miami,84.2
2026-07-26T12:43:08+00:00,KDEN,Denver,72.0
2026-07-26T12:43:08+00:00,KLAX,Los Angeles,69.8
2026-07-26T12:43:08+00:00,KPHL,Philadelphia,71.6
2026-07-26T12:43:08+00:00,KAUS,Austin,73.4
2026-07-26T12:43:08+00:00,KMDW,Chicago,73.4
2026-07-26T12:43:08+00:00,KSFO,San Francisco,60.8
2026-07-26T12:43:08+00:00,KPHX,Phoenix,91.4
2026-07-26T12:43:08+00:00,KDCA,Washington DC,73.4
2026-07-26T12:43:08+00:00,KATL,Atlanta,75.2
2026-07-26T12:43:08+00:00,KDFW,Dallas,80.6
2026-07-26T12:43:08+00:00,KSEA,Seattle,60.8
2026-07-26T12:43:08+00:00,KLAS,Las Vegas,91.4
2026-07-26T12:43:08+00:00,KOKC,Oklahoma City,75.2
2026-07-26T12:43:08+00:00,KBOS,Boston,66.2
2026-07-26T12:43:08+00:00,KMSP,Minneapolis,75.2
2026-07-26T12:43:08+00:00,KSAT,San Antonio,77.0
2026-07-26T12:43:08+00:00,KMSY,New Orleans,80.6
2026-07-26T12:43:08+00:00,KHOU,Houston,78.8
2026-07-26T14:13:44+00:00,KNYC,New York City,70.0
2026-07-26T14:13:44+00:00,KMIA,Miami,87.8
2026-07-26T14:13:44+00:00,KDEN,Denver,79.0
2026-07-26T14:13:44+00:00,KLAX,Los Angeles,69.8
2026-07-26T14:13:44+00:00,KPHL,Philadelphia,75.2
2026-07-26T14:13:44+00:00,KAUS,Austin,80.6
2026-07-26T14:13:44+00:00,KMDW,Chicago,78.8
2026-07-26T14:13:44+00:00,KSFO,San Francisco,60.8
2026-07-26T14:13:44+00:00,KPHX,Phoenix,93.2
2026-07-26T14:13:44+00:00,KDCA,Washington DC,75.2
2026-07-26T14:13:44+00:00,KATL,Atlanta,75.2
2026-07-26T14:13:44+00:00,KDFW,Dallas,84.2
2026-07-26T14:13:44+00:00,KSEA,Seattle,60.8
2026-07-26T14:13:44+00:00,KLAS,Las Vegas,93.2
2026-07-26T14:13:44+00:00,KOKC,Oklahoma City,86.0
2026-07-26T14:13:44+00:00,KBOS,Boston,69.8
2026-07-26T14:13:44+00:00,KMSP,Minneapolis,80.6
2026-07-26T14:13:44+00:00,KSAT,San Antonio,80.6
2026-07-26T14:13:44+00:00,KMSY,New Orleans,86.0
2026-07-26T14:13:44+00:00,KHOU,Houston,82.4
2026-07-26T15:21:02+00:00,KNYC,New York City,75.9
2026-07-26T15:21:02+00:00,KMIA,Miami,89.6
2026-07-26T15:21:02+00:00,KDEN,Denver,84.0
2026-07-26T15:21:02+00:00,KLAX,Los Angeles,71.6
2026-07-26T15:21:02+00:00,KPHL,Philadelphia,78.8
2026-07-26T15:21:02+00:00,KAUS,Austin,84.2
2026-07-26T15:21:02+00:00,KMDW,Chicago,80.6
2026-07-26T15:21:02+00:00,KSFO,San Francisco,60.8
2026-07-26T15:21:02+00:00,KPHX,Phoenix,96.8
2026-07-26T15:21:02+00:00,KDCA,Washington DC,78.8
2026-07-26T15:21:02+00:00,KATL,Atlanta,78.8
2026-07-26T15:21:02+00:00,KDFW,Dallas,87.8
2026-07-26T15:21:02+00:00,KSEA,Seattle,60.8
2026-07-26T15:21:02+00:00,KLAS,Las Vegas,95.0
2026-07-26T15:21:02+00:00,KOKC,Oklahoma City,89.6
2026-07-26T15:21:02+00:00,KBOS,Boston,69.8
2026-07-26T15:21:02+00:00,KMSP,Minneapolis,84.2
2026-07-26T15:21:02+00:00,KSAT,San Antonio,82.4
2026-07-26T15:21:02+00:00,KMSY,New Orleans,86.0
2026-07-26T15:21:02+00:00,KHOU,Houston,87.8
2026-07-26T16:26:51+00:00,KNYC,New York City,79.0
2026-07-26T16:26:51+00:00,KMIA,Miami,91.4
2026-07-26T16:26:51+00:00,KDEN,Denver,88.0
2026-07-26T16:26:51+00:00,KLAX,Los Angeles,73.4
2026-07-26T16:26:51+00:00,KPHL,Philadelphia,80.6
2026-07-26T16:26:51+00:00,KAUS,Austin,87.8
2026-07-26T16:26:51+00:00,KMDW,Chicago,84.2
2026-07-26T16:26:51+00:00,KSFO,San Francisco,60.8
2026-07-26T16:26:51+00:00,KPHX,Phoenix,96.8
2026-07-26T16:26:51+00:00,KDCA,Washington DC,80.6
2026-07-26T16:26:51+00:00,KATL,Atlanta,82.4
2026-07-26T16:26:51+00:00,KDFW,Dallas,89.6
2026-07-26T16:26:51+00:00,KSEA,Seattle,62.6
2026-07-26T16:26:51+00:00,KLAS,Las Vegas,98.6
2026-07-26T16:26:51+00:00,KOKC,Oklahoma City,93.2
2026-07-26T16:26:51+00:00,KBOS,Boston,71.6
2026-07-26T16:26:51+00:00,KMSP,Minneapolis,87.8
2026-07-26T16:26:51+00:00,KSAT,San Antonio,86.0
2026-07-26T16:26:51+00:00,KMSY,New Orleans,87.8
2026-07-26T16:26:51+00:00,KHOU,Houston,89.6
2026-07-26T17:30:13+00:00,KNYC,New York City,82.9
2026-07-26T17:30:13+00:00,KMIA,Miami,84.2
2026-07-26T17:30:13+00:00,KDEN,Denver,93.0
2026-07-26T17:30:13+00:00,KLAX,Los Angeles,75.2
2026-07-26T17:30:13+00:00,KPHL,Philadelphia,82.4
2026-07-26T17:30:13+00:00,KAUS,Austin,89.6
2026-07-26T17:30:13+00:00,KMDW,Chicago,87.8
2026-07-26T17:30:13+00:00,KSFO,San Francisco,60.8
2026-07-26T17:30:13+00:00,KPHX,Phoenix,100.4
2026-07-26T17:30:13+00:00,KDCA,Washington DC,82.4
2026-07-26T17:30:13+00:00,KATL,Atlanta,86.0
2026-07-26T17:30:13+00:00,KDFW,Dallas,91.4
2026-07-26T17:30:13+00:00,KSEA,Seattle,64.4
2026-07-26T17:30:13+00:00,KLAS,Las Vegas,102.2
2026-07-26T17:30:13+00:00,KOKC,Oklahoma City,96.8
2026-07-26T17:30:13+00:00,KBOS,Boston,71.6
2026-07-26T17:30:13+00:00,KMSP,Minneapolis,89.6
2026-07-26T17:30:13+00:00,KSAT,San Antonio,87.8
2026-07-26T17:30:13+00:00,KMSY,New Orleans,89.6
2026-07-26T17:30:13+00:00,KHOU,Houston,89.6
2026-07-26T18:39:05+00:00,KNYC,New York City,82.0
2026-07-26T18:39:05+00:00,KMIA,Miami,78.8
2026-07-26T18:39:05+00:00,KDEN,Denver,95.0
2026-07-26T18:39:05+00:00,KLAX,Los Angeles,75.2
2026-07-26T18:39:05+00:00,KPHL,Philadelphia,82.4
2026-07-26T18:39:05+00:00,KAUS,Austin,93.2
2026-07-26T18:39:05+00:00,KMDW,Chicago,87.8
2026-07-26T18:39:05+00:00,KSFO,San Francisco,62.6
2026-07-26T18:39:05+00:00,KPHX,Phoenix,100.4
2026-07-26T18:39:05+00:00,KDCA,Washington DC,80.6
2026-07-26T18:39:05+00:00,KATL,Atlanta,87.8
2026-07-26T18:39:05+00:00,KDFW,Dallas,95.0
2026-07-26T18:39:05+00:00,KSEA,Seattle,68.0
2026-07-26T18:39:05+00:00,KLAS,Las Vegas,105.8
2026-07-26T18:39:05+00:00,KOKC,Oklahoma City,98.6
2026-07-26T18:39:05+00:00,KBOS,Boston,69.8
2026-07-26T18:39:05+00:00,KMSP,Minneapolis,93.2
2026-07-26T18:39:05+00:00,KSAT,San Antonio,89.6
2026-07-26T18:39:05+00:00,KMSY,New Orleans,91.4
2026-07-26T18:39:05+00:00,KHOU,Houston,91.4
2026-07-26T19:49:28+00:00,KNYC,New York City,82.9
2026-07-26T19:49:28+00:00,KMIA,Miami,80.6
2026-07-26T19:49:28+00:00,KDEN,Denver,99.0
2026-07-26T19:49:28+00:00,KLAX,Los Angeles,77.0
2026-07-26T19:49:28+00:00,KPHL,Philadelphia,84.2
2026-07-26T19:49:28+00:00,KAUS,Austin,95.0
2026-07-26T19:49:28+00:00,KMDW,Chicago,87.8
2026-07-26T19:49:28+00:00,KSFO,San Francisco,64.4
2026-07-26T19:49:28+00:00,KPHX,Phoenix,105.8
2026-07-26T19:49:28+00:00,KDCA,Washington DC,84.2
2026-07-26T19:49:28+00:00,KATL,Atlanta,91.4
2026-07-26T19:49:28+00:00,KDFW,Dallas,98.6
2026-07-26T19:49:28+00:00,KSEA,Seattle,71.6
2026-07-26T19:49:28+00:00,KLAS,Las Vegas,107.6
2026-07-26T19:49:28+00:00,KOKC,Oklahoma City,100.4
2026-07-26T19:49:28+00:00,KBOS,Boston,69.8
2026-07-26T19:49:28+00:00,KMSP,Minneapolis,96.8
2026-07-26T19:49:28+00:00,KSAT,San Antonio,91.4
2026-07-26T19:49:28+00:00,KMSY,New Orleans,93.2
2026-07-26T19:49:28+00:00,KHOU,Houston,93.2
2026-07-26T20:42:25+00:00,KNYC,New York City,84.0
2026-07-26T20:42:25+00:00,KMIA,Miami,84.2
2026-07-26T20:42:25+00:00,KDEN,Denver,100.0
2026-07-26T20:42:25+00:00,KLAX,Los Angeles,75.2
2026-07-26T20:42:25+00:00,KPHL,Philadelphia,84.2
2026-07-26T20:42:25+00:00,KAUS,Austin,96.8
2026-07-26T20:42:25+00:00,KMDW,Chicago,89.6
2026-07-26T20:42:25+00:00,KSFO,San Francisco,68.0
2026-07-26T20:42:25+00:00,KPHX,Phoenix,107.6
2026-07-26T20:42:25+00:00,KDCA,Washington DC,84.2
2026-07-26T20:42:25+00:00,KATL,Atlanta,91.4
2026-07-26T20:42:25+00:00,KDFW,Dallas,96.8
2026-07-26T20:42:25+00:00,KSEA,Seattle,71.6
2026-07-26T20:42:25+00:00,KLAS,Las Vegas,107.6
2026-07-26T20:42:25+00:00,KOKC,Oklahoma City,102.2
2026-07-26T20:42:25+00:00,KBOS,Boston,68.0
2026-07-26T20:42:25+00:00,KMSP,Minneapolis,96.8
2026-07-26T20:42:25+00:00,KSAT,San Antonio,93.2
2026-07-26T20:42:25+00:00,KMSY,New Orleans,93.2
2026-07-26T20:42:25+00:00,KHOU,Houston,93.2
2026-07-26T21:37:00+00:00,KNYC,New York City,80.1
2026-07-26T21:37:00+00:00,KMIA,Miami,87.8
2026-07-26T21:37:00+00:00,KDEN,Denver,100.0
2026-07-26T21:37:00+00:00,KLAX,Los Angeles,77.0
2026-07-26T21:37:00+00:00,KPHL,Philadelphia,84.2
2026-07-26T21:37:00+00:00,KAUS,Austin,96.8
2026-07-26T21:37:00+00:00,KMDW,Chicago,89.6
2026-07-26T21:37:00+00:00,KSFO,San Francisco,68.0
2026-07-26T21:37:00+00:00,KPHX,Phoenix,109.4
2026-07-26T21:37:00+00:00,KDCA,Washington DC,82.4
2026-07-26T21:37:00+00:00,KATL,Atlanta,91.4
2026-07-26T21:37:00+00:00,KDFW,Dallas,98.6
2026-07-26T21:37:00+00:00,KSEA,Seattle,71.6
2026-07-26T21:37:00+00:00,KLAS,Las Vegas,109.4
2026-07-26T21:37:00+00:00,KOKC,Oklahoma City,100.4
2026-07-26T21:37:00+00:00,KBOS,Boston,68.0
2026-07-26T21:37:00+00:00,KMSP,Minneapolis,96.8
2026-07-26T21:37:00+00:00,KSAT,San Antonio,93.2
2026-07-26T21:37:00+00:00,KMSY,New Orleans,93.2
2026-07-26T21:37:00+00:00,KHOU,Houston,89.6
2026-07-26T22:37:40+00:00,KNYC,New York City,79.0
2026-07-26T22:37:40+00:00,KMIA,Miami,86.0
2026-07-26T22:37:40+00:00,KDEN,Denver,98.6
2026-07-26T22:37:40+00:00,KLAX,Los Angeles,78.8
2026-07-26T22:37:40+00:00,KPHL,Philadelphia,84.2
2026-07-26T22:37:40+00:00,KAUS,Austin,96.8
2026-07-26T22:37:40+00:00,KMDW,Chicago,89.6
2026-07-26T22:37:40+00:00,KSFO,San Francisco,69.8
2026-07-26T22:37:40+00:00,KPHX,Phoenix,109.4
2026-07-26T22:37:40+00:00,KDCA,Washington DC,82.4
2026-07-26T22:37:40+00:00,KATL,Atlanta,89.6
2026-07-26T22:37:40+00:00,KDFW,Dallas,98.6
2026-07-26T22:37:40+00:00,KSEA,Seattle,69.8
2026-07-26T22:37:40+00:00,KLAS,Las Vegas,107.6
2026-07-26T22:37:40+00:00,KOKC,Oklahoma City,100.4
2026-07-26T22:37:40+00:00,KBOS,Boston,66.2
2026-07-26T22:37:40+00:00,KMSP,Minneapolis,98.6
2026-07-26T22:37:40+00:00,KSAT,San Antonio,95.0
2026-07-26T22:37:40+00:00,KMSY,New Orleans,93.2
2026-07-26T22:37:40+00:00,KHOU,Houston,93.2
2026-07-26T23:37:22+00:00,KNYC,New York City,77.0
2026-07-26T23:37:22+00:00,KMIA,Miami,86.0
2026-07-26T23:37:22+00:00,KDEN,Denver,91.0
2026-07-26T23:37:22+00:00,KLAX,Los Angeles,78.8
2026-07-26T23:37:22+00:00,KPHL,Philadelphia,82.4
2026-07-26T23:37:22+00:00,KAUS,Austin,96.8
2026-07-26T23:37:22+00:00,KMDW,Chicago,87.8
2026-07-26T23:37:22+00:00,KSFO,San Francisco,68.0
2026-07-26T23:37:22+00:00,KPHX,Phoenix,109.4
2026-07-26T23:37:22+00:00,KDCA,Washington DC,80.6
2026-07-26T23:37:22+00:00,KATL,Atlanta,87.8
2026-07-26T23:37:22+00:00,KDFW,Dallas,98.6
2026-07-26T23:37:22+00:00,KSEA,Seattle,71.6
2026-07-26T23:37:22+00:00,KLAS,Las Vegas,105.8
2026-07-26T23:37:22+00:00,KOKC,Oklahoma City,100.4
2026-07-26T23:37:22+00:00,KBOS,Boston,64.4
2026-07-26T23:37:22+00:00,KMSP,Minneapolis,96.8
2026-07-26T23:37:22+00:00,KSAT,San Antonio,93.2
2026-07-26T23:37:22+00:00,KMSY,New Orleans,93.2
2026-07-26T23:37:22+00:00,KHOU,Houston,91.4
2026-07-27T01:15:07+00:00,KNYC,New York City,73.0
2026-07-27T01:15:07+00:00,KMIA,Miami,80.6
2026-07-27T01:15:07+00:00,KDEN,Denver,91.0
2026-07-27T01:15:07+00:00,KLAX,Los Angeles,75.2
2026-07-27T01:15:07+00:00,KPHL,Philadelphia,80.6
2026-07-27T01:15:07+00:00,KAUS,Austin,91.4
2026-07-27T01:15:07+00:00,KMDW,Chicago,86.0
2026-07-27T01:15:07+00:00,KSFO,San Francisco,66.2
2026-07-27T01:15:07+00:00,KPHX,Phoenix,109.4
2026-07-27T01:15:07+00:00,KDCA,Washington DC,78.8
2026-07-27T01:15:07+00:00,KATL,Atlanta,84.2
2026-07-27T01:15:07+00:00,KDFW,Dallas,95.0
2026-07-27T01:15:07+00:00,KSEA,Seattle,66.2
2026-07-27T01:15:07+00:00,KLAS,Las Vegas,102.2
2026-07-27T01:15:07+00:00,KOKC,Oklahoma City,93.2
2026-07-27T01:15:07+00:00,KBOS,Boston,62.6
2026-07-27T01:15:07+00:00,KMSP,Minneapolis,93.0
2026-07-27T01:15:07+00:00,KSAT,San Antonio,91.4
2026-07-27T01:15:07+00:00,KMSY,New Orleans,89.6
2026-07-27T01:15:07+00:00,KHOU,Houston,89.6
2026-07-27T04:58:34+00:00,KNYC,New York City,73.0
2026-07-27T04:58:34+00:00,KMIA,Miami,78.8
2026-07-27T04:58:34+00:00,KDEN,Denver,86.0
2026-07-27T04:58:34+00:00,KLAX,Los Angeles,71.6
2026-07-27T04:58:34+00:00,KPHL,Philadelphia,73.4
2026-07-27T04:58:34+00:00,KAUS,Austin,82.4
2026-07-27T04:58:34+00:00,KMDW,Chicago,80.6
2026-07-27T04:58:34+00:00,KSFO,San Francisco,60.8
2026-07-27T04:58:34+00:00,KPHX,Phoenix,105.8
2026-07-27T04:58:34+00:00,KDCA,Washington DC,75.2
2026-07-27T04:58:34+00:00,KATL,Atlanta,80.6
2026-07-27T04:58:34+00:00,KDFW,Dallas,87.8
2026-07-27T04:58:34+00:00,KSEA,Seattle,60.8
2026-07-27T04:58:34+00:00,KLAS,Las Vegas,98.6
2026-07-27T04:58:34+00:00,KOKC,Oklahoma City,82.4
2026-07-27T04:58:34+00:00,KBOS,Boston,62.6
2026-07-27T04:58:34+00:00,KMSP,Minneapolis,84.2
2026-07-27T04:58:34+00:00,KSAT,San Antonio,82.4
2026-07-27T04:58:34+00:00,KMSY,New Orleans,80.6
2026-07-27T04:58:34+00:00,KHOU,Houston,80.6
2026-07-27T08:26:37+00:00,KNYC,New York City,72.0
2026-07-27T08:26:37+00:00,KMIA,Miami,77.0
2026-07-27T08:26:37+00:00,KDEN,Denver,82.0
2026-07-27T08:26:37+00:00,KLAX,Los Angeles,71.6
2026-07-27T08:26:37+00:00,KPHL,Philadelphia,71.6
2026-07-27T08:26:37+00:00,KAUS,Austin,77.0
2026-07-27T08:26:37+00:00,KMDW,Chicago,78.8
2026-07-27T08:26:37+00:00,KSFO,San Francisco,59.0
2026-07-27T08:26:37+00:00,KPHX,Phoenix,100.4
2026-07-27T08:26:37+00:00,KDCA,Washington DC,73.4
2026-07-27T08:26:37+00:00,KATL,Atlanta,78.8
2026-07-27T08:26:37+00:00,KDFW,Dallas,84.2
2026-07-27T08:26:37+00:00,KSEA,Seattle,59.0
2026-07-27T08:26:37+00:00,KLAS,Las Vegas,96.8
2026-07-27T08:26:37+00:00,KOKC,Oklahoma City,
2026-07-27T08:26:37+00:00,KBOS,Boston,60.8
2026-07-27T08:26:37+00:00,KMSP,Minneapolis,82.4
2026-07-27T08:26:37+00:00,KSAT,San Antonio,78.8
2026-07-27T08:26:37+00:00,KMSY,New Orleans,78.8
2026-07-27T08:26:37+00:00,KHOU,Houston,78.8
2026-07-27T11:47:49+00:00,KNYC,New York City,72.0
2026-07-27T11:47:49+00:00,KMIA,Miami,78.8
2026-07-27T11:47:49+00:00,KDEN,Denver,79.0
2026-07-27T11:47:49+00:00,KLAX,Los Angeles,69.8
2026-07-27T11:47:49+00:00,KPHL,Philadelphia,71.6
2026-07-27T11:47:49+00:00,KAUS,Austin,73.4
2026-07-27T11:47:49+00:00,KMDW,Chicago,78.8
2026-07-27T11:47:49+00:00,KSFO,San Francisco,59.0
2026-07-27T11:47:49+00:00,KPHX,Phoenix,96.8
2026-07-27T11:47:49+00:00,KDCA,Washington DC,73.4
2026-07-27T11:47:49+00:00,KATL,Atlanta,78.8
2026-07-27T11:47:49+00:00,KDFW,Dallas,80.6
2026-07-27T11:47:49+00:00,KSEA,Seattle,59.0
2026-07-27T11:47:49+00:00,KLAS,Las Vegas,93.2
2026-07-27T11:47:49+00:00,KOKC,Oklahoma City,71.6
2026-07-27T11:47:49+00:00,KBOS,Boston,62.6
2026-07-27T11:47:49+00:00,KMSP,Minneapolis,82.4
2026-07-27T11:47:49+00:00,KSAT,San Antonio,75.2
2026-07-27T11:47:49+00:00,KMSY,New Orleans,78.8
2026-07-27T11:47:49+00:00,KHOU,Houston,78.8
2026-07-27T14:02:59+00:00,KNYC,New York City,75.9
2026-07-27T14:02:59+00:00,KMIA,Miami,86.0
2026-07-27T14:02:59+00:00,KDEN,Denver,78.1
2026-07-27T14:02:59+00:00,KLAX,Los Angeles,69.8
2026-07-27T14:02:59+00:00,KPHL,Philadelphia,78.8
2026-07-27T14:02:59+00:00,KAUS,Austin,78.8
2026-07-27T14:02:59+00:00,KMDW,Chicago,80.6
2026-07-27T14:02:59+00:00,KSFO,San Francisco,59.0
2026-07-27T14:02:59+00:00,KPHX,Phoenix,95.0
2026-07-27T14:02:59+00:00,KDCA,Washington DC,80.6
2026-07-27T14:02:59+00:00,KATL,Atlanta,77.0
2026-07-27T14:02:59+00:00,KDFW,Dallas,84.2
2026-07-27T14:02:59+00:00,KSEA,Seattle,60.8
2026-07-27T14:02:59+00:00,KLAS,Las Vegas,91.4
2026-07-27T14:02:59+00:00,KOKC,Oklahoma City,82.4
2026-07-27T14:02:59+00:00,KBOS,Boston,69.8
2026-07-27T14:02:59+00:00,KMSP,Minneapolis,84.2
2026-07-27T14:02:59+00:00,KSAT,San Antonio,78.8
2026-07-27T14:02:59+00:00,KMSY,New Orleans,86.0
2026-07-27T14:02:59+00:00,KHOU,Houston,82.4
2026-07-27T16:32:31+00:00,KNYC,New York City,82.9
2026-07-27T16:32:31+00:00,KMIA,Miami,87.8
2026-07-27T16:32:31+00:00,KDEN,Denver,81.0
2026-07-27T16:32:31+00:00,KLAX,Los Angeles,75.2
2026-07-27T16:32:31+00:00,KPHL,Philadelphia,84.2
2026-07-27T16:32:31+00:00,KAUS,Austin,87.8
2026-07-27T16:32:31+00:00,KMDW,Chicago,86.0
2026-07-27T16:32:31+00:00,KSFO,San Francisco,60.8
2026-07-27T16:32:31+00:00,KPHX,Phoenix,100.4
2026-07-27T16:32:31+00:00,KDCA,Washington DC,86.0
2026-07-27T16:32:31+00:00,KATL,Atlanta,80.6
2026-07-27T16:32:31+00:00,KDFW,Dallas,91.4
2026-07-27T16:32:31+00:00,KSEA,Seattle,64.4
2026-07-27T16:32:31+00:00,KLAS,Las Vegas,98.6
2026-07-27T16:32:31+00:00,KOKC,Oklahoma City,93.2
2026-07-27T16:32:31+00:00,KBOS,Boston,73.4
2026-07-27T16:32:31+00:00,KMSP,Minneapolis,91.4
2026-07-27T16:32:31+00:00,KSAT,San Antonio,84.2
2026-07-27T16:32:31+00:00,KMSY,New Orleans,89.6
2026-07-27T16:32:31+00:00,KHOU,Houston,87.8
2026-07-27T18:10:46+00:00,KNYC,New York City,82.0
2026-07-27T18:10:46+00:00,KMIA,Miami,89.6
2026-07-27T18:10:46+00:00,KDEN,Denver,82.9
2026-07-27T18:10:46+00:00,KLAX,Los Angeles,78.8
2026-07-27T18:10:46+00:00,KPHL,Philadelphia,87.8
2026-07-27T18:10:46+00:00,KAUS,Austin,91.4
2026-07-27T18:10:46+00:00,KMDW,Chicago,73.4
2026-07-27T18:10:46+00:00,KSFO,San Francisco,64.4
2026-07-27T18:10:46+00:00,KPHX,Phoenix,102.2
2026-07-27T18:10:46+00:00,KDCA,Washington DC,87.8
2026-07-27T18:10:46+00:00,KATL,Atlanta,84.2
2026-07-27T18:10:46+00:00,KDFW,Dallas,95.0
2026-07-27T18:10:46+00:00,KSEA,Seattle,68.0
2026-07-27T18:10:46+00:00,KLAS,Las Vegas,102.2
2026-07-27T18:10:46+00:00,KOKC,Oklahoma City,98.6
2026-07-27T18:10:46+00:00,KBOS,Boston,73.4
2026-07-27T18:10:46+00:00,KMSP,Minneapolis,96.8
2026-07-27T18:10:46+00:00,KSAT,San Antonio,87.8
2026-07-27T18:10:46+00:00,KMSY,New Orleans,91.4
2026-07-27T18:10:46+00:00,KHOU,Houston,91.4
2026-07-27T19:50:19+00:00,KNYC,New York City,80.1
2026-07-27T19:50:19+00:00,KMIA,Miami,87.8
2026-07-27T19:50:19+00:00,KDEN,Denver,87.1
2026-07-27T19:50:19+00:00,KLAX,Los Angeles,78.8
2026-07-27T19:50:19+00:00,KPHL,Philadelphia,87.8
2026-07-27T19:50:19+00:00,KAUS,Austin,95.0
2026-07-27T19:50:19+00:00,KMDW,Chicago,71.6
2026-07-27T19:50:19+00:00,KSFO,San Francisco,66.2
2026-07-27T19:50:19+00:00,KPHX,Phoenix,107.6
2026-07-27T19:50:19+00:00,KDCA,Washington DC,87.8
2026-07-27T19:50:19+00:00,KATL,Atlanta,89.6
2026-07-27T19:50:19+00:00,KDFW,Dallas,98.6
2026-07-27T19:50:19+00:00,KSEA,Seattle,71.6
2026-07-27T19:50:19+00:00,KLAS,Las Vegas,104.0
2026-07-27T19:50:19+00:00,KOKC,Oklahoma City,100.4
2026-07-27T19:50:19+00:00,KBOS,Boston,75.2
2026-07-27T19:50:19+00:00,KMSP,Minneapolis,96.8
2026-07-27T19:50:19+00:00,KSAT,San Antonio,91.4
2026-07-27T19:50:19+00:00,KMSY,New Orleans,93.2
2026-07-27T19:50:19+00:00,KHOU,Houston,93.2
2026-07-27T20:57:35+00:00,KNYC,New York City,82.0
2026-07-27T20:57:35+00:00,KMIA,Miami,87.8
2026-07-27T20:57:35+00:00,KDEN,Denver,89.1
2026-07-27T20:57:35+00:00,KLAX,Los Angeles,77.0
2026-07-27T20:57:35+00:00,KPHL,Philadelphia,77.0
2026-07-27T20:57:35+00:00,KAUS,Austin,96.8
2026-07-27T20:57:35+00:00,KMDW,Chicago,73.4
2026-07-27T20:57:35+00:00,KSFO,San Francisco,69.8
2026-07-27T20:57:35+00:00,KPHX,Phoenix,107.6
2026-07-27T20:57:35+00:00,KDCA,Washington DC,87.8
2026-07-27T20:57:35+00:00,KATL,Atlanta,91.4
2026-07-27T20:57:35+00:00,KDFW,Dallas,98.6
2026-07-27T20:57:35+00:00,KSEA,Seattle,75.2
2026-07-27T20:57:35+00:00,KLAS,Las Vegas,105.8
2026-07-27T20:57:35+00:00,KOKC,Oklahoma City,100.4
2026-07-27T20:57:35+00:00,KBOS,Boston,73.4
2026-07-27T20:57:35+00:00,KMSP,Minneapolis,98.6
2026-07-27T20:57:35+00:00,KSAT,San Antonio,93.2
2026-07-27T20:57:35+00:00,KMSY,New Orleans,93.2
2026-07-27T20:57:35+00:00,KHOU,Houston,93.2
2026-07-27T21:59:15+00:00,KNYC,New York City,81.0
2026-07-27T21:59:15+00:00,KMIA,Miami,87.8
2026-07-27T21:59:15+00:00,KDEN,Denver,90.0
2026-07-27T21:59:15+00:00,KLAX,Los Angeles,78.8
2026-07-27T21:59:15+00:00,KPHL,Philadelphia,82.4
2026-07-27T21:59:15+00:00,KAUS,Austin,96.8
2026-07-27T21:59:15+00:00,KMDW,Chicago,73.4
2026-07-27T21:59:15+00:00,KSFO,San Francisco,68.0
2026-07-27T21:59:15+00:00,KPHX,Phoenix,109.4
2026-07-27T21:59:15+00:00,KDCA,Washington DC,89.6
2026-07-27T21:59:15+00:00,KATL,Atlanta,91.4
2026-07-27T21:59:15+00:00,KDFW,Dallas,100.4
2026-07-27T21:59:15+00:00,KSEA,Seattle,75.2
2026-07-27T21:59:15+00:00,KLAS,Las Vegas,107.6
2026-07-27T21:59:15+00:00,KOKC,Oklahoma City,102.2
2026-07-27T21:59:15+00:00,KBOS,Boston,73.4
2026-07-27T21:59:15+00:00,KMSP,Minneapolis,100.4
2026-07-27T21:59:15+00:00,KSAT,San Antonio,96.8
2026-07-27T21:59:15+00:00,KMSY,New Orleans,93.2
2026-07-27T21:59:15+00:00,KHOU,Houston,95.0
2026-07-27T22:59:31+00:00,KNYC,New York City,80.1
2026-07-27T22:59:31+00:00,KMIA,Miami,
2026-07-27T22:59:31+00:00,KDEN,Denver,91.9
2026-07-27T22:59:31+00:00,KLAX,Los Angeles,78.8
2026-07-27T22:59:31+00:00,KPHL,Philadelphia,82.4
2026-07-27T22:59:31+00:00,KAUS,Austin,96.8
2026-07-27T22:59:31+00:00,KMDW,Chicago,71.6
2026-07-27T22:59:31+00:00,KSFO,San Francisco,69.8
2026-07-27T22:59:31+00:00,KPHX,Phoenix,111.2
2026-07-27T22:59:31+00:00,KDCA,Washington DC,87.8
2026-07-27T22:59:31+00:00,KATL,Atlanta,82.4
2026-07-27T22:59:31+00:00,KDFW,Dallas,98.6
2026-07-27T22:59:31+00:00,KSEA,Seattle,77.0
2026-07-27T22:59:31+00:00,KLAS,Las Vegas,109.4
2026-07-27T22:59:31+00:00,KOKC,Oklahoma City,102.2
2026-07-27T22:59:31+00:00,KBOS,Boston,71.6
2026-07-27T22:59:31+00:00,KMSP,Minneapolis,98.6
2026-07-27T22:59:31+00:00,KSAT,San Antonio,96.8
2026-07-27T22:59:31+00:00,KMSY,New Orleans,93.2
2026-07-27T22:59:31+00:00,KHOU,Houston,93.2
2026-07-28T00:00:38+00:00,KNYC,New York City,79.0
2026-07-28T00:00:38+00:00,KMIA,Miami,75.2
2026-07-28T00:00:38+00:00,KDEN,Denver,90.0
2026-07-28T00:00:38+00:00,KLAX,Los Angeles,75.2
2026-07-28T00:00:38+00:00,KPHL,Philadelphia,78.8
2026-07-28T00:00:38+00:00,KAUS,Austin,96.8
2026-07-28T00:00:38+00:00,KMDW,Chicago,75.2
2026-07-28T00:00:38+00:00,KSFO,San Francisco,69.8
2026-07-28T00:00:38+00:00,KPHX,Phoenix,111.2
2026-07-28T00:00:38+00:00,KDCA,Washington DC,82.4
2026-07-28T00:00:38+00:00,KATL,Atlanta,82.4
2026-07-28T00:00:38+00:00,KDFW,Dallas,98.6
2026-07-28T00:00:38+00:00,KSEA,Seattle,78.8
2026-07-28T00:00:38+00:00,KLAS,Las Vegas,109.4
2026-07-28T00:00:38+00:00,KOKC,Oklahoma City,100.4
2026-07-28T00:00:38+00:00,KBOS,Boston,71.6
2026-07-28T00:00:38+00:00,KMSP,Minneapolis,89.6
2026-07-28T00:00:38+00:00,KSAT,San Antonio,96.8
2026-07-28T00:00:38+00:00,KMSY,New Orleans,89.6
2026-07-28T00:00:38+00:00,KHOU,Houston,91.4
2026-07-28T03:30:23+00:00,KNYC,New York City,70.0
2026-07-28T03:30:23+00:00,KMIA,Miami,78.8
2026-07-28T03:30:23+00:00,KDEN,Denver,81.0
2026-07-28T03:30:23+00:00,KLAX,Los Angeles,71.6
2026-07-28T03:30:23+00:00,KPHL,Philadelphia,75.2
2026-07-28T03:30:23+00:00,KAUS,Austin,86.0
2026-07-28T03:30:23+00:00,KMDW,Chicago,75.2
2026-07-28T03:30:23+00:00,KSFO,San Francisco,62.6
2026-07-28T03:30:23+00:00,KPHX,Phoenix,107.6
2026-07-28T03:30:23+00:00,KDCA,Washington DC,78.8
2026-07-28T03:30:23+00:00,KATL,Atlanta,80.6
2026-07-28T03:30:23+00:00,KDFW,Dallas,91.4
2026-07-28T03:30:23+00:00,KSEA,Seattle,71.6
2026-07-28T03:30:23+00:00,KLAS,Las Vegas,102.2
2026-07-28T03:30:23+00:00,KOKC,Oklahoma City,86.0
2026-07-28T03:30:23+00:00,KBOS,Boston,69.8
2026-07-28T03:30:23+00:00,KMSP,Minneapolis,80.6
2026-07-28T03:30:23+00:00,KSAT,San Antonio,84.2
2026-07-28T03:30:23+00:00,KMSY,New Orleans,82.4
2026-07-28T03:30:23+00:00,KHOU,Houston,82.4
2026-07-28T06:12:45+00:00,KNYC,New York City,70.0
2026-07-28T06:12:45+00:00,KMIA,Miami,78.8
2026-07-28T06:12:45+00:00,KDEN,Denver,75.9
2026-07-28T06:12:45+00:00,KLAX,Los Angeles,71.6
2026-07-28T06:12:45+00:00,KPHL,Philadelphia,73.4
2026-07-28T06:12:45+00:00,KAUS,Austin,78.8
2026-07-28T06:12:45+00:00,KMDW,Chicago,75.2
2026-07-28T06:12:45+00:00,KSFO,San Francisco,60.8
2026-07-28T06:12:45+00:00,KPHX,Phoenix,104.0
2026-07-28T06:12:45+00:00,KDCA,Washington DC,75.2
2026-07-28T06:12:45+00:00,KATL,Atlanta,78.8
2026-07-28T06:12:45+00:00,KDFW,Dallas,87.8
2026-07-28T06:12:45+00:00,KSEA,Seattle,66.2
2026-07-28T06:12:45+00:00,KLAS,Las Vegas,98.6
2026-07-28T06:12:45+00:00,KOKC,Oklahoma City,80.6
2026-07-28T06:12:45+00:00,KBOS,Boston,66.2
2026-07-28T06:12:45+00:00,KMSP,Minneapolis,77.0
2026-07-28T06:12:45+00:00,KSAT,San Antonio,80.6
2026-07-28T06:12:45+00:00,KMSY,New Orleans,82.4
2026-07-28T06:12:45+00:00,KHOU,Houston,80.6
2026-07-28T08:49:20+00:00,KNYC,New York City,70.0
2026-07-28T08:49:20+00:00,KMIA,Miami,79.0
2026-07-28T08:49:20+00:00,KDEN,Denver,72.0
2026-07-28T08:49:20+00:00,KLAX,Los Angeles,71.6
2026-07-28T08:49:20+00:00,KPHL,Philadelphia,73.4
2026-07-28T08:49:20+00:00,KAUS,Austin,78.8
2026-07-28T08:49:20+00:00,KMDW,Chicago,73.4
2026-07-28T08:49:20+00:00,KSFO,San Francisco,60.8
2026-07-28T08:49:20+00:00,KPHX,Phoenix,100.4
2026-07-28T08:49:20+00:00,KDCA,Washington DC,75.2
2026-07-28T08:49:20+00:00,KATL,Atlanta,78.8
2026-07-28T08:49:20+00:00,KDFW,Dallas,84.2
2026-07-28T08:49:20+00:00,KSEA,Seattle,62.6
2026-07-28T08:49:20+00:00,KLAS,Las Vegas,93.2
2026-07-28T08:49:20+00:00,KOKC,Oklahoma City,
2026-07-28T08:49:20+00:00,KBOS,Boston,66.2
2026-07-28T08:49:20+00:00,KMSP,Minneapolis,73.4
2026-07-28T08:49:20+00:00,KSAT,San Antonio,78.8
2026-07-28T08:49:20+00:00,KMSY,New Orleans,80.6
2026-07-28T08:49:20+00:00,KHOU,Houston,78.8
2026-07-28T11:06:22+00:00,KNYC,New York City,70.0
2026-07-28T11:06:22+00:00,KMIA,Miami,77.0
2026-07-28T11:06:22+00:00,KDEN,Denver,70.0
2026-07-28T11:06:22+00:00,KLAX,Los Angeles,69.8
2026-07-28T11:06:22+00:00,KPHL,Philadelphia,73.4
2026-07-28T11:06:22+00:00,KAUS,Austin,75.2
2026-07-28T11:06:22+00:00,KMDW,Chicago,69.8
2026-07-28T11:06:22+00:00,KSFO,San Francisco,59.0
2026-07-28T11:06:22+00:00,KPHX,Phoenix,
2026-07-28T11:06:22+00:00,KDCA,Washington DC,75.2
2026-07-28T11:06:22+00:00,KATL,Atlanta,78.8
2026-07-28T11:06:22+00:00,KDFW,Dallas,80.6
2026-07-28T11:06:22+00:00,KSEA,Seattle,60.8
2026-07-28T11:06:22+00:00,KLAS,Las Vegas,91.4
2026-07-28T11:06:22+00:00,KOKC,Oklahoma City,73.4
2026-07-28T11:06:22+00:00,KBOS,Boston,69.8
2026-07-28T11:06:22+00:00,KMSP,Minneapolis,69.8
2026-07-28T11:06:22+00:00,KSAT,San Antonio,77.0
2026-07-28T11:06:22+00:00,KMSY,New Orleans,78.8
2026-07-28T11:06:22+00:00,KHOU,Houston,77.0
2026-07-28T13:00:09+00:00,KNYC,New York City,73.0
2026-07-28T13:00:09+00:00,KMIA,Miami,78.8
2026-07-28T13:00:09+00:00,KDEN,Denver,71.1
2026-07-28T13:00:09+00:00,KLAX,Los Angeles,69.8
2026-07-28T13:00:09+00:00,KPHL,Philadelphia,78.8
2026-07-28T13:00:09+00:00,KAUS,Austin,78.8
2026-07-28T13:00:09+00:00,KMDW,Chicago,68.0
2026-07-28T13:00:09+00:00,KSFO,San Francisco,59.0
2026-07-28T13:00:09+00:00,KPHX,Phoenix,91.4
2026-07-28T13:00:09+00:00,KDCA,Washington DC,78.8
2026-07-28T13:00:09+00:00,KATL,Atlanta,78.8
2026-07-28T13:00:09+00:00,KDFW,Dallas,80.6
2026-07-28T13:00:09+00:00,KSEA,Seattle,62.6
2026-07-28T13:00:09+00:00,KLAS,Las Vegas,89.6
2026-07-28T13:00:09+00:00,KOKC,Oklahoma City,75.2
2026-07-28T13:00:09+00:00,KBOS,Boston,71.6
2026-07-28T13:00:09+00:00,KMSP,Minneapolis,71.6
2026-07-28T13:00:09+00:00,KSAT,San Antonio,78.8
2026-07-28T13:00:09+00:00,KMSY,New Orleans,80.6
2026-07-28T13:00:09+00:00,KHOU,Houston,78.8
2026-07-28T15:21:13+00:00,KNYC,New York City,78.1
2026-07-28T15:21:13+00:00,KMIA,Miami,89.6
2026-07-28T15:21:13+00:00,KDEN,Denver,73.0
2026-07-28T15:21:13+00:00,KLAX,Los Angeles,71.6
2026-07-28T15:21:13+00:00,KPHL,Philadelphia,82.4
2026-07-28T15:21:13+00:00,KAUS,Austin,84.2
2026-07-28T15:21:13+00:00,KMDW,Chicago,69.8
2026-07-28T15:21:13+00:00,KSFO,San Francisco,59.0
2026-07-28T15:21:13+00:00,KPHX,Phoenix,86.0
2026-07-28T15:21:13+00:00,KDCA,Washington DC,80.6
2026-07-28T15:21:13+00:00,KATL,Atlanta,86.0
2026-07-28T15:21:13+00:00,KDFW,Dallas,86.0
2026-07-28T15:21:13+00:00,KSEA,Seattle,62.6
2026-07-28T15:21:13+00:00,KLAS,Las Vegas,93.2
2026-07-28T15:21:13+00:00,KOKC,Oklahoma City,87.8
2026-07-28T15:21:13+00:00,KBOS,Boston,75.2
2026-07-28T15:21:13+00:00,KMSP,Minneapolis,75.2
2026-07-28T15:21:13+00:00,KSAT,San Antonio,82.4
2026-07-28T15:21:13+00:00,KMSY,New Orleans,87.8
2026-07-28T15:21:13+00:00,KHOU,Houston,87.8
2026-07-28T16:55:03+00:00,KNYC,New York City,75.9
2026-07-28T16:55:03+00:00,KMIA,Miami,89.6
2026-07-28T16:55:03+00:00,KDEN,Denver,84.0
2026-07-28T16:55:03+00:00,KLAX,Los Angeles,75.2
2026-07-28T16:55:03+00:00,KPHL,Philadelphia,84.2
2026-07-28T16:55:03+00:00,KAUS,Austin,89.6
2026-07-28T16:55:03+00:00,KMDW,Chicago,73.4
2026-07-28T16:55:03+00:00,KSFO,San Francisco,60.8
2026-07-28T16:55:03+00:00,KPHX,Phoenix,91.4
2026-07-28T16:55:03+00:00,KDCA,Washington DC,82.4
2026-07-28T16:55:03+00:00,KATL,Atlanta,91.4
2026-07-28T16:55:03+00:00,KDFW,Dallas,91.4
2026-07-28T16:55:03+00:00,KSEA,Seattle,66.2
2026-07-28T16:55:03+00:00,KLAS,Las Vegas,100.4
2026-07-28T16:55:03+00:00,KOKC,Oklahoma City,95.0
2026-07-28T16:55:03+00:00,KBOS,Boston,75.2
2026-07-28T16:55:03+00:00,KMSP,Minneapolis,78.8
2026-07-28T16:55:03+00:00,KSAT,San Antonio,86.0
2026-07-28T16:55:03+00:00,KMSY,New Orleans,89.6
2026-07-28T16:55:03+00:00,KHOU,Houston,89.6
2026-07-28T18:05:45+00:00,KNYC,New York City,77.0
2026-07-28T18:05:45+00:00,KMIA,Miami,86.0
2026-07-28T18:05:45+00:00,KDEN,Denver,87.1
2026-07-28T18:05:45+00:00,KLAX,Los Angeles,77.0
2026-07-28T18:05:45+00:00,KPHL,Philadelphia,82.4
2026-07-28T18:05:45+00:00,KAUS,Austin,91.4
2026-07-28T18:05:45+00:00,KMDW,Chicago,75.2
2026-07-28T18:05:45+00:00,KSFO,San Francisco,64.4
2026-07-28T18:05:45+00:00,KPHX,Phoenix,93.2
2026-07-28T18:05:45+00:00,KDCA,Washington DC,86.0
2026-07-28T18:05:45+00:00,KATL,Atlanta,91.4
2026-07-28T18:05:45+00:00,KDFW,Dallas,93.2
2026-07-28T18:05:45+00:00,KSEA,Seattle,69.8
2026-07-28T18:05:45+00:00,KLAS,Las Vegas,102.2
2026-07-28T18:05:45+00:00,KOKC,Oklahoma City,96.8
2026-07-28T18:05:45+00:00,KBOS,Boston,73.4
2026-07-28T18:05:45+00:00,KMSP,Minneapolis,82.4
2026-07-28T18:05:45+00:00,KSAT,San Antonio,89.6
2026-07-28T18:05:45+00:00,KMSY,New Orleans,89.6
2026-07-28T18:05:45+00:00,KHOU,Houston,91.4
2026-07-28T19:49:07+00:00,KNYC,New York City,75.9
2026-07-28T19:49:07+00:00,KMIA,Miami,82.4
2026-07-28T19:49:07+00:00,KDEN,Denver,91.9
2026-07-28T19:49:07+00:00,KLAX,Los Angeles,77.0
2026-07-28T19:49:07+00:00,KPHL,Philadelphia,82.4
2026-07-28T19:49:07+00:00,KAUS,Austin,95.0
2026-07-28T19:49:07+00:00,KMDW,Chicago,78.8
2026-07-28T19:49:07+00:00,KSFO,San Francisco,66.2
2026-07-28T19:49:07+00:00,KPHX,Phoenix,100.4
2026-07-28T19:49:07+00:00,KDCA,Washington DC,87.8
2026-07-28T19:49:07+00:00,KATL,Atlanta,93.2
2026-07-28T19:49:07+00:00,KDFW,Dallas,98.6
2026-07-28T19:49:07+00:00,KSEA,Seattle,69.8
2026-07-28T19:49:07+00:00,KLAS,Las Vegas,107.6
2026-07-28T19:49:07+00:00,KOKC,Oklahoma City,100.4
2026-07-28T19:49:07+00:00,KBOS,Boston,82.4
2026-07-28T19:49:07+00:00,KMSP,Minneapolis,87.8
2026-07-28T19:49:07+00:00,KSAT,San Antonio,93.2
2026-07-28T19:49:07+00:00,KMSY,New Orleans,91.4
2026-07-28T19:49:07+00:00,KHOU,Houston,93.2
2026-07-28T20:54:20+00:00,KNYC,New York City,75.9
2026-07-28T20:54:20+00:00,KMIA,Miami,82.4
2026-07-28T20:54:20+00:00,KDEN,Denver,91.0
2026-07-28T20:54:20+00:00,KLAX,Los Angeles,77.0
2026-07-28T20:54:20+00:00,KPHL,Philadelphia,82.4
2026-07-28T20:54:20+00:00,KAUS,Austin,96.8
2026-07-28T20:54:20+00:00,KMDW,Chicago,78.8
2026-07-28T20:54:20+00:00,KSFO,San Francisco,68.0
2026-07-28T20:54:20+00:00,KPHX,Phoenix,102.2
2026-07-28T20:54:20+00:00,KDCA,Washington DC,87.8
2026-07-28T20:54:20+00:00,KATL,Atlanta,93.2
2026-07-28T20:54:20+00:00,KDFW,Dallas,98.6
2026-07-28T20:54:20+00:00,KSEA,Seattle,71.6
2026-07-28T20:54:20+00:00,KLAS,Las Vegas,107.6
2026-07-28T20:54:20+00:00,KOKC,Oklahoma City,102.2
2026-07-28T20:54:20+00:00,KBOS,Boston,78.8
2026-07-28T20:54:20+00:00,KMSP,Minneapolis,87.8
2026-07-28T20:54:20+00:00,KSAT,San Antonio,93.2
2026-07-28T20:54:20+00:00,KMSY,New Orleans,93.2
2026-07-28T20:54:20+00:00,KHOU,Houston,95.0
2026-07-28T21:52:28+00:00,KNYC,New York City,73.9
2026-07-28T21:52:28+00:00,KMIA,Miami,86.0
2026-07-28T21:52:28+00:00,KDEN,Denver,
2026-07-28T21:52:28+00:00,KLAX,Los Angeles,78.8
2026-07-28T21:52:28+00:00,KPHL,Philadelphia,80.6
2026-07-28T21:52:28+00:00,KAUS,Austin,96.8
2026-07-28T21:52:28+00:00,KMDW,Chicago,78.8
2026-07-28T21:52:28+00:00,KSFO,San Francisco,69.8
2026-07-28T21:52:28+00:00,KPHX,Phoenix,104.0
2026-07-28T21:52:28+00:00,KDCA,Washington DC,86.0
2026-07-28T21:52:28+00:00,KATL,Atlanta,93.2
2026-07-28T21:52:28+00:00,KDFW,Dallas,98.6
2026-07-28T21:52:28+00:00,KSEA,Seattle,73.4
2026-07-28T21:52:28+00:00,KLAS,Las Vegas,107.6
2026-07-28T21:52:28+00:00,KOKC,Oklahoma City,102.2
2026-07-28T21:52:28+00:00,KBOS,Boston,78.8
2026-07-28T21:52:28+00:00,KMSP,Minneapolis,87.8
2026-07-28T21:52:28+00:00,KSAT,San Antonio,96.8
2026-07-28T21:52:28+00:00,KMSY,New Orleans,93.2
2026-07-28T21:52:28+00:00,KHOU,Houston,95.0
2026-07-28T22:46:13+00:00,KNYC,New York City,73.0
2026-07-28T22:46:13+00:00,KMIA,Miami,89.6
2026-07-28T22:46:13+00:00,KDEN,Denver,72.0
2026-07-28T22:46:13+00:00,KLAX,Los Angeles,75.2
2026-07-28T22:46:13+00:00,KPHL,Philadelphia,78.8
2026-07-28T22:46:13+00:00,KAUS,Austin,98.6
2026-07-28T22:46:13+00:00,KMDW,Chicago,77.0
2026-07-28T22:46:13+00:00,KSFO,San Francisco,71.6
2026-07-28T22:46:13+00:00,KPHX,Phoenix,105.8
2026-07-28T22:46:13+00:00,KDCA,Washington DC,84.2
2026-07-28T22:46:13+00:00,KATL,Atlanta,91.4
2026-07-28T22:46:13+00:00,KDFW,Dallas,98.6
2026-07-28T22:46:13+00:00,KSEA,Seattle,71.6
2026-07-28T22:46:13+00:00,KLAS,Las Vegas,109.4
2026-07-28T22:46:13+00:00,KOKC,Oklahoma City,100.4
2026-07-28T22:46:13+00:00,KBOS,Boston,77.0
2026-07-28T22:46:13+00:00,KMSP,Minneapolis,89.6
2026-07-28T22:46:13+00:00,KSAT,San Antonio,96.8
2026-07-28T22:46:13+00:00,KMSY,New Orleans,93.2
2026-07-28T22:46:13+00:00,KHOU,Houston,93.2
2026-07-28T23:45:50+00:00,KNYC,New York City,73.0
2026-07-28T23:45:50+00:00,KMIA,Miami,87.8
2026-07-28T23:45:50+00:00,KDEN,Denver,75.9
2026-07-28T23:45:50+00:00,KLAX,Los Angeles,75.2
2026-07-28T23:45:50+00:00,KPHL,Philadelphia,78.8
2026-07-28T23:45:50+00:00,KAUS,Austin,96.8
2026-07-28T23:45:50+00:00,KMDW,Chicago,75.2
2026-07-28T23:45:50+00:00,KSFO,San Francisco,69.8
2026-07-28T23:45:50+00:00,KPHX,Phoenix,104.0
2026-07-28T23:45:50+00:00,KDCA,Washington DC,71.6
2026-07-28T23:45:50+00:00,KATL,Atlanta,89.6
2026-07-28T23:45:50+00:00,KDFW,Dallas,98.6
2026-07-28T23:45:50+00:00,KSEA,Seattle,69.8
2026-07-28T23:45:50+00:00,KLAS,Las Vegas,107.6
2026-07-28T23:45:50+00:00,KOKC,Oklahoma City,100.4
2026-07-28T23:45:50+00:00,KBOS,Boston,75.2
2026-07-28T23:45:50+00:00,KMSP,Minneapolis,87.8
2026-07-28T23:45:50+00:00,KSAT,San Antonio,95.0
2026-07-28T23:45:50+00:00,KMSY,New Orleans,91.4
2026-07-28T23:45:50+00:00,KHOU,Houston,91.4
2026-07-29T01:14:57+00:00,KNYC,New York City,73.0
2026-07-29T01:14:57+00:00,KMIA,Miami,84.2
2026-07-29T01:14:57+00:00,KDEN,Denver,79.0
2026-07-29T01:14:57+00:00,KLAX,Los Angeles,75.2
2026-07-29T01:14:57+00:00,KPHL,Philadelphia,69.8
2026-07-29T01:14:57+00:00,KAUS,Austin,91.4
2026-07-29T01:14:57+00:00,KMDW,Chicago,71.6
2026-07-29T01:14:57+00:00,KSFO,San Francisco,68.0
2026-07-29T01:14:57+00:00,KPHX,Phoenix,105.8
2026-07-29T01:14:57+00:00,KDCA,Washington DC,73.4
2026-07-29T01:14:57+00:00,KATL,Atlanta,87.8
2026-07-29T01:14:57+00:00,KDFW,Dallas,96.8
2026-07-29T01:14:57+00:00,KSEA,Seattle,69.8
2026-07-29T01:14:57+00:00,KLAS,Las Vegas,107.6
2026-07-29T01:14:57+00:00,KOKC,Oklahoma City,93.2
2026-07-29T01:14:57+00:00,KBOS,Boston,73.4
2026-07-29T01:14:57+00:00,KMSP,Minneapolis,84.2
2026-07-29T01:14:57+00:00,KSAT,San Antonio,91.4
2026-07-29T01:14:57+00:00,KMSY,New Orleans,87.8
2026-07-29T01:14:57+00:00,KHOU,Houston,87.8
2026-07-29T04:30:44+00:00,KNYC,New York City,72.0
2026-07-29T04:30:44+00:00,KMIA,Miami,82.4
2026-07-29T04:30:44+00:00,KDEN,Denver,71.1
2026-07-29T04:30:44+00:00,KLAX,Los Angeles,71.6
2026-07-29T04:30:44+00:00,KPHL,Philadelphia,71.6
2026-07-29T04:30:44+00:00,KAUS,Austin,82.4
2026-07-29T04:30:44+00:00,KMDW,Chicago,69.8
2026-07-29T04:30:44+00:00,KSFO,San Francisco,62.6
2026-07-29T04:30:44+00:00,KPHX,Phoenix,100.4
2026-07-29T04:30:44+00:00,KDCA,Washington DC,69.8
2026-07-29T04:30:44+00:00,KATL,Atlanta,84.2
2026-07-29T04:30:44+00:00,KDFW,Dallas,90.0
2026-07-29T04:30:44+00:00,KSEA,Seattle,62.6
2026-07-29T04:30:44+00:00,KLAS,Las Vegas,100.4
2026-07-29T04:30:44+00:00,KOKC,Oklahoma City,86.0
2026-07-29T04:30:44+00:00,KBOS,Boston,68.0
2026-07-29T04:30:44+00:00,KMSP,Minneapolis,78.8
2026-07-29T04:30:44+00:00,KSAT,San Antonio,82.4
2026-07-29T04:30:44+00:00,KMSY,New Orleans,82.4
2026-07-29T04:30:44+00:00,KHOU,Houston,82.4
2026-07-29T07:26:49+00:00,KNYC,New York City,69.1
2026-07-29T07:26:49+00:00,KMIA,Miami,80.6
2026-07-29T07:26:49+00:00,KDEN,Denver,70.0
2026-07-29T07:26:49+00:00,KLAX,Los Angeles,69.8
2026-07-29T07:26:49+00:00,KPHL,Philadelphia,69.8
2026-07-29T07:26:49+00:00,KAUS,Austin,78.8
2026-07-29T07:26:49+00:00,KMDW,Chicago,66.2
2026-07-29T07:26:49+00:00,KSFO,San Francisco,60.8
2026-07-29T07:26:49+00:00,KPHX,Phoenix,98.6
2026-07-29T07:26:49+00:00,KDCA,Washington DC,71.6
2026-07-29T07:26:49+00:00,KATL,Atlanta,75.2
2026-07-29T07:26:49+00:00,KDFW,Dallas,84.2
2026-07-29T07:26:49+00:00,KSEA,Seattle,59.0
2026-07-29T07:26:49+00:00,KLAS,Las Vegas,98.6
2026-07-29T07:26:49+00:00,KOKC,Oklahoma City,84.2
2026-07-29T07:26:49+00:00,KBOS,Boston,66.2
2026-07-29T07:26:49+00:00,KMSP,Minneapolis,75.2
2026-07-29T07:26:49+00:00,KSAT,San Antonio,78.8
2026-07-29T07:26:49+00:00,KMSY,New Orleans,80.6
2026-07-29T07:26:49+00:00,KHOU,Houston,78.8
2026-07-29T10:03:37+00:00,KNYC,New York City,69.1
2026-07-29T10:03:37+00:00,KMIA,Miami,80.6
2026-07-29T10:03:37+00:00,KDEN,Denver,66.9
2026-07-29T10:03:37+00:00,KLAX,Los Angeles,69.8
2026-07-29T10:03:37+00:00,KPHL,Philadelphia,69.8
2026-07-29T10:03:37+00:00,KAUS,Austin,75.2
2026-07-29T10:03:37+00:00,KMDW,Chicago,64.4
2026-07-29T10:03:37+00:00,KSFO,San Francisco,59.0
2026-07-29T10:03:37+00:00,KPHX,Phoenix,95.0
2026-07-29T10:03:37+00:00,KDCA,Washington DC,71.6
2026-07-29T10:03:37+00:00,KATL,Atlanta,77.0
2026-07-29T10:03:37+00:00,KDFW,Dallas,82.4
2026-07-29T10:03:37+00:00,KSEA,Seattle,60.8
2026-07-29T10:03:37+00:00,KLAS,Las Vegas,93.2
2026-07-29T10:03:37+00:00,KOKC,Oklahoma City,80.6
2026-07-29T10:03:37+00:00,KBOS,Boston,66.2
2026-07-29T10:03:37+00:00,KMSP,Minneapolis,73.4
2026-07-29T10:03:37+00:00,KSAT,San Antonio,80.6
2026-07-29T10:03:37+00:00,KMSY,New Orleans,78.8
2026-07-29T10:03:37+00:00,KHOU,Houston,78.8
2026-07-29T12:16:05+00:00,KNYC,New York City,69.1
2026-07-29T12:16:05+00:00,KMIA,Miami,80.6
2026-07-29T12:16:05+00:00,KDEN,Denver,64.9
2026-07-29T12:16:05+00:00,KLAX,Los Angeles,71.6
2026-07-29T12:16:05+00:00,KPHL,Philadelphia,73.4
2026-07-29T12:16:05+00:00,KAUS,Austin,75.2
2026-07-29T12:16:05+00:00,KMDW,Chicago,66.2
2026-07-29T12:16:05+00:00,KSFO,San Francisco,57.2
2026-07-29T12:16:05+00:00,KPHX,Phoenix,93.2
2026-07-29T12:16:05+00:00,KDCA,Washington DC,73.4
2026-07-29T12:16:05+00:00,KATL,Atlanta,78.8
2026-07-29T12:16:05+00:00,KDFW,Dallas,80.6
2026-07-29T12:16:05+00:00,KSEA,Seattle,60.8
2026-07-29T12:16:05+00:00,KLAS,Las Vegas,91.4
2026-07-29T12:16:05+00:00,KOKC,Oklahoma City,77.0
2026-07-29T12:16:05+00:00,KBOS,Boston,66.2
2026-07-29T12:16:05+00:00,KMSP,Minneapolis,73.4
2026-07-29T12:16:05+00:00,KSAT,San Antonio,78.8
2026-07-29T12:16:05+00:00,KMSY,New Orleans,80.6
2026-07-29T12:16:05+00:00,KHOU,Houston,78.8
2026-07-29T14:36:10+00:00,KNYC,New York City,70.0
2026-07-29T14:36:10+00:00,KMIA,Miami,89.6
2026-07-29T14:36:10+00:00,KDEN,Denver,73.9
2026-07-29T14:36:10+00:00,KLAX,Los Angeles,71.6
2026-07-29T14:36:10+00:00,KPHL,Philadelphia,78.8
2026-07-29T14:36:10+00:00,KAUS,Austin,82.4
2026-07-29T14:36:10+00:00,KMDW,Chicago,73.4
2026-07-29T14:36:10+00:00,KSFO,San Francisco,60.8
2026-07-29T14:36:10+00:00,KPHX,Phoenix,93.2
2026-07-29T14:36:10+00:00,KDCA,Washington DC,78.8
2026-07-29T14:36:10+00:00,KATL,Atlanta,82.4
2026-07-29T14:36:10+00:00,KDFW,Dallas,84.2
2026-07-29T14:36:10+00:00,KSEA,Seattle,60.8
2026-07-29T14:36:10+00:00,KLAS,Las Vegas,91.4
2026-07-29T14:36:10+00:00,KOKC,Oklahoma City,87.8
2026-07-29T14:36:10+00:00,KBOS,Boston,66.2
2026-07-29T14:36:10+00:00,KMSP,Minneapolis,80.6
2026-07-29T14:36:10+00:00,KSAT,San Antonio,80.6
2026-07-29T14:36:10+00:00,KMSY,New Orleans,86.0
2026-07-29T14:36:10+00:00,KHOU,Houston,86.0
2026-07-29T16:06:46+00:00,KNYC,New York City,72.0
2026-07-29T16:06:46+00:00,KMIA,Miami,91.4
2026-07-29T16:06:46+00:00,KDEN,Denver,78.1
2026-07-29T16:06:46+00:00,KLAX,Los Angeles,73.4
2026-07-29T16:06:46+00:00,KPHL,Philadelphia,82.4
2026-07-29T16:06:46+00:00,KAUS,Austin,86.0
2026-07-29T16:06:46+00:00,KMDW,Chicago,75.2
2026-07-29T16:06:46+00:00,KSFO,San Francisco,60.8
2026-07-29T16:06:46+00:00,KPHX,Phoenix,96.8
2026-07-29T16:06:46+00:00,KDCA,Washington DC,82.4
2026-07-29T16:06:46+00:00,KATL,Atlanta,84.2
2026-07-29T16:06:46+00:00,KDFW,Dallas,89.6
2026-07-29T16:06:46+00:00,KSEA,Seattle,62.6
2026-07-29T16:06:46+00:00,KLAS,Las Vegas,95.0
2026-07-29T16:06:46+00:00,KOKC,Oklahoma City,93.2
2026-07-29T16:06:46+00:00,KBOS,Boston,64.4
2026-07-29T16:06:46+00:00,KMSP,Minneapolis,86.0
2026-07-29T16:06:46+00:00,KSAT,San Antonio,82.4
2026-07-29T16:06:46+00:00,KMSY,New Orleans,89.6
2026-07-29T16:06:46+00:00,KHOU,Houston,87.8
2026-07-29T17:33:39+00:00,KNYC,New York City,78.1
2026-07-29T17:33:39+00:00,KMIA,Miami,84.2
2026-07-29T17:33:39+00:00,KDEN,Denver,84.0
2026-07-29T17:33:39+00:00,KLAX,Los Angeles,78.8
2026-07-29T17:33:39+00:00,KPHL,Philadelphia,82.4
2026-07-29T17:33:39+00:00,KAUS,Austin,91.4
2026-07-29T17:33:39+00:00,KMDW,Chicago,75.2
2026-07-29T17:33:39+00:00,KSFO,San Francisco,64.4
2026-07-29T17:33:39+00:00,KPHX,Phoenix,100.4
2026-07-29T17:33:39+00:00,KDCA,Washington DC,82.4
2026-07-29T17:33:39+00:00,KATL,Atlanta,84.2
2026-07-29T17:33:39+00:00,KDFW,Dallas,91.4
2026-07-29T17:33:39+00:00,KSEA,Seattle,66.2
2026-07-29T17:33:39+00:00,KLAS,Las Vegas,100.4
2026-07-29T17:33:39+00:00,KOKC,Oklahoma City,98.6
2026-07-29T17:33:39+00:00,KBOS,Boston,66.2
2026-07-29T17:33:39+00:00,KMSP,Minneapolis,86.0
2026-07-29T17:33:39+00:00,KSAT,San Antonio,86.0
2026-07-29T17:33:39+00:00,KMSY,New Orleans,91.4
2026-07-29T17:33:39+00:00,KHOU,Houston,91.4
2026-07-29T18:37:06+00:00,KNYC,New York City,78.1
2026-07-29T18:37:06+00:00,KMIA,Miami,89.6
2026-07-29T18:37:06+00:00,KDEN,Denver,87.1
2026-07-29T18:37:06+00:00,KLAX,Los Angeles,77.0
2026-07-29T18:37:06+00:00,KPHL,Philadelphia,84.2
2026-07-29T18:37:06+00:00,KAUS,Austin,93.2
2026-07-29T18:37:06+00:00,KMDW,Chicago,77.0
2026-07-29T18:37:06+00:00,KSFO,San Francisco,66.2
2026-07-29T18:37:06+00:00,KPHX,Phoenix,100.4
2026-07-29T18:37:06+00:00,KDCA,Washington DC,82.4
2026-07-29T18:37:06+00:00,KATL,Atlanta,84.2
2026-07-29T18:37:06+00:00,KDFW,Dallas,95.0
2026-07-29T18:37:06+00:00,KSEA,Seattle,69.8
2026-07-29T18:37:06+00:00,KLAS,Las Vegas,102.2
2026-07-29T18:37:06+00:00,KOKC,Oklahoma City,100.4
2026-07-29T18:37:06+00:00,KBOS,Boston,66.2
2026-07-29T18:37:06+00:00,KMSP,Minneapolis,87.8
2026-07-29T18:37:06+00:00,KSAT,San Antonio,91.4
2026-07-29T18:37:06+00:00,KMSY,New Orleans,93.2
2026-07-29T18:37:06+00:00,KHOU,Houston,93.2
2026-07-29T19:56:54+00:00,KNYC,New York City,79.0
2026-07-29T19:56:54+00:00,KMIA,Miami,93.2
2026-07-29T19:56:54+00:00,KDEN,Denver,88.0
2026-07-29T19:56:54+00:00,KLAX,Los Angeles,77.0
2026-07-29T19:56:54+00:00,KPHL,Philadelphia,84.2
2026-07-29T19:56:54+00:00,KAUS,Austin,95.0
2026-07-29T19:56:54+00:00,KMDW,Chicago,77.0
2026-07-29T19:56:54+00:00,KSFO,San Francisco,68.0
2026-07-29T19:56:54+00:00,KPHX,Phoenix,105.8
2026-07-29T19:56:54+00:00,KDCA,Washington DC,82.4
2026-07-29T19:56:54+00:00,KATL,Atlanta,86.0
2026-07-29T19:56:54+00:00,KDFW,Dallas,96.8
2026-07-29T19:56:54+00:00,KSEA,Seattle,69.8
2026-07-29T19:56:54+00:00,KLAS,Las Vegas,104.0
2026-07-29T19:56:54+00:00,KOKC,Oklahoma City,100.4
2026-07-29T19:56:54+00:00,KBOS,Boston,66.2
2026-07-29T19:56:54+00:00,KMSP,Minneapolis,89.6
2026-07-29T19:56:54+00:00,KSAT,San Antonio,91.4
2026-07-29T19:56:54+00:00,KMSY,New Orleans,91.4
2026-07-29T19:56:54+00:00,KHOU,Houston,95.0
2026-07-29T20:43:11+00:00,KNYC,New York City,78.1
2026-07-29T20:43:11+00:00,KMIA,Miami,93.2
2026-07-29T20:43:11+00:00,KDEN,Denver,90.0
2026-07-29T20:43:11+00:00,KLAX,Los Angeles,77.0
2026-07-29T20:43:11+00:00,KPHL,Philadelphia,84.2
2026-07-29T20:43:11+00:00,KAUS,Austin,96.8
2026-07-29T20:43:11+00:00,KMDW,Chicago,78.8
2026-07-29T20:43:11+00:00,KSFO,San Francisco,66.2
2026-07-29T20:43:11+00:00,KPHX,Phoenix,107.6
2026-07-29T20:43:11+00:00,KDCA,Washington DC,82.4
2026-07-29T20:43:11+00:00,KATL,Atlanta,87.8
2026-07-29T20:43:11+00:00,KDFW,Dallas,98.6
2026-07-29T20:43:11+00:00,KSEA,Seattle,71.6
2026-07-29T20:43:11+00:00,KLAS,Las Vegas,105.8
2026-07-29T20:43:11+00:00,KOKC,Oklahoma City,102.2
2026-07-29T20:43:11+00:00,KBOS,Boston,66.2
2026-07-29T20:43:11+00:00,KMSP,Minneapolis,89.6
2026-07-29T20:43:11+00:00,KSAT,San Antonio,93.2
2026-07-29T20:43:11+00:00,KMSY,New Orleans,91.4
2026-07-29T20:43:11+00:00,KHOU,Houston,95.0
2026-07-29T21:35:33+00:00,KNYC,New York City,78.1
2026-07-29T21:35:33+00:00,KMIA,Miami,93.2
2026-07-29T21:35:33+00:00,KDEN,Denver,
2026-07-29T21:35:33+00:00,KLAX,Los Angeles,77.0
2026-07-29T21:35:33+00:00,KPHL,Philadelphia,84.2
2026-07-29T21:35:33+00:00,KAUS,Austin,96.8
2026-07-29T21:35:33+00:00,KMDW,Chicago,78.8
2026-07-29T21:35:33+00:00,KSFO,San Francisco,68.0
2026-07-29T21:35:33+00:00,KPHX,Phoenix,107.6
2026-07-29T21:35:33+00:00,KDCA,Washington DC,82.4
2026-07-29T21:35:33+00:00,KATL,Atlanta,89.6
2026-07-29T21:35:33+00:00,KDFW,Dallas,98.6
2026-07-29T21:35:33+00:00,KSEA,Seattle,73.4
2026-07-29T21:35:33+00:00,KLAS,Las Vegas,105.8
2026-07-29T21:35:33+00:00,KOKC,Oklahoma City,102.2
2026-07-29T21:35:33+00:00,KBOS,Boston,66.2
2026-07-29T21:35:33+00:00,KMSP,Minneapolis,89.6
2026-07-29T21:35:33+00:00,KSAT,San Antonio,95.0
2026-07-29T21:35:33+00:00,KMSY,New Orleans,91.4
2026-07-29T21:35:33+00:00,KHOU,Houston,93.2
2026-07-29T22:35:43+00:00,KNYC,New York City,78.1
2026-07-29T22:35:43+00:00,KMIA,Miami,91.4
2026-07-29T22:35:43+00:00,KDEN,Denver,73.0
2026-07-29T22:35:43+00:00,KLAX,Los Angeles,75.2
2026-07-29T22:35:43+00:00,KPHL,Philadelphia,82.4
2026-07-29T22:35:43+00:00,KAUS,Austin,96.8
2026-07-29T22:35:43+00:00,KMDW,Chicago,78.8
2026-07-29T22:35:43+00:00,KSFO,San Francisco,69.8
2026-07-29T22:35:43+00:00,KPHX,Phoenix,109.4
2026-07-29T22:35:43+00:00,KDCA,Washington DC,80.6
2026-07-29T22:35:43+00:00,KATL,Atlanta,87.8
2026-07-29T22:35:43+00:00,KDFW,Dallas,98.6
2026-07-29T22:35:43+00:00,KSEA,Seattle,73.4
2026-07-29T22:35:43+00:00,KLAS,Las Vegas,107.6
2026-07-29T22:35:43+00:00,KOKC,Oklahoma City,102.2
2026-07-29T22:35:43+00:00,KBOS,Boston,66.2
2026-07-29T22:35:43+00:00,KMSP,Minneapolis,89.6
2026-07-29T22:35:43+00:00,KSAT,San Antonio,95.0
2026-07-29T22:35:43+00:00,KMSY,New Orleans,93.2
2026-07-29T22:35:43+00:00,KHOU,Houston,95.0
2026-07-29T23:38:54+00:00,KNYC,New York City,79.0
2026-07-29T23:38:54+00:00,KMIA,Miami,89.6
2026-07-29T23:38:54+00:00,KDEN,Denver,70.0
2026-07-29T23:38:54+00:00,KLAX,Los Angeles,75.2
2026-07-29T23:38:54+00:00,KPHL,Philadelphia,80.6
2026-07-29T23:38:54+00:00,KAUS,Austin,98.6
2026-07-29T23:38:54+00:00,KMDW,Chicago,78.8
2026-07-29T23:38:54+00:00,KSFO,San Francisco,69.8
2026-07-29T23:38:54+00:00,KPHX,Phoenix,107.6
2026-07-29T23:38:54+00:00,KDCA,Washington DC,80.6
2026-07-29T23:38:54+00:00,KATL,Atlanta,87.8
2026-07-29T23:38:54+00:00,KDFW,Dallas,96.8
2026-07-29T23:38:54+00:00,KSEA,Seattle,73.4
2026-07-29T23:38:54+00:00,KLAS,Las Vegas,109.4
2026-07-29T23:38:54+00:00,KOKC,Oklahoma City,100.4
2026-07-29T23:38:54+00:00,KBOS,Boston,64.4
2026-07-29T23:38:54+00:00,KMSP,Minneapolis,89.6
2026-07-29T23:38:54+00:00,KSAT,San Antonio,96.8
2026-07-29T23:38:54+00:00,KMSY,New Orleans,91.4
2026-07-29T23:38:54+00:00,KHOU,Houston,93.2
2026-07-30T00:59:49+00:00,KNYC,New York City,77.0
2026-07-30T00:59:49+00:00,KMIA,Miami,87.8
2026-07-30T00:59:49+00:00,KDEN,Denver,70.0
2026-07-30T00:59:49+00:00,KLAX,Los Angeles,75.2
2026-07-30T00:59:49+00:00,KPHL,Philadelphia,78.8
2026-07-30T00:59:49+00:00,KAUS,Austin,93.2
2026-07-30T00:59:49+00:00,KMDW,Chicago,75.2
2026-07-30T00:59:49+00:00,KSFO,San Francisco,68.0
2026-07-30T00:59:49+00:00,KPHX,Phoenix,109.4
2026-07-30T00:59:49+00:00,KDCA,Washington DC,78.8
2026-07-30T00:59:49+00:00,KATL,Atlanta,82.4
2026-07-30T00:59:49+00:00,KDFW,Dallas,95.0
2026-07-30T00:59:49+00:00,KSEA,Seattle,73.4
2026-07-30T00:59:49+00:00,KLAS,Las Vegas,107.6
2026-07-30T00:59:49+00:00,KOKC,Oklahoma City,96.8
2026-07-30T00:59:49+00:00,KBOS,Boston,66.2
2026-07-30T00:59:49+00:00,KMSP,Minneapolis,87.8
2026-07-30T00:59:49+00:00,KSAT,San Antonio,93.2
2026-07-30T00:59:49+00:00,KMSY,New Orleans,87.8
2026-07-30T00:59:49+00:00,KHOU,Houston,91.4
2026-07-30T03:56:06+00:00,KNYC,New York City,73.0
2026-07-30T03:56:06+00:00,KMIA,Miami,84.2
2026-07-30T03:56:06+00:00,KDEN,Denver,69.1
2026-07-30T03:56:06+00:00,KLAX,Los Angeles,69.8
2026-07-30T03:56:06+00:00,KPHL,Philadelphia,75.2
2026-07-30T03:56:06+00:00,KAUS,Austin,84.2
2026-07-30T03:56:06+00:00,KMDW,Chicago,71.6
2026-07-30T03:56:06+00:00,KSFO,San Francisco,62.6
2026-07-30T03:56:06+00:00,KPHX,Phoenix,105.8
2026-07-30T03:56:06+00:00,KDCA,Washington DC,77.0
2026-07-30T03:56:06+00:00,KATL,Atlanta,80.6
2026-07-30T03:56:06+00:00,KDFW,Dallas,89.6
2026-07-30T03:56:06+00:00,KSEA,Seattle,66.2
2026-07-30T03:56:06+00:00,KLAS,Las Vegas,102.2
2026-07-30T03:56:06+00:00,KOKC,Oklahoma City,87.8
2026-07-30T03:56:06+00:00,KBOS,Boston,66.2
2026-07-30T03:56:06+00:00,KMSP,Minneapolis,84.2
2026-07-30T03:56:06+00:00,KSAT,San Antonio,84.2
2026-07-30T03:56:06+00:00,KMSY,New Orleans,82.4
2026-07-30T03:56:06+00:00,KHOU,Houston,82.4
2026-07-30T06:17:51+00:00,KNYC,New York City,70.0
2026-07-30T06:17:51+00:00,KMIA,Miami,82.4
2026-07-30T06:17:51+00:00,KDEN,Denver,68.0
2026-07-30T06:17:51+00:00,KLAX,Los Angeles,69.8
2026-07-30T06:17:51+00:00,KPHL,Philadelphia,73.4
2026-07-30T06:17:51+00:00,KAUS,Austin,80.6
2026-07-30T06:17:51+00:00,KMDW,Chicago,66.9
2026-07-30T06:17:51+00:00,KSFO,San Francisco,60.8
2026-07-30T06:17:51+00:00,KPHX,Phoenix,102.2
2026-07-30T06:17:51+00:00,KDCA,Washington DC,75.2
2026-07-30T06:17:51+00:00,KATL,Atlanta,78.1
2026-07-30T06:17:51+00:00,KDFW,Dallas,86.0
2026-07-30T06:17:51+00:00,KSEA,Seattle,60.8
2026-07-30T06:17:51+00:00,KLAS,Las Vegas,96.8
2026-07-30T06:17:51+00:00,KOKC,Oklahoma City,82.4
2026-07-30T06:17:51+00:00,KBOS,Boston,64.4
2026-07-30T06:17:51+00:00,KMSP,Minneapolis,80.6
2026-07-30T06:17:51+00:00,KSAT,San Antonio,80.6
2026-07-30T06:17:51+00:00,KMSY,New Orleans,80.6
2026-07-30T06:17:51+00:00,KHOU,Houston,80.6
2026-07-30T09:08:13+00:00,KNYC,New York City,69.1
2026-07-30T09:08:13+00:00,KMIA,Miami,80.6
2026-07-30T09:08:13+00:00,KDEN,Denver,70.0
2026-07-30T09:08:13+00:00,KLAX,Los Angeles,69.8
2026-07-30T09:08:13+00:00,KPHL,Philadelphia,73.4
2026-07-30T09:08:13+00:00,KAUS,Austin,78.8
2026-07-30T09:08:13+00:00,KMDW,Chicago,64.4
2026-07-30T09:08:13+00:00,KSFO,San Francisco,57.2
2026-07-30T09:08:13+00:00,KPHX,Phoenix,100.4
2026-07-30T09:08:13+00:00,KDCA,Washington DC,73.4
2026-07-30T09:08:13+00:00,KATL,Atlanta,75.2
2026-07-30T09:08:13+00:00,KDFW,Dallas,84.2
2026-07-30T09:08:13+00:00,KSEA,Seattle,55.4
2026-07-30T09:08:13+00:00,KLAS,Las Vegas,91.4
2026-07-30T09:08:13+00:00,KOKC,Oklahoma City,77.0
2026-07-30T09:08:13+00:00,KBOS,Boston,62.6
2026-07-30T09:08:13+00:00,KMSP,Minneapolis,77.0
2026-07-30T09:08:13+00:00,KSAT,San Antonio,78.8
2026-07-30T09:08:13+00:00,KMSY,New Orleans,80.6
2026-07-30T09:08:13+00:00,KHOU,Houston,80.6
2026-07-30T11:18:23+00:00,KNYC,New York City,66.9
2026-07-30T11:18:23+00:00,KMIA,Miami,80.6
2026-07-30T11:18:23+00:00,KDEN,Denver,69.1
2026-07-30T11:18:23+00:00,KLAX,Los Angeles,71.6
2026-07-30T11:18:23+00:00,KPHL,Philadelphia,73.4
2026-07-30T11:18:23+00:00,KAUS,Austin,77.0
2026-07-30T11:18:23+00:00,KMDW,Chicago,64.4
2026-07-30T11:18:23+00:00,KSFO,San Francisco,57.2
2026-07-30T11:18:23+00:00,KPHX,Phoenix,96.8
2026-07-30T11:18:23+00:00,KDCA,Washington DC,73.4
2026-07-30T11:18:23+00:00,KATL,Atlanta,75.2
2026-07-30T11:18:23+00:00,KDFW,Dallas,82.4
2026-07-30T11:18:23+00:00,KSEA,Seattle,53.6
2026-07-30T11:18:23+00:00,KLAS,Las Vegas,87.8
2026-07-30T11:18:23+00:00,KOKC,Oklahoma City,78.8
2026-07-30T11:18:23+00:00,KBOS,Boston,64.4
2026-07-30T11:18:23+00:00,KMSP,Minneapolis,73.4
2026-07-30T11:18:23+00:00,KSAT,San Antonio,78.8
2026-07-30T11:18:23+00:00,KMSY,New Orleans,80.6
2026-07-30T11:18:23+00:00,KHOU,Houston,78.8
2026-07-30T12:58:36+00:00,KNYC,New York City,70.0
2026-07-30T12:58:36+00:00,KMIA,Miami,84.2
2026-07-30T12:58:36+00:00,KDEN,Denver,68.0
2026-07-30T12:58:36+00:00,KLAX,Los Angeles,69.8
2026-07-30T12:58:36+00:00,KPHL,Philadelphia,75.2
2026-07-30T12:58:36+00:00,KAUS,Austin,77.0
2026-07-30T12:58:36+00:00,KMDW,Chicago,69.8
2026-07-30T12:58:36+00:00,KSFO,San Francisco,57.2
2026-07-30T12:58:36+00:00,KPHX,Phoenix,95.0
2026-07-30T12:58:36+00:00,KDCA,Washington DC,75.2
2026-07-30T12:58:36+00:00,KATL,Atlanta,78.8
2026-07-30T12:58:36+00:00,KDFW,Dallas,82.4
2026-07-30T12:58:36+00:00,KSEA,Seattle,53.6
2026-07-30T12:58:36+00:00,KLAS,Las Vegas,84.2
2026-07-30T12:58:36+00:00,KOKC,Oklahoma City,78.8
2026-07-30T12:58:36+00:00,KBOS,Boston,64.4
2026-07-30T12:58:36+00:00,KMSP,Minneapolis,75.2
2026-07-30T12:58:36+00:00,KSAT,San Antonio,78.8
2026-07-30T12:58:36+00:00,KMSY,New Orleans,82.4
2026-07-30T12:58:36+00:00,KHOU,Houston,80.6
2026-07-30T15:07:48+00:00,KNYC,New York City,71.1
2026-07-30T15:07:48+00:00,KMIA,Miami,89.6
2026-07-30T15:07:48+00:00,KDEN,Denver,75.9
2026-07-30T15:07:48+00:00,KLAX,Los Angeles,71.6
2026-07-30T15:07:48+00:00,KPHL,Philadelphia,78.8
2026-07-30T15:07:48+00:00,KAUS,Austin,82.4
2026-07-30T15:07:48+00:00,KMDW,Chicago,78.8
2026-07-30T15:07:48+00:00,KSFO,San Francisco,60.8
2026-07-30T15:07:48+00:00,KPHX,Phoenix,96.8
2026-07-30T15:07:48+00:00,KDCA,Washington DC,80.6
2026-07-30T15:07:48+00:00,KATL,Atlanta,82.4
2026-07-30T15:07:48+00:00,KDFW,Dallas,87.8
2026-07-30T15:07:48+00:00,KSEA,Seattle,57.2
2026-07-30T15:07:48+00:00,KLAS,Las Vegas,89.6
2026-07-30T15:07:48+00:00,KOKC,Oklahoma City,86.0
2026-07-30T15:07:48+00:00,KBOS,Boston,66.2
2026-07-30T15:07:48+00:00,KMSP,Minneapolis,78.8
2026-07-30T15:07:48+00:00,KSAT,San Antonio,84.2
2026-07-30T15:07:48+00:00,KMSY,New Orleans,87.8
2026-07-30T15:07:48+00:00,KHOU,Houston,86.0
2026-07-30T16:44:36+00:00,KNYC,New York City,72.0
2026-07-30T16:44:36+00:00,KMIA,Miami,91.4
2026-07-30T16:44:36+00:00,KDEN,Denver,
2026-07-30T16:44:36+00:00,KLAX,Los Angeles,75.2
2026-07-30T16:44:36+00:00,KPHL,Philadelphia,80.6
2026-07-30T16:44:36+00:00,KAUS,Austin,89.6
2026-07-30T16:44:36+00:00,KMDW,Chicago,82.4
2026-07-30T16:44:36+00:00,KSFO,San Francisco,64.4
2026-07-30T16:44:36+00:00,KPHX,Phoenix,100.4
2026-07-30T16:44:36+00:00,KDCA,Washington DC,82.4
2026-07-30T16:44:36+00:00,KATL,Atlanta,86.0
2026-07-30T16:44:36+00:00,KDFW,Dallas,91.4
2026-07-30T16:44:36+00:00,KSEA,Seattle,62.6
2026-07-30T16:44:36+00:00,KLAS,Las Vegas,96.8
2026-07-30T16:44:36+00:00,KOKC,Oklahoma City,91.4
2026-07-30T16:44:36+00:00,KBOS,Boston,71.6
2026-07-30T16:44:36+00:00,KMSP,Minneapolis,82.4
2026-07-30T16:44:36+00:00,KSAT,San Antonio,87.8
2026-07-30T16:44:36+00:00,KMSY,New Orleans,89.6
2026-07-30T16:44:36+00:00,KHOU,Houston,87.8
2026-07-30T18:02:27+00:00,KNYC,New York City,70.0
2026-07-30T18:02:27+00:00,KMIA,Miami,95.0
2026-07-30T18:02:27+00:00,KDEN,Denver,88.0
2026-07-30T18:02:27+00:00,KLAX,Los Angeles,75.2
2026-07-30T18:02:27+00:00,KPHL,Philadelphia,80.6
2026-07-30T18:02:27+00:00,KAUS,Austin,93.2
2026-07-30T18:02:27+00:00,KMDW,Chicago,84.2
2026-07-30T18:02:27+00:00,KSFO,San Francisco,69.8
2026-07-30T18:02:27+00:00,KPHX,Phoenix,104.0
2026-07-30T18:02:27+00:00,KDCA,Washington DC,86.0
2026-07-30T18:02:27+00:00,KATL,Atlanta,86.0
2026-07-30T18:02:27+00:00,KDFW,Dallas,95.0
2026-07-30T18:02:27+00:00,KSEA,Seattle,64.4
2026-07-30T18:02:27+00:00,KLAS,Las Vegas,98.6
2026-07-30T18:02:27+00:00,KOKC,Oklahoma City,98.6
2026-07-30T18:02:27+00:00,KBOS,Boston,71.6
2026-07-30T18:02:27+00:00,KMSP,Minneapolis,86.0
2026-07-30T18:02:27+00:00,KSAT,San Antonio,91.4
2026-07-30T18:02:27+00:00,KMSY,New Orleans,91.4
2026-07-30T18:02:27+00:00,KHOU,Houston,91.4
2026-07-30T19:47:35+00:00,KNYC,New York City,70.0
2026-07-30T19:47:35+00:00,KMIA,Miami,95.0
2026-07-30T19:47:35+00:00,KDEN,Denver,91.0
2026-07-30T19:47:35+00:00,KLAX,Los Angeles,77.0
2026-07-30T19:47:35+00:00,KPHL,Philadelphia,80.6
2026-07-30T19:47:35+00:00,KAUS,Austin,96.8
2026-07-30T19:47:35+00:00,KMDW,Chicago,84.2
2026-07-30T19:47:35+00:00,KSFO,San Francisco,69.8
2026-07-30T19:47:35+00:00,KPHX,Phoenix,107.6
2026-07-30T19:47:35+00:00,KDCA,Washington DC,82.4
2026-07-30T19:47:35+00:00,KATL,Atlanta,89.6
2026-07-30T19:47:35+00:00,KDFW,Dallas,98.6
2026-07-30T19:47:35+00:00,KSEA,Seattle,69.8
2026-07-30T19:47:35+00:00,KLAS,Las Vegas,104.0
2026-07-30T19:47:35+00:00,KOKC,Oklahoma City,100.4
2026-07-30T19:47:35+00:00,KBOS,Boston,66.2
2026-07-30T19:47:35+00:00,KMSP,Minneapolis,87.8
2026-07-30T19:47:35+00:00,KSAT,San Antonio,96.8
2026-07-30T19:47:35+00:00,KMSY,New Orleans,91.4
2026-07-30T19:47:35+00:00,KHOU,Houston,95.0
2026-07-30T20:52:18+00:00,KNYC,New York City,71.1
2026-07-30T20:52:18+00:00,KMIA,Miami,95.0
2026-07-30T20:52:18+00:00,KDEN,Denver,91.0
2026-07-30T20:52:18+00:00,KLAX,Los Angeles,75.2
2026-07-30T20:52:18+00:00,KPHL,Philadelphia,80.6
2026-07-30T20:52:18+00:00,KAUS,Austin,98.6
2026-07-30T20:52:18+00:00,KMDW,Chicago,84.2
2026-07-30T20:52:18+00:00,KSFO,San Francisco,71.6
2026-07-30T20:52:18+00:00,KPHX,Phoenix,109.4
2026-07-30T20:52:18+00:00,KDCA,Washington DC,82.4
2026-07-30T20:52:18+00:00,KATL,Atlanta,87.8
2026-07-30T20:52:18+00:00,KDFW,Dallas,98.6
2026-07-30T20:52:18+00:00,KSEA,Seattle,69.8
2026-07-30T20:52:18+00:00,KLAS,Las Vegas,105.8
2026-07-30T20:52:18+00:00,KOKC,Oklahoma City,100.4
2026-07-30T20:52:18+00:00,KBOS,Boston,69.8
2026-07-30T20:52:18+00:00,KMSP,Minneapolis,87.8
2026-07-30T20:52:18+00:00,KSAT,San Antonio,96.8
2026-07-30T20:52:18+00:00,KMSY,New Orleans,95.0
2026-07-30T20:52:18+00:00,KHOU,Houston,95.0
2026-07-30T21:54:41+00:00,KNYC,New York City,73.0
2026-07-30T21:54:41+00:00,KMIA,Miami,93.2
2026-07-30T21:54:41+00:00,KDEN,Denver,93.9
2026-07-30T21:54:41+00:00,KLAX,Los Angeles,75.2
2026-07-30T21:54:41+00:00,KPHL,Philadelphia,82.4
2026-07-30T21:54:41+00:00,KAUS,Austin,100.4
2026-07-30T21:54:41+00:00,KMDW,Chicago,84.2
2026-07-30T21:54:41+00:00,KSFO,San Francisco,71.6
2026-07-30T21:54:41+00:00,KPHX,Phoenix,109.4
2026-07-30T21:54:41+00:00,KDCA,Washington DC,82.4
2026-07-30T21:54:41+00:00,KATL,Atlanta,89.6
2026-07-30T21:54:41+00:00,KDFW,Dallas,98.6
2026-07-30T21:54:41+00:00,KSEA,Seattle,73.4
2026-07-30T21:54:41+00:00,KLAS,Las Vegas,109.4
2026-07-30T21:54:41+00:00,KOKC,Oklahoma City,102.2
2026-07-30T21:54:41+00:00,KBOS,Boston,66.2
2026-07-30T21:54:41+00:00,KMSP,Minneapolis,87.8
2026-07-30T21:54:41+00:00,KSAT,San Antonio,98.6
2026-07-30T21:54:41+00:00,KMSY,New Orleans,91.4
2026-07-30T21:54:41+00:00,KHOU,Houston,95.0
2026-07-30T22:52:44+00:00,KNYC,New York City,73.0
2026-07-30T22:52:44+00:00,KMIA,Miami,91.4
2026-07-30T22:52:44+00:00,KDEN,Denver,93.0
2026-07-30T22:52:44+00:00,KLAX,Los Angeles,75.2
2026-07-30T22:52:44+00:00,KPHL,Philadelphia,80.6
2026-07-30T22:52:44+00:00,KAUS,Austin,100.4
2026-07-30T22:52:44+00:00,KMDW,Chicago,84.2
2026-07-30T22:52:44+00:00,KSFO,San Francisco,69.8
2026-07-30T22:52:44+00:00,KPHX,Phoenix,109.4
2026-07-30T22:52:44+00:00,KDCA,Washington DC,80.6
2026-07-30T22:52:44+00:00,KATL,Atlanta,87.8
2026-07-30T22:52:44+00:00,KDFW,Dallas,98.6
2026-07-30T22:52:44+00:00,KSEA,Seattle,73.4
2026-07-30T22:52:44+00:00,KLAS,Las Vegas,109.4
2026-07-30T22:52:44+00:00,KOKC,Oklahoma City,100.4
2026-07-30T22:52:44+00:00,KBOS,Boston,66.2
2026-07-30T22:52:44+00:00,KMSP,Minneapolis,87.8
2026-07-30T22:52:44+00:00,KSAT,San Antonio,98.6
2026-07-30T22:52:44+00:00,KMSY,New Orleans,93.2
2026-07-30T22:52:44+00:00,KHOU,Houston,93.2
2026-07-30T23:49:04+00:00,KNYC,New York City,73.0
2026-07-30T23:49:04+00:00,KMIA,Miami,91.4
2026-07-30T23:49:04+00:00,KDEN,Denver,82.9
2026-07-30T23:49:04+00:00,KLAX,Los Angeles,77.0
2026-07-30T23:49:04+00:00,KPHL,Philadelphia,80.6
2026-07-30T23:49:04+00:00,KAUS,Austin,98.6
2026-07-30T23:49:04+00:00,KMDW,Chicago,84.2
2026-07-30T23:49:04+00:00,KSFO,San Francisco,69.8
2026-07-30T23:49:04+00:00,KPHX,Phoenix,111.2
2026-07-30T23:49:04+00:00,KDCA,Washington DC,80.6
2026-07-30T23:49:04+00:00,KATL,Atlanta,84.2
2026-07-30T23:49:04+00:00,KDFW,Dallas,98.6
2026-07-30T23:49:04+00:00,KSEA,Seattle,75.2
2026-07-30T23:49:04+00:00,KLAS,Las Vegas,109.4
2026-07-30T23:49:04+00:00,KOKC,Oklahoma City,100.4
2026-07-30T23:49:04+00:00,KBOS,Boston,66.2
2026-07-30T23:49:04+00:00,KMSP,Minneapolis,84.2
2026-07-30T23:49:04+00:00,KSAT,San Antonio,96.8
2026-07-30T23:49:04+00:00,KMSY,New Orleans,89.6
2026-07-30T23:49:04+00:00,KHOU,Houston,91.4
2026-07-31T01:20:57+00:00,KNYC,New York City,71.1
2026-07-31T01:20:57+00:00,KMIA,Miami,87.8
2026-07-31T01:20:57+00:00,KDEN,Denver,84.9
2026-07-31T01:20:57+00:00,KLAX,Los Angeles,73.4
2026-07-31T01:20:57+00:00,KPHL,Philadelphia,75.2
2026-07-31T01:20:57+00:00,KAUS,Austin,93.2
2026-07-31T01:20:57+00:00,KMDW,Chicago,80.6
2026-07-31T01:20:57+00:00,KSFO,San Francisco,68.0
2026-07-31T01:20:57+00:00,KPHX,Phoenix,111.2
2026-07-31T01:20:57+00:00,KDCA,Washington DC,80.6
2026-07-31T01:20:57+00:00,KATL,Atlanta,82.4
2026-07-31T01:20:57+00:00,KDFW,Dallas,96.8
2026-07-31T01:20:57+00:00,KSEA,Seattle,78.8
2026-07-31T01:20:57+00:00,KLAS,Las Vegas,109.4
2026-07-31T01:20:57+00:00,KOKC,Oklahoma City,93.2
2026-07-31T01:20:57+00:00,KBOS,Boston,66.2
2026-07-31T01:20:57+00:00,KMSP,Minneapolis,80.6
2026-07-31T01:20:57+00:00,KSAT,San Antonio,93.2
2026-07-31T01:20:57+00:00,KMSY,New Orleans,86.0
2026-07-31T01:20:57+00:00,KHOU,Houston,87.8
2026-07-31T04:49:35+00:00,KNYC,New York City,70.0
2026-07-31T04:49:35+00:00,KMIA,Miami,82.4
2026-07-31T04:49:35+00:00,KDEN,Denver,78.1
2026-07-31T04:49:35+00:00,KLAX,Los Angeles,68.0
2026-07-31T04:49:35+00:00,KPHL,Philadelphia,73.4
2026-07-31T04:49:35+00:00,KAUS,Austin,82.4
2026-07-31T04:49:35+00:00,KMDW,Chicago,75.2
2026-07-31T04:49:35+00:00,KSFO,San Francisco,60.8
2026-07-31T04:49:35+00:00,KPHX,Phoenix,105.8
2026-07-31T04:49:35+00:00,KDCA,Washington DC,78.8
2026-07-31T04:49:35+00:00,KATL,Atlanta,75.2
2026-07-31T04:49:35+00:00,KDFW,Dallas,91.4
2026-07-31T04:49:35+00:00,KSEA,Seattle,69.8
2026-07-31T04:49:35+00:00,KLAS,Las Vegas,100.4
2026-07-31T04:49:35+00:00,KOKC,Oklahoma City,86.0
2026-07-31T04:49:35+00:00,KBOS,Boston,66.2
2026-07-31T04:49:35+00:00,KMSP,Minneapolis,77.0
2026-07-31T04:49:35+00:00,KSAT,San Antonio,82.4
2026-07-31T04:49:35+00:00,KMSY,New Orleans,82.4
2026-07-31T04:49:35+00:00,KHOU,Houston,80.6
2026-07-31T07:41:29+00:00,KNYC,New York City,69.1
2026-07-31T07:41:29+00:00,KMIA,Miami,82.4
2026-07-31T07:41:29+00:00,KDEN,Denver,69.1
2026-07-31T07:41:29+00:00,KLAX,Los Angeles,66.2
2026-07-31T07:41:29+00:00,KPHL,Philadelphia,73.4
2026-07-31T07:41:29+00:00,KAUS,Austin,78.8
2026-07-31T07:41:29+00:00,KMDW,Chicago,73.4
2026-07-31T07:41:29+00:00,KSFO,San Francisco,59.0
2026-07-31T07:41:29+00:00,KPHX,Phoenix,102.2
2026-07-31T07:41:29+00:00,KDCA,Washington DC,75.2
2026-07-31T07:41:29+00:00,KATL,Atlanta,73.4
2026-07-31T07:41:29+00:00,KDFW,Dallas,87.8
2026-07-31T07:41:29+00:00,KSEA,Seattle,60.8
2026-07-31T07:41:29+00:00,KLAS,Las Vegas,93.2
2026-07-31T07:41:29+00:00,KOKC,Oklahoma City,82.4
2026-07-31T07:41:29+00:00,KBOS,Boston,66.2
2026-07-31T07:41:29+00:00,KMSP,Minneapolis,75.2
2026-07-31T07:41:29+00:00,KSAT,San Antonio,78.8
2026-07-31T07:41:29+00:00,KMSY,New Orleans,80.6
2026-07-31T07:41:29+00:00,KHOU,Houston,78.8
2026-07-31T10:13:22+00:00,KNYC,New York City,66.9
2026-07-31T10:13:22+00:00,KMIA,Miami,80.6
2026-07-31T10:13:22+00:00,KDEN,Denver,68.0
2026-07-31T10:13:22+00:00,KLAX,Los Angeles,68.0
2026-07-31T10:13:22+00:00,KPHL,Philadelphia,71.6
2026-07-31T10:13:22+00:00,KAUS,Austin,77.0
2026-07-31T10:13:22+00:00,KMDW,Chicago,71.6
2026-07-31T10:13:22+00:00,KSFO,San Francisco,57.2
2026-07-31T10:13:22+00:00,KPHX,Phoenix,98.6
2026-07-31T10:13:22+00:00,KDCA,Washington DC,71.6
2026-07-31T10:13:22+00:00,KATL,Atlanta,73.4
2026-07-31T10:13:22+00:00,KDFW,Dallas,84.2
2026-07-31T10:13:22+00:00,KSEA,Seattle,57.2
2026-07-31T10:13:22+00:00,KLAS,Las Vegas,89.6
2026-07-31T10:13:22+00:00,KOKC,Oklahoma City,78.8
2026-07-31T10:13:22+00:00,KBOS,Boston,66.2
2026-07-31T10:13:22+00:00,KMSP,Minneapolis,69.8
2026-07-31T10:13:22+00:00,KSAT,San Antonio,77.0
2026-07-31T10:13:22+00:00,KMSY,New Orleans,80.6
2026-07-31T10:13:22+00:00,KHOU,Houston,78.8
2026-07-31T12:15:11+00:00,KNYC,New York City,68.0
2026-07-31T12:15:11+00:00,KMIA,Miami,82.4
2026-07-31T12:15:11+00:00,KDEN,Denver,68.0
2026-07-31T12:15:11+00:00,KLAX,Los Angeles,69.8
2026-07-31T12:15:11+00:00,KPHL,Philadelphia,73.4
2026-07-31T12:15:11+00:00,KAUS,Austin,75.2
2026-07-31T12:15:11+00:00,KMDW,Chicago,71.6
2026-07-31T12:15:11+00:00,KSFO,San Francisco,57.2
2026-07-31T12:15:11+00:00,KPHX,Phoenix,93.2
2026-07-31T12:15:11+00:00,KDCA,Washington DC,75.2
2026-07-31T12:15:11+00:00,KATL,Atlanta,73.4
2026-07-31T12:15:11+00:00,KDFW,Dallas,82.4
2026-07-31T12:15:11+00:00,KSEA,Seattle,59.0
2026-07-31T12:15:11+00:00,KLAS,Las Vegas,87.8
2026-07-31T12:15:11+00:00,KOKC,Oklahoma City,80.6
2026-07-31T12:15:11+00:00,KBOS,Boston,69.8
2026-07-31T12:15:11+00:00,KMSP,Minneapolis,69.8
2026-07-31T12:15:11+00:00,KSAT,San Antonio,78.8
2026-07-31T12:15:11+00:00,KMSY,New Orleans,80.6
2026-07-31T12:15:11+00:00,KHOU,Houston,77.0
2026-07-31T14:34:51+00:00,KNYC,New York City,75.0
2026-07-31T14:34:51+00:00,KMIA,Miami,87.8
2026-07-31T14:34:51+00:00,KDEN,Denver,68.0
2026-07-31T14:34:51+00:00,KLAX,Los Angeles,68.0
2026-07-31T14:34:51+00:00,KPHL,Philadelphia,80.6
2026-07-31T14:34:51+00:00,KAUS,Austin,82.4
2026-07-31T14:34:51+00:00,KMDW,Chicago,78.8
2026-07-31T14:34:51+00:00,KSFO,San Francisco,59.0
2026-07-31T14:34:51+00:00,KPHX,Phoenix,95.0
2026-07-31T14:34:51+00:00,KDCA,Washington DC,80.6
2026-07-31T14:34:51+00:00,KATL,Atlanta,80.6
2026-07-31T14:34:51+00:00,KDFW,Dallas,86.0
2026-07-31T14:34:51+00:00,KSEA,Seattle,60.8
2026-07-31T14:34:51+00:00,KLAS,Las Vegas,89.6
2026-07-31T14:34:51+00:00,KOKC,Oklahoma City,84.2
2026-07-31T14:34:51+00:00,KBOS,Boston,71.6
2026-07-31T14:34:51+00:00,KMSP,Minneapolis,64.4
2026-07-31T14:34:51+00:00,KSAT,San Antonio,80.6
2026-07-31T14:34:51+00:00,KMSY,New Orleans,86.0
2026-07-31T14:34:51+00:00,KHOU,Houston,84.2
2026-07-31T16:20:37+00:00,KNYC,New York City,81.0
2026-07-31T16:20:37+00:00,KMIA,Miami,91.4
2026-07-31T16:20:37+00:00,KDEN,Denver,78.1
2026-07-31T16:20:37+00:00,KLAX,Los Angeles,75.2
2026-07-31T16:20:37+00:00,KPHL,Philadelphia,84.2
2026-07-31T16:20:37+00:00,KAUS,Austin,89.6
2026-07-31T16:20:37+00:00,KMDW,Chicago,80.6
2026-07-31T16:20:37+00:00,KSFO,San Francisco,64.4
2026-07-31T16:20:37+00:00,KPHX,Phoenix,98.6
2026-07-31T16:20:37+00:00,KDCA,Washington DC,82.4
2026-07-31T16:20:37+00:00,KATL,Atlanta,86.0
2026-07-31T16:20:37+00:00,KDFW,Dallas,93.2
2026-07-31T16:20:37+00:00,KSEA,Seattle,64.4
2026-07-31T16:20:37+00:00,KLAS,Las Vegas,96.8
2026-07-31T16:20:37+00:00,KOKC,Oklahoma City,89.6
2026-07-31T16:20:37+00:00,KBOS,Boston,75.2
2026-07-31T16:20:37+00:00,KMSP,Minneapolis,66.2
2026-07-31T16:20:37+00:00,KSAT,San Antonio,86.0
2026-07-31T16:20:37+00:00,KMSY,New Orleans,89.6
2026-07-31T16:20:37+00:00,KHOU,Houston,87.8
2026-07-31T17:58:39+00:00,KNYC,New York City,81.0
2026-07-31T17:58:39+00:00,KMIA,Miami,93.2
2026-07-31T17:58:39+00:00,KDEN,Denver,78.1
2026-07-31T17:58:39+00:00,KLAX,Los Angeles,77.0
2026-07-31T17:58:39+00:00,KPHL,Philadelphia,86.0
2026-07-31T17:58:39+00:00,KAUS,Austin,91.4
2026-07-31T17:58:39+00:00,KMDW,Chicago,80.6
2026-07-31T17:58:39+00:00,KSFO,San Francisco,66.2
2026-07-31T17:58:39+00:00,KPHX,Phoenix,100.4
2026-07-31T17:58:39+00:00,KDCA,Washington DC,86.0
2026-07-31T17:58:39+00:00,KATL,Atlanta,84.2
2026-07-31T17:58:39+00:00,KDFW,Dallas,95.0
2026-07-31T17:58:39+00:00,KSEA,Seattle,68.0
2026-07-31T17:58:39+00:00,KLAS,Las Vegas,98.6
2026-07-31T17:58:39+00:00,KOKC,Oklahoma City,95.0
2026-07-31T17:58:39+00:00,KBOS,Boston,73.4
2026-07-31T17:58:39+00:00,KMSP,Minneapolis,68.0
2026-07-31T17:58:39+00:00,KSAT,San Antonio,89.6
2026-07-31T17:58:39+00:00,KMSY,New Orleans,91.4
2026-07-31T17:58:39+00:00,KHOU,Houston,89.6
2026-07-31T19:18:26+00:00,KNYC,New York City,81.0
2026-07-31T19:18:26+00:00,KMIA,Miami,91.4
2026-07-31T19:18:26+00:00,KDEN,Denver,84.9
2026-07-31T19:18:26+00:00,KLAX,Los Angeles,77.0
2026-07-31T19:18:26+00:00,KPHL,Philadelphia,87.8
2026-07-31T19:18:26+00:00,KAUS,Austin,95.0
2026-07-31T19:18:26+00:00,KMDW,Chicago,77.0
2026-07-31T19:18:26+00:00,KSFO,San Francisco,71.6
2026-07-31T19:18:26+00:00,KPHX,Phoenix,105.8
2026-07-31T19:18:26+00:00,KDCA,Washington DC,87.8
2026-07-31T19:18:26+00:00,KATL,Atlanta,89.6
2026-07-31T19:18:26+00:00,KDFW,Dallas,100.4
2026-07-31T19:18:26+00:00,KSEA,Seattle,72.0
2026-07-31T19:18:26+00:00,KLAS,Las Vegas,105.8
2026-07-31T19:18:26+00:00,KOKC,Oklahoma City,102.2
2026-07-31T19:18:26+00:00,KBOS,Boston,71.6
2026-07-31T19:18:26+00:00,KMSP,Minneapolis,64.4
2026-07-31T19:18:26+00:00,KSAT,San Antonio,93.2
2026-07-31T19:18:26+00:00,KMSY,New Orleans,93.2
2026-07-31T19:18:26+00:00,KHOU,Houston,93.2
2026-07-31T20:38:50+00:00,KNYC,New York City,82.9
2026-07-31T20:38:50+00:00,KMIA,Miami,91.4
2026-07-31T20:38:50+00:00,KDEN,Denver,88.0
2026-07-31T20:38:50+00:00,KLAX,Los Angeles,78.8
2026-07-31T20:38:50+00:00,KPHL,Philadelphia,87.8
2026-07-31T20:38:50+00:00,KAUS,Austin,98.6
2026-07-31T20:38:50+00:00,KMDW,Chicago,75.2
2026-07-31T20:38:50+00:00,KSFO,San Francisco,71.6
2026-07-31T20:38:50+00:00,KPHX,Phoenix,107.6
2026-07-31T20:38:50+00:00,KDCA,Washington DC,84.2
2026-07-31T20:38:50+00:00,KATL,Atlanta,91.4
2026-07-31T20:38:50+00:00,KDFW,Dallas,102.2
2026-07-31T20:38:50+00:00,KSEA,Seattle,75.2
2026-07-31T20:38:50+00:00,KLAS,Las Vegas,107.6
2026-07-31T20:38:50+00:00,KOKC,Oklahoma City,105.8
2026-07-31T20:38:50+00:00,KBOS,Boston,73.4
2026-07-31T20:38:50+00:00,KMSP,Minneapolis,66.2
2026-07-31T20:38:50+00:00,KSAT,San Antonio,96.8
2026-07-31T20:38:50+00:00,KMSY,New Orleans,95.0
2026-07-31T20:38:50+00:00,KHOU,Houston,95.0
2026-07-31T21:43:50+00:00,KNYC,New York City,82.0
2026-07-31T21:43:50+00:00,KMIA,Miami,89.6
2026-07-31T21:43:50+00:00,KDEN,Denver,88.0
2026-07-31T21:43:50+00:00,KLAX,Los Angeles,77.0
2026-07-31T21:43:50+00:00,KPHL,Philadelphia,87.8
2026-07-31T21:43:50+00:00,KAUS,Austin,98.6
2026-07-31T21:43:50+00:00,KMDW,Chicago,71.6
2026-07-31T21:43:50+00:00,KSFO,San Francisco,69.8
2026-07-31T21:43:50+00:00,KPHX,Phoenix,111.2
2026-07-31T21:43:50+00:00,KDCA,Washington DC,87.8
2026-07-31T21:43:50+00:00,KATL,Atlanta,89.6
2026-07-31T21:43:50+00:00,KDFW,Dallas,100.4
2026-07-31T21:43:50+00:00,KSEA,Seattle,78.8
2026-07-31T21:43:50+00:00,KLAS,Las Vegas,109.4
2026-07-31T21:43:50+00:00,KOKC,Oklahoma City,107.6
2026-07-31T21:43:50+00:00,KBOS,Boston,71.6
2026-07-31T21:43:50+00:00,KMSP,Minneapolis,66.2
2026-07-31T21:43:50+00:00,KSAT,San Antonio,96.8
2026-07-31T21:43:50+00:00,KMSY,New Orleans,93.2
2026-07-31T21:43:50+00:00,KHOU,Houston,95.0
2026-07-31T22:41:21+00:00,KNYC,New York City,81.0
2026-07-31T22:41:21+00:00,KMIA,Miami,91.4
2026-07-31T22:41:21+00:00,KDEN,Denver,88.0
2026-07-31T22:41:21+00:00,KLAX,Los Angeles,77.0
2026-07-31T22:41:21+00:00,KPHL,Philadelphia,87.8
2026-07-31T22:41:21+00:00,KAUS,Austin,98.6
2026-07-31T22:41:21+00:00,KMDW,Chicago,73.4
2026-07-31T22:41:21+00:00,KSFO,San Francisco,69.8
2026-07-31T22:41:21+00:00,KPHX,Phoenix,113.0
2026-07-31T22:41:21+00:00,KDCA,Washington DC,84.2
2026-07-31T22:41:21+00:00,KATL,Atlanta,89.6
2026-07-31T22:41:21+00:00,KDFW,Dallas,100.4
2026-07-31T22:41:21+00:00,KSEA,Seattle,80.6
2026-07-31T22:41:21+00:00,KLAS,Las Vegas,109.4
2026-07-31T22:41:21+00:00,KOKC,Oklahoma City,105.8
2026-07-31T22:41:21+00:00,KBOS,Boston,73.4
2026-07-31T22:41:21+00:00,KMSP,Minneapolis,68.0
2026-07-31T22:41:21+00:00,KSAT,San Antonio,96.8
2026-07-31T22:41:21+00:00,KMSY,New Orleans,93.2
2026-07-31T22:41:21+00:00,KHOU,Houston,95.0
2026-07-31T23:39:10+00:00,KNYC,New York City,
2026-07-31T23:39:10+00:00,KMIA,Miami,84.2
2026-07-31T23:39:10+00:00,KDEN,Denver,88.0
2026-07-31T23:39:10+00:00,KLAX,Los Angeles,77.0
2026-07-31T23:39:10+00:00,KPHL,Philadelphia,86.0
2026-07-31T23:39:10+00:00,KAUS,Austin,98.6
2026-07-31T23:39:10+00:00,KMDW,Chicago,73.4
2026-07-31T23:39:10+00:00,KSFO,San Francisco,69.8
2026-07-31T23:39:10+00:00,KPHX,Phoenix,114.8
2026-07-31T23:39:10+00:00,KDCA,Washington DC,86.0
2026-07-31T23:39:10+00:00,KATL,Atlanta,86.0
2026-07-31T23:39:10+00:00,KDFW,Dallas,100.4
2026-07-31T23:39:10+00:00,KSEA,Seattle,82.4
2026-07-31T23:39:10+00:00,KLAS,Las Vegas,113.0
2026-07-31T23:39:10+00:00,KOKC,Oklahoma City,104.0
2026-07-31T23:39:10+00:00,KBOS,Boston,73.4
2026-07-31T23:39:10+00:00,KMSP,Minneapolis,68.0
2026-07-31T23:39:10+00:00,KSAT,San Antonio,96.8
2026-07-31T23:39:10+00:00,KMSY,New Orleans,91.4
2026-07-31T23:39:10+00:00,KHOU,Houston,95.0
2026-08-01T01:11:44+00:00,KNYC,New York City,77.0
2026-08-01T01:11:44+00:00,KMIA,Miami,87.8
2026-08-01T01:11:44+00:00,KDEN,Denver,
2026-08-01T01:11:44+00:00,KLAX,Los Angeles,75.2
2026-08-01T01:11:44+00:00,KPHL,Philadelphia,82.4
2026-08-01T01:11:44+00:00,KAUS,Austin,95.0
2026-08-01T01:11:44+00:00,KMDW,Chicago,73.4
2026-08-01T01:11:44+00:00,KSFO,San Francisco,66.2
2026-08-01T01:11:44+00:00,KPHX,Phoenix,113.0
2026-08-01T01:11:44+00:00,KDCA,Washington DC,82.4
2026-08-01T01:11:44+00:00,KATL,Atlanta,84.2
2026-08-01T01:11:44+00:00,KDFW,Dallas,98.6
2026-08-01T01:11:44+00:00,KSEA,Seattle,82.4
2026-08-01T01:11:44+00:00,KLAS,Las Vegas,111.2
2026-08-01T01:11:44+00:00,KOKC,Oklahoma City,98.6
2026-08-01T01:11:44+00:00,KBOS,Boston,71.6
2026-08-01T01:11:44+00:00,KMSP,Minneapolis,68.0
2026-08-01T01:11:44+00:00,KSAT,San Antonio,93.2
2026-08-01T01:11:44+00:00,KMSY,New Orleans,87.8
2026-08-01T01:11:44+00:00,KHOU,Houston,89.6
2026-08-01T04:31:43+00:00,KNYC,New York City,75.0
2026-08-01T04:31:43+00:00,KMIA,Miami,84.2
2026-08-01T04:31:43+00:00,KDEN,Denver,70.0
2026-08-01T04:31:43+00:00,KLAX,Los Angeles,69.8
2026-08-01T04:31:43+00:00,KPHL,Philadelphia,75.2
2026-08-01T04:31:43+00:00,KAUS,Austin,84.2
2026-08-01T04:31:43+00:00,KMDW,Chicago,71.6
2026-08-01T04:31:43+00:00,KSFO,San Francisco,60.8
2026-08-01T04:31:43+00:00,KPHX,Phoenix,107.6
2026-08-01T04:31:43+00:00,KDCA,Washington DC,75.2
2026-08-01T04:31:43+00:00,KATL,Atlanta,80.6
2026-08-01T04:31:43+00:00,KDFW,Dallas,93.2
2026-08-01T04:31:43+00:00,KSEA,Seattle,69.8
2026-08-01T04:31:43+00:00,KLAS,Las Vegas,102.2
2026-08-01T04:31:43+00:00,KOKC,Oklahoma City,87.8
2026-08-01T04:31:43+00:00,KBOS,Boston,71.6
2026-08-01T04:31:43+00:00,KMSP,Minneapolis,68.0
2026-08-01T04:31:43+00:00,KSAT,San Antonio,84.2
2026-08-01T04:31:43+00:00,KMSY,New Orleans,80.6
2026-08-01T04:31:43+00:00,KHOU,Houston,82.4
2026-08-01T07:11:00+00:00,KNYC,New York City,73.9
2026-08-01T07:11:00+00:00,KMIA,Miami,82.4
2026-08-01T07:11:00+00:00,KDEN,Denver,64.9
2026-08-01T07:11:00+00:00,KLAX,Los Angeles,69.8
2026-08-01T07:11:00+00:00,KPHL,Philadelphia,73.4
2026-08-01T07:11:00+00:00,KAUS,Austin,78.8
2026-08-01T07:11:00+00:00,KMDW,Chicago,71.6
2026-08-01T07:11:00+00:00,KSFO,San Francisco,60.8
2026-08-01T07:11:00+00:00,KPHX,Phoenix,105.8
2026-08-01T07:11:00+00:00,KDCA,Washington DC,73.4
2026-08-01T07:11:00+00:00,KATL,Atlanta,77.0
2026-08-01T07:11:00+00:00,KDFW,Dallas,89.6
2026-08-01T07:11:00+00:00,KSEA,Seattle,66.2
2026-08-01T07:11:00+00:00,KLAS,Las Vegas,96.8
2026-08-01T07:11:00+00:00,KOKC,Oklahoma City,82.4
2026-08-01T07:11:00+00:00,KBOS,Boston,69.8
2026-08-01T07:11:00+00:00,KMSP,Minneapolis,66.2
2026-08-01T07:11:00+00:00,KSAT,San Antonio,78.8
2026-08-01T07:11:00+00:00,KMSY,New Orleans,78.8
2026-08-01T07:11:00+00:00,KHOU,Houston,80.6
2026-08-01T09:17:41+00:00,KNYC,New York City,73.0
2026-08-01T09:17:41+00:00,KMIA,Miami,82.4
2026-08-01T09:17:41+00:00,KDEN,Denver,64.9
2026-08-01T09:17:41+00:00,KLAX,Los Angeles,69.8
2026-08-01T09:17:41+00:00,KPHL,Philadelphia,73.4
2026-08-01T09:17:41+00:00,KAUS,Austin,75.2
2026-08-01T09:17:41+00:00,KMDW,Chicago,69.8
2026-08-01T09:17:41+00:00,KSFO,San Francisco,59.0
2026-08-01T09:17:41+00:00,KPHX,Phoenix,100.4
2026-08-01T09:17:41+00:00,KDCA,Washington DC,71.6
2026-08-01T09:17:41+00:00,KATL,Atlanta,78.8
2026-08-01T09:17:41+00:00,KDFW,Dallas,89.6
2026-08-01T09:17:41+00:00,KSEA,Seattle,62.6
2026-08-01T09:17:41+00:00,KLAS,Las Vegas,93.2
2026-08-01T09:17:41+00:00,KOKC,Oklahoma City,77.0
2026-08-01T09:17:41+00:00,KBOS,Boston,71.6
2026-08-01T09:17:41+00:00,KMSP,Minneapolis,66.2
2026-08-01T09:17:41+00:00,KSAT,San Antonio,77.0
2026-08-01T09:17:41+00:00,KMSY,New Orleans,78.8
2026-08-01T09:17:41+00:00,KHOU,Houston,78.8
2026-08-01T10:53:30+00:00,KNYC,New York City,72.0
2026-08-01T10:53:30+00:00,KMIA,Miami,82.4
2026-08-01T10:53:30+00:00,KDEN,Denver,64.0
2026-08-01T10:53:30+00:00,KLAX,Los Angeles,69.8
2026-08-01T10:53:30+00:00,KPHL,Philadelphia,73.4
2026-08-01T10:53:30+00:00,KAUS,Austin,75.2
2026-08-01T10:53:30+00:00,KMDW,Chicago,66.2
2026-08-01T10:53:30+00:00,KSFO,San Francisco,57.2
2026-08-01T10:53:30+00:00,KPHX,Phoenix,96.8
2026-08-01T10:53:30+00:00,KDCA,Washington DC,71.6
2026-08-01T10:53:30+00:00,KATL,Atlanta,77.0
2026-08-01T10:53:30+00:00,KDFW,Dallas,86.0
2026-08-01T10:53:30+00:00,KSEA,Seattle,60.8
2026-08-01T10:53:30+00:00,KLAS,Las Vegas,91.4
2026-08-01T10:53:30+00:00,KOKC,Oklahoma City,73.4
2026-08-01T10:53:30+00:00,KBOS,Boston,71.6
2026-08-01T10:53:30+00:00,KMSP,Minneapolis,64.4
2026-08-01T10:53:30+00:00,KSAT,San Antonio,78.8
2026-08-01T10:53:30+00:00,KMSY,New Orleans,78.8
2026-08-01T10:53:30+00:00,KHOU,Houston,78.8
2026-08-01T11:52:54+00:00,KNYC,New York City,73.0
2026-08-01T11:52:54+00:00,KMIA,Miami,82.4
2026-08-01T11:52:54+00:00,KDEN,Denver,64.0
2026-08-01T11:52:54+00:00,KLAX,Los Angeles,69.8
2026-08-01T11:52:54+00:00,KPHL,Philadelphia,75.2
2026-08-01T11:52:54+00:00,KAUS,Austin,77.0
2026-08-01T11:52:54+00:00,KMDW,Chicago,69.8
2026-08-01T11:52:54+00:00,KSFO,San Francisco,57.2
2026-08-01T11:52:54+00:00,KPHX,Phoenix,96.8
2026-08-01T11:52:54+00:00,KDCA,Washington DC,73.4
2026-08-01T11:52:54+00:00,KATL,Atlanta,75.2
2026-08-01T11:52:54+00:00,KDFW,Dallas,86.0
2026-08-01T11:52:54+00:00,KSEA,Seattle,62.6
2026-08-01T11:52:54+00:00,KLAS,Las Vegas,89.6
2026-08-01T11:52:54+00:00,KOKC,Oklahoma City,71.6
2026-08-01T11:52:54+00:00,KBOS,Boston,73.4
2026-08-01T11:52:54+00:00,KMSP,Minneapolis,64.4
2026-08-01T11:52:54+00:00,KSAT,San Antonio,78.8
2026-08-01T11:52:54+00:00,KMSY,New Orleans,78.8
2026-08-01T11:52:54+00:00,KHOU,Houston,78.8
2026-08-01T12:45:05+00:00,KNYC,New York City,73.9
2026-08-01T12:45:05+00:00,KMIA,Miami,84.2
2026-08-01T12:45:05+00:00,KDEN,Denver,62.1
2026-08-01T12:45:05+00:00,KLAX,Los Angeles,68.0
2026-08-01T12:45:05+00:00,KPHL,Philadelphia,77.0
2026-08-01T12:45:05+00:00,KAUS,Austin,77.0
2026-08-01T12:45:05+00:00,KMDW,Chicago,68.0
2026-08-01T12:45:05+00:00,KSFO,San Francisco,57.2
2026-08-01T12:45:05+00:00,KPHX,Phoenix,96.8
2026-08-01T12:45:05+00:00,KDCA,Washington DC,75.2
2026-08-01T12:45:05+00:00,KATL,Atlanta,77.0
2026-08-01T12:45:05+00:00,KDFW,Dallas,84.2
2026-08-01T12:45:05+00:00,KSEA,Seattle,60.8
2026-08-01T12:45:05+00:00,KLAS,Las Vegas,87.8
2026-08-01T12:45:05+00:00,KOKC,Oklahoma City,73.4
2026-08-01T12:45:05+00:00,KBOS,Boston,75.2
2026-08-01T12:45:05+00:00,KMSP,Minneapolis,68.0
2026-08-01T12:45:05+00:00,KSAT,San Antonio,78.8
2026-08-01T12:45:05+00:00,KMSY,New Orleans,80.6
2026-08-01T12:45:05+00:00,KHOU,Houston,78.8
2026-08-01T14:14:22+00:00,KNYC,New York City,77.0
2026-08-01T14:14:22+00:00,KMIA,Miami,87.8
2026-08-01T14:14:22+00:00,KDEN,Denver,64.9
2026-08-01T14:14:22+00:00,KLAX,Los Angeles,69.8
2026-08-01T14:14:22+00:00,KPHL,Philadelphia,80.6
2026-08-01T14:14:22+00:00,KAUS,Austin,82.4
2026-08-01T14:14:22+00:00,KMDW,Chicago,66.2
2026-08-01T14:14:22+00:00,KSFO,San Francisco,57.2
2026-08-01T14:14:22+00:00,KPHX,Phoenix,95.0
2026-08-01T14:14:22+00:00,KDCA,Washington DC,78.8
2026-08-01T14:14:22+00:00,KATL,Atlanta,78.8
2026-08-01T14:14:22+00:00,KDFW,Dallas,84.2
2026-08-01T14:14:22+00:00,KSEA,Seattle,62.6
2026-08-01T14:14:22+00:00,KLAS,Las Vegas,89.6
2026-08-01T14:14:22+00:00,KOKC,Oklahoma City,77.0
2026-08-01T14:14:22+00:00,KBOS,Boston,78.8
2026-08-01T14:14:22+00:00,KMSP,Minneapolis,71.6
2026-08-01T14:14:22+00:00,KSAT,San Antonio,80.6
2026-08-01T14:14:22+00:00,KMSY,New Orleans,84.2
2026-08-01T14:14:22+00:00,KHOU,Houston,84.2
2026-08-01T15:18:06+00:00,KNYC,New York City,79.0
2026-08-01T15:18:06+00:00,KMIA,Miami,87.8
2026-08-01T15:18:06+00:00,KDEN,Denver,70.0
2026-08-01T15:18:06+00:00,KLAX,Los Angeles,71.6
2026-08-01T15:18:06+00:00,KPHL,Philadelphia,84.2
2026-08-01T15:18:06+00:00,KAUS,Austin,86.0
2026-08-01T15:18:06+00:00,KMDW,Chicago,68.0
2026-08-01T15:18:06+00:00,KSFO,San Francisco,60.8
2026-08-01T15:18:06+00:00,KPHX,Phoenix,96.8
2026-08-01T15:18:06+00:00,KDCA,Washington DC,82.4
2026-08-01T15:18:06+00:00,KATL,Atlanta,80.6
2026-08-01T15:18:06+00:00,KDFW,Dallas,86.0
2026-08-01T15:18:06+00:00,KSEA,Seattle,64.4
2026-08-01T15:18:06+00:00,KLAS,Las Vegas,93.2
2026-08-01T15:18:06+00:00,KOKC,Oklahoma City,78.8
2026-08-01T15:18:06+00:00,KBOS,Boston,78.8
2026-08-01T15:18:06+00:00,KMSP,Minneapolis,75.2
2026-08-01T15:18:06+00:00,KSAT,San Antonio,84.2
2026-08-01T15:18:06+00:00,KMSY,New Orleans,87.8
2026-08-01T15:18:06+00:00,KHOU,Houston,87.8
2026-08-01T16:27:01+00:00,KNYC,New York City,82.9
2026-08-01T16:27:01+00:00,KMIA,Miami,91.4
2026-08-01T16:27:01+00:00,KDEN,Denver,77.0
2026-08-01T16:27:01+00:00,KLAX,Los Angeles,75.2
2026-08-01T16:27:01+00:00,KPHL,Philadelphia,87.8
2026-08-01T16:27:01+00:00,KAUS,Austin,89.6
2026-08-01T16:27:01+00:00,KMDW,Chicago,69.8
2026-08-01T16:27:01+00:00,KSFO,San Francisco,62.6
2026-08-01T16:27:01+00:00,KPHX,Phoenix,102.2
2026-08-01T16:27:01+00:00,KDCA,Washington DC,86.0
2026-08-01T16:27:01+00:00,KATL,Atlanta,80.6
2026-08-01T16:27:01+00:00,KDFW,Dallas,87.8
2026-08-01T16:27:01+00:00,KSEA,Seattle,66.2
2026-08-01T16:27:01+00:00,KLAS,Las Vegas,98.6
2026-08-01T16:27:01+00:00,KOKC,Oklahoma City,82.4
2026-08-01T16:27:01+00:00,KBOS,Boston,80.6
2026-08-01T16:27:01+00:00,KMSP,Minneapolis,80.6
2026-08-01T16:27:01+00:00,KSAT,San Antonio,87.8
2026-08-01T16:27:01+00:00,KMSY,New Orleans,91.4
2026-08-01T16:27:01+00:00,KHOU,Houston,89.6
2026-08-01T17:28:50+00:00,KNYC,New York City,84.0
2026-08-01T17:28:50+00:00,KMIA,Miami,91.4
2026-08-01T17:28:50+00:00,KDEN,Denver,81.0
2026-08-01T17:28:50+00:00,KLAX,Los Angeles,77.0
2026-08-01T17:28:50+00:00,KPHL,Philadelphia,87.8
2026-08-01T17:28:50+00:00,KAUS,Austin,91.4
2026-08-01T17:28:50+00:00,KMDW,Chicago,71.6
2026-08-01T17:28:50+00:00,KSFO,San Francisco,66.2
2026-08-01T17:28:50+00:00,KPHX,Phoenix,105.8
2026-08-01T17:28:50+00:00,KDCA,Washington DC,87.8
2026-08-01T17:28:50+00:00,KATL,Atlanta,82.4
2026-08-01T17:28:50+00:00,KDFW,Dallas,91.4
2026-08-01T17:28:50+00:00,KSEA,Seattle,68.0
2026-08-01T17:28:50+00:00,KLAS,Las Vegas,100.4
2026-08-01T17:28:50+00:00,KOKC,Oklahoma City,84.2
2026-08-01T17:28:50+00:00,KBOS,Boston,78.8
2026-08-01T17:28:50+00:00,KMSP,Minneapolis,82.4
2026-08-01T17:28:50+00:00,KSAT,San Antonio,91.4
2026-08-01T17:28:50+00:00,KMSY,New Orleans,93.2
2026-08-01T17:28:50+00:00,KHOU,Houston,91.4
2026-08-01T18:28:05+00:00,KNYC,New York City,84.9
2026-08-01T18:28:05+00:00,KMIA,Miami,91.4
2026-08-01T18:28:05+00:00,KDEN,Denver,86.0
2026-08-01T18:28:05+00:00,KLAX,Los Angeles,77.0
2026-08-01T18:28:05+00:00,KPHL,Philadelphia,87.8
2026-08-01T18:28:05+00:00,KAUS,Austin,93.2
2026-08-01T18:28:05+00:00,KMDW,Chicago,75.2
2026-08-01T18:28:05+00:00,KSFO,San Francisco,69.8
2026-08-01T18:28:05+00:00,KPHX,Phoenix,107.6
2026-08-01T18:28:05+00:00,KDCA,Washington DC,89.6
2026-08-01T18:28:05+00:00,KATL,Atlanta,82.4
2026-08-01T18:28:05+00:00,KDFW,Dallas,93.2
2026-08-01T18:28:05+00:00,KSEA,Seattle,62.6
2026-08-01T18:28:05+00:00,KLAS,Las Vegas,104.0
2026-08-01T18:28:05+00:00,KOKC,Oklahoma City,87.8
2026-08-01T18:28:05+00:00,KBOS,Boston,80.6
2026-08-01T18:28:05+00:00,KMSP,Minneapolis,84.2
2026-08-01T18:28:05+00:00,KSAT,San Antonio,95.0
2026-08-01T18:28:05+00:00,KMSY,New Orleans,93.2
2026-08-01T18:28:05+00:00,KHOU,Houston,93.2
2026-08-01T19:41:31+00:00,KNYC,New York City,82.9
2026-08-01T19:41:31+00:00,KMIA,Miami,89.6
2026-08-01T19:41:31+00:00,KDEN,Denver,89.1
2026-08-01T19:41:31+00:00,KLAX,Los Angeles,80.6
2026-08-01T19:41:31+00:00,KPHL,Philadelphia,89.6
2026-08-01T19:41:31+00:00,KAUS,Austin,95.0
2026-08-01T19:41:31+00:00,KMDW,Chicago,73.4
2026-08-01T19:41:31+00:00,KSFO,San Francisco,71.6
2026-08-01T19:41:31+00:00,KPHX,Phoenix,109.4
2026-08-01T19:41:31+00:00,KDCA,Washington DC,87.8
2026-08-01T19:41:31+00:00,KATL,Atlanta,84.2
2026-08-01T19:41:31+00:00,KDFW,Dallas,95.0
2026-08-01T19:41:31+00:00,KSEA,Seattle,66.2
2026-08-01T19:41:31+00:00,KLAS,Las Vegas,107.6
2026-08-01T19:41:31+00:00,KOKC,Oklahoma City,89.6
2026-08-01T19:41:31+00:00,KBOS,Boston,77.0
2026-08-01T19:41:31+00:00,KMSP,Minneapolis,86.0
2026-08-01T19:41:31+00:00,KSAT,San Antonio,96.8
2026-08-01T19:41:31+00:00,KMSY,New Orleans,93.2
2026-08-01T19:41:31+00:00,KHOU,Houston,93.2
2026-08-01T20:31:20+00:00,KNYC,New York City,82.9
2026-08-01T20:31:20+00:00,KMIA,Miami,87.8
2026-08-01T20:31:20+00:00,KDEN,Denver,89.1
2026-08-01T20:31:20+00:00,KLAX,Los Angeles,78.8
2026-08-01T20:31:20+00:00,KPHL,Philadelphia,89.6
2026-08-01T20:31:20+00:00,KAUS,Austin,93.2
2026-08-01T20:31:20+00:00,KMDW,Chicago,71.6
2026-08-01T20:31:20+00:00,KSFO,San Francisco,73.4
2026-08-01T20:31:20+00:00,KPHX,Phoenix,109.4
2026-08-01T20:31:20+00:00,KDCA,Washington DC,89.6
2026-08-01T20:31:20+00:00,KATL,Atlanta,84.2
2026-08-01T20:31:20+00:00,KDFW,Dallas,96.8
2026-08-01T20:31:20+00:00,KSEA,Seattle,68.0
2026-08-01T20:31:20+00:00,KLAS,Las Vegas,109.4
2026-08-01T20:31:20+00:00,KOKC,Oklahoma City,91.4
2026-08-01T20:31:20+00:00,KBOS,Boston,78.8
2026-08-01T20:31:20+00:00,KMSP,Minneapolis,84.2
2026-08-01T20:31:20+00:00,KSAT,San Antonio,98.6
2026-08-01T20:31:20+00:00,KMSY,New Orleans,95.0
2026-08-01T20:31:20+00:00,KHOU,Houston,93.2
2026-08-01T21:32:19+00:00,KNYC,New York City,82.0
2026-08-01T21:32:19+00:00,KMIA,Miami,
2026-08-01T21:32:19+00:00,KDEN,Denver,91.9
2026-08-01T21:32:19+00:00,KLAX,Los Angeles,78.8
2026-08-01T21:32:19+00:00,KPHL,Philadelphia,87.8
2026-08-01T21:32:19+00:00,KAUS,Austin,91.4
2026-08-01T21:32:19+00:00,KMDW,Chicago,71.1
2026-08-01T21:32:19+00:00,KSFO,San Francisco,71.6
2026-08-01T21:32:19+00:00,KPHX,Phoenix,111.2
2026-08-01T21:32:19+00:00,KDCA,Washington DC,86.0
2026-08-01T21:32:19+00:00,KATL,Atlanta,84.2
2026-08-01T21:32:19+00:00,KDFW,Dallas,96.8
2026-08-01T21:32:19+00:00,KSEA,Seattle,71.6
2026-08-01T21:32:19+00:00,KLAS,Las Vegas,113.0
2026-08-01T21:32:19+00:00,KOKC,Oklahoma City,91.4
2026-08-01T21:32:19+00:00,KBOS,Boston,84.2
2026-08-01T21:32:19+00:00,KMSP,Minneapolis,86.0
2026-08-01T21:32:19+00:00,KSAT,San Antonio,98.6
2026-08-01T21:32:19+00:00,KMSY,New Orleans,93.2
2026-08-01T21:32:19+00:00,KHOU,Houston,91.4
2026-08-01T22:33:41+00:00,KNYC,New York City,80.1
2026-08-01T22:33:41+00:00,KMIA,Miami,75.2
2026-08-01T22:33:41+00:00,KDEN,Denver,93.0
2026-08-01T22:33:41+00:00,KLAX,Los Angeles,77.0
2026-08-01T22:33:41+00:00,KPHL,Philadelphia,84.2
2026-08-01T22:33:41+00:00,KAUS,Austin,89.6
2026-08-01T22:33:41+00:00,KMDW,Chicago,71.6
2026-08-01T22:33:41+00:00,KSFO,San Francisco,73.4
2026-08-01T22:33:41+00:00,KPHX,Phoenix,114.8
2026-08-01T22:33:41+00:00,KDCA,Washington DC,84.2
2026-08-01T22:33:41+00:00,KATL,Atlanta,86.0
2026-08-01T22:33:41+00:00,KDFW,Dallas,96.8
2026-08-01T22:33:41+00:00,KSEA,Seattle,71.6
2026-08-01T22:33:41+00:00,KLAS,Las Vegas,114.8
2026-08-01T22:33:41+00:00,KOKC,Oklahoma City,91.4
2026-08-01T22:33:41+00:00,KBOS,Boston,82.4
2026-08-01T22:33:41+00:00,KMSP,Minneapolis,84.2
2026-08-01T22:33:41+00:00,KSAT,San Antonio,93.2
2026-08-01T22:33:41+00:00,KMSY,New Orleans,93.2
2026-08-01T22:33:41+00:00,KHOU,Houston,93.2
2026-08-01T23:36:17+00:00,KNYC,New York City,79.0
2026-08-01T23:36:17+00:00,KMIA,Miami,77.0
2026-08-01T23:36:17+00:00,KDEN,Denver,91.9
2026-08-01T23:36:17+00:00,KLAX,Los Angeles,78.8
2026-08-01T23:36:17+00:00,KPHL,Philadelphia,82.4
2026-08-01T23:36:17+00:00,KAUS,Austin,89.6
2026-08-01T23:36:17+00:00,KMDW,Chicago,71.6
2026-08-01T23:36:17+00:00,KSFO,San Francisco,73.4
2026-08-01T23:36:17+00:00,KPHX,Phoenix,114.8
2026-08-01T23:36:17+00:00,KDCA,Washington DC,84.2
2026-08-01T23:36:17+00:00,KATL,Atlanta,84.2
2026-08-01T23:36:17+00:00,KDFW,Dallas,96.8
2026-08-01T23:36:17+00:00,KSEA,Seattle,71.6
2026-08-01T23:36:17+00:00,KLAS,Las Vegas,114.8
2026-08-01T23:36:17+00:00,KOKC,Oklahoma City,91.4
2026-08-01T23:36:17+00:00,KBOS,Boston,80.6
2026-08-01T23:36:17+00:00,KMSP,Minneapolis,84.2
2026-08-01T23:36:17+00:00,KSAT,San Antonio,91.4
2026-08-01T23:36:17+00:00,KMSY,New Orleans,91.4
2026-08-01T23:36:17+00:00,KHOU,Houston,93.2
2026-08-02T01:11:25+00:00,KNYC,New York City,78.1
2026-08-02T01:11:25+00:00,KMIA,Miami,78.8
2026-08-02T01:11:25+00:00,KDEN,Denver,91.4
2026-08-02T01:11:25+00:00,KLAX,Los Angeles,75.2
2026-08-02T01:11:25+00:00,KPHL,Philadelphia,80.6
2026-08-02T01:11:25+00:00,KAUS,Austin,86.0
2026-08-02T01:11:25+00:00,KMDW,Chicago,71.6
2026-08-02T01:11:25+00:00,KSFO,San Francisco,69.8
2026-08-02T01:11:25+00:00,KPHX,Phoenix,114.8
2026-08-02T01:11:25+00:00,KDCA,Washington DC,80.6
2026-08-02T01:11:25+00:00,KATL,Atlanta,82.4
2026-08-02T01:11:25+00:00,KDFW,Dallas,91.4
2026-08-02T01:11:25+00:00,KSEA,Seattle,69.8
2026-08-02T01:11:25+00:00,KLAS,Las Vegas,113.0
2026-08-02T01:11:25+00:00,KOKC,Oklahoma City,89.6
2026-08-02T01:11:25+00:00,KBOS,Boston,77.0
2026-08-02T01:11:25+00:00,KMSP,Minneapolis,82.4
2026-08-02T01:11:25+00:00,KSAT,San Antonio,87.8
2026-08-02T01:11:25+00:00,KMSY,New Orleans,87.8
2026-08-02T01:11:25+00:00,KHOU,Houston,91.4
2026-08-02T04:34:50+00:00,KNYC,New York City,75.9
2026-08-02T04:34:50+00:00,KMIA,Miami,80.6
2026-08-02T04:34:50+00:00,KDEN,Denver,75.9
2026-08-02T04:34:50+00:00,KLAX,Los Angeles,69.8
2026-08-02T04:34:50+00:00,KPHL,Philadelphia,78.8
2026-08-02T04:34:50+00:00,KAUS,Austin,82.4
2026-08-02T04:34:50+00:00,KMDW,Chicago,69.8
2026-08-02T04:34:50+00:00,KSFO,San Francisco,62.6
2026-08-02T04:34:50+00:00,KPHX,Phoenix,107.6
2026-08-02T04:34:50+00:00,KDCA,Washington DC,80.6
2026-08-02T04:34:50+00:00,KATL,Atlanta,78.8
2026-08-02T04:34:50+00:00,KDFW,Dallas,84.2
2026-08-02T04:34:50+00:00,KSEA,Seattle,62.6
2026-08-02T04:34:50+00:00,KLAS,Las Vegas,105.8
2026-08-02T04:34:50+00:00,KOKC,Oklahoma City,80.6
2026-08-02T04:34:50+00:00,KBOS,Boston,73.4
2026-08-02T04:34:50+00:00,KMSP,Minneapolis,75.2
2026-08-02T04:34:50+00:00,KSAT,San Antonio,84.2
2026-08-02T04:34:50+00:00,KMSY,New Orleans,82.4
2026-08-02T04:34:50+00:00,KHOU,Houston,84.2
2026-08-02T07:14:15+00:00,KNYC,New York City,75.9
2026-08-02T07:14:15+00:00,KMIA,Miami,80.6
2026-08-02T07:14:15+00:00,KDEN,Denver,73.9
2026-08-02T07:14:15+00:00,KLAX,Los Angeles,69.8
2026-08-02T07:14:15+00:00,KPHL,Philadelphia,78.8
2026-08-02T07:14:15+00:00,KAUS,Austin,80.6
2026-08-02T07:14:15+00:00,KMDW,Chicago,69.8
2026-08-02T07:14:15+00:00,KSFO,San Francisco,60.8
2026-08-02T07:14:15+00:00,KPHX,Phoenix,105.8
2026-08-02T07:14:15+00:00,KDCA,Washington DC,78.8
2026-08-02T07:14:15+00:00,KATL,Atlanta,77.0
2026-08-02T07:14:15+00:00,KDFW,Dallas,78.8
2026-08-02T07:14:15+00:00,KSEA,Seattle,59.0
2026-08-02T07:14:15+00:00,KLAS,Las Vegas,98.6
2026-08-02T07:14:15+00:00,KOKC,Oklahoma City,75.2
2026-08-02T07:14:15+00:00,KBOS,Boston,71.6
2026-08-02T07:14:15+00:00,KMSP,Minneapolis,71.6
2026-08-02T07:14:15+00:00,KSAT,San Antonio,80.6
2026-08-02T07:14:15+00:00,KMSY,New Orleans,82.4
2026-08-02T07:14:15+00:00,KHOU,Houston,82.4
2026-08-02T09:20:14+00:00,KNYC,New York City,75.0
2026-08-02T09:20:14+00:00,KMIA,Miami,80.6
2026-08-02T09:20:14+00:00,KDEN,Denver,73.0
2026-08-02T09:20:14+00:00,KLAX,Los Angeles,69.8
2026-08-02T09:20:14+00:00,KPHL,Philadelphia,75.2
2026-08-02T09:20:14+00:00,KAUS,Austin,80.6
2026-08-02T09:20:14+00:00,KMDW,Chicago,69.8
2026-08-02T09:20:14+00:00,KSFO,San Francisco,59.0
2026-08-02T09:20:14+00:00,KPHX,Phoenix,98.6
2026-08-02T09:20:14+00:00,KDCA,Washington DC,77.0
2026-08-02T09:20:14+00:00,KATL,Atlanta,78.8
2026-08-02T09:20:14+00:00,KDFW,Dallas,75.2
2026-08-02T09:20:14+00:00,KSEA,Seattle,57.2
2026-08-02T09:20:14+00:00,KLAS,Las Vegas,98.6
2026-08-02T09:20:14+00:00,KOKC,Oklahoma City,71.6
2026-08-02T09:20:14+00:00,KBOS,Boston,71.6
2026-08-02T09:20:14+00:00,KMSP,Minneapolis,68.0
2026-08-02T09:20:14+00:00,KSAT,San Antonio,80.6
2026-08-02T09:20:14+00:00,KMSY,New Orleans,82.4
2026-08-02T09:20:14+00:00,KHOU,Houston,82.4
2026-08-02T10:54:36+00:00,KNYC,New York City,75.9
2026-08-02T10:54:36+00:00,KMIA,Miami,80.6
2026-08-02T10:54:36+00:00,KDEN,Denver,72.0
2026-08-02T10:54:36+00:00,KLAX,Los Angeles,69.8
2026-08-02T10:54:36+00:00,KPHL,Philadelphia,75.2
2026-08-02T10:54:36+00:00,KAUS,Austin,78.8
2026-08-02T10:54:36+00:00,KMDW,Chicago,69.8
2026-08-02T10:54:36+00:00,KSFO,San Francisco,57.2
2026-08-02T10:54:36+00:00,KPHX,Phoenix,98.6
2026-08-02T10:54:36+00:00,KDCA,Washington DC,75.2
2026-08-02T10:54:36+00:00,KATL,Atlanta,78.8
2026-08-02T10:54:36+00:00,KDFW,Dallas,75.2
2026-08-02T10:54:36+00:00,KSEA,Seattle,57.2
2026-08-02T10:54:36+00:00,KLAS,Las Vegas,93.2
2026-08-02T10:54:36+00:00,KOKC,Oklahoma City,69.8
2026-08-02T10:54:36+00:00,KBOS,Boston,71.6
2026-08-02T10:54:36+00:00,KMSP,Minneapolis,66.2
2026-08-02T10:54:36+00:00,KSAT,San Antonio,80.6
2026-08-02T10:54:36+00:00,KMSY,New Orleans,80.6
2026-08-02T10:54:36+00:00,KHOU,Houston,82.4
2026-08-02T11:50:27+00:00,KNYC,New York City,75.0
2026-08-02T11:50:27+00:00,KMIA,Miami,82.4
2026-08-02T11:50:27+00:00,KDEN,Denver,73.0
2026-08-02T11:50:27+00:00,KLAX,Los Angeles,69.8
2026-08-02T11:50:27+00:00,KPHL,Philadelphia,75.2
2026-08-02T11:50:27+00:00,KAUS,Austin,77.0
2026-08-02T11:50:27+00:00,KMDW,Chicago,69.8
2026-08-02T11:50:27+00:00,KSFO,San Francisco,57.2
2026-08-02T11:50:27+00:00,KPHX,Phoenix,98.6
2026-08-02T11:50:27+00:00,KDCA,Washington DC,77.0
2026-08-02T11:50:27+00:00,KATL,Atlanta,77.0
2026-08-02T11:50:27+00:00,KDFW,Dallas,75.2
2026-08-02T11:50:27+00:00,KSEA,Seattle,57.2
2026-08-02T11:50:27+00:00,KLAS,Las Vegas,93.2
2026-08-02T11:50:27+00:00,KOKC,Oklahoma City,64.4
2026-08-02T11:50:27+00:00,KBOS,Boston,73.4
2026-08-02T11:50:27+00:00,KMSP,Minneapolis,66.2
2026-08-02T11:50:27+00:00,KSAT,San Antonio,80.6
2026-08-02T11:50:27+00:00,KMSY,New Orleans,80.6
2026-08-02T11:50:27+00:00,KHOU,Houston,82.4
2026-08-02T12:47:22+00:00,KNYC,New York City,75.9
2026-08-02T12:47:22+00:00,KMIA,Miami,82.4
2026-08-02T12:47:22+00:00,KDEN,Denver,73.9
2026-08-02T12:47:22+00:00,KLAX,Los Angeles,69.8
2026-08-02T12:47:22+00:00,KPHL,Philadelphia,78.8
2026-08-02T12:47:22+00:00,KAUS,Austin,77.0
2026-08-02T12:47:22+00:00,KMDW,Chicago,69.8
2026-08-02T12:47:22+00:00,KSFO,San Francisco,57.2
2026-08-02T12:47:22+00:00,KPHX,Phoenix,95.0
2026-08-02T12:47:22+00:00,KDCA,Washington DC,78.8
2026-08-02T12:47:22+00:00,KATL,Atlanta,78.8
2026-08-02T12:47:22+00:00,KDFW,Dallas,75.2
2026-08-02T12:47:22+00:00,KSEA,Seattle,57.2
2026-08-02T12:47:22+00:00,KLAS,Las Vegas,93.2
2026-08-02T12:47:22+00:00,KOKC,Oklahoma City,66.2
2026-08-02T12:47:22+00:00,KBOS,Boston,73.4
2026-08-02T12:47:22+00:00,KMSP,Minneapolis,66.2
2026-08-02T12:47:22+00:00,KSAT,San Antonio,78.8
2026-08-02T12:47:22+00:00,KMSY,New Orleans,82.4
2026-08-02T12:47:22+00:00,KHOU,Houston,82.4
2026-08-02T14:19:46+00:00,KNYC,New York City,78.1
2026-08-02T14:19:46+00:00,KMIA,Miami,82.4
2026-08-02T14:19:46+00:00,KDEN,Denver,78.1
2026-08-02T14:19:46+00:00,KLAX,Los Angeles,69.8
2026-08-02T14:19:46+00:00,KPHL,Philadelphia,82.4
2026-08-02T14:19:46+00:00,KAUS,Austin,84.2
2026-08-02T14:19:46+00:00,KMDW,Chicago,71.6
2026-08-02T14:19:46+00:00,KSFO,San Francisco,57.2
2026-08-02T14:19:46+00:00,KPHX,Phoenix,96.8
2026-08-02T14:19:46+00:00,KDCA,Washington DC,82.4
2026-08-02T14:19:46+00:00,KATL,Atlanta,80.6
2026-08-02T14:19:46+00:00,KDFW,Dallas,82.4
2026-08-02T14:19:46+00:00,KSEA,Seattle,57.0
2026-08-02T14:19:46+00:00,KLAS,Las Vegas,93.2
2026-08-02T14:19:46+00:00,KOKC,Oklahoma City,77.0
2026-08-02T14:19:46+00:00,KBOS,Boston,80.6
2026-08-02T14:19:46+00:00,KMSP,Minneapolis,71.6
2026-08-02T14:19:46+00:00,KSAT,San Antonio,82.0
2026-08-02T14:19:46+00:00,KMSY,New Orleans,75.2
2026-08-02T14:19:46+00:00,KHOU,Houston,86.0
2026-08-02T15:33:03+00:00,KNYC,New York City,80.1
2026-08-02T15:33:03+00:00,KMIA,Miami,87.8
2026-08-02T15:33:03+00:00,KDEN,Denver,84.0
2026-08-02T15:33:03+00:00,KLAX,Los Angeles,71.6
2026-08-02T15:33:03+00:00,KPHL,Philadelphia,87.8
2026-08-02T15:33:03+00:00,KAUS,Austin,87.8
2026-08-02T15:33:03+00:00,KMDW,Chicago,73.4
2026-08-02T15:33:03+00:00,KSFO,San Francisco,60.8
2026-08-02T15:33:03+00:00,KPHX,Phoenix,98.6
2026-08-02T15:33:03+00:00,KDCA,Washington DC,84.2
2026-08-02T15:33:03+00:00,KATL,Atlanta,84.2
2026-08-02T15:33:03+00:00,KDFW,Dallas,84.2
2026-08-02T15:33:03+00:00,KSEA,Seattle,57.2
2026-08-02T15:33:03+00:00,KLAS,Las Vegas,98.6
2026-08-02T15:33:03+00:00,KOKC,Oklahoma City,80.6
2026-08-02T15:33:03+00:00,KBOS,Boston,80.6
2026-08-02T15:33:03+00:00,KMSP,Minneapolis,73.4
2026-08-02T15:33:03+00:00,KSAT,San Antonio,84.0
2026-08-02T15:33:03+00:00,KMSY,New Orleans,77.0
2026-08-02T15:33:03+00:00,KHOU,Houston,87.8
2026-08-02T16:33:27+00:00,KNYC,New York City,80.1
2026-08-02T16:33:27+00:00,KMIA,Miami,89.6
2026-08-02T16:33:27+00:00,KDEN,Denver,88.0
2026-08-02T16:33:27+00:00,KLAX,Los Angeles,75.2
2026-08-02T16:33:27+00:00,KPHL,Philadelphia,87.8
2026-08-02T16:33:27+00:00,KAUS,Austin,91.4
2026-08-02T16:33:27+00:00,KMDW,Chicago,69.8
2026-08-02T16:33:27+00:00,KSFO,San Francisco,64.4
2026-08-02T16:33:27+00:00,KPHX,Phoenix,102.2
2026-08-02T16:33:27+00:00,KDCA,Washington DC,82.4
2026-08-02T16:33:27+00:00,KATL,Atlanta,87.8
2026-08-02T16:33:27+00:00,KDFW,Dallas,87.8
2026-08-02T16:33:27+00:00,KSEA,Seattle,57.2
2026-08-02T16:33:27+00:00,KLAS,Las Vegas,102.2
2026-08-02T16:33:27+00:00,KOKC,Oklahoma City,82.4
2026-08-02T16:33:27+00:00,KBOS,Boston,84.2
2026-08-02T16:33:27+00:00,KMSP,Minneapolis,77.0
2026-08-02T16:33:27+00:00,KSAT,San Antonio,87.1
2026-08-02T16:33:27+00:00,KMSY,New Orleans,78.8
2026-08-02T16:33:27+00:00,KHOU,Houston,91.4
2026-08-02T17:41:10+00:00,KNYC,New York City,81.0
2026-08-02T17:41:10+00:00,KMIA,Miami,86.0
2026-08-02T17:41:10+00:00,KDEN,Denver,91.9
2026-08-02T17:41:10+00:00,KLAX,Los Angeles,78.8
2026-08-02T17:41:10+00:00,KPHL,Philadelphia,89.6
2026-08-02T17:41:10+00:00,KAUS,Austin,93.2
2026-08-02T17:41:10+00:00,KMDW,Chicago,69.8
2026-08-02T17:41:10+00:00,KSFO,San Francisco,66.2
2026-08-02T17:41:10+00:00,KPHX,Phoenix,104.0
2026-08-02T17:41:10+00:00,KDCA,Washington DC,78.8
2026-08-02T17:41:10+00:00,KATL,Atlanta,87.8
2026-08-02T17:41:10+00:00,KDFW,Dallas,89.6
2026-08-02T17:41:10+00:00,KSEA,Seattle,60.8
2026-08-02T17:41:10+00:00,KLAS,Las Vegas,105.8
2026-08-02T17:41:10+00:00,KOKC,Oklahoma City,86.0
2026-08-02T17:41:10+00:00,KBOS,Boston,82.4
2026-08-02T17:41:10+00:00,KMSP,Minneapolis,80.6
2026-08-02T17:41:10+00:00,KSAT,San Antonio,89.1
2026-08-02T17:41:10+00:00,KMSY,New Orleans,78.8
2026-08-02T17:41:10+00:00,KHOU,Houston,93.2
2026-08-02T18:37:50+00:00,KNYC,New York City,81.0
2026-08-02T18:37:50+00:00,KMIA,Miami,
2026-08-02T18:37:50+00:00,KDEN,Denver,96.1
2026-08-02T18:37:50+00:00,KLAX,Los Angeles,78.8
2026-08-02T18:37:50+00:00,KPHL,Philadelphia,87.8
2026-08-02T18:37:50+00:00,KAUS,Austin,96.8
2026-08-02T18:37:50+00:00,KMDW,Chicago,69.8
2026-08-02T18:37:50+00:00,KSFO,San Francisco,69.8
2026-08-02T18:37:50+00:00,KPHX,Phoenix,107.6
2026-08-02T18:37:50+00:00,KDCA,Washington DC,78.8
2026-08-02T18:37:50+00:00,KATL,Atlanta,91.4
2026-08-02T18:37:50+00:00,KDFW,Dallas,91.4
2026-08-02T18:37:50+00:00,KSEA,Seattle,62.6
2026-08-02T18:37:50+00:00,KLAS,Las Vegas,107.6
2026-08-02T18:37:50+00:00,KOKC,Oklahoma City,87.8
2026-08-02T18:37:50+00:00,KBOS,Boston,84.2
2026-08-02T18:37:50+00:00,KMSP,Minneapolis,82.4
2026-08-02T18:37:50+00:00,KSAT,San Antonio,91.9
2026-08-02T18:37:50+00:00,KMSY,New Orleans,80.6
2026-08-02T18:37:50+00:00,KHOU,Houston,93.2
2026-08-02T19:49:23+00:00,KNYC,New York City,81.0
2026-08-02T19:49:23+00:00,KMIA,Miami,84.2
2026-08-02T19:49:23+00:00,KDEN,Denver,99.0
2026-08-02T19:49:23+00:00,KLAX,Los Angeles,77.0
2026-08-02T19:49:23+00:00,KPHL,Philadelphia,89.6
2026-08-02T19:49:23+00:00,KAUS,Austin,98.6
2026-08-02T19:49:23+00:00,KMDW,Chicago,71.6
2026-08-02T19:49:23+00:00,KSFO,San Francisco,73.4
2026-08-02T19:49:23+00:00,KPHX,Phoenix,109.4
2026-08-02T19:49:23+00:00,KDCA,Washington DC,78.8
2026-08-02T19:49:23+00:00,KATL,Atlanta,89.6
2026-08-02T19:49:23+00:00,KDFW,Dallas,91.4
2026-08-02T19:49:23+00:00,KSEA,Seattle,64.4
2026-08-02T19:49:23+00:00,KLAS,Las Vegas,111.2
2026-08-02T19:49:23+00:00,KOKC,Oklahoma City,91.4
2026-08-02T19:49:23+00:00,KBOS,Boston,82.4
2026-08-02T19:49:23+00:00,KMSP,Minneapolis,82.4
2026-08-02T19:49:23+00:00,KSAT,San Antonio,95.0
2026-08-02T19:49:23+00:00,KMSY,New Orleans,78.8
2026-08-02T19:49:23+00:00,KHOU,Houston,93.2
2026-08-02T20:39:29+00:00,KNYC,New York City,81.0
2026-08-02T20:39:29+00:00,KMIA,Miami,84.2
2026-08-02T20:39:29+00:00,KDEN,Denver,100.0
2026-08-02T20:39:29+00:00,KLAX,Los Angeles,78.8
2026-08-02T20:39:29+00:00,KPHL,Philadelphia,86.0
2026-08-02T20:39:29+00:00,KAUS,Austin,100.4
2026-08-02T20:39:29+00:00,KMDW,Chicago,73.4
2026-08-02T20:39:29+00:00,KSFO,San Francisco,75.2
2026-08-02T20:39:29+00:00,KPHX,Phoenix,113.0
2026-08-02T20:39:29+00:00,KDCA,Washington DC,77.0
2026-08-02T20:39:29+00:00,KATL,Atlanta,91.4
2026-08-02T20:39:29+00:00,KDFW,Dallas,93.2
2026-08-02T20:39:29+00:00,KSEA,Seattle,66.2
2026-08-02T20:39:29+00:00,KLAS,Las Vegas,111.2
2026-08-02T20:39:29+00:00,KOKC,Oklahoma City,91.4
2026-08-02T20:39:29+00:00,KBOS,Boston,82.4
2026-08-02T20:39:29+00:00,KMSP,Minneapolis,82.4
2026-08-02T20:39:29+00:00,KSAT,San Antonio,96.1
2026-08-02T20:39:29+00:00,KMSY,New Orleans,80.6
2026-08-02T20:39:29+00:00,KHOU,Houston,96.8
2026-08-02T21:32:19+00:00,KNYC,New York City,80.1
2026-08-02T21:32:19+00:00,KMIA,Miami,86.0
2026-08-02T21:32:19+00:00,KDEN,Denver,100.0
2026-08-02T21:32:19+00:00,KLAX,Los Angeles,78.8
2026-08-02T21:32:19+00:00,KPHL,Philadelphia,84.2
2026-08-02T21:32:19+00:00,KAUS,Austin,100.4
2026-08-02T21:32:19+00:00,KMDW,Chicago,73.4
2026-08-02T21:32:19+00:00,KSFO,San Francisco,78.8
2026-08-02T21:32:19+00:00,KPHX,Phoenix,111.2
2026-08-02T21:32:19+00:00,KDCA,Washington DC,77.0
2026-08-02T21:32:19+00:00,KATL,Atlanta,89.6
2026-08-02T21:32:19+00:00,KDFW,Dallas,95.0
2026-08-02T21:32:19+00:00,KSEA,Seattle,69.8
2026-08-02T21:32:19+00:00,KLAS,Las Vegas,113.0
2026-08-02T21:32:19+00:00,KOKC,Oklahoma City,91.4
2026-08-02T21:32:19+00:00,KBOS,Boston,82.4
2026-08-02T21:32:19+00:00,KMSP,Minneapolis,84.2
2026-08-02T21:32:19+00:00,KSAT,San Antonio,97.0
2026-08-02T21:32:19+00:00,KMSY,New Orleans,82.4
2026-08-02T21:32:19+00:00,KHOU,Houston,98.6
2026-08-02T22:34:30+00:00,KNYC,New York City,78.1
2026-08-02T22:34:30+00:00,KMIA,Miami,87.8
2026-08-02T22:34:30+00:00,KDEN,Denver,100.9
2026-08-02T22:34:30+00:00,KLAX,Los Angeles,77.0
2026-08-02T22:34:30+00:00,KPHL,Philadelphia,84.2
2026-08-02T22:34:30+00:00,KAUS,Austin,100.4
2026-08-02T22:34:30+00:00,KMDW,Chicago,75.2
2026-08-02T22:34:30+00:00,KSFO,San Francisco,77.0
2026-08-02T22:34:30+00:00,KPHX,Phoenix,113.0
2026-08-02T22:34:30+00:00,KDCA,Washington DC,75.2
2026-08-02T22:34:30+00:00,KATL,Atlanta,87.8
2026-08-02T22:34:30+00:00,KDFW,Dallas,95.0
2026-08-02T22:34:30+00:00,KSEA,Seattle,66.2
2026-08-02T22:34:30+00:00,KLAS,Las Vegas,111.2
2026-08-02T22:34:30+00:00,KOKC,Oklahoma City,91.4
2026-08-02T22:34:30+00:00,KBOS,Boston,80.6
2026-08-02T22:34:30+00:00,KMSP,Minneapolis,84.2
2026-08-02T22:34:30+00:00,KSAT,San Antonio,98.1
2026-08-02T22:34:30+00:00,KMSY,New Orleans,82.4
2026-08-02T22:34:30+00:00,KHOU,Houston,96.8
2026-08-02T23:37:28+00:00,KNYC,New York City,77.0
2026-08-02T23:37:28+00:00,KMIA,Miami,86.0
2026-08-02T23:37:28+00:00,KDEN,Denver,100.4
2026-08-02T23:37:28+00:00,KLAX,Los Angeles,75.2
2026-08-02T23:37:28+00:00,KPHL,Philadelphia,80.6
2026-08-02T23:37:28+00:00,KAUS,Austin,98.6
2026-08-02T23:37:28+00:00,KMDW,Chicago,73.4
2026-08-02T23:37:28+00:00,KSFO,San Francisco,73.4
2026-08-02T23:37:28+00:00,KPHX,Phoenix,114.8
2026-08-02T23:37:28+00:00,KDCA,Washington DC,75.2
2026-08-02T23:37:28+00:00,KATL,Atlanta,84.2
2026-08-02T23:37:28+00:00,KDFW,Dallas,95.0
2026-08-02T23:37:28+00:00,KSEA,Seattle,68.0
2026-08-02T23:37:28+00:00,KLAS,Las Vegas,113.0
2026-08-02T23:37:28+00:00,KOKC,Oklahoma City,91.4
2026-08-02T23:37:28+00:00,KBOS,Boston,77.0
2026-08-02T23:37:28+00:00,KMSP,Minneapolis,84.2
2026-08-02T23:37:28+00:00,KSAT,San Antonio,98.1
2026-08-02T23:37:28+00:00,KMSY,New Orleans,84.2
2026-08-02T23:37:28+00:00,KHOU,Houston,95.0
2026-08-03T01:12:01+00:00,KNYC,New York City,77.0
2026-08-03T01:12:01+00:00,KMIA,Miami,84.2
2026-08-03T01:12:01+00:00,KDEN,Denver,99.0
2026-08-03T01:12:01+00:00,KLAX,Los Angeles,75.2
2026-08-03T01:12:01+00:00,KPHL,Philadelphia,78.8
2026-08-03T01:12:01+00:00,KAUS,Austin,95.0
2026-08-03T01:12:01+00:00,KMDW,Chicago,71.6
2026-08-03T01:12:01+00:00,KSFO,San Francisco,68.0
2026-08-03T01:12:01+00:00,KPHX,Phoenix,111.2
2026-08-03T01:12:01+00:00,KDCA,Washington DC,75.2
2026-08-03T01:12:01+00:00,KATL,Atlanta,82.4
2026-08-03T01:12:01+00:00,KDFW,Dallas,91.4
2026-08-03T01:12:01+00:00,KSEA,Seattle,69.8
2026-08-03T01:12:01+00:00,KLAS,Las Vegas,111.2
2026-08-03T01:12:01+00:00,KOKC,Oklahoma City,87.8
2026-08-03T01:12:01+00:00,KBOS,Boston,75.2
2026-08-03T01:12:01+00:00,KMSP,Minneapolis,80.6
2026-08-03T01:12:01+00:00,KSAT,San Antonio,91.9
2026-08-03T01:12:01+00:00,KMSY,New Orleans,80.6
2026-08-03T01:12:01+00:00,KHOU,Houston,91.4
2026-08-03T04:44:50+00:00,KNYC,New York City,
2026-08-03T04:44:50+00:00,KMIA,Miami,82.4
2026-08-03T04:44:50+00:00,KDEN,Denver,84.0
2026-08-03T04:44:50+00:00,KLAX,Los Angeles,69.8
2026-08-03T04:44:50+00:00,KPHL,Philadelphia,78.8
2026-08-03T04:44:50+00:00,KAUS,Austin,77.0
2026-08-03T04:44:50+00:00,KMDW,Chicago,68.0
2026-08-03T04:44:50+00:00,KSFO,San Francisco,60.8
2026-08-03T04:44:50+00:00,KPHX,Phoenix,107.6
2026-08-03T04:44:50+00:00,KDCA,Washington DC,75.2
2026-08-03T04:44:50+00:00,KATL,Atlanta,73.4
2026-08-03T04:44:50+00:00,KDFW,Dallas,84.2
2026-08-03T04:44:50+00:00,KSEA,Seattle,60.8
2026-08-03T04:44:50+00:00,KLAS,Las Vegas,104.0
2026-08-03T04:44:50+00:00,KOKC,Oklahoma City,78.8
2026-08-03T04:44:50+00:00,KBOS,Boston,71.6
2026-08-03T04:44:50+00:00,KMSP,Minneapolis,73.4
2026-08-03T04:44:50+00:00,KSAT,San Antonio,86.0
2026-08-03T04:44:50+00:00,KMSY,New Orleans,78.8
2026-08-03T04:44:50+00:00,KHOU,Houston,82.4
2026-08-03T08:03:26+00:00,KNYC,New York City,73.9
2026-08-03T08:03:26+00:00,KMIA,Miami,82.4
2026-08-03T08:03:26+00:00,KDEN,Denver,82.0
2026-08-03T08:03:26+00:00,KLAX,Los Angeles,69.8
2026-08-03T08:03:26+00:00,KPHL,Philadelphia,78.8
2026-08-03T08:03:26+00:00,KAUS,Austin,71.6
2026-08-03T08:03:26+00:00,KMDW,Chicago,64.4
2026-08-03T08:03:26+00:00,KSFO,San Francisco,60.8
2026-08-03T08:03:26+00:00,KPHX,Phoenix,105.8
2026-08-03T08:03:26+00:00,KDCA,Washington DC,75.2
2026-08-03T08:03:26+00:00,KATL,Atlanta,71.6
2026-08-03T08:03:26+00:00,KDFW,Dallas,80.6
2026-08-03T08:03:26+00:00,KSEA,Seattle,59.0
2026-08-03T08:03:26+00:00,KLAS,Las Vegas,98.6
2026-08-03T08:03:26+00:00,KOKC,Oklahoma City,69.8
2026-08-03T08:03:26+00:00,KBOS,Boston,73.4
2026-08-03T08:03:26+00:00,KMSP,Minneapolis,71.6
2026-08-03T08:03:26+00:00,KSAT,San Antonio,81.0
2026-08-03T08:03:26+00:00,KMSY,New Orleans,75.2
2026-08-03T08:03:26+00:00,KHOU,Houston,80.6
2026-08-03T11:40:02+00:00,KNYC,New York City,73.0
2026-08-03T11:40:02+00:00,KMIA,Miami,80.6
2026-08-03T11:40:02+00:00,KDEN,Denver,77.0
2026-08-03T11:40:02+00:00,KLAX,Los Angeles,68.0
2026-08-03T11:40:02+00:00,KPHL,Philadelphia,78.8
2026-08-03T11:40:02+00:00,KAUS,Austin,69.8
2026-08-03T11:40:02+00:00,KMDW,Chicago,64.4
2026-08-03T11:40:02+00:00,KSFO,San Francisco,57.2
2026-08-03T11:40:02+00:00,KPHX,Phoenix,98.6
2026-08-03T11:40:02+00:00,KDCA,Washington DC,77.0
2026-08-03T11:40:02+00:00,KATL,Atlanta,71.6
2026-08-03T11:40:02+00:00,KDFW,Dallas,75.2
2026-08-03T11:40:02+00:00,KSEA,Seattle,53.6
2026-08-03T11:40:02+00:00,KLAS,Las Vegas,93.2
2026-08-03T11:40:02+00:00,KOKC,Oklahoma City,66.2
2026-08-03T11:40:02+00:00,KBOS,Boston,77.0
2026-08-03T11:40:02+00:00,KMSP,Minneapolis,69.8
2026-08-03T11:40:02+00:00,KSAT,San Antonio,78.1
2026-08-03T11:40:02+00:00,KMSY,New Orleans,75.2
2026-08-03T11:40:02+00:00,KHOU,Houston,78.8
2026-08-03T14:00:06+00:00,KNYC,New York City,75.0
2026-08-03T14:00:06+00:00,KMIA,Miami,86.0
2026-08-03T14:00:06+00:00,KDEN,Denver,75.9
2026-08-03T14:00:06+00:00,KLAX,Los Angeles,68.0
2026-08-03T14:00:06+00:00,KPHL,Philadelphia,78.8
2026-08-03T14:00:06+00:00,KAUS,Austin,80.6
2026-08-03T14:00:06+00:00,KMDW,Chicago,71.6
2026-08-03T14:00:06+00:00,KSFO,San Francisco,57.2
2026-08-03T14:00:06+00:00,KPHX,Phoenix,98.6
2026-08-03T14:00:06+00:00,KDCA,Washington DC,80.6
2026-08-03T14:00:06+00:00,KATL,Atlanta,77.0
2026-08-03T14:00:06+00:00,KDFW,Dallas,82.4
2026-08-03T14:00:06+00:00,KSEA,Seattle,55.4
2026-08-03T14:00:06+00:00,KLAS,Las Vegas,91.4
2026-08-03T14:00:06+00:00,KOKC,Oklahoma City,78.8
2026-08-03T14:00:06+00:00,KBOS,Boston,75.2
2026-08-03T14:00:06+00:00,KMSP,Minneapolis,73.4
2026-08-03T14:00:06+00:00,KSAT,San Antonio,79.0
2026-08-03T14:00:06+00:00,KMSY,New Orleans,82.4
2026-08-03T14:00:06+00:00,KHOU,Houston,82.4
2026-08-03T16:25:17+00:00,KNYC,New York City,73.0
2026-08-03T16:25:17+00:00,KMIA,Miami,89.6
2026-08-03T16:25:17+00:00,KDEN,Denver,86.0
2026-08-03T16:25:17+00:00,KLAX,Los Angeles,73.4
2026-08-03T16:25:17+00:00,KPHL,Philadelphia,82.4
2026-08-03T16:25:17+00:00,KAUS,Austin,93.2
2026-08-03T16:25:17+00:00,KMDW,Chicago,78.8
2026-08-03T16:25:17+00:00,KSFO,San Francisco,64.4
2026-08-03T16:25:17+00:00,KPHX,Phoenix,102.2
2026-08-03T16:25:17+00:00,KDCA,Washington DC,84.2
2026-08-03T16:25:17+00:00,KATL,Atlanta,80.6
2026-08-03T16:25:17+00:00,KDFW,Dallas,91.4
2026-08-03T16:25:17+00:00,KSEA,Seattle,60.8
2026-08-03T16:25:17+00:00,KLAS,Las Vegas,98.6
2026-08-03T16:25:17+00:00,KOKC,Oklahoma City,87.8
2026-08-03T16:25:17+00:00,KBOS,Boston,73.4
2026-08-03T16:25:17+00:00,KMSP,Minneapolis,80.6
2026-08-03T16:25:17+00:00,KSAT,San Antonio,89.6
2026-08-03T16:25:17+00:00,KMSY,New Orleans,87.8
2026-08-03T16:25:17+00:00,KHOU,Houston,89.6
2026-08-03T18:13:17+00:00,KNYC,New York City,75.9
2026-08-03T18:13:17+00:00,KMIA,Miami,
2026-08-03T18:13:17+00:00,KDEN,Denver,90.0
2026-08-03T18:13:17+00:00,KLAX,Los Angeles,73.4
2026-08-03T18:13:17+00:00,KPHL,Philadelphia,82.4
2026-08-03T18:13:17+00:00,KAUS,Austin,96.1
2026-08-03T18:13:17+00:00,KMDW,Chicago,78.8
2026-08-03T18:13:17+00:00,KSFO,San Francisco,68.0
2026-08-03T18:13:17+00:00,KPHX,Phoenix,105.8
2026-08-03T18:13:17+00:00,KDCA,Washington DC,80.6
2026-08-03T18:13:17+00:00,KATL,Atlanta,82.9
2026-08-03T18:13:17+00:00,KDFW,Dallas,96.8
2026-08-03T18:13:17+00:00,KSEA,Seattle,66.2
2026-08-03T18:13:17+00:00,KLAS,Las Vegas,105.8
2026-08-03T18:13:17+00:00,KOKC,Oklahoma City,93.0
2026-08-03T18:13:17+00:00,KBOS,Boston,71.6
2026-08-03T18:13:17+00:00,KMSP,Minneapolis,84.0
2026-08-03T18:13:17+00:00,KSAT,San Antonio,93.9
2026-08-03T18:13:17+00:00,KMSY,New Orleans,89.1
2026-08-03T18:13:17+00:00,KHOU,Houston,93.2
2026-08-03T19:56:01+00:00,KNYC,New York City,77.0
2026-08-03T19:56:01+00:00,KMIA,Miami,75.2
2026-08-03T19:56:01+00:00,KDEN,Denver,99.0
2026-08-03T19:56:01+00:00,KLAX,Los Angeles,77.0
2026-08-03T19:56:01+00:00,KPHL,Philadelphia,86.0
2026-08-03T19:56:01+00:00,KAUS,Austin,98.6
2026-08-03T19:56:01+00:00,KMDW,Chicago,80.6
2026-08-03T19:56:01+00:00,KSFO,San Francisco,71.6
2026-08-03T19:56:01+00:00,KPHX,Phoenix,109.4
2026-08-03T19:56:01+00:00,KDCA,Washington DC,84.2
2026-08-03T19:56:01+00:00,KATL,Atlanta,84.2
2026-08-03T19:56:01+00:00,KDFW,Dallas,98.6
2026-08-03T19:56:01+00:00,KSEA,Seattle,69.8
2026-08-03T19:56:01+00:00,KLAS,Las Vegas,109.4
2026-08-03T19:56:01+00:00,KOKC,Oklahoma City,96.8
2026-08-03T19:56:01+00:00,KBOS,Boston,75.2
2026-08-03T19:56:01+00:00,KMSP,Minneapolis,86.0
2026-08-03T19:56:01+00:00,KSAT,San Antonio,98.6
2026-08-03T19:56:01+00:00,KMSY,New Orleans,91.4
2026-08-03T19:56:01+00:00,KHOU,Houston,96.8
2026-08-03T20:53:08+00:00,KNYC,New York City,78.1
2026-08-03T20:53:08+00:00,KMIA,Miami,75.2
2026-08-03T20:53:08+00:00,KDEN,Denver,98.1
2026-08-03T20:53:08+00:00,KLAX,Los Angeles,75.2
2026-08-03T20:53:08+00:00,KPHL,Philadelphia,89.6
2026-08-03T20:53:08+00:00,KAUS,Austin,100.4
2026-08-03T20:53:08+00:00,KMDW,Chicago,80.6
2026-08-03T20:53:08+00:00,KSFO,San Francisco,73.4
2026-08-03T20:53:08+00:00,KPHX,Phoenix,114.8
2026-08-03T20:53:08+00:00,KDCA,Washington DC,86.0
2026-08-03T20:53:08+00:00,KATL,Atlanta,82.4
2026-08-03T20:53:08+00:00,KDFW,Dallas,98.6
2026-08-03T20:53:08+00:00,KSEA,Seattle,69.8
2026-08-03T20:53:08+00:00,KLAS,Las Vegas,111.2
2026-08-03T20:53:08+00:00,KOKC,Oklahoma City,98.6
2026-08-03T20:53:08+00:00,KBOS,Boston,77.0
2026-08-03T20:53:08+00:00,KMSP,Minneapolis,86.0
2026-08-03T20:53:08+00:00,KSAT,San Antonio,98.6
2026-08-03T20:53:08+00:00,KMSY,New Orleans,91.4
2026-08-03T20:53:08+00:00,KHOU,Houston,96.8
2026-08-03T21:54:21+00:00,KNYC,New York City,79.0
2026-08-03T21:54:21+00:00,KMIA,Miami,77.0
2026-08-03T21:54:21+00:00,KDEN,Denver,99.0
2026-08-03T21:54:21+00:00,KLAX,Los Angeles,75.2
2026-08-03T21:54:21+00:00,KPHL,Philadelphia,89.6
2026-08-03T21:54:21+00:00,KAUS,Austin,100.4
2026-08-03T21:54:21+00:00,KMDW,Chicago,80.6
2026-08-03T21:54:21+00:00,KSFO,San Francisco,75.2
2026-08-03T21:54:21+00:00,KPHX,Phoenix,114.8
2026-08-03T21:54:21+00:00,KDCA,Washington DC,87.8
2026-08-03T21:54:21+00:00,KATL,Atlanta,86.0
2026-08-03T21:54:21+00:00,KDFW,Dallas,98.6
2026-08-03T21:54:21+00:00,KSEA,Seattle,71.6
2026-08-03T21:54:21+00:00,KLAS,Las Vegas,113.0
2026-08-03T21:54:21+00:00,KOKC,Oklahoma City,98.6
2026-08-03T21:54:21+00:00,KBOS,Boston,78.8
2026-08-03T21:54:21+00:00,KMSP,Minneapolis,86.0
2026-08-03T21:54:21+00:00,KSAT,San Antonio,98.6
2026-08-03T21:54:21+00:00,KMSY,New Orleans,91.4
2026-08-03T21:54:21+00:00,KHOU,Houston,96.8
2026-08-03T22:45:41+00:00,KNYC,New York City,80.1
2026-08-03T22:45:41+00:00,KMIA,Miami,78.8
2026-08-03T22:45:41+00:00,KDEN,Denver,98.1
2026-08-03T22:45:41+00:00,KLAX,Los Angeles,77.0
2026-08-03T22:45:41+00:00,KPHL,Philadelphia,89.6
2026-08-03T22:45:41+00:00,KAUS,Austin,100.4
2026-08-03T22:45:41+00:00,KMDW,Chicago,80.6
2026-08-03T22:45:41+00:00,KSFO,San Francisco,73.4
2026-08-03T22:45:41+00:00,KPHX,Phoenix,114.8
2026-08-03T22:45:41+00:00,KDCA,Washington DC,87.8
2026-08-03T22:45:41+00:00,KATL,Atlanta,84.2
2026-08-03T22:45:41+00:00,KDFW,Dallas,98.6
2026-08-03T22:45:41+00:00,KSEA,Seattle,73.4
2026-08-03T22:45:41+00:00,KLAS,Las Vegas,111.2
2026-08-03T22:45:41+00:00,KOKC,Oklahoma City,96.8
2026-08-03T22:45:41+00:00,KBOS,Boston,78.8
2026-08-03T22:45:41+00:00,KMSP,Minneapolis,84.2
2026-08-03T22:45:41+00:00,KSAT,San Antonio,96.8
2026-08-03T22:45:41+00:00,KMSY,New Orleans,91.4
2026-08-03T22:45:41+00:00,KHOU,Houston,95.0
2026-08-03T23:56:01+00:00,KNYC,New York City,79.0
2026-08-03T23:56:01+00:00,KMIA,Miami,80.6
2026-08-03T23:56:01+00:00,KDEN,Denver,93.0
2026-08-03T23:56:01+00:00,KLAX,Los Angeles,75.2
2026-08-03T23:56:01+00:00,KPHL,Philadelphia,86.0
2026-08-03T23:56:01+00:00,KAUS,Austin,100.4
2026-08-03T23:56:01+00:00,KMDW,Chicago,78.8
2026-08-03T23:56:01+00:00,KSFO,San Francisco,71.6
2026-08-03T23:56:01+00:00,KPHX,Phoenix,114.8
2026-08-03T23:56:01+00:00,KDCA,Washington DC,87.8
2026-08-03T23:56:01+00:00,KATL,Atlanta,82.4
2026-08-03T23:56:01+00:00,KDFW,Dallas,98.6
2026-08-03T23:56:01+00:00,KSEA,Seattle,73.4
2026-08-03T23:56:01+00:00,KLAS,Las Vegas,111.2
2026-08-03T23:56:01+00:00,KOKC,Oklahoma City,95.0
2026-08-03T23:56:01+00:00,KBOS,Boston,77.0
2026-08-03T23:56:01+00:00,KMSP,Minneapolis,82.4
2026-08-03T23:56:01+00:00,KSAT,San Antonio,96.8
2026-08-03T23:56:01+00:00,KMSY,New Orleans,91.4
2026-08-03T23:56:01+00:00,KHOU,Houston,91.4
2026-08-04T01:21:25+00:00,KNYC,New York City,77.0
2026-08-04T01:21:25+00:00,KMIA,Miami,78.8
2026-08-04T01:21:25+00:00,KDEN,Denver,
2026-08-04T01:21:25+00:00,KLAX,Los Angeles,73.4
2026-08-04T01:21:25+00:00,KPHL,Philadelphia,82.4
2026-08-04T01:21:25+00:00,KAUS,Austin,95.0
2026-08-04T01:21:25+00:00,KMDW,Chicago,75.2
2026-08-04T01:21:25+00:00,KSFO,San Francisco,69.8
2026-08-04T01:21:25+00:00,KPHX,Phoenix,114.8
2026-08-04T01:21:25+00:00,KDCA,Washington DC,80.6
2026-08-04T01:21:25+00:00,KATL,Atlanta,78.8
2026-08-04T01:21:25+00:00,KDFW,Dallas,95.0
2026-08-04T01:21:25+00:00,KSEA,Seattle,75.2
2026-08-04T01:21:25+00:00,KLAS,Las Vegas,111.2
2026-08-04T01:21:25+00:00,KOKC,Oklahoma City,89.6
2026-08-04T01:21:25+00:00,KBOS,Boston,75.2
2026-08-04T01:21:25+00:00,KMSP,Minneapolis,80.6
2026-08-04T01:21:25+00:00,KSAT,San Antonio,93.2
2026-08-04T01:21:25+00:00,KMSY,New Orleans,86.0
2026-08-04T01:21:25+00:00,KHOU,Houston,87.8
2026-08-04T04:35:30+00:00,KNYC,New York City,72.0
2026-08-04T04:35:30+00:00,KMIA,Miami,80.6
2026-08-04T04:35:30+00:00,KDEN,Denver,75.0
2026-08-04T04:35:30+00:00,KLAX,Los Angeles,68.0
2026-08-04T04:35:30+00:00,KPHL,Philadelphia,75.2
2026-08-04T04:35:30+00:00,KAUS,Austin,86.0
2026-08-04T04:35:30+00:00,KMDW,Chicago,71.6
2026-08-04T04:35:30+00:00,KSFO,San Francisco,62.6
2026-08-04T04:35:30+00:00,KPHX,Phoenix,107.6
2026-08-04T04:35:30+00:00,KDCA,Washington DC,78.8
2026-08-04T04:35:30+00:00,KATL,Atlanta,77.0
2026-08-04T04:35:30+00:00,KDFW,Dallas,87.8
2026-08-04T04:35:30+00:00,KSEA,Seattle,66.2
2026-08-04T04:35:30+00:00,KLAS,Las Vegas,102.2
2026-08-04T04:35:30+00:00,KOKC,Oklahoma City,82.4
2026-08-04T04:35:30+00:00,KBOS,Boston,71.6
2026-08-04T04:35:30+00:00,KMSP,Minneapolis,75.2
2026-08-04T04:35:30+00:00,KSAT,San Antonio,86.0
2026-08-04T04:35:30+00:00,KMSY,New Orleans,80.6
2026-08-04T04:35:30+00:00,KHOU,Houston,82.4
2026-08-04T07:20:41+00:00,KNYC,New York City,70.0
2026-08-04T07:20:41+00:00,KMIA,Miami,78.8
2026-08-04T07:20:41+00:00,KDEN,Denver,64.9
2026-08-04T07:20:41+00:00,KLAX,Los Angeles,66.2
2026-08-04T07:20:41+00:00,KPHL,Philadelphia,71.6
2026-08-04T07:20:41+00:00,KAUS,Austin,78.8
2026-08-04T07:20:41+00:00,KMDW,Chicago,71.6
2026-08-04T07:20:41+00:00,KSFO,San Francisco,60.8
2026-08-04T07:20:41+00:00,KPHX,Phoenix,93.2
2026-08-04T07:20:41+00:00,KDCA,Washington DC,75.2
2026-08-04T07:20:41+00:00,KATL,Atlanta,75.2
2026-08-04T07:20:41+00:00,KDFW,Dallas,84.2
2026-08-04T07:20:41+00:00,KSEA,Seattle,64.4
2026-08-04T07:20:41+00:00,KLAS,Las Vegas,98.6
2026-08-04T07:20:41+00:00,KOKC,Oklahoma City,75.2
2026-08-04T07:20:41+00:00,KBOS,Boston,69.8
2026-08-04T07:20:41+00:00,KMSP,Minneapolis,75.2
2026-08-04T07:20:41+00:00,KSAT,San Antonio,80.6
2026-08-04T07:20:41+00:00,KMSY,New Orleans,78.8
2026-08-04T07:20:41+00:00,KHOU,Houston,80.6
2026-08-04T10:05:11+00:00,KNYC,New York City,66.9
2026-08-04T10:05:11+00:00,KMIA,Miami,78.8
2026-08-04T10:05:11+00:00,KDEN,Denver,61.0
2026-08-04T10:05:11+00:00,KLAX,Los Angeles,66.2
2026-08-04T10:05:11+00:00,KPHL,Philadelphia,69.8
2026-08-04T10:05:11+00:00,KAUS,Austin,80.6
2026-08-04T10:05:11+00:00,KMDW,Chicago,69.8
2026-08-04T10:05:11+00:00,KSFO,San Francisco,57.2
2026-08-04T10:05:11+00:00,KPHX,Phoenix,89.6
2026-08-04T10:05:11+00:00,KDCA,Washington DC,73.4
2026-08-04T10:05:11+00:00,KATL,Atlanta,75.2
2026-08-04T10:05:11+00:00,KDFW,Dallas,82.4
2026-08-04T10:05:11+00:00,KSEA,Seattle,62.6
2026-08-04T10:05:11+00:00,KLAS,Las Vegas,95.0
2026-08-04T10:05:11+00:00,KOKC,Oklahoma City,73.4
2026-08-04T10:05:11+00:00,KBOS,Boston,68.0
2026-08-04T10:05:11+00:00,KMSP,Minneapolis,66.2
2026-08-04T10:05:11+00:00,KSAT,San Antonio,78.8
2026-08-04T10:05:11+00:00,KMSY,New Orleans,75.2
2026-08-04T10:05:11+00:00,KHOU,Houston,78.8
2026-08-04T12:15:45+00:00,KNYC,New York City,66.9
2026-08-04T12:15:45+00:00,KMIA,Miami,80.6
2026-08-04T12:15:45+00:00,KDEN,Denver,54.0
2026-08-04T12:15:45+00:00,KLAX,Los Angeles,68.0
2026-08-04T12:15:45+00:00,KPHL,Philadelphia,73.4
2026-08-04T12:15:45+00:00,KAUS,Austin,78.8
2026-08-04T12:15:45+00:00,KMDW,Chicago,69.8
2026-08-04T12:15:45+00:00,KSFO,San Francisco,57.2
2026-08-04T12:15:45+00:00,KPHX,Phoenix,89.6
2026-08-04T12:15:45+00:00,KDCA,Washington DC,75.2
2026-08-04T12:15:45+00:00,KATL,Atlanta,75.2
2026-08-04T12:15:45+00:00,KDFW,Dallas,80.6
2026-08-04T12:15:45+00:00,KSEA,Seattle,57.2
2026-08-04T12:15:45+00:00,KLAS,Las Vegas,91.4
2026-08-04T12:15:45+00:00,KOKC,Oklahoma City,73.4
2026-08-04T12:15:45+00:00,KBOS,Boston,71.6
2026-08-04T12:15:45+00:00,KMSP,Minneapolis,64.4
2026-08-04T12:15:45+00:00,KSAT,San Antonio,78.8
2026-08-04T12:15:45+00:00,KMSY,New Orleans,77.0
2026-08-04T12:15:45+00:00,KHOU,Houston,78.8
2026-08-04T14:55:23+00:00,KNYC,New York City,77.0
2026-08-04T14:55:23+00:00,KMIA,Miami,87.8
2026-08-04T14:55:23+00:00,KDEN,Denver,53.1
2026-08-04T14:55:23+00:00,KLAX,Los Angeles,69.8
2026-08-04T14:55:23+00:00,KPHL,Philadelphia,80.6
2026-08-04T14:55:23+00:00,KAUS,Austin,84.2
2026-08-04T14:55:23+00:00,KMDW,Chicago,78.8
2026-08-04T14:55:23+00:00,KSFO,San Francisco,60.8
2026-08-04T14:55:23+00:00,KPHX,Phoenix,93.2
2026-08-04T14:55:23+00:00,KDCA,Washington DC,80.6
2026-08-04T14:55:23+00:00,KATL,Atlanta,82.4
2026-08-04T14:55:23+00:00,KDFW,Dallas,86.0
2026-08-04T14:55:23+00:00,KSEA,Seattle,59.0
2026-08-04T14:55:23+00:00,KLAS,Las Vegas,91.4
2026-08-04T14:55:23+00:00,KOKC,Oklahoma City,84.2
2026-08-04T14:55:23+00:00,KBOS,Boston,80.6
2026-08-04T14:55:23+00:00,KMSP,Minneapolis,66.2
2026-08-04T14:55:23+00:00,KSAT,San Antonio,82.4
2026-08-04T14:55:23+00:00,KMSY,New Orleans,87.8
2026-08-04T14:55:23+00:00,KHOU,Houston,86.0
2026-08-04T16:44:33+00:00,KNYC,New York City,81.0
2026-08-04T16:44:33+00:00,KMIA,Miami,89.6
2026-08-04T16:44:33+00:00,KDEN,Denver,59.0
2026-08-04T16:44:33+00:00,KLAX,Los Angeles,71.6
2026-08-04T16:44:33+00:00,KPHL,Philadelphia,82.4
2026-08-04T16:44:33+00:00,KAUS,Austin,89.6
2026-08-04T16:44:33+00:00,KMDW,Chicago,80.6
2026-08-04T16:44:33+00:00,KSFO,San Francisco,64.4
2026-08-04T16:44:33+00:00,KPHX,Phoenix,95.0
2026-08-04T16:44:33+00:00,KDCA,Washington DC,84.2
2026-08-04T16:44:33+00:00,KATL,Atlanta,73.4
2026-08-04T16:44:33+00:00,KDFW,Dallas,93.2
2026-08-04T16:44:33+00:00,KSEA,Seattle,66.2
2026-08-04T16:44:33+00:00,KLAS,Las Vegas,96.8
2026-08-04T16:44:33+00:00,KOKC,Oklahoma City,91.4
2026-08-04T16:44:33+00:00,KBOS,Boston,82.4
2026-08-04T16:44:33+00:00,KMSP,Minneapolis,69.8
2026-08-04T16:44:33+00:00,KSAT,San Antonio,87.8
2026-08-04T16:44:33+00:00,KMSY,New Orleans,89.6
2026-08-04T16:44:33+00:00,KHOU,Houston,89.6
2026-08-04T18:18:03+00:00,KNYC,New York City,84.0
2026-08-04T18:18:03+00:00,KMIA,Miami,89.1
2026-08-04T18:18:03+00:00,KDEN,Denver,62.1
2026-08-04T18:18:03+00:00,KLAX,Los Angeles,75.2
2026-08-04T18:18:03+00:00,KPHL,Philadelphia,84.2
2026-08-04T18:18:03+00:00,KAUS,Austin,95.0
2026-08-04T18:18:03+00:00,KMDW,Chicago,82.4
2026-08-04T18:18:03+00:00,KSFO,San Francisco,66.2
2026-08-04T18:18:03+00:00,KPHX,Phoenix,96.8
2026-08-04T18:18:03+00:00,KDCA,Washington DC,86.0
2026-08-04T18:18:03+00:00,KATL,Atlanta,73.4
2026-08-04T18:18:03+00:00,KDFW,Dallas,96.8
2026-08-04T18:18:03+00:00,KSEA,Seattle,71.6
2026-08-04T18:18:03+00:00,KLAS,Las Vegas,104.0
2026-08-04T18:18:03+00:00,KOKC,Oklahoma City,98.6
2026-08-04T18:18:03+00:00,KBOS,Boston,84.9
2026-08-04T18:18:03+00:00,KMSP,Minneapolis,75.2
2026-08-04T18:18:03+00:00,KSAT,San Antonio,91.4
2026-08-04T18:18:03+00:00,KMSY,New Orleans,91.4
2026-08-04T18:18:03+00:00,KHOU,Houston,93.2
2026-08-04T20:04:02+00:00,KNYC,New York City,82.0
2026-08-04T20:04:02+00:00,KMIA,Miami,82.4
2026-08-04T20:04:02+00:00,KDEN,Denver,66.0
2026-08-04T20:04:02+00:00,KLAX,Los Angeles,75.2
2026-08-04T20:04:02+00:00,KPHL,Philadelphia,89.6
2026-08-04T20:04:02+00:00,KAUS,Austin,98.6
2026-08-04T20:04:02+00:00,KMDW,Chicago,84.2
2026-08-04T20:04:02+00:00,KSFO,San Francisco,69.8
2026-08-04T20:04:02+00:00,KPHX,Phoenix,100.4
2026-08-04T20:04:02+00:00,KDCA,Washington DC,87.8
2026-08-04T20:04:02+00:00,KATL,Atlanta,78.8
2026-08-04T20:04:02+00:00,KDFW,Dallas,98.6
2026-08-04T20:04:02+00:00,KSEA,Seattle,73.4
2026-08-04T20:04:02+00:00,KLAS,Las Vegas,107.6
2026-08-04T20:04:02+00:00,KOKC,Oklahoma City,102.2
2026-08-04T20:04:02+00:00,KBOS,Boston,86.0
2026-08-04T20:04:02+00:00,KMSP,Minneapolis,75.2
2026-08-04T20:04:02+00:00,KSAT,San Antonio,95.0
2026-08-04T20:04:02+00:00,KMSY,New Orleans,93.2
2026-08-04T20:04:02+00:00,KHOU,Houston,93.2
2026-08-04T21:34:35+00:00,KNYC,New York City,81.0
2026-08-04T21:34:35+00:00,KMIA,Miami,80.6
2026-08-04T21:34:35+00:00,KDEN,Denver,70.0
2026-08-04T21:34:35+00:00,KLAX,Los Angeles,75.2
2026-08-04T21:34:35+00:00,KPHL,Philadelphia,89.6
2026-08-04T21:34:35+00:00,KAUS,Austin,100.4
2026-08-04T21:34:35+00:00,KMDW,Chicago,84.2
2026-08-04T21:34:35+00:00,KSFO,San Francisco,73.4
2026-08-04T21:34:35+00:00,KPHX,Phoenix,100.4
2026-08-04T21:34:35+00:00,KDCA,Washington DC,84.2
2026-08-04T21:34:35+00:00,KATL,Atlanta,84.2
2026-08-04T21:34:35+00:00,KDFW,Dallas,100.4
2026-08-04T21:34:35+00:00,KSEA,Seattle,78.8
2026-08-04T21:34:35+00:00,KLAS,Las Vegas,111.2
2026-08-04T21:34:35+00:00,KOKC,Oklahoma City,100.4
2026-08-04T21:34:35+00:00,KBOS,Boston,86.0
2026-08-04T21:34:35+00:00,KMSP,Minneapolis,75.2
2026-08-04T21:34:35+00:00,KSAT,San Antonio,96.8
2026-08-04T21:34:35+00:00,KMSY,New Orleans,89.6
2026-08-04T21:34:35+00:00,KHOU,Houston,95.0
2026-08-04T22:41:05+00:00,KNYC,New York City,79.0
2026-08-04T22:41:05+00:00,KMIA,Miami,82.4
2026-08-04T22:41:05+00:00,KDEN,Denver,72.0
2026-08-04T22:41:05+00:00,KLAX,Los Angeles,75.2
2026-08-04T22:41:05+00:00,KPHL,Philadelphia,87.8
2026-08-04T22:41:05+00:00,KAUS,Austin,100.4
2026-08-04T22:41:05+00:00,KMDW,Chicago,84.2
2026-08-04T22:41:05+00:00,KSFO,San Francisco,71.6
2026-08-04T22:41:05+00:00,KPHX,Phoenix,105.8
2026-08-04T22:41:05+00:00,KDCA,Washington DC,82.4
2026-08-04T22:41:05+00:00,KATL,Atlanta,84.2
2026-08-04T22:41:05+00:00,KDFW,Dallas,100.4
2026-08-04T22:41:05+00:00,KSEA,Seattle,78.8
2026-08-04T22:41:05+00:00,KLAS,Las Vegas,111.2
2026-08-04T22:41:05+00:00,KOKC,Oklahoma City,102.2
2026-08-04T22:41:05+00:00,KBOS,Boston,86.0
2026-08-04T22:41:05+00:00,KMSP,Minneapolis,75.2
2026-08-04T22:41:05+00:00,KSAT,San Antonio,96.8
2026-08-04T22:41:05+00:00,KMSY,New Orleans,91.4
2026-08-04T22:41:05+00:00,KHOU,Houston,93.2
2026-08-04T23:40:25+00:00,KNYC,New York City,77.0
2026-08-04T23:40:25+00:00,KMIA,Miami,80.6
2026-08-04T23:40:25+00:00,KDEN,Denver,71.1
2026-08-04T23:40:25+00:00,KLAX,Los Angeles,75.2
2026-08-04T23:40:25+00:00,KPHL,Philadelphia,84.2
2026-08-04T23:40:25+00:00,KAUS,Austin,98.6
2026-08-04T23:40:25+00:00,KMDW,Chicago,84.2
2026-08-04T23:40:25+00:00,KSFO,San Francisco,69.8
2026-08-04T23:40:25+00:00,KPHX,Phoenix,105.8
2026-08-04T23:40:25+00:00,KDCA,Washington DC,82.4
2026-08-04T23:40:25+00:00,KATL,Atlanta,82.4
2026-08-04T23:40:25+00:00,KDFW,Dallas,98.6
2026-08-04T23:40:25+00:00,KSEA,Seattle,78.8
2026-08-04T23:40:25+00:00,KLAS,Las Vegas,111.2
2026-08-04T23:40:25+00:00,KOKC,Oklahoma City,100.4
2026-08-04T23:40:25+00:00,KBOS,Boston,82.4
2026-08-04T23:40:25+00:00,KMSP,Minneapolis,73.4
2026-08-04T23:40:25+00:00,KSAT,San Antonio,93.2
2026-08-04T23:40:25+00:00,KMSY,New Orleans,87.8
2026-08-04T23:40:25+00:00,KHOU,Houston,91.4
2026-08-05T01:01:11+00:00,KNYC,New York City,75.0
2026-08-05T01:01:11+00:00,KMIA,Miami,80.6
2026-08-05T01:01:11+00:00,KDEN,Denver,70.0
2026-08-05T01:01:11+00:00,KLAX,Los Angeles,75.2
2026-08-05T01:01:11+00:00,KPHL,Philadelphia,80.6
2026-08-05T01:01:11+00:00,KAUS,Austin,95.0
2026-08-05T01:01:11+00:00,KMDW,Chicago,82.4
2026-08-05T01:01:11+00:00,KSFO,San Francisco,68.0
2026-08-05T01:01:11+00:00,KPHX,Phoenix,107.6
2026-08-05T01:01:11+00:00,KDCA,Washington DC,80.6
2026-08-05T01:01:11+00:00,KATL,Atlanta,80.6
2026-08-05T01:01:11+00:00,KDFW,Dallas,96.8
2026-08-05T01:01:11+00:00,KSEA,Seattle,80.6
2026-08-05T01:01:11+00:00,KLAS,Las Vegas,109.4
2026-08-05T01:01:11+00:00,KOKC,Oklahoma City,96.8
2026-08-05T01:01:11+00:00,KBOS,Boston,78.8
2026-08-05T01:01:11+00:00,KMSP,Minneapolis,71.6
2026-08-05T01:01:11+00:00,KSAT,San Antonio,91.4
2026-08-05T01:01:11+00:00,KMSY,New Orleans,82.4
2026-08-05T01:01:11+00:00,KHOU,Houston,89.6
2026-08-05T04:25:31+00:00,KNYC,New York City,72.0
2026-08-05T04:25:31+00:00,KMIA,Miami,78.8
2026-08-05T04:25:31+00:00,KDEN,Denver,59.0
2026-08-05T04:25:31+00:00,KLAX,Los Angeles,69.8
2026-08-05T04:25:31+00:00,KPHL,Philadelphia,75.2
2026-08-05T04:25:31+00:00,KAUS,Austin,84.2
2026-08-05T04:25:31+00:00,KMDW,Chicago,78.8
2026-08-05T04:25:31+00:00,KSFO,San Francisco,62.6
2026-08-05T04:25:31+00:00,KPHX,Phoenix,102.2
2026-08-05T04:25:31+00:00,KDCA,Washington DC,78.8
2026-08-05T04:25:31+00:00,KATL,Atlanta,75.2
2026-08-05T04:25:31+00:00,KDFW,Dallas,89.6
2026-08-05T04:25:31+00:00,KSEA,Seattle,71.6
2026-08-05T04:25:31+00:00,KLAS,Las Vegas,102.2
2026-08-05T04:25:31+00:00,KOKC,Oklahoma City,84.2
2026-08-05T04:25:31+00:00,KBOS,Boston,73.4
2026-08-05T04:25:31+00:00,KMSP,Minneapolis,64.4
2026-08-05T04:25:31+00:00,KSAT,San Antonio,84.2
2026-08-05T04:25:31+00:00,KMSY,New Orleans,80.6
2026-08-05T04:25:31+00:00,KHOU,Houston,82.4
2026-08-05T07:07:31+00:00,KNYC,New York City,73.0
2026-08-05T07:07:31+00:00,KMIA,Miami,78.8
2026-08-05T07:07:31+00:00,KDEN,Denver,57.0
2026-08-05T07:07:31+00:00,KLAX,Los Angeles,69.8
2026-08-05T07:07:31+00:00,KPHL,Philadelphia,73.4
2026-08-05T07:07:31+00:00,KAUS,Austin,80.6
2026-08-05T07:07:31+00:00,KMDW,Chicago,75.2
2026-08-05T07:07:31+00:00,KSFO,San Francisco,60.8
2026-08-05T07:07:31+00:00,KPHX,Phoenix,98.6
2026-08-05T07:07:31+00:00,KDCA,Washington DC,77.0
2026-08-05T07:07:31+00:00,KATL,Atlanta,73.4
2026-08-05T07:07:31+00:00,KDFW,Dallas,86.0
2026-08-05T07:07:31+00:00,KSEA,Seattle,69.8
2026-08-05T07:07:31+00:00,KLAS,Las Vegas,96.8
2026-08-05T07:07:31+00:00,KOKC,Oklahoma City,80.6
2026-08-05T07:07:31+00:00,KBOS,Boston,69.8
2026-08-05T07:07:31+00:00,KMSP,Minneapolis,64.4
2026-08-05T07:07:31+00:00,KSAT,San Antonio,80.6
2026-08-05T07:07:31+00:00,KMSY,New Orleans,80.6
2026-08-05T07:07:31+00:00,KHOU,Houston,80.6
2026-08-05T09:45:07+00:00,KNYC,New York City,70.0
2026-08-05T09:45:07+00:00,KMIA,Miami,78.8
2026-08-05T09:45:07+00:00,KDEN,Denver,55.9
2026-08-05T09:45:07+00:00,KLAX,Los Angeles,68.0
2026-08-05T09:45:07+00:00,KPHL,Philadelphia,73.4
2026-08-05T09:45:07+00:00,KAUS,Austin,75.2
2026-08-05T09:45:07+00:00,KMDW,Chicago,75.2
2026-08-05T09:45:07+00:00,KSFO,San Francisco,59.0
2026-08-05T09:45:07+00:00,KPHX,Phoenix,96.8
2026-08-05T09:45:07+00:00,KDCA,Washington DC,75.2
2026-08-05T09:45:07+00:00,KATL,Atlanta,73.4
2026-08-05T09:45:07+00:00,KDFW,Dallas,84.2
2026-08-05T09:45:07+00:00,KSEA,Seattle,64.4
2026-08-05T09:45:07+00:00,KLAS,Las Vegas,93.2
2026-08-05T09:45:07+00:00,KOKC,Oklahoma City,77.0
2026-08-05T09:45:07+00:00,KBOS,Boston,69.8
2026-08-05T09:45:07+00:00,KMSP,Minneapolis,62.6
2026-08-05T09:45:07+00:00,KSAT,San Antonio,78.8
2026-08-05T09:45:07+00:00,KMSY,New Orleans,78.8
2026-08-05T09:45:07+00:00,KHOU,Houston,80.6
2026-08-05T11:48:36+00:00,KNYC,New York City,73.0
2026-08-05T11:48:36+00:00,KMIA,Miami,80.6
2026-08-05T11:48:36+00:00,KDEN,Denver,48.9
2026-08-05T11:48:36+00:00,KLAX,Los Angeles,66.2
2026-08-05T11:48:36+00:00,KPHL,Philadelphia,75.2
2026-08-05T11:48:36+00:00,KAUS,Austin,78.8
2026-08-05T11:48:36+00:00,KMDW,Chicago,73.4
2026-08-05T11:48:36+00:00,KSFO,San Francisco,57.2
2026-08-05T11:48:36+00:00,KPHX,Phoenix,93.2
2026-08-05T11:48:36+00:00,KDCA,Washington DC,75.2
2026-08-05T11:48:36+00:00,KATL,Atlanta,71.6
2026-08-05T11:48:36+00:00,KDFW,Dallas,82.4
2026-08-05T11:48:36+00:00,KSEA,Seattle,62.6
2026-08-05T11:48:36+00:00,KLAS,Las Vegas,93.2
2026-08-05T11:48:36+00:00,KOKC,Oklahoma City,75.2
2026-08-05T11:48:36+00:00,KBOS,Boston,73.4
2026-08-05T11:48:36+00:00,KMSP,Minneapolis,62.6
2026-08-05T11:48:36+00:00,KSAT,San Antonio,78.8
2026-08-05T11:48:36+00:00,KMSY,New Orleans,78.8
2026-08-05T11:48:36+00:00,KHOU,Houston,78.8
2026-08-05T13:27:32+00:00,KNYC,New York City,73.0
2026-08-05T13:27:32+00:00,KMIA,Miami,80.6
2026-08-05T13:27:32+00:00,KDEN,Denver,48.9
2026-08-05T13:27:32+00:00,KLAX,Los Angeles,68.0
2026-08-05T13:27:32+00:00,KPHL,Philadelphia,75.2
2026-08-05T13:27:32+00:00,KAUS,Austin,80.6
2026-08-05T13:27:32+00:00,KMDW,Chicago,73.4
2026-08-05T13:27:32+00:00,KSFO,San Francisco,57.2
2026-08-05T13:27:32+00:00,KPHX,Phoenix,93.2
2026-08-05T13:27:32+00:00,KDCA,Washington DC,78.8
2026-08-05T13:27:32+00:00,KATL,Atlanta,75.2
2026-08-05T13:27:32+00:00,KDFW,Dallas,82.4
2026-08-05T13:27:32+00:00,KSEA,Seattle,60.8
2026-08-05T13:27:32+00:00,KLAS,Las Vegas,91.4
2026-08-05T13:27:32+00:00,KOKC,Oklahoma City,80.6
2026-08-05T13:27:32+00:00,KBOS,Boston,78.8
2026-08-05T13:27:32+00:00,KMSP,Minneapolis,62.6
2026-08-05T13:27:32+00:00,KSAT,San Antonio,80.6
2026-08-05T13:27:32+00:00,KMSY,New Orleans,82.4
2026-08-05T13:27:32+00:00,KHOU,Houston,82.4
2026-08-05T15:35:56+00:00,KNYC,New York City,79.0
2026-08-05T15:35:56+00:00,KMIA,Miami,87.8
2026-08-05T15:35:56+00:00,KDEN,Denver,55.4
2026-08-05T15:35:56+00:00,KLAX,Los Angeles,69.8
2026-08-05T15:35:56+00:00,KPHL,Philadelphia,80.6
2026-08-05T15:35:56+00:00,KAUS,Austin,87.8
2026-08-05T15:35:56+00:00,KMDW,Chicago,78.8
2026-08-05T15:35:56+00:00,KSFO,San Francisco,60.8
2026-08-05T15:35:56+00:00,KPHX,Phoenix,93.2
2026-08-05T15:35:56+00:00,KDCA,Washington DC,80.6
2026-08-05T15:35:56+00:00,KATL,Atlanta,82.4
2026-08-05T15:35:56+00:00,KDFW,Dallas,89.6
2026-08-05T15:35:56+00:00,KSEA,Seattle,64.4
2026-08-05T15:35:56+00:00,KLAS,Las Vegas,96.8
2026-08-05T15:35:56+00:00,KOKC,Oklahoma City,91.4
2026-08-05T15:35:56+00:00,KBOS,Boston,82.4
2026-08-05T15:35:56+00:00,KMSP,Minneapolis,71.6
2026-08-05T15:35:56+00:00,KSAT,San Antonio,84.2
2026-08-05T15:35:56+00:00,KMSY,New Orleans,87.8
2026-08-05T15:35:56+00:00,KHOU,Houston,87.8
2026-08-05T17:07:44+00:00,KNYC,New York City,81.0
2026-08-05T17:07:44+00:00,KMIA,Miami,89.6
2026-08-05T17:07:44+00:00,KDEN,Denver,59.0
2026-08-05T17:07:44+00:00,KLAX,Los Angeles,71.6
2026-08-05T17:07:44+00:00,KPHL,Philadelphia,82.4
2026-08-05T17:07:44+00:00,KAUS,Austin,89.6
2026-08-05T17:07:44+00:00,KMDW,Chicago,82.4
2026-08-05T17:07:44+00:00,KSFO,San Francisco,64.4
2026-08-05T17:07:44+00:00,KPHX,Phoenix,96.8
2026-08-05T17:07:44+00:00,KDCA,Washington DC,84.2
2026-08-05T17:07:44+00:00,KATL,Atlanta,84.2
2026-08-05T17:07:44+00:00,KDFW,Dallas,93.2
2026-08-05T17:07:44+00:00,KSEA,Seattle,71.6
2026-08-05T17:07:44+00:00,KLAS,Las Vegas,98.6
2026-08-05T17:07:44+00:00,KOKC,Oklahoma City,96.8
2026-08-05T17:07:44+00:00,KBOS,Boston,84.2
2026-08-05T17:07:44+00:00,KMSP,Minneapolis,73.4
2026-08-05T17:07:44+00:00,KSAT,San Antonio,89.6
2026-08-05T17:07:44+00:00,KMSY,New Orleans,91.4
2026-08-05T17:07:44+00:00,KHOU,Houston,91.4
2026-08-05T18:45:55+00:00,KNYC,New York City,80.1
2026-08-05T18:45:55+00:00,KMIA,Miami,84.2
2026-08-05T18:45:55+00:00,KDEN,Denver,66.0
2026-08-05T18:45:55+00:00,KLAX,Los Angeles,75.2
2026-08-05T18:45:55+00:00,KPHL,Philadelphia,82.4
2026-08-05T18:45:55+00:00,KAUS,Austin,96.8
2026-08-05T18:45:55+00:00,KMDW,Chicago,80.6
2026-08-05T18:45:55+00:00,KSFO,San Francisco,66.2
2026-08-05T18:45:55+00:00,KPHX,Phoenix,96.8
2026-08-05T18:45:55+00:00,KDCA,Washington DC,87.8
2026-08-05T18:45:55+00:00,KATL,Atlanta,87.8
2026-08-05T18:45:55+00:00,KDFW,Dallas,96.8
2026-08-05T18:45:55+00:00,KSEA,Seattle,75.2
2026-08-05T18:45:55+00:00,KLAS,Las Vegas,104.0
2026-08-05T18:45:55+00:00,KOKC,Oklahoma City,100.4
2026-08-05T18:45:55+00:00,KBOS,Boston,84.2
2026-08-05T18:45:55+00:00,KMSP,Minneapolis,75.2
2026-08-05T18:45:55+00:00,KSAT,San Antonio,91.4
2026-08-05T18:45:55+00:00,KMSY,New Orleans,91.4
2026-08-05T18:45:55+00:00,KHOU,Houston,91.4
2026-08-05T20:18:58+00:00,KNYC,New York City,79.0
2026-08-05T20:18:58+00:00,KMIA,Miami,86.0
2026-08-05T20:18:58+00:00,KDEN,Denver,
2026-08-05T20:18:58+00:00,KLAX,Los Angeles,75.9
2026-08-05T20:18:58+00:00,KPHL,Philadelphia,84.2
2026-08-05T20:18:58+00:00,KAUS,Austin,98.1
2026-08-05T20:18:58+00:00,KMDW,Chicago,78.8
2026-08-05T20:18:58+00:00,KSFO,San Francisco,69.8
2026-08-05T20:18:58+00:00,KPHX,Phoenix,100.4
2026-08-05T20:18:58+00:00,KDCA,Washington DC,89.6
2026-08-05T20:18:58+00:00,KATL,Atlanta,79.0
2026-08-05T20:18:58+00:00,KDFW,Dallas,100.0
2026-08-05T20:18:58+00:00,KSEA,Seattle,78.8
2026-08-05T20:18:58+00:00,KLAS,Las Vegas,109.4
2026-08-05T20:18:58+00:00,KOKC,Oklahoma City,102.2
2026-08-05T20:18:58+00:00,KBOS,Boston,87.8
2026-08-05T20:18:58+00:00,KMSP,Minneapolis,78.8
2026-08-05T20:18:58+00:00,KSAT,San Antonio,95.0
2026-08-05T20:18:58+00:00,KMSY,New Orleans,86.0
2026-08-05T20:18:58+00:00,KHOU,Houston,95.0
2026-08-05T21:39:04+00:00,KNYC,New York City,77.0
2026-08-05T21:39:04+00:00,KMIA,Miami,86.0
2026-08-05T21:39:04+00:00,KDEN,Denver,81.0
2026-08-05T21:39:04+00:00,KLAX,Los Angeles,75.2
2026-08-05T21:39:04+00:00,KPHL,Philadelphia,80.6
2026-08-05T21:39:04+00:00,KAUS,Austin,100.4
2026-08-05T21:39:04+00:00,KMDW,Chicago,73.4
2026-08-05T21:39:04+00:00,KSFO,San Francisco,69.8
2026-08-05T21:39:04+00:00,KPHX,Phoenix,100.4
2026-08-05T21:39:04+00:00,KDCA,Washington DC,87.8
2026-08-05T21:39:04+00:00,KATL,Atlanta,78.8
2026-08-05T21:39:04+00:00,KDFW,Dallas,98.6
2026-08-05T21:39:04+00:00,KSEA,Seattle,82.4
2026-08-05T21:39:04+00:00,KLAS,Las Vegas,111.2
2026-08-05T21:39:04+00:00,KOKC,Oklahoma City,100.4
2026-08-05T21:39:04+00:00,KBOS,Boston,87.8
2026-08-05T21:39:04+00:00,KMSP,Minneapolis,78.8
2026-08-05T21:39:04+00:00,KSAT,San Antonio,96.8
2026-08-05T21:39:04+00:00,KMSY,New Orleans,77.0
2026-08-05T21:39:04+00:00,KHOU,Houston,96.8
2026-08-05T22:29:46+00:00,KNYC,New York City,77.0,2026-08-05T21:51:00+00:00
2026-08-05T22:29:46+00:00,KMIA,Miami,86.0,2026-08-05T22:10:00+00:00
2026-08-05T22:29:46+00:00,KDEN,Denver,82.04,2026-08-05T21:53:00+00:00
2026-08-05T22:29:46+00:00,KLAX,Los Angeles,75.2,2026-08-05T22:10:00+00:00
2026-08-05T22:29:46+00:00,KPHL,Philadelphia,82.4,2026-08-05T22:10:00+00:00
2026-08-05T22:29:46+00:00,KAUS,Austin,98.6,2026-08-05T22:05:00+00:00
2026-08-05T22:29:46+00:00,KMDW,Chicago,75.2,2026-08-05T22:05:00+00:00
2026-08-05T22:29:46+00:00,KSFO,San Francisco,71.59,2026-08-05T22:10:00+00:00
2026-08-05T22:29:46+00:00,KPHX,Phoenix,104.0,2026-08-05T22:15:00+00:00
2026-08-05T22:29:46+00:00,KDCA,Washington DC,89.6,2026-08-05T22:05:00+00:00
2026-08-05T22:29:46+00:00,KATL,Atlanta,78.8,2026-08-05T22:15:00+00:00
2026-08-05T22:29:46+00:00,KDFW,Dallas,98.6,2026-08-05T22:05:00+00:00
2026-08-05T22:29:46+00:00,KSEA,Seattle,84.2,2026-08-05T22:05:00+00:00
2026-08-05T22:29:46+00:00,KLAS,Las Vegas,111.2,2026-08-05T22:15:00+00:00
2026-08-05T22:29:46+00:00,KOKC,Oklahoma City,102.2,2026-08-05T22:05:00+00:00
2026-08-05T22:29:46+00:00,KBOS,Boston,86.0,2026-08-05T22:00:00+00:00
2026-08-05T22:29:46+00:00,KMSP,Minneapolis,78.8,2026-08-05T22:15:00+00:00
2026-08-05T22:29:46+00:00,KSAT,San Antonio,96.8,2026-08-05T22:05:00+00:00
2026-08-05T22:29:46+00:00,KMSY,New Orleans,78.8,2026-08-05T22:05:00+00:00
2026-08-05T22:29:46+00:00,KHOU,Houston,96.8,2026-08-05T22:05:00+00:00
2026-08-05T22:39:37+00:00,KNYC,New York City,75.92,2026-08-05T22:09:00+00:00
2026-08-05T22:39:37+00:00,KMIA,Miami,84.2,2026-08-05T22:25:00+00:00
2026-08-05T22:39:37+00:00,KDEN,Denver,82.04,2026-08-05T21:53:00+00:00
2026-08-05T22:39:37+00:00,KLAX,Los Angeles,75.2,2026-08-05T22:20:00+00:00
2026-08-05T22:39:37+00:00,KPHL,Philadelphia,82.4,2026-08-05T22:25:00+00:00
2026-08-05T22:39:37+00:00,KAUS,Austin,100.4,2026-08-05T22:20:00+00:00
2026-08-05T22:39:37+00:00,KMDW,Chicago,75.2,2026-08-05T22:20:00+00:00
2026-08-05T22:39:37+00:00,KSFO,San Francisco,69.8,2026-08-05T22:20:00+00:00
2026-08-05T22:39:37+00:00,KPHX,Phoenix,104.0,2026-08-05T22:25:00+00:00
2026-08-05T22:39:37+00:00,KDCA,Washington DC,89.6,2026-08-05T22:25:00+00:00
2026-08-05T22:39:37+00:00,KATL,Atlanta,78.8,2026-08-05T22:20:00+00:00
2026-08-05T22:39:37+00:00,KDFW,Dallas,98.6,2026-08-05T22:20:00+00:00
2026-08-05T22:39:37+00:00,KSEA,Seattle,84.2,2026-08-05T22:20:00+00:00
2026-08-05T22:39:37+00:00,KLAS,Las Vegas,111.2,2026-08-05T22:25:00+00:00
2026-08-05T22:39:37+00:00,KOKC,Oklahoma City,100.4,2026-08-05T22:20:00+00:00
2026-08-05T22:39:37+00:00,KBOS,Boston,87.8,2026-08-05T22:25:00+00:00
2026-08-05T22:39:37+00:00,KMSP,Minneapolis,78.8,2026-08-05T22:20:00+00:00
2026-08-05T22:39:37+00:00,KSAT,San Antonio,96.8,2026-08-05T22:20:00+00:00
2026-08-05T22:39:37+00:00,KMSY,New Orleans,78.8,2026-08-05T22:20:00+00:00
2026-08-05T22:39:37+00:00,KHOU,Houston,95.0,2026-08-05T22:20:00+00:00
2026-08-05T23:34:31+00:00,KNYC,New York City,75.92,2026-08-05T22:51:00+00:00
2026-08-05T23:34:31+00:00,KMIA,Miami,84.2,2026-08-05T23:15:00+00:00
2026-08-05T23:34:31+00:00,KDEN,Denver,84.02,2026-08-05T22:53:00+00:00
2026-08-05T23:34:31+00:00,KLAX,Los Angeles,77.0,2026-08-05T23:10:00+00:00
2026-08-05T23:34:31+00:00,KPHL,Philadelphia,80.59,2026-08-05T23:15:00+00:00
2026-08-05T23:34:31+00:00,KAUS,Austin,98.6,2026-08-05T23:15:00+00:00
2026-08-05T23:34:31+00:00,KMDW,Chicago,75.2,2026-08-05T23:15:00+00:00
2026-08-05T23:34:31+00:00,KSFO,San Francisco,71.59,2026-08-05T23:15:00+00:00
2026-08-05T23:34:31+00:00,KPHX,Phoenix,104.0,2026-08-05T23:20:00+00:00
2026-08-05T23:34:31+00:00,KDCA,Washington DC,87.8,2026-08-05T23:15:00+00:00
2026-08-05T23:34:31+00:00,KATL,Atlanta,80.59,2026-08-05T23:15:00+00:00
2026-08-05T23:34:31+00:00,KDFW,Dallas,98.6,2026-08-05T23:20:00+00:00
2026-08-05T23:34:31+00:00,KSEA,Seattle,84.2,2026-08-05T23:15:00+00:00
2026-08-05T23:34:31+00:00,KLAS,Las Vegas,111.2,2026-08-05T23:20:00+00:00
2026-08-05T23:34:31+00:00,KOKC,Oklahoma City,100.4,2026-08-05T23:15:00+00:00
2026-08-05T23:34:31+00:00,KBOS,Boston,84.2,2026-08-05T23:15:00+00:00
2026-08-05T23:34:31+00:00,KMSP,Minneapolis,78.8,2026-08-05T23:15:00+00:00
2026-08-05T23:34:31+00:00,KSAT,San Antonio,96.8,2026-08-05T23:15:00+00:00
2026-08-05T23:34:31+00:00,KMSY,New Orleans,80.59,2026-08-05T23:15:00+00:00
2026-08-05T23:34:31+00:00,KHOU,Houston,93.2,2026-08-05T23:15:00+00:00
2026-08-06T01:00:46+00:00,KNYC,New York City,75.92,2026-08-05T23:51:00+00:00
2026-08-06T01:00:46+00:00,KMIA,Miami,82.4,2026-08-06T00:35:00+00:00
2026-08-06T01:00:46+00:00,KDEN,Denver,82.04,2026-08-05T23:53:00+00:00
2026-08-06T01:00:46+00:00,KLAX,Los Angeles,73.4,2026-08-06T00:40:00+00:00
2026-08-06T01:00:46+00:00,KPHL,Philadelphia,80.59,2026-08-06T00:35:00+00:00
2026-08-06T01:00:46+00:00,KAUS,Austin,96.8,2026-08-06T00:40:00+00:00
2026-08-06T01:00:46+00:00,KMDW,Chicago,75.2,2026-08-06T00:40:00+00:00
2026-08-06T01:00:46+00:00,KSFO,San Francisco,69.8,2026-08-06T00:35:00+00:00
2026-08-06T01:00:46+00:00,KPHX,Phoenix,104.0,2026-08-06T00:40:00+00:00
2026-08-06T01:00:46+00:00,KDCA,Washington DC,84.2,2026-08-06T00:40:00+00:00
2026-08-06T01:00:46+00:00,KATL,Atlanta,78.8,2026-08-06T00:35:00+00:00
2026-08-06T01:00:46+00:00,KDFW,Dallas,96.8,2026-08-06T00:40:00+00:00
2026-08-06T01:00:46+00:00,KSEA,Seattle,87.8,2026-08-06T00:35:00+00:00
2026-08-06T01:00:46+00:00,KLAS,Las Vegas,111.2,2026-08-06T00:35:00+00:00
2026-08-06T01:00:46+00:00,KOKC,Oklahoma City,96.8,2026-08-06T00:35:00+00:00
2026-08-06T01:00:46+00:00,KBOS,Boston,78.8,2026-08-06T00:35:00+00:00
2026-08-06T01:00:46+00:00,KMSP,Minneapolis,77.0,2026-08-06T00:40:00+00:00
2026-08-06T01:00:46+00:00,KSAT,San Antonio,93.2,2026-08-06T00:35:00+00:00
2026-08-06T01:00:46+00:00,KMSY,New Orleans,80.59,2026-08-06T00:35:00+00:00
2026-08-06T01:00:46+00:00,KHOU,Houston,89.6,2026-08-06T00:35:00+00:00
2026-08-06T04:26:37+00:00,KNYC,New York City,75.92,2026-08-06T03:51:00+00:00
2026-08-06T04:26:37+00:00,KMIA,Miami,78.8,2026-08-06T04:05:00+00:00
2026-08-06T04:26:37+00:00,KDEN,Denver,71.06,2026-08-06T03:53:00+00:00
2026-08-06T04:26:37+00:00,KLAX,Los Angeles,69.8,2026-08-06T04:05:00+00:00
2026-08-06T04:26:37+00:00,KPHL,Philadelphia,80.59,2026-08-06T04:05:00+00:00
2026-08-06T04:26:37+00:00,KAUS,Austin,84.2,2026-08-06T04:10:00+00:00
2026-08-06T04:26:37+00:00,KMDW,Chicago,71.59,2026-08-06T04:10:00+00:00
2026-08-06T04:26:37+00:00,KSFO,San Francisco,62.6,2026-08-06T04:05:00+00:00
2026-08-06T04:26:37+00:00,KPHX,Phoenix,102.2,2026-08-06T04:05:00+00:00
2026-08-06T04:26:37+00:00,KDCA,Washington DC,80.59,2026-08-06T04:05:00+00:00
2026-08-06T04:26:37+00:00,KATL,Atlanta,73.4,2026-08-06T04:10:00+00:00
2026-08-06T04:26:37+00:00,KDFW,Dallas,89.6,2026-08-06T04:10:00+00:00
2026-08-06T04:26:37+00:00,KSEA,Seattle,75.2,2026-08-06T04:05:00+00:00
2026-08-06T04:26:37+00:00,KLAS,Las Vegas,104.0,2026-08-06T04:05:00+00:00
2026-08-06T04:26:37+00:00,KOKC,Oklahoma City,84.2,2026-08-06T04:10:00+00:00
2026-08-06T04:26:37+00:00,KBOS,Boston,75.2,2026-08-06T04:05:00+00:00
2026-08-06T04:26:37+00:00,KMSP,Minneapolis,71.59,2026-08-06T04:10:00+00:00
2026-08-06T04:26:37+00:00,KSAT,San Antonio,82.4,2026-08-06T04:10:00+00:00
2026-08-06T04:26:37+00:00,KMSY,New Orleans,80.59,2026-08-06T04:10:00+00:00
2026-08-06T04:26:37+00:00,KHOU,Houston,82.4,2026-08-06T04:10:00+00:00
2026-08-06T07:10:59+00:00,KNYC,New York City,,2026-08-06T06:32:00+00:00
2026-08-06T07:10:59+00:00,KMIA,Miami,78.08,2026-08-06T05:53:00+00:00
2026-08-06T07:10:59+00:00,KDEN,Denver,68.0,2026-08-06T05:53:00+00:00
2026-08-06T07:10:59+00:00,KLAX,Los Angeles,69.8,2026-08-06T06:50:00+00:00
2026-08-06T07:10:59+00:00,KPHL,Philadelphia,78.8,2026-08-06T06:50:00+00:00
2026-08-06T07:10:59+00:00,KAUS,Austin,77.0,2026-08-06T06:53:00+00:00
2026-08-06T07:10:59+00:00,KMDW,Chicago,69.8,2026-08-06T06:50:00+00:00
2026-08-06T07:10:59+00:00,KSFO,San Francisco,60.8,2026-08-06T06:50:00+00:00
2026-08-06T07:10:59+00:00,KPHX,Phoenix,96.8,2026-08-06T06:50:00+00:00
2026-08-06T07:10:59+00:00,KDCA,Washington DC,78.8,2026-08-06T06:50:00+00:00
2026-08-06T07:10:59+00:00,KATL,Atlanta,73.4,2026-08-06T06:50:00+00:00
2026-08-06T07:10:59+00:00,KDFW,Dallas,86.0,2026-08-06T06:45:00+00:00
2026-08-06T07:10:59+00:00,KSEA,Seattle,69.8,2026-08-06T06:50:00+00:00
2026-08-06T07:10:59+00:00,KLAS,Las Vegas,98.6,2026-08-06T06:45:00+00:00
2026-08-06T07:10:59+00:00,KOKC,Oklahoma City,80.06,2026-08-06T06:52:00+00:00
2026-08-06T07:10:59+00:00,KBOS,Boston,73.4,2026-08-06T06:50:00+00:00
2026-08-06T07:10:59+00:00,KMSP,Minneapolis,66.2,2026-08-06T06:50:00+00:00
2026-08-06T07:10:59+00:00,KSAT,San Antonio,78.8,2026-08-06T06:50:00+00:00
2026-08-06T07:10:59+00:00,KMSY,New Orleans,78.8,2026-08-06T06:50:00+00:00
2026-08-06T07:10:59+00:00,KHOU,Houston,82.4,2026-08-06T06:45:00+00:00
2026-08-06T09:48:43+00:00,KNYC,New York City,75.92,2026-08-06T09:23:00+00:00
2026-08-06T09:48:43+00:00,KMIA,Miami,80.59,2026-08-06T09:30:00+00:00
2026-08-06T09:48:43+00:00,KDEN,Denver,66.92,2026-08-06T08:53:00+00:00
2026-08-06T09:48:43+00:00,KLAX,Los Angeles,68.0,2026-08-06T09:25:00+00:00
2026-08-06T09:48:43+00:00,KPHL,Philadelphia,78.8,2026-08-06T09:25:00+00:00
2026-08-06T09:48:43+00:00,KAUS,Austin,78.8,2026-08-06T09:20:00+00:00
2026-08-06T09:48:43+00:00,KMDW,Chicago,71.59,2026-08-06T09:30:00+00:00
2026-08-06T09:48:43+00:00,KSFO,San Francisco,60.8,2026-08-06T09:25:00+00:00
2026-08-06T09:48:43+00:00,KPHX,Phoenix,89.6,2026-08-06T09:35:00+00:00
2026-08-06T09:48:43+00:00,KDCA,Washington DC,78.8,2026-08-06T09:35:00+00:00
2026-08-06T09:48:43+00:00,KATL,Atlanta,71.59,2026-08-06T09:25:00+00:00
2026-08-06T09:48:43+00:00,KDFW,Dallas,84.2,2026-08-06T09:20:00+00:00
2026-08-06T09:48:43+00:00,KSEA,Seattle,66.2,2026-08-06T09:25:00+00:00
2026-08-06T09:48:43+00:00,KLAS,Las Vegas,93.2,2026-08-06T09:30:00+00:00
2026-08-06T09:48:43+00:00,KOKC,Oklahoma City,,2026-08-06T08:52:00+00:00
2026-08-06T09:48:43+00:00,KBOS,Boston,73.4,2026-08-06T09:30:00+00:00
2026-08-06T09:48:43+00:00,KMSP,Minneapolis,64.4,2026-08-06T09:25:00+00:00
2026-08-06T09:48:43+00:00,KSAT,San Antonio,80.59,2026-08-06T09:20:00+00:00
2026-08-06T09:48:43+00:00,KMSY,New Orleans,78.8,2026-08-06T09:25:00+00:00
2026-08-06T09:48:43+00:00,KHOU,Houston,80.59,2026-08-06T09:25:00+00:00
2026-08-06T11:53:36+00:00,KNYC,New York City,75.92,2026-08-06T11:19:00+00:00
2026-08-06T11:53:36+00:00,KMIA,Miami,82.4,2026-08-06T11:30:00+00:00
2026-08-06T11:53:36+00:00,KDEN,Denver,62.05,2026-08-06T10:53:00+00:00
2026-08-06T11:53:36+00:00,KLAX,Los Angeles,68.0,2026-08-06T11:35:00+00:00
2026-08-06T11:53:36+00:00,KPHL,Philadelphia,78.8,2026-08-06T11:35:00+00:00
2026-08-06T11:53:36+00:00,KAUS,Austin,78.08,2026-08-06T11:31:00+00:00
2026-08-06T11:53:36+00:00,KMDW,Chicago,71.59,2026-08-06T11:35:00+00:00
2026-08-06T11:53:36+00:00,KSFO,San Francisco,60.8,2026-08-06T11:35:00+00:00
2026-08-06T11:53:36+00:00,KPHX,Phoenix,89.6,2026-08-06T11:35:00+00:00
2026-08-06T11:53:36+00:00,KDCA,Washington DC,78.8,2026-08-06T11:35:00+00:00
2026-08-06T11:53:36+00:00,KATL,Atlanta,73.4,2026-08-06T11:35:00+00:00
2026-08-06T11:53:36+00:00,KDFW,Dallas,82.4,2026-08-06T11:30:00+00:00
2026-08-06T11:53:36+00:00,KSEA,Seattle,62.6,2026-08-06T11:35:00+00:00
2026-08-06T11:53:36+00:00,KLAS,Las Vegas,93.2,2026-08-06T11:35:00+00:00
2026-08-06T11:53:36+00:00,KOKC,Oklahoma City,,2026-08-06T10:52:00+00:00
2026-08-06T11:53:36+00:00,KBOS,Boston,75.2,2026-08-06T11:35:00+00:00
2026-08-06T11:53:36+00:00,KMSP,Minneapolis,62.6,2026-08-06T11:30:00+00:00
2026-08-06T11:53:36+00:00,KSAT,San Antonio,80.59,2026-08-06T11:35:00+00:00
2026-08-06T11:53:36+00:00,KMSY,New Orleans,80.59,2026-08-06T11:35:00+00:00
2026-08-06T11:53:36+00:00,KHOU,Houston,80.59,2026-08-06T11:35:00+00:00
2026-08-06T13:25:53+00:00,KNYC,New York City,78.98,2026-08-06T12:51:00+00:00
2026-08-06T13:25:53+00:00,KMIA,Miami,84.2,2026-08-06T13:05:00+00:00
2026-08-06T13:25:53+00:00,KDEN,Denver,60.98,2026-08-06T12:53:00+00:00
2026-08-06T13:25:53+00:00,KLAX,Los Angeles,68.0,2026-08-06T13:05:00+00:00
2026-08-06T13:25:53+00:00,KPHL,Philadelphia,82.4,2026-08-06T13:05:00+00:00
2026-08-06T13:25:53+00:00,KAUS,Austin,80.59,2026-08-06T13:10:00+00:00
2026-08-06T13:25:53+00:00,KMDW,Chicago,71.59,2026-08-06T13:10:00+00:00
2026-08-06T13:25:53+00:00,KSFO,San Francisco,60.8,2026-08-06T13:05:00+00:00
2026-08-06T13:25:53+00:00,KPHX,Phoenix,89.6,2026-08-06T13:05:00+00:00
2026-08-06T13:25:53+00:00,KDCA,Washington DC,82.4,2026-08-06T13:00:00+00:00
2026-08-06T13:25:53+00:00,KATL,Atlanta,73.4,2026-08-06T13:10:00+00:00
2026-08-06T13:25:53+00:00,KDFW,Dallas,82.4,2026-08-06T13:10:00+00:00
2026-08-06T13:25:53+00:00,KSEA,Seattle,60.8,2026-08-06T13:05:00+00:00
2026-08-06T13:25:53+00:00,KLAS,Las Vegas,89.6,2026-08-06T13:05:00+00:00
2026-08-06T13:25:53+00:00,KOKC,Oklahoma City,78.8,2026-08-06T13:10:00+00:00
2026-08-06T13:25:53+00:00,KBOS,Boston,77.0,2026-08-06T13:05:00+00:00
2026-08-06T13:25:53+00:00,KMSP,Minneapolis,66.2,2026-08-06T13:10:00+00:00
2026-08-06T13:25:53+00:00,KSAT,San Antonio,80.59,2026-08-06T13:10:00+00:00
2026-08-06T13:25:53+00:00,KMSY,New Orleans,84.2,2026-08-06T13:10:00+00:00
2026-08-06T13:25:53+00:00,KHOU,Houston,82.4,2026-08-06T13:10:00+00:00
2026-08-06T15:39:21+00:00,KNYC,New York City,82.04,2026-08-06T14:51:00+00:00
2026-08-06T15:39:21+00:00,KMIA,Miami,86.0,2026-08-06T15:25:00+00:00
2026-08-06T15:39:21+00:00,KDEN,Denver,69.08,2026-08-06T14:53:00+00:00
2026-08-06T15:39:21+00:00,KLAX,Los Angeles,71.59,2026-08-06T15:25:00+00:00
2026-08-06T15:39:21+00:00,KPHL,Philadelphia,87.8,2026-08-06T15:25:00+00:00
2026-08-06T15:39:21+00:00,KAUS,Austin,87.8,2026-08-06T15:20:00+00:00
2026-08-06T15:39:21+00:00,KMDW,Chicago,73.4,2026-08-06T15:20:00+00:00
2026-08-06T15:39:21+00:00,KSFO,San Francisco,62.6,2026-08-06T15:25:00+00:00
2026-08-06T15:39:21+00:00,KPHX,Phoenix,93.2,2026-08-06T15:25:00+00:00
2026-08-06T15:39:21+00:00,KDCA,Washington DC,86.0,2026-08-06T15:25:00+00:00
2026-08-06T15:39:21+00:00,KATL,Atlanta,78.8,2026-08-06T15:20:00+00:00
2026-08-06T15:39:21+00:00,KDFW,Dallas,87.8,2026-08-06T15:20:00+00:00
2026-08-06T15:39:21+00:00,KSEA,Seattle,62.6,2026-08-06T15:10:00+00:00
2026-08-06T15:39:21+00:00,KLAS,Las Vegas,93.2,2026-08-06T15:25:00+00:00
2026-08-06T15:39:21+00:00,KOKC,Oklahoma City,87.8,2026-08-06T15:20:00+00:00
2026-08-06T15:39:21+00:00,KBOS,Boston,82.4,2026-08-06T15:25:00+00:00
2026-08-06T15:39:21+00:00,KMSP,Minneapolis,73.4,2026-08-06T15:20:00+00:00
2026-08-06T15:39:21+00:00,KSAT,San Antonio,86.0,2026-08-06T15:20:00+00:00
2026-08-06T15:39:21+00:00,KMSY,New Orleans,87.8,2026-08-06T15:20:00+00:00
2026-08-06T15:39:21+00:00,KHOU,Houston,87.8,2026-08-06T15:20:00+00:00
2026-08-06T16:08:32+00:00,KNYC,New York City,82.04,2026-08-06T15:36:00+00:00
2026-08-06T16:08:32+00:00,KMIA,Miami,87.8,2026-08-06T15:45:00+00:00
2026-08-06T16:08:32+00:00,KDEN,Denver,69.08,2026-08-06T14:53:00+00:00
2026-08-06T16:08:32+00:00,KLAX,Los Angeles,73.4,2026-08-06T15:50:00+00:00
2026-08-06T16:08:32+00:00,KPHL,Philadelphia,87.8,2026-08-06T15:45:00+00:00
2026-08-06T16:08:32+00:00,KAUS,Austin,89.6,2026-08-06T15:45:00+00:00
2026-08-06T16:08:32+00:00,KMDW,Chicago,73.4,2026-08-06T15:50:00+00:00
2026-08-06T16:08:32+00:00,KSFO,San Francisco,62.6,2026-08-06T15:50:00+00:00
2026-08-06T16:08:32+00:00,KPHX,Phoenix,91.4,2026-08-06T15:40:00+00:00
2026-08-06T16:08:32+00:00,KDCA,Washington DC,87.8,2026-08-06T15:45:00+00:00
2026-08-06T16:08:32+00:00,KATL,Atlanta,80.59,2026-08-06T15:45:00+00:00
2026-08-06T16:08:32+00:00,KDFW,Dallas,89.6,2026-08-06T15:40:00+00:00
2026-08-06T16:08:32+00:00,KSEA,Seattle,64.4,2026-08-06T15:45:00+00:00
2026-08-06T16:08:32+00:00,KLAS,Las Vegas,95.0,2026-08-06T15:45:00+00:00
2026-08-06T16:08:32+00:00,KOKC,Oklahoma City,89.6,2026-08-06T15:45:00+00:00
2026-08-06T16:08:32+00:00,KBOS,Boston,84.2,2026-08-06T15:45:00+00:00
2026-08-06T16:08:32+00:00,KMSP,Minneapolis,73.4,2026-08-06T15:45:00+00:00
2026-08-06T16:08:32+00:00,KSAT,San Antonio,87.8,2026-08-06T15:40:00+00:00
2026-08-06T16:08:32+00:00,KMSY,New Orleans,87.8,2026-08-06T15:45:00+00:00
2026-08-06T16:08:32+00:00,KHOU,Houston,89.6,2026-08-06T15:45:00+00:00
2026-08-07T00:34:30+00:00,KNYC,New York City,84.91,2026-08-06T23:51:00+00:00
2026-08-07T00:34:30+00:00,KMIA,Miami,84.2,2026-08-07T00:10:00+00:00
2026-08-07T00:34:30+00:00,KDEN,Denver,93.91,2026-08-06T23:53:00+00:00
2026-08-07T00:34:30+00:00,KLAX,Los Angeles,75.2,2026-08-07T00:15:00+00:00
2026-08-07T00:34:30+00:00,KPHL,Philadelphia,87.8,2026-08-07T00:15:00+00:00
2026-08-07T00:34:30+00:00,KAUS,Austin,95.0,2026-08-07T00:10:00+00:00
2026-08-07T00:34:30+00:00,KMDW,Chicago,78.8,2026-08-07T00:15:00+00:00
2026-08-07T00:34:30+00:00,KSFO,San Francisco,66.2,2026-08-07T00:15:00+00:00
2026-08-07T00:34:30+00:00,KPHX,Phoenix,104.0,2026-08-07T00:20:00+00:00
2026-08-07T00:34:30+00:00,KDCA,Washington DC,75.2,2026-08-07T00:10:00+00:00
2026-08-07T00:34:30+00:00,KATL,Atlanta,78.8,2026-08-07T00:15:00+00:00
2026-08-07T00:34:30+00:00,KDFW,Dallas,96.8,2026-08-07T00:15:00+00:00
2026-08-07T00:34:30+00:00,KSEA,Seattle,87.8,2026-08-07T00:10:00+00:00
2026-08-07T00:34:30+00:00,KLAS,Las Vegas,107.6,2026-08-07T00:20:00+00:00
2026-08-07T00:34:30+00:00,KOKC,Oklahoma City,96.8,2026-08-07T00:15:00+00:00
2026-08-07T00:34:30+00:00,KBOS,Boston,82.4,2026-08-07T00:10:00+00:00
2026-08-07T00:34:30+00:00,KMSP,Minneapolis,78.8,2026-08-07T00:10:00+00:00
2026-08-07T00:34:30+00:00,KSAT,San Antonio,96.8,2026-08-07T00:15:00+00:00
2026-08-07T00:34:30+00:00,KMSY,New Orleans,80.59,2026-08-07T00:15:00+00:00
2026-08-07T00:34:30+00:00,KHOU,Houston,86.0,2026-08-07T00:15:00+00:00
2026-08-07T03:36:03+00:00,KNYC,New York City,84.02,2026-08-07T02:51:00+00:00
2026-08-07T03:36:03+00:00,KMIA,Miami,82.4,2026-08-07T03:10:00+00:00
2026-08-07T03:36:03+00:00,KDEN,Denver,,2026-08-07T02:53:00+00:00
2026-08-07T03:36:03+00:00,KLAX,Los Angeles,71.59,2026-08-07T03:20:00+00:00
2026-08-07T03:36:03+00:00,KPHL,Philadelphia,82.4,2026-08-07T03:25:00+00:00
2026-08-07T03:36:03+00:00,KAUS,Austin,87.8,2026-08-07T03:20:00+00:00
2026-08-07T03:36:03+00:00,KMDW,Chicago,75.2,2026-08-07T03:15:00+00:00
2026-08-07T03:36:03+00:00,KSFO,San Francisco,60.8,2026-08-07T03:20:00+00:00
2026-08-07T03:36:03+00:00,KPHX,Phoenix,98.6,2026-08-07T03:25:00+00:00
2026-08-07T03:36:03+00:00,KDCA,Washington DC,75.2,2026-08-07T03:20:00+00:00
2026-08-07T03:36:03+00:00,KATL,Atlanta,73.4,2026-08-07T03:15:00+00:00
2026-08-07T03:36:03+00:00,KDFW,Dallas,91.4,2026-08-07T03:15:00+00:00
2026-08-07T03:36:03+00:00,KSEA,Seattle,80.59,2026-08-07T03:10:00+00:00
2026-08-07T03:36:03+00:00,KLAS,Las Vegas,102.2,2026-08-07T03:20:00+00:00
2026-08-07T03:36:03+00:00,KOKC,Oklahoma City,87.8,2026-08-07T03:15:00+00:00
2026-08-07T03:36:03+00:00,KBOS,Boston,82.4,2026-08-07T03:25:00+00:00
2026-08-07T03:36:03+00:00,KMSP,Minneapolis,73.4,2026-08-07T03:15:00+00:00
2026-08-07T03:36:03+00:00,KSAT,San Antonio,86.0,2026-08-07T03:15:00+00:00
2026-08-07T03:36:03+00:00,KMSY,New Orleans,80.59,2026-08-07T03:15:00+00:00
2026-08-07T03:36:03+00:00,KHOU,Houston,82.4,2026-08-07T03:15:00+00:00
2026-08-07T05:20:27+00:00,KNYC,New York City,82.04,2026-08-07T04:51:00+00:00
2026-08-07T05:20:27+00:00,KMIA,Miami,82.4,2026-08-07T05:00:00+00:00
2026-08-07T05:20:27+00:00,KDEN,Denver,75.02,2026-08-07T04:53:00+00:00
2026-08-07T05:20:27+00:00,KLAX,Los Angeles,69.8,2026-08-07T05:00:00+00:00
2026-08-07T05:20:27+00:00,KPHL,Philadelphia,80.59,2026-08-07T05:00:00+00:00
2026-08-07T05:20:27+00:00,KAUS,Austin,84.2,2026-08-07T05:00:00+00:00
2026-08-07T05:20:27+00:00,KMDW,Chicago,73.4,2026-08-07T05:00:00+00:00
2026-08-07T05:20:27+00:00,KSFO,San Francisco,59.0,2026-08-07T05:00:00+00:00
2026-08-07T05:20:27+00:00,KPHX,Phoenix,98.6,2026-08-07T05:00:00+00:00
2026-08-07T05:20:27+00:00,KDCA,Washington DC,75.2,2026-08-07T05:00:00+00:00
2026-08-07T05:20:27+00:00,KATL,Atlanta,73.4,2026-08-07T05:05:00+00:00
2026-08-07T05:20:27+00:00,KDFW,Dallas,89.6,2026-08-07T05:00:00+00:00
2026-08-07T05:20:27+00:00,KSEA,Seattle,73.4,2026-08-07T05:00:00+00:00
2026-08-07T05:20:27+00:00,KLAS,Las Vegas,98.96,2026-08-07T04:56:00+00:00
2026-08-07T05:20:27+00:00,KOKC,Oklahoma City,82.04,2026-08-07T04:52:00+00:00
2026-08-07T05:20:27+00:00,KBOS,Boston,78.8,2026-08-07T05:05:00+00:00
2026-08-07T05:20:27+00:00,KMSP,Minneapolis,71.59,2026-08-07T05:10:00+00:00
2026-08-07T05:20:27+00:00,KSAT,San Antonio,82.4,2026-08-07T05:00:00+00:00
2026-08-07T05:20:27+00:00,KMSY,New Orleans,80.59,2026-08-07T05:00:00+00:00
2026-08-07T05:20:27+00:00,KHOU,Houston,80.59,2026-08-07T05:00:00+00:00
2026-08-07T06:38:29+00:00,KNYC,New York City,80.95,2026-08-07T05:51:00+00:00
2026-08-07T06:38:29+00:00,KMIA,Miami,80.59,2026-08-07T05:55:00+00:00
2026-08-07T06:38:29+00:00,KDEN,Denver,73.94,2026-08-07T05:53:00+00:00
2026-08-07T06:38:29+00:00,KLAX,Los Angeles,69.8,2026-08-07T06:25:00+00:00
2026-08-07T06:38:29+00:00,KPHL,Philadelphia,80.59,2026-08-07T06:25:00+00:00
2026-08-07T06:38:29+00:00,KAUS,Austin,80.59,2026-08-07T06:15:00+00:00
2026-08-07T06:38:29+00:00,KMDW,Chicago,71.59,2026-08-07T06:15:00+00:00
2026-08-07T06:38:29+00:00,KSFO,San Francisco,57.2,2026-08-07T06:15:00+00:00
2026-08-07T06:38:29+00:00,KPHX,Phoenix,96.8,2026-08-07T06:20:00+00:00
2026-08-07T06:38:29+00:00,KDCA,Washington DC,75.2,2026-08-07T06:25:00+00:00
2026-08-07T06:38:29+00:00,KATL,Atlanta,73.4,2026-08-07T06:20:00+00:00
2026-08-07T06:38:29+00:00,KDFW,Dallas,87.8,2026-08-07T06:15:00+00:00
2026-08-07T06:38:29+00:00,KSEA,Seattle,69.8,2026-08-07T06:25:00+00:00
2026-08-07T06:38:29+00:00,KLAS,Las Vegas,96.8,2026-08-07T06:20:00+00:00
2026-08-07T06:38:29+00:00,KOKC,Oklahoma City,80.59,2026-08-07T06:10:00+00:00
2026-08-07T06:38:29+00:00,KBOS,Boston,77.0,2026-08-07T06:15:00+00:00
2026-08-07T06:38:29+00:00,KMSP,Minneapolis,71.59,2026-08-07T06:20:00+00:00
2026-08-07T06:38:29+00:00,KSAT,San Antonio,80.59,2026-08-07T06:15:00+00:00
2026-08-07T06:38:29+00:00,KMSY,New Orleans,78.8,2026-08-07T06:15:00+00:00
2026-08-07T06:38:29+00:00,KHOU,Houston,80.59,2026-08-07T06:15:00+00:00
2026-08-07T07:55:27+00:00,KNYC,New York City,80.95,2026-08-07T06:51:00+00:00
2026-08-07T07:55:27+00:00,KMIA,Miami,78.98,2026-08-07T06:53:00+00:00
2026-08-07T07:55:27+00:00,KDEN,Denver,71.06,2026-08-07T06:53:00+00:00
2026-08-07T07:55:27+00:00,KLAX,Los Angeles,69.8,2026-08-07T07:35:00+00:00
2026-08-07T07:55:27+00:00,KPHL,Philadelphia,78.8,2026-08-07T07:35:00+00:00
2026-08-07T07:55:27+00:00,KAUS,Austin,78.8,2026-08-07T07:35:00+00:00
2026-08-07T07:55:27+00:00,KMDW,Chicago,71.59,2026-08-07T07:35:00+00:00
2026-08-07T07:55:27+00:00,KSFO,San Francisco,57.2,2026-08-07T07:35:00+00:00
2026-08-07T07:55:27+00:00,KPHX,Phoenix,96.8,2026-08-07T07:35:00+00:00
2026-08-07T07:55:27+00:00,KDCA,Washington DC,75.2,2026-08-07T07:35:00+00:00
2026-08-07T07:55:27+00:00,KATL,Atlanta,73.4,2026-08-07T07:35:00+00:00
2026-08-07T07:55:27+00:00,KDFW,Dallas,84.2,2026-08-07T07:30:00+00:00
2026-08-07T07:55:27+00:00,KSEA,Seattle,66.2,2026-08-07T07:35:00+00:00
2026-08-07T07:55:27+00:00,KLAS,Las Vegas,95.0,2026-08-07T07:30:00+00:00
2026-08-07T07:55:27+00:00,KOKC,Oklahoma City,,2026-08-07T06:52:00+00:00
2026-08-07T07:55:27+00:00,KBOS,Boston,78.8,2026-08-07T07:35:00+00:00
2026-08-07T07:55:27+00:00,KMSP,Minneapolis,69.8,2026-08-07T07:30:00+00:00
2026-08-07T07:55:27+00:00,KSAT,San Antonio,80.59,2026-08-07T07:30:00+00:00
2026-08-07T07:55:27+00:00,KMSY,New Orleans,75.2,2026-08-07T07:35:00+00:00
2026-08-07T07:55:27+00:00,KHOU,Houston,80.59,2026-08-07T07:30:00+00:00
2026-08-07T08:43:10+00:00,KNYC,New York City,78.98,2026-08-07T07:51:00+00:00
2026-08-07T08:43:10+00:00,KMIA,Miami,78.8,2026-08-07T08:25:00+00:00
2026-08-07T08:43:10+00:00,KDEN,Denver,69.98,2026-08-07T07:53:00+00:00
2026-08-07T08:43:10+00:00,KLAX,Los Angeles,69.8,2026-08-07T08:25:00+00:00
2026-08-07T08:43:10+00:00,KPHL,Philadelphia,78.8,2026-08-07T08:25:00+00:00
2026-08-07T08:43:10+00:00,KAUS,Austin,78.98,2026-08-07T08:21:00+00:00
2026-08-07T08:43:10+00:00,KMDW,Chicago,71.59,2026-08-07T08:20:00+00:00
2026-08-07T08:43:10+00:00,KSFO,San Francisco,57.2,2026-08-07T08:25:00+00:00
2026-08-07T08:43:10+00:00,KPHX,Phoenix,93.2,2026-08-07T08:25:00+00:00
2026-08-07T08:43:10+00:00,KDCA,Washington DC,73.4,2026-08-07T08:25:00+00:00
2026-08-07T08:43:10+00:00,KATL,Atlanta,73.4,2026-08-07T08:20:00+00:00
2026-08-07T08:43:10+00:00,KDFW,Dallas,84.2,2026-08-07T08:20:00+00:00
2026-08-07T08:43:10+00:00,KSEA,Seattle,66.2,2026-08-07T08:25:00+00:00
2026-08-07T08:43:10+00:00,KLAS,Las Vegas,93.2,2026-08-07T08:25:00+00:00
2026-08-07T08:43:10+00:00,KOKC,Oklahoma City,,2026-08-07T07:52:00+00:00
2026-08-07T08:43:10+00:00,KBOS,Boston,78.8,2026-08-07T08:30:00+00:00
2026-08-07T08:43:10+00:00,KMSP,Minneapolis,66.2,2026-08-07T08:20:00+00:00
2026-08-07T08:43:10+00:00,KSAT,San Antonio,78.8,2026-08-07T08:20:00+00:00
2026-08-07T08:43:10+00:00,KMSY,New Orleans,75.2,2026-08-07T08:20:00+00:00
2026-08-07T08:43:10+00:00,KHOU,Houston,80.59,2026-08-07T08:20:00+00:00
2026-08-07T09:40:10+00:00,KNYC,New York City,78.08,2026-08-07T08:51:00+00:00
2026-08-07T09:40:10+00:00,KMIA,Miami,78.8,2026-08-07T09:25:00+00:00
2026-08-07T09:40:10+00:00,KDEN,Denver,66.92,2026-08-07T08:53:00+00:00
2026-08-07T09:40:10+00:00,KLAX,Los Angeles,69.8,2026-08-07T09:25:00+00:00
2026-08-07T09:40:10+00:00,KPHL,Philadelphia,77.0,2026-08-07T09:25:00+00:00
2026-08-07T09:40:10+00:00,KAUS,Austin,78.8,2026-08-07T09:20:00+00:00
2026-08-07T09:40:10+00:00,KMDW,Chicago,71.59,2026-08-07T09:20:00+00:00
2026-08-07T09:40:10+00:00,KSFO,San Francisco,57.2,2026-08-07T09:25:00+00:00
2026-08-07T09:40:10+00:00,KPHX,Phoenix,93.2,2026-08-07T09:25:00+00:00
2026-08-07T09:40:10+00:00,KDCA,Washington DC,73.4,2026-08-07T09:25:00+00:00
2026-08-07T09:40:10+00:00,KATL,Atlanta,71.59,2026-08-07T09:20:00+00:00
2026-08-07T09:40:10+00:00,KDFW,Dallas,82.4,2026-08-07T09:15:00+00:00
2026-08-07T09:40:10+00:00,KSEA,Seattle,66.2,2026-08-07T09:25:00+00:00
2026-08-07T09:40:10+00:00,KLAS,Las Vegas,93.2,2026-08-07T09:25:00+00:00
2026-08-07T09:40:10+00:00,KOKC,Oklahoma City,75.02,2026-08-07T08:52:00+00:00
2026-08-07T09:40:10+00:00,KBOS,Boston,77.0,2026-08-07T09:20:00+00:00
2026-08-07T09:40:10+00:00,KMSP,Minneapolis,66.2,2026-08-07T09:20:00+00:00
2026-08-07T09:40:10+00:00,KSAT,San Antonio,80.59,2026-08-07T09:20:00+00:00
2026-08-07T09:40:10+00:00,KMSY,New Orleans,77.0,2026-08-07T09:20:00+00:00
2026-08-07T09:40:10+00:00,KHOU,Houston,80.59,2026-08-07T09:20:00+00:00
2026-08-07T10:30:41+00:00,KNYC,New York City,78.08,2026-08-07T09:51:00+00:00
2026-08-07T10:30:41+00:00,KMIA,Miami,78.8,2026-08-07T10:15:00+00:00
2026-08-07T10:30:41+00:00,KDEN,Denver,64.94,2026-08-07T09:53:00+00:00
2026-08-07T10:30:41+00:00,KLAX,Los Angeles,69.8,2026-08-07T10:15:00+00:00
2026-08-07T10:30:41+00:00,KPHL,Philadelphia,77.0,2026-08-07T10:10:00+00:00
2026-08-07T10:30:41+00:00,KAUS,Austin,75.2,2026-08-07T10:15:00+00:00
2026-08-07T10:30:41+00:00,KMDW,Chicago,69.8,2026-08-07T10:15:00+00:00
2026-08-07T10:30:41+00:00,KSFO,San Francisco,57.2,2026-08-07T10:05:00+00:00
2026-08-07T10:30:41+00:00,KPHX,Phoenix,93.2,2026-08-07T10:10:00+00:00
2026-08-07T10:30:41+00:00,KDCA,Washington DC,75.2,2026-08-07T10:10:00+00:00
2026-08-07T10:30:41+00:00,KATL,Atlanta,71.59,2026-08-07T10:10:00+00:00
2026-08-07T10:30:41+00:00,KDFW,Dallas,82.4,2026-08-07T10:10:00+00:00
2026-08-07T10:30:41+00:00,KSEA,Seattle,60.8,2026-08-07T10:05:00+00:00
2026-08-07T10:30:41+00:00,KLAS,Las Vegas,93.2,2026-08-07T10:05:00+00:00
2026-08-07T10:30:41+00:00,KOKC,Oklahoma City,75.2,2026-08-07T10:10:00+00:00
2026-08-07T10:30:41+00:00,KBOS,Boston,78.8,2026-08-07T10:05:00+00:00
2026-08-07T10:30:41+00:00,KMSP,Minneapolis,64.4,2026-08-07T10:10:00+00:00
2026-08-07T10:30:41+00:00,KSAT,San Antonio,78.8,2026-08-07T10:10:00+00:00
2026-08-07T10:30:41+00:00,KMSY,New Orleans,78.8,2026-08-07T10:10:00+00:00
2026-08-07T10:30:41+00:00,KHOU,Houston,80.59,2026-08-07T10:10:00+00:00
2026-08-07T11:28:34+00:00,KNYC,New York City,78.08,2026-08-07T10:51:00+00:00
2026-08-07T11:28:34+00:00,KMIA,Miami,78.8,2026-08-07T11:05:00+00:00
2026-08-07T11:28:34+00:00,KDEN,Denver,62.95,2026-08-07T10:53:00+00:00
2026-08-07T11:28:34+00:00,KLAX,Los Angeles,69.8,2026-08-07T11:00:00+00:00
2026-08-07T11:28:34+00:00,KPHL,Philadelphia,78.8,2026-08-07T11:05:00+00:00
2026-08-07T11:28:34+00:00,KAUS,Austin,75.2,2026-08-07T11:10:00+00:00
2026-08-07T11:28:34+00:00,KMDW,Chicago,69.8,2026-08-07T11:10:00+00:00
2026-08-07T11:28:34+00:00,KSFO,San Francisco,57.2,2026-08-07T11:00:00+00:00
2026-08-07T11:28:34+00:00,KPHX,Phoenix,91.4,2026-08-07T11:05:00+00:00
2026-08-07T11:28:34+00:00,KDCA,Washington DC,75.2,2026-08-07T11:05:00+00:00
2026-08-07T11:28:34+00:00,KATL,Atlanta,71.59,2026-08-07T11:10:00+00:00
2026-08-07T11:28:34+00:00,KDFW,Dallas,80.59,2026-08-07T11:10:00+00:00
2026-08-07T11:28:34+00:00,KSEA,Seattle,60.8,2026-08-07T11:05:00+00:00
2026-08-07T11:28:34+00:00,KLAS,Las Vegas,91.4,2026-08-07T11:10:00+00:00
2026-08-07T11:28:34+00:00,KOKC,Oklahoma City,75.2,2026-08-07T11:05:00+00:00
2026-08-07T11:28:34+00:00,KBOS,Boston,78.8,2026-08-07T11:05:00+00:00
2026-08-07T11:28:34+00:00,KMSP,Minneapolis,69.8,2026-08-07T11:10:00+00:00
2026-08-07T11:28:34+00:00,KSAT,San Antonio,78.8,2026-08-07T11:10:00+00:00
2026-08-07T11:28:34+00:00,KMSY,New Orleans,78.8,2026-08-07T11:10:00+00:00
2026-08-07T11:28:34+00:00,KHOU,Houston,78.8,2026-08-07T11:10:00+00:00
2026-08-07T12:07:18+00:00,KNYC,New York City,78.08,2026-08-07T10:51:00+00:00
2026-08-07T12:07:18+00:00,KMIA,Miami,78.8,2026-08-07T11:40:00+00:00
2026-08-07T12:07:18+00:00,KDEN,Denver,62.95,2026-08-07T10:53:00+00:00
2026-08-07T12:07:18+00:00,KLAX,Los Angeles,69.8,2026-08-07T11:40:00+00:00
2026-08-07T12:07:18+00:00,KPHL,Philadelphia,78.8,2026-08-07T11:45:00+00:00
2026-08-07T12:07:18+00:00,KAUS,Austin,75.2,2026-08-07T11:40:00+00:00
2026-08-07T12:07:18+00:00,KMDW,Chicago,69.8,2026-08-07T11:40:00+00:00
2026-08-07T12:07:18+00:00,KSFO,San Francisco,57.2,2026-08-07T11:50:00+00:00
2026-08-07T12:07:18+00:00,KPHX,Phoenix,89.6,2026-08-07T11:45:00+00:00
2026-08-07T12:07:18+00:00,KDCA,Washington DC,77.0,2026-08-07T11:45:00+00:00
2026-08-07T12:07:18+00:00,KATL,Atlanta,71.59,2026-08-07T11:40:00+00:00
2026-08-07T12:07:18+00:00,KDFW,Dallas,80.59,2026-08-07T11:40:00+00:00
2026-08-07T12:07:18+00:00,KSEA,Seattle,60.8,2026-08-07T11:40:00+00:00
2026-08-07T12:07:18+00:00,KLAS,Las Vegas,91.4,2026-08-07T11:50:00+00:00
2026-08-07T12:07:18+00:00,KOKC,Oklahoma City,78.8,2026-08-07T11:40:00+00:00
2026-08-07T12:07:18+00:00,KBOS,Boston,80.59,2026-08-07T11:45:00+00:00
2026-08-07T12:07:18+00:00,KMSP,Minneapolis,69.8,2026-08-07T11:45:00+00:00
2026-08-07T12:07:18+00:00,KSAT,San Antonio,78.8,2026-08-07T11:50:00+00:00
2026-08-07T12:07:18+00:00,KMSY,New Orleans,80.59,2026-08-07T11:45:00+00:00
2026-08-07T12:07:18+00:00,KHOU,Houston,78.8,2026-08-07T11:40:00+00:00
2026-08-07T13:33:45+00:00,KNYC,New York City,80.95,2026-08-07T12:51:00+00:00
2026-08-07T13:33:45+00:00,KMIA,Miami,84.2,2026-08-07T13:10:00+00:00
2026-08-07T13:33:45+00:00,KDEN,Denver,64.94,2026-08-07T12:53:00+00:00
2026-08-07T13:33:45+00:00,KLAX,Los Angeles,69.8,2026-08-07T13:10:00+00:00
2026-08-07T13:33:45+00:00,KPHL,Philadelphia,82.4,2026-08-07T13:15:00+00:00
2026-08-07T13:33:45+00:00,KAUS,Austin,78.8,2026-08-07T13:10:00+00:00
2026-08-07T13:33:45+00:00,KMDW,Chicago,69.8,2026-08-07T13:15:00+00:00
2026-08-07T13:33:45+00:00,KSFO,San Francisco,57.2,2026-08-07T13:10:00+00:00
2026-08-07T13:33:45+00:00,KPHX,Phoenix,89.6,2026-08-07T13:20:00+00:00
2026-08-07T13:33:45+00:00,KDCA,Washington DC,80.59,2026-08-07T13:15:00+00:00
2026-08-07T13:33:45+00:00,KATL,Atlanta,73.4,2026-08-07T13:15:00+00:00
2026-08-07T13:33:45+00:00,KDFW,Dallas,82.4,2026-08-07T13:15:00+00:00
2026-08-07T13:33:45+00:00,KSEA,Seattle,60.8,2026-08-07T13:10:00+00:00
2026-08-07T13:33:45+00:00,KLAS,Las Vegas,89.6,2026-08-07T13:20:00+00:00
2026-08-07T13:33:45+00:00,KOKC,Oklahoma City,82.4,2026-08-07T13:15:00+00:00
2026-08-07T13:33:45+00:00,KBOS,Boston,84.2,2026-08-07T13:15:00+00:00
2026-08-07T13:33:45+00:00,KMSP,Minneapolis,73.4,2026-08-07T13:15:00+00:00
2026-08-07T13:33:45+00:00,KSAT,San Antonio,80.59,2026-08-07T13:15:00+00:00
2026-08-07T13:33:45+00:00,KMSY,New Orleans,84.2,2026-08-07T13:20:00+00:00
2026-08-07T13:33:45+00:00,KHOU,Houston,82.4,2026-08-07T13:10:00+00:00
2026-08-07T14:36:36+00:00,KNYC,New York City,84.02,2026-08-07T13:51:00+00:00
2026-08-07T14:36:36+00:00,KMIA,Miami,87.08,2026-08-07T14:15:00+00:00
2026-08-07T14:36:36+00:00,KDEN,Denver,71.95,2026-08-07T13:53:00+00:00
2026-08-07T14:36:36+00:00,KLAX,Los Angeles,69.8,2026-08-07T14:15:00+00:00
2026-08-07T14:36:36+00:00,KPHL,Philadelphia,86.0,2026-08-07T14:25:00+00:00
2026-08-07T14:36:36+00:00,KAUS,Austin,82.4,2026-08-07T14:15:00+00:00
2026-08-07T14:36:36+00:00,KMDW,Chicago,73.4,2026-08-07T14:10:00+00:00
2026-08-07T14:36:36+00:00,KSFO,San Francisco,57.2,2026-08-07T14:25:00+00:00
2026-08-07T14:36:36+00:00,KPHX,Phoenix,91.4,2026-08-07T14:15:00+00:00
2026-08-07T14:36:36+00:00,KDCA,Washington DC,82.4,2026-08-07T14:25:00+00:00
2026-08-07T14:36:36+00:00,KATL,Atlanta,75.2,2026-08-07T14:15:00+00:00
2026-08-07T14:36:36+00:00,KDFW,Dallas,84.2,2026-08-07T14:15:00+00:00
2026-08-07T14:36:36+00:00,KSEA,Seattle,60.8,2026-08-07T14:10:00+00:00
2026-08-07T14:36:36+00:00,KLAS,Las Vegas,91.4,2026-08-07T14:25:00+00:00
2026-08-07T14:36:36+00:00,KOKC,Oklahoma City,86.0,2026-08-07T14:20:00+00:00
2026-08-07T14:36:36+00:00,KBOS,Boston,87.8,2026-08-07T14:25:00+00:00
2026-08-07T14:36:36+00:00,KMSP,Minneapolis,73.4,2026-08-07T14:15:00+00:00
2026-08-07T14:36:36+00:00,KSAT,San Antonio,82.4,2026-08-07T14:15:00+00:00
2026-08-07T14:36:36+00:00,KMSY,New Orleans,87.8,2026-08-07T14:20:00+00:00
2026-08-07T14:36:36+00:00,KHOU,Houston,84.2,2026-08-07T14:10:00+00:00
2026-08-07T15:31:48+00:00,KNYC,New York City,86.0,2026-08-07T14:51:00+00:00
2026-08-07T15:31:48+00:00,KMIA,Miami,87.8,2026-08-07T15:10:00+00:00
2026-08-07T15:31:48+00:00,KDEN,Denver,73.94,2026-08-07T14:53:00+00:00
2026-08-07T15:31:48+00:00,KLAX,Los Angeles,71.59,2026-08-07T15:10:00+00:00
2026-08-07T15:31:48+00:00,KPHL,Philadelphia,87.8,2026-08-07T15:10:00+00:00
2026-08-07T15:31:48+00:00,KAUS,Austin,84.2,2026-08-07T15:10:00+00:00
2026-08-07T15:31:48+00:00,KMDW,Chicago,77.0,2026-08-07T15:10:00+00:00
2026-08-07T15:31:48+00:00,KSFO,San Francisco,57.2,2026-08-07T15:05:00+00:00
2026-08-07T15:31:48+00:00,KPHX,Phoenix,95.0,2026-08-07T15:10:00+00:00
2026-08-07T15:31:48+00:00,KDCA,Washington DC,84.2,2026-08-07T15:10:00+00:00
2026-08-07T15:31:48+00:00,KATL,Atlanta,78.8,2026-08-07T15:10:00+00:00
2026-08-07T15:31:48+00:00,KDFW,Dallas,87.8,2026-08-07T15:10:00+00:00
2026-08-07T15:31:48+00:00,KSEA,Seattle,60.8,2026-08-07T15:05:00+00:00
2026-08-07T15:31:48+00:00,KLAS,Las Vegas,93.2,2026-08-07T15:05:00+00:00
2026-08-07T15:31:48+00:00,KOKC,Oklahoma City,89.6,2026-08-07T15:00:00+00:00
2026-08-07T15:31:48+00:00,KBOS,Boston,89.6,2026-08-07T15:10:00+00:00
2026-08-07T15:31:48+00:00,KMSP,Minneapolis,71.06,2026-08-07T15:11:00+00:00
2026-08-07T15:31:48+00:00,KSAT,San Antonio,84.2,2026-08-07T15:10:00+00:00
2026-08-07T15:31:48+00:00,KMSY,New Orleans,87.8,2026-08-07T15:10:00+00:00
2026-08-07T15:31:48+00:00,KHOU,Houston,87.8,2026-08-07T15:10:00+00:00
2026-08-07T16:30:19+00:00,KNYC,New York City,87.08,2026-08-07T15:51:00+00:00
2026-08-07T16:30:19+00:00,KMIA,Miami,89.6,2026-08-07T16:10:00+00:00
2026-08-07T16:30:19+00:00,KDEN,Denver,75.92,2026-08-07T15:53:00+00:00
2026-08-07T16:30:19+00:00,KLAX,Los Angeles,73.4,2026-08-07T16:10:00+00:00
2026-08-07T16:30:19+00:00,KPHL,Philadelphia,89.6,2026-08-07T16:05:00+00:00
2026-08-07T16:30:19+00:00,KAUS,Austin,89.6,2026-08-07T16:10:00+00:00
2026-08-07T16:30:19+00:00,KMDW,Chicago,80.59,2026-08-07T16:05:00+00:00
2026-08-07T16:30:19+00:00,KSFO,San Francisco,60.8,2026-08-07T16:05:00+00:00
2026-08-07T16:30:19+00:00,KPHX,Phoenix,98.6,2026-08-07T16:10:00+00:00
2026-08-07T16:30:19+00:00,KDCA,Washington DC,86.0,2026-08-07T16:10:00+00:00
2026-08-07T16:30:19+00:00,KATL,Atlanta,80.59,2026-08-07T16:05:00+00:00
2026-08-07T16:30:19+00:00,KDFW,Dallas,93.2,2026-08-07T16:10:00+00:00
2026-08-07T16:30:19+00:00,KSEA,Seattle,64.4,2026-08-07T16:05:00+00:00
2026-08-07T16:30:19+00:00,KLAS,Las Vegas,93.2,2026-08-07T16:10:00+00:00
2026-08-07T16:30:19+00:00,KOKC,Oklahoma City,93.2,2026-08-07T16:15:00+00:00
2026-08-07T16:30:19+00:00,KBOS,Boston,89.6,2026-08-07T16:10:00+00:00
2026-08-07T16:30:19+00:00,KMSP,Minneapolis,75.2,2026-08-07T16:10:00+00:00
2026-08-07T16:30:19+00:00,KSAT,San Antonio,86.0,2026-08-07T16:10:00+00:00
2026-08-07T16:30:19+00:00,KMSY,New Orleans,87.8,2026-08-07T16:10:00+00:00
2026-08-07T16:30:19+00:00,KHOU,Houston,87.8,2026-08-07T16:10:00+00:00
2026-08-07T17:29:42+00:00,KNYC,New York City,89.06,2026-08-07T16:51:00+00:00
2026-08-07T17:29:42+00:00,KMIA,Miami,89.6,2026-08-07T17:05:00+00:00
2026-08-07T17:29:42+00:00,KDEN,Denver,80.95,2026-08-07T16:53:00+00:00
2026-08-07T17:29:42+00:00,KLAX,Los Angeles,75.2,2026-08-07T17:10:00+00:00
2026-08-07T17:29:42+00:00,KPHL,Philadelphia,91.4,2026-08-07T17:10:00+00:00
2026-08-07T17:29:42+00:00,KAUS,Austin,93.2,2026-08-07T17:10:00+00:00
2026-08-07T17:29:42+00:00,KMDW,Chicago,80.59,2026-08-07T17:10:00+00:00
2026-08-07T17:29:42+00:00,KSFO,San Francisco,62.6,2026-08-07T17:10:00+00:00
2026-08-07T17:29:42+00:00,KPHX,Phoenix,98.6,2026-08-07T17:05:00+00:00
2026-08-07T17:29:42+00:00,KDCA,Washington DC,87.8,2026-08-07T17:10:00+00:00
2026-08-07T17:29:42+00:00,KATL,Atlanta,82.4,2026-08-07T17:10:00+00:00
2026-08-07T17:29:42+00:00,KDFW,Dallas,95.0,2026-08-07T17:10:00+00:00
2026-08-07T17:29:42+00:00,KSEA,Seattle,66.2,2026-08-07T17:10:00+00:00
2026-08-07T17:29:42+00:00,KLAS,Las Vegas,96.8,2026-08-07T17:05:00+00:00
2026-08-07T17:29:42+00:00,KOKC,Oklahoma City,96.8,2026-08-07T17:10:00+00:00
2026-08-07T17:29:42+00:00,KBOS,Boston,91.4,2026-08-07T17:10:00+00:00
2026-08-07T17:29:42+00:00,KMSP,Minneapolis,71.59,2026-08-07T17:10:00+00:00
2026-08-07T17:29:42+00:00,KSAT,San Antonio,89.6,2026-08-07T17:10:00+00:00
2026-08-07T17:29:42+00:00,KMSY,New Orleans,91.4,2026-08-07T17:10:00+00:00
2026-08-07T17:29:42+00:00,KHOU,Houston,91.4,2026-08-07T17:10:00+00:00
2026-08-07T18:11:05+00:00,KNYC,New York City,89.06,2026-08-07T16:51:00+00:00
2026-08-07T18:11:05+00:00,KMIA,Miami,89.6,2026-08-07T17:45:00+00:00
2026-08-07T18:11:05+00:00,KDEN,Denver,80.95,2026-08-07T16:53:00+00:00
2026-08-07T18:11:05+00:00,KLAX,Los Angeles,75.2,2026-08-07T17:50:00+00:00
2026-08-07T18:11:05+00:00,KPHL,Philadelphia,91.4,2026-08-07T17:50:00+00:00
2026-08-07T18:11:05+00:00,KAUS,Austin,93.2,2026-08-07T17:50:00+00:00
2026-08-07T18:11:05+00:00,KMDW,Chicago,82.94,2026-08-07T17:53:00+00:00
2026-08-07T18:11:05+00:00,KSFO,San Francisco,62.6,2026-08-07T17:50:00+00:00
2026-08-07T18:11:05+00:00,KPHX,Phoenix,102.2,2026-08-07T17:45:00+00:00
2026-08-07T18:11:05+00:00,KDCA,Washington DC,89.6,2026-08-07T17:50:00+00:00
2026-08-07T18:11:05+00:00,KATL,Atlanta,82.04,2026-08-07T17:52:00+00:00
2026-08-07T18:11:05+00:00,KDFW,Dallas,96.8,2026-08-07T17:45:00+00:00
2026-08-07T18:11:05+00:00,KSEA,Seattle,68.0,2026-08-07T17:45:00+00:00
2026-08-07T18:11:05+00:00,KLAS,Las Vegas,98.6,2026-08-07T17:45:00+00:00
2026-08-07T18:11:05+00:00,KOKC,Oklahoma City,95.0,2026-08-07T17:50:00+00:00
2026-08-07T18:11:05+00:00,KBOS,Boston,91.4,2026-08-07T17:45:00+00:00
2026-08-07T18:11:05+00:00,KMSP,Minneapolis,69.8,2026-08-07T17:45:00+00:00
2026-08-07T18:11:05+00:00,KSAT,San Antonio,91.4,2026-08-07T17:45:00+00:00
2026-08-07T18:11:05+00:00,KMSY,New Orleans,87.8,2026-08-07T17:50:00+00:00
2026-08-07T18:11:05+00:00,KHOU,Houston,91.94,2026-08-07T17:53:00+00:00
2026-08-07T19:11:55+00:00,KNYC,New York City,87.98,2026-08-07T17:51:00+00:00
2026-08-07T19:11:55+00:00,KMIA,Miami,89.6,2026-08-07T18:45:00+00:00
2026-08-07T19:11:55+00:00,KDEN,Denver,,2026-08-07T17:53:00+00:00
2026-08-07T19:11:55+00:00,KLAX,Los Angeles,78.8,2026-08-07T18:45:00+00:00
2026-08-07T19:11:55+00:00,KPHL,Philadelphia,93.2,2026-08-07T18:50:00+00:00
2026-08-07T19:11:55+00:00,KAUS,Austin,95.0,2026-08-07T18:50:00+00:00
2026-08-07T19:11:55+00:00,KMDW,Chicago,84.2,2026-08-07T18:45:00+00:00
2026-08-07T19:11:55+00:00,KSFO,San Francisco,64.4,2026-08-07T18:50:00+00:00
2026-08-07T19:11:55+00:00,KPHX,Phoenix,102.2,2026-08-07T18:50:00+00:00
2026-08-07T19:11:55+00:00,KDCA,Washington DC,89.6,2026-08-07T18:50:00+00:00
2026-08-07T19:11:55+00:00,KATL,Atlanta,80.59,2026-08-07T18:45:00+00:00
2026-08-07T19:11:55+00:00,KDFW,Dallas,98.6,2026-08-07T18:50:00+00:00
2026-08-07T19:11:55+00:00,KSEA,Seattle,71.59,2026-08-07T18:45:00+00:00
2026-08-07T19:11:55+00:00,KLAS,Las Vegas,100.4,2026-08-07T18:45:00+00:00
2026-08-07T19:11:55+00:00,KOKC,Oklahoma City,,2026-08-07T18:30:00+00:00
2026-08-07T19:11:55+00:00,KBOS,Boston,93.2,2026-08-07T18:50:00+00:00
2026-08-07T19:11:55+00:00,KMSP,Minneapolis,71.59,2026-08-07T18:50:00+00:00
2026-08-07T19:11:55+00:00,KSAT,San Antonio,91.4,2026-08-07T19:00:00+00:00
2026-08-07T19:11:55+00:00,KMSY,New Orleans,82.4,2026-08-07T18:50:00+00:00
2026-08-07T19:11:55+00:00,KHOU,Houston,93.2,2026-08-07T18:45:00+00:00
2026-08-07T19:57:26+00:00,KNYC,New York City,87.98,2026-08-07T18:51:00+00:00
2026-08-07T19:57:26+00:00,KMIA,Miami,89.6,2026-08-07T19:35:00+00:00
2026-08-07T19:57:26+00:00,KDEN,Denver,87.98,2026-08-07T18:53:00+00:00
2026-08-07T19:57:26+00:00,KLAX,Los Angeles,78.8,2026-08-07T19:35:00+00:00
2026-08-07T19:57:26+00:00,KPHL,Philadelphia,93.2,2026-08-07T19:35:00+00:00
2026-08-07T19:57:26+00:00,KAUS,Austin,98.6,2026-08-07T19:35:00+00:00
2026-08-07T19:57:26+00:00,KMDW,Chicago,84.2,2026-08-07T19:35:00+00:00
2026-08-07T19:57:26+00:00,KSFO,San Francisco,66.2,2026-08-07T19:35:00+00:00
2026-08-07T19:57:26+00:00,KPHX,Phoenix,105.8,2026-08-07T19:35:00+00:00
2026-08-07T19:57:26+00:00,KDCA,Washington DC,91.4,2026-08-07T19:35:00+00:00
2026-08-07T19:57:26+00:00,KATL,Atlanta,84.2,2026-08-07T19:35:00+00:00
2026-08-07T19:57:26+00:00,KDFW,Dallas,98.6,2026-08-07T19:35:00+00:00
2026-08-07T19:57:26+00:00,KSEA,Seattle,73.4,2026-08-07T19:35:00+00:00
2026-08-07T19:57:26+00:00,KLAS,Las Vegas,104.0,2026-08-07T19:35:00+00:00
2026-08-07T19:57:26+00:00,KOKC,Oklahoma City,78.8,2026-08-07T19:30:00+00:00
2026-08-07T19:57:26+00:00,KBOS,Boston,93.2,2026-08-07T19:35:00+00:00
2026-08-07T19:57:26+00:00,KMSP,Minneapolis,73.4,2026-08-07T19:35:00+00:00
2026-08-07T19:57:26+00:00,KSAT,San Antonio,95.0,2026-08-07T19:35:00+00:00
2026-08-07T19:57:26+00:00,KMSY,New Orleans,82.4,2026-08-07T19:35:00+00:00
2026-08-07T19:57:26+00:00,KHOU,Houston,91.4,2026-08-07T19:35:00+00:00
2026-08-07T20:32:18+00:00,KNYC,New York City,89.06,2026-08-07T19:51:00+00:00
2026-08-07T20:32:18+00:00,KMIA,Miami,89.6,2026-08-07T20:10:00+00:00
2026-08-07T20:32:18+00:00,KDEN,Denver,89.96,2026-08-07T19:53:00+00:00
2026-08-07T20:32:18+00:00,KLAX,Los Angeles,78.8,2026-08-07T20:05:00+00:00
2026-08-07T20:32:18+00:00,KPHL,Philadelphia,91.4,2026-08-07T20:10:00+00:00
2026-08-07T20:32:18+00:00,KAUS,Austin,98.6,2026-08-07T20:15:00+00:00
2026-08-07T20:32:18+00:00,KMDW,Chicago,84.2,2026-08-07T20:20:00+00:00
2026-08-07T20:32:18+00:00,KSFO,San Francisco,66.2,2026-08-07T20:20:00+00:00
2026-08-07T20:32:18+00:00,KPHX,Phoenix,105.8,2026-08-07T20:05:00+00:00
2026-08-07T20:32:18+00:00,KDCA,Washington DC,89.6,2026-08-07T20:10:00+00:00
2026-08-07T20:32:18+00:00,KATL,Atlanta,84.2,2026-08-07T20:05:00+00:00
2026-08-07T20:32:18+00:00,KDFW,Dallas,100.4,2026-08-07T20:10:00+00:00
2026-08-07T20:32:18+00:00,KSEA,Seattle,77.0,2026-08-07T20:10:00+00:00
2026-08-07T20:32:18+00:00,KLAS,Las Vegas,105.8,2026-08-07T20:20:00+00:00
2026-08-07T20:32:18+00:00,KOKC,Oklahoma City,73.4,2026-08-07T20:10:00+00:00
2026-08-07T20:32:18+00:00,KBOS,Boston,93.2,2026-08-07T20:15:00+00:00
2026-08-07T20:32:18+00:00,KMSP,Minneapolis,75.2,2026-08-07T20:10:00+00:00
2026-08-07T20:32:18+00:00,KSAT,San Antonio,96.8,2026-08-07T20:15:00+00:00
2026-08-07T20:32:18+00:00,KMSY,New Orleans,82.4,2026-08-07T20:10:00+00:00
2026-08-07T20:32:18+00:00,KHOU,Houston,93.2,2026-08-07T20:15:00+00:00
2026-08-07T21:20:07+00:00,KNYC,New York City,,2026-08-07T20:51:00+00:00
2026-08-07T21:20:07+00:00,KMIA,Miami,89.6,2026-08-07T21:05:00+00:00
2026-08-07T21:20:07+00:00,KDEN,Denver,91.94,2026-08-07T20:53:00+00:00
2026-08-07T21:20:07+00:00,KLAX,Los Angeles,78.8,2026-08-07T21:05:00+00:00
2026-08-07T21:20:07+00:00,KPHL,Philadelphia,91.4,2026-08-07T20:50:00+00:00
2026-08-07T21:20:07+00:00,KAUS,Austin,98.6,2026-08-07T21:05:00+00:00
2026-08-07T21:20:07+00:00,KMDW,Chicago,84.2,2026-08-07T21:05:00+00:00
2026-08-07T21:20:07+00:00,KSFO,San Francisco,66.2,2026-08-07T20:50:00+00:00
2026-08-07T21:20:07+00:00,KPHX,Phoenix,105.8,2026-08-07T21:00:00+00:00
2026-08-07T21:20:07+00:00,KDCA,Washington DC,89.6,2026-08-07T21:05:00+00:00
2026-08-07T21:20:07+00:00,KATL,Atlanta,86.0,2026-08-07T21:05:00+00:00
2026-08-07T21:20:07+00:00,KDFW,Dallas,100.4,2026-08-07T21:05:00+00:00
2026-08-07T21:20:07+00:00,KSEA,Seattle,78.8,2026-08-07T21:00:00+00:00
2026-08-07T21:20:07+00:00,KLAS,Las Vegas,107.6,2026-08-07T21:00:00+00:00
2026-08-07T21:20:07+00:00,KOKC,Oklahoma City,73.4,2026-08-07T21:10:00+00:00
2026-08-07T21:20:07+00:00,KBOS,Boston,93.02,2026-08-07T20:54:00+00:00
2026-08-07T21:20:07+00:00,KMSP,Minneapolis,80.59,2026-08-07T21:10:00+00:00
2026-08-07T21:20:07+00:00,KSAT,San Antonio,96.8,2026-08-07T21:05:00+00:00
2026-08-07T21:20:07+00:00,KMSY,New Orleans,87.8,2026-08-07T21:05:00+00:00
2026-08-07T21:20:07+00:00,KHOU,Houston,93.2,2026-08-07T21:05:00+00:00
2026-08-07T22:00:54+00:00,KNYC,New York City,,2026-08-07T20:51:00+00:00
2026-08-07T22:00:54+00:00,KMIA,Miami,89.6,2026-08-07T21:35:00+00:00
2026-08-07T22:00:54+00:00,KDEN,Denver,91.94,2026-08-07T20:53:00+00:00
2026-08-07T22:00:54+00:00,KLAX,Los Angeles,78.8,2026-08-07T21:35:00+00:00
2026-08-07T22:00:54+00:00,KPHL,Philadelphia,89.6,2026-08-07T21:35:00+00:00
2026-08-07T22:00:54+00:00,KAUS,Austin,98.6,2026-08-07T21:35:00+00:00
2026-08-07T22:00:54+00:00,KMDW,Chicago,84.2,2026-08-07T21:35:00+00:00
2026-08-07T22:00:54+00:00,KSFO,San Francisco,66.2,2026-08-07T21:40:00+00:00
2026-08-07T22:00:54+00:00,KPHX,Phoenix,107.6,2026-08-07T21:35:00+00:00
2026-08-07T22:00:54+00:00,KDCA,Washington DC,87.8,2026-08-07T21:40:00+00:00
2026-08-07T22:00:54+00:00,KATL,Atlanta,86.0,2026-08-07T21:35:00+00:00
2026-08-07T22:00:54+00:00,KDFW,Dallas,100.4,2026-08-07T21:35:00+00:00
2026-08-07T22:00:54+00:00,KSEA,Seattle,80.59,2026-08-07T21:35:00+00:00
2026-08-07T22:00:54+00:00,KLAS,Las Vegas,107.6,2026-08-07T21:35:00+00:00
2026-08-07T22:00:54+00:00,KOKC,Oklahoma City,78.8,2026-08-07T21:35:00+00:00
2026-08-07T22:00:54+00:00,KBOS,Boston,93.2,2026-08-07T21:35:00+00:00
2026-08-07T22:00:54+00:00,KMSP,Minneapolis,80.59,2026-08-07T21:40:00+00:00
2026-08-07T22:00:54+00:00,KSAT,San Antonio,98.6,2026-08-07T21:35:00+00:00
2026-08-07T22:00:54+00:00,KMSY,New Orleans,89.6,2026-08-07T21:35:00+00:00
2026-08-07T22:00:54+00:00,KHOU,Houston,93.2,2026-08-07T21:35:00+00:00
2026-08-07T22:51:39+00:00,KNYC,New York City,,2026-08-07T22:31:00+00:00
2026-08-07T22:51:39+00:00,KMIA,Miami,87.8,2026-08-07T22:35:00+00:00
2026-08-07T22:51:39+00:00,KDEN,Denver,93.91,2026-08-07T21:53:00+00:00
2026-08-07T22:51:39+00:00,KLAX,Los Angeles,78.8,2026-08-07T22:35:00+00:00
2026-08-07T22:51:39+00:00,KPHL,Philadelphia,80.59,2026-08-07T22:35:00+00:00
2026-08-07T22:51:39+00:00,KAUS,Austin,93.2,2026-08-07T22:30:00+00:00
2026-08-07T22:51:39+00:00,KMDW,Chicago,84.2,2026-08-07T22:35:00+00:00
2026-08-07T22:51:39+00:00,KSFO,San Francisco,66.2,2026-08-07T22:35:00+00:00
2026-08-07T22:51:39+00:00,KPHX,Phoenix,107.6,2026-08-07T22:35:00+00:00
2026-08-07T22:51:39+00:00,KDCA,Washington DC,87.8,2026-08-07T22:35:00+00:00
2026-08-07T22:51:39+00:00,KATL,Atlanta,86.0,2026-08-07T22:35:00+00:00
2026-08-07T22:51:39+00:00,KDFW,Dallas,100.4,2026-08-07T22:35:00+00:00
2026-08-07T22:51:39+00:00,KSEA,Seattle,84.2,2026-08-07T22:35:00+00:00
2026-08-07T22:51:39+00:00,KLAS,Las Vegas,107.6,2026-08-07T22:35:00+00:00
2026-08-07T22:51:39+00:00,KOKC,Oklahoma City,80.59,2026-08-07T22:30:00+00:00
2026-08-07T22:51:39+00:00,KBOS,Boston,91.4,2026-08-07T22:35:00+00:00
2026-08-07T22:51:39+00:00,KMSP,Minneapolis,77.0,2026-08-07T22:35:00+00:00
2026-08-07T22:51:39+00:00,KSAT,San Antonio,96.8,2026-08-07T22:30:00+00:00
2026-08-07T22:51:39+00:00,KMSY,New Orleans,89.6,2026-08-07T22:35:00+00:00
2026-08-07T22:51:39+00:00,KHOU,Houston,91.4,2026-08-07T22:30:00+00:00
2026-08-07T23:21:13+00:00,KNYC,New York City,,2026-08-07T22:40:00+00:00
2026-08-07T23:21:13+00:00,KMIA,Miami,87.8,2026-08-07T23:00:00+00:00
2026-08-07T23:21:13+00:00,KDEN,Denver,93.91,2026-08-07T22:53:00+00:00
2026-08-07T23:21:13+00:00,KLAX,Los Angeles,78.8,2026-08-07T23:00:00+00:00
2026-08-07T23:21:13+00:00,KPHL,Philadelphia,78.8,2026-08-07T23:00:00+00:00
2026-08-07T23:21:13+00:00,KAUS,Austin,89.6,2026-08-07T23:00:00+00:00
2026-08-07T23:21:13+00:00,KMDW,Chicago,84.2,2026-08-07T23:00:00+00:00
2026-08-07T23:21:13+00:00,KSFO,San Francisco,66.2,2026-08-07T23:00:00+00:00
2026-08-07T23:21:13+00:00,KPHX,Phoenix,109.4,2026-08-07T23:00:00+00:00
2026-08-07T23:21:13+00:00,KDCA,Washington DC,86.0,2026-08-07T22:50:00+00:00
2026-08-07T23:21:13+00:00,KATL,Atlanta,86.0,2026-08-07T23:00:00+00:00
2026-08-07T23:21:13+00:00,KDFW,Dallas,98.6,2026-08-07T23:05:00+00:00
2026-08-07T23:21:13+00:00,KSEA,Seattle,84.2,2026-08-07T23:00:00+00:00
2026-08-07T23:21:13+00:00,KLAS,Las Vegas,107.6,2026-08-07T23:00:00+00:00
2026-08-07T23:21:13+00:00,KOKC,Oklahoma City,82.4,2026-08-07T23:05:00+00:00
2026-08-07T23:21:13+00:00,KBOS,Boston,91.4,2026-08-07T23:00:00+00:00
2026-08-07T23:21:13+00:00,KMSP,Minneapolis,75.2,2026-08-07T23:05:00+00:00
2026-08-07T23:21:13+00:00,KSAT,San Antonio,96.8,2026-08-07T23:00:00+00:00
2026-08-07T23:21:13+00:00,KMSY,New Orleans,89.6,2026-08-07T23:05:00+00:00
2026-08-07T23:21:13+00:00,KHOU,Houston,91.4,2026-08-07T23:05:00+00:00
2026-08-07T23:53:13+00:00,KNYC,New York City,,2026-08-07T22:55:00+00:00
2026-08-07T23:53:13+00:00,KMIA,Miami,86.0,2026-08-07T23:35:00+00:00
2026-08-07T23:53:13+00:00,KDEN,Denver,93.91,2026-08-07T22:53:00+00:00
2026-08-07T23:53:13+00:00,KLAX,Los Angeles,78.8,2026-08-07T23:35:00+00:00
2026-08-07T23:53:13+00:00,KPHL,Philadelphia,78.8,2026-08-07T23:35:00+00:00
2026-08-07T23:53:13+00:00,KAUS,Austin,87.8,2026-08-07T23:35:00+00:00
2026-08-07T23:53:13+00:00,KMDW,Chicago,84.2,2026-08-07T23:30:00+00:00
2026-08-07T23:53:13+00:00,KSFO,San Francisco,66.2,2026-08-07T23:35:00+00:00
2026-08-07T23:53:13+00:00,KPHX,Phoenix,109.4,2026-08-07T23:35:00+00:00
2026-08-07T23:53:13+00:00,KDCA,Washington DC,86.0,2026-08-07T23:30:00+00:00
2026-08-07T23:53:13+00:00,KATL,Atlanta,84.2,2026-08-07T23:35:00+00:00
2026-08-07T23:53:13+00:00,KDFW,Dallas,98.6,2026-08-07T23:35:00+00:00
2026-08-07T23:53:13+00:00,KSEA,Seattle,84.2,2026-08-07T23:35:00+00:00
2026-08-07T23:53:13+00:00,KLAS,Las Vegas,107.6,2026-08-07T23:35:00+00:00
2026-08-07T23:53:13+00:00,KOKC,Oklahoma City,80.59,2026-08-07T23:35:00+00:00
2026-08-07T23:53:13+00:00,KBOS,Boston,89.6,2026-08-07T23:35:00+00:00
2026-08-07T23:53:13+00:00,KMSP,Minneapolis,75.2,2026-08-07T23:35:00+00:00
2026-08-07T23:53:13+00:00,KSAT,San Antonio,96.8,2026-08-07T23:35:00+00:00
2026-08-07T23:53:13+00:00,KMSY,New Orleans,87.8,2026-08-07T23:35:00+00:00
2026-08-07T23:53:13+00:00,KHOU,Houston,91.4,2026-08-07T23:35:00+00:00
2026-08-08T00:37:10+00:00,KNYC,New York City,73.04,2026-08-07T23:51:00+00:00
2026-08-08T00:37:10+00:00,KMIA,Miami,86.0,2026-08-08T00:25:00+00:00
2026-08-08T00:37:10+00:00,KDEN,Denver,93.02,2026-08-07T23:53:00+00:00
2026-08-08T00:37:10+00:00,KLAX,Los Angeles,77.0,2026-08-08T00:20:00+00:00
2026-08-08T00:37:10+00:00,KPHL,Philadelphia,78.8,2026-08-08T00:25:00+00:00
2026-08-08T00:37:10+00:00,KAUS,Austin,89.6,2026-08-08T00:15:00+00:00
2026-08-08T00:37:10+00:00,KMDW,Chicago,82.4,2026-08-08T00:20:00+00:00
2026-08-08T00:37:10+00:00,KSFO,San Francisco,64.4,2026-08-08T00:20:00+00:00
2026-08-08T00:37:10+00:00,KPHX,Phoenix,109.4,2026-08-08T00:25:00+00:00
2026-08-08T00:37:10+00:00,KDCA,Washington DC,82.4,2026-08-08T00:25:00+00:00
2026-08-08T00:37:10+00:00,KATL,Atlanta,82.4,2026-08-08T00:20:00+00:00
2026-08-08T00:37:10+00:00,KDFW,Dallas,98.6,2026-08-08T00:15:00+00:00
2026-08-08T00:37:10+00:00,KSEA,Seattle,84.2,2026-08-08T00:20:00+00:00
2026-08-08T00:37:10+00:00,KLAS,Las Vegas,107.6,2026-08-08T00:25:00+00:00
2026-08-08T00:37:10+00:00,KOKC,Oklahoma City,80.59,2026-08-08T00:20:00+00:00
2026-08-08T00:37:10+00:00,KBOS,Boston,87.8,2026-08-08T00:15:00+00:00
2026-08-08T00:37:10+00:00,KMSP,Minneapolis,75.2,2026-08-08T00:20:00+00:00
2026-08-08T00:37:10+00:00,KSAT,San Antonio,91.4,2026-08-08T00:15:00+00:00
2026-08-08T00:37:10+00:00,KMSY,New Orleans,86.0,2026-08-08T00:15:00+00:00
2026-08-08T00:37:10+00:00,KHOU,Houston,87.8,2026-08-08T00:20:00+00:00
2026-08-08T02:32:59+00:00,KNYC,New York City,73.94,2026-08-08T01:51:00+00:00
2026-08-08T02:32:59+00:00,KMIA,Miami,84.2,2026-08-08T02:15:00+00:00
2026-08-08T02:32:59+00:00,KDEN,Denver,,2026-08-08T01:53:00+00:00
2026-08-08T02:32:59+00:00,KLAX,Los Angeles,73.4,2026-08-08T02:10:00+00:00
2026-08-08T02:32:59+00:00,KPHL,Philadelphia,77.0,2026-08-08T02:15:00+00:00
2026-08-08T02:32:59+00:00,KAUS,Austin,87.8,2026-08-08T02:10:00+00:00
2026-08-08T02:32:59+00:00,KMDW,Chicago,80.59,2026-08-08T02:10:00+00:00
2026-08-08T02:32:59+00:00,KSFO,San Francisco,60.8,2026-08-08T02:20:00+00:00
2026-08-08T02:32:59+00:00,KPHX,Phoenix,107.6,2026-08-08T02:10:00+00:00
2026-08-08T02:32:59+00:00,KDCA,Washington DC,80.59,2026-08-08T02:15:00+00:00
2026-08-08T02:32:59+00:00,KATL,Atlanta,80.59,2026-08-08T02:10:00+00:00
2026-08-08T02:32:59+00:00,KDFW,Dallas,87.8,2026-08-08T02:10:00+00:00
2026-08-08T02:32:59+00:00,KSEA,Seattle,82.4,2026-08-08T02:10:00+00:00
2026-08-08T02:32:59+00:00,KLAS,Las Vegas,105.8,2026-08-08T02:20:00+00:00
2026-08-08T02:32:59+00:00,KOKC,Oklahoma City,73.4,2026-08-08T02:10:00+00:00
2026-08-08T02:32:59+00:00,KBOS,Boston,80.59,2026-08-08T02:10:00+00:00
2026-08-08T02:32:59+00:00,KMSP,Minneapolis,73.4,2026-08-08T02:15:00+00:00
2026-08-08T02:32:59+00:00,KSAT,San Antonio,87.8,2026-08-08T02:10:00+00:00
2026-08-08T02:32:59+00:00,KMSY,New Orleans,84.2,2026-08-08T02:10:00+00:00
2026-08-08T02:32:59+00:00,KHOU,Houston,84.2,2026-08-08T02:15:00+00:00
2026-08-08T03:55:28+00:00,KNYC,New York City,73.94,2026-08-08T03:28:00+00:00
2026-08-08T03:55:28+00:00,KMIA,Miami,84.2,2026-08-08T03:35:00+00:00
2026-08-08T03:55:28+00:00,KDEN,Denver,,2026-08-08T02:53:00+00:00
2026-08-08T03:55:28+00:00,KLAX,Los Angeles,71.59,2026-08-08T03:35:00+00:00
2026-08-08T03:55:28+00:00,KPHL,Philadelphia,77.0,2026-08-08T03:35:00+00:00
2026-08-08T03:55:28+00:00,KAUS,Austin,82.4,2026-08-08T03:35:00+00:00
2026-08-08T03:55:28+00:00,KMDW,Chicago,80.59,2026-08-08T03:35:00+00:00
2026-08-08T03:55:28+00:00,KSFO,San Francisco,59.0,2026-08-08T03:35:00+00:00
2026-08-08T03:55:28+00:00,KPHX,Phoenix,105.8,2026-08-08T03:35:00+00:00
2026-08-08T03:55:28+00:00,KDCA,Washington DC,80.59,2026-08-08T03:35:00+00:00
2026-08-08T03:55:28+00:00,KATL,Atlanta,78.8,2026-08-08T03:30:00+00:00
2026-08-08T03:55:28+00:00,KDFW,Dallas,87.8,2026-08-08T03:30:00+00:00
2026-08-08T03:55:28+00:00,KSEA,Seattle,75.2,2026-08-08T03:35:00+00:00
2026-08-08T03:55:28+00:00,KLAS,Las Vegas,104.0,2026-08-08T03:35:00+00:00
2026-08-08T03:55:28+00:00,KOKC,Oklahoma City,71.59,2026-08-08T03:35:00+00:00
2026-08-08T03:55:28+00:00,KBOS,Boston,82.4,2026-08-08T03:35:00+00:00
2026-08-08T03:55:28+00:00,KMSP,Minneapolis,68.0,2026-08-08T03:35:00+00:00
2026-08-08T03:55:28+00:00,KSAT,San Antonio,84.2,2026-08-08T03:35:00+00:00
2026-08-08T03:55:28+00:00,KMSY,New Orleans,82.4,2026-08-08T03:35:00+00:00
2026-08-08T03:55:28+00:00,KHOU,Houston,82.4,2026-08-08T03:35:00+00:00
2026-08-08T04:43:57+00:00,KNYC,New York City,73.04,2026-08-08T03:51:00+00:00
2026-08-08T04:43:57+00:00,KMIA,Miami,84.2,2026-08-08T04:25:00+00:00
2026-08-08T04:43:57+00:00,KDEN,Denver,75.02,2026-08-08T03:53:00+00:00
2026-08-08T04:43:57+00:00,KLAX,Los Angeles,71.59,2026-08-08T04:25:00+00:00
2026-08-08T04:43:57+00:00,KPHL,Philadelphia,75.2,2026-08-08T04:30:00+00:00
2026-08-08T04:43:57+00:00,KAUS,Austin,82.4,2026-08-08T04:20:00+00:00
2026-08-08T04:43:57+00:00,KMDW,Chicago,78.8,2026-08-08T04:25:00+00:00
2026-08-08T04:43:57+00:00,KSFO,San Francisco,57.2,2026-08-08T04:20:00+00:00
2026-08-08T04:43:57+00:00,KPHX,Phoenix,104.0,2026-08-08T04:25:00+00:00
2026-08-08T04:43:57+00:00,KDCA,Washington DC,78.8,2026-08-08T04:25:00+00:00
2026-08-08T04:43:57+00:00,KATL,Atlanta,78.8,2026-08-08T04:25:00+00:00
2026-08-08T04:43:57+00:00,KDFW,Dallas,87.8,2026-08-08T04:20:00+00:00
2026-08-08T04:43:57+00:00,KSEA,Seattle,75.2,2026-08-08T04:25:00+00:00
2026-08-08T04:43:57+00:00,KLAS,Las Vegas,102.2,2026-08-08T04:25:00+00:00
2026-08-08T04:43:57+00:00,KOKC,Oklahoma City,71.59,2026-08-08T04:20:00+00:00
2026-08-08T04:43:57+00:00,KBOS,Boston,82.4,2026-08-08T04:25:00+00:00
2026-08-08T04:43:57+00:00,KMSP,Minneapolis,68.0,2026-08-08T04:20:00+00:00
2026-08-08T04:43:57+00:00,KSAT,San Antonio,84.2,2026-08-08T04:20:00+00:00
2026-08-08T04:43:57+00:00,KMSY,New Orleans,80.59,2026-08-08T04:20:00+00:00
2026-08-08T04:43:57+00:00,KHOU,Houston,82.4,2026-08-08T04:20:00+00:00
2026-08-08T05:25:17+00:00,KNYC,New York City,73.04,2026-08-08T04:51:00+00:00
2026-08-08T05:25:17+00:00,KMIA,Miami,84.2,2026-08-08T05:05:00+00:00
2026-08-08T05:25:17+00:00,KDEN,Denver,71.95,2026-08-08T04:53:00+00:00
2026-08-08T05:25:17+00:00,KLAX,Los Angeles,71.59,2026-08-08T05:05:00+00:00
2026-08-08T05:25:17+00:00,KPHL,Philadelphia,75.2,2026-08-08T05:05:00+00:00
2026-08-08T05:25:17+00:00,KAUS,Austin,78.8,2026-08-08T05:10:00+00:00
2026-08-08T05:25:17+00:00,KMDW,Chicago,77.0,2026-08-08T05:05:00+00:00
2026-08-08T05:25:17+00:00,KSFO,San Francisco,57.2,2026-08-08T05:05:00+00:00
2026-08-08T05:25:17+00:00,KPHX,Phoenix,104.0,2026-08-08T05:05:00+00:00
2026-08-08T05:25:17+00:00,KDCA,Washington DC,78.8,2026-08-08T05:05:00+00:00
2026-08-08T05:25:17+00:00,KATL,Atlanta,75.2,2026-08-08T05:05:00+00:00
2026-08-08T05:25:17+00:00,KDFW,Dallas,86.0,2026-08-08T05:10:00+00:00
2026-08-08T05:25:17+00:00,KSEA,Seattle,71.59,2026-08-08T05:00:00+00:00
2026-08-08T05:25:17+00:00,KLAS,Las Vegas,102.2,2026-08-08T05:05:00+00:00
2026-08-08T05:25:17+00:00,KOKC,Oklahoma City,71.59,2026-08-08T05:10:00+00:00
2026-08-08T05:25:17+00:00,KBOS,Boston,80.59,2026-08-08T05:10:00+00:00
2026-08-08T05:25:17+00:00,KMSP,Minneapolis,66.2,2026-08-08T05:10:00+00:00
2026-08-08T05:25:17+00:00,KSAT,San Antonio,82.4,2026-08-08T05:10:00+00:00
2026-08-08T05:25:17+00:00,KMSY,New Orleans,80.59,2026-08-08T05:10:00+00:00
2026-08-08T05:25:17+00:00,KHOU,Houston,82.4,2026-08-08T05:00:00+00:00
2026-08-08T06:01:53+00:00,KNYC,New York City,71.95,2026-08-08T05:41:00+00:00
2026-08-08T06:01:53+00:00,KMIA,Miami,84.2,2026-08-08T05:35:00+00:00
2026-08-08T06:01:53+00:00,KDEN,Denver,71.95,2026-08-08T04:53:00+00:00
2026-08-08T06:01:53+00:00,KLAX,Los Angeles,69.8,2026-08-08T05:40:00+00:00
2026-08-08T06:01:53+00:00,KPHL,Philadelphia,77.0,2026-08-08T05:35:00+00:00
2026-08-08T06:01:53+00:00,KAUS,Austin,78.8,2026-08-08T05:40:00+00:00
2026-08-08T06:01:53+00:00,KMDW,Chicago,75.2,2026-08-08T05:40:00+00:00
2026-08-08T06:01:53+00:00,KSFO,San Francisco,57.2,2026-08-08T05:35:00+00:00
2026-08-08T06:01:53+00:00,KPHX,Phoenix,102.2,2026-08-08T05:40:00+00:00
2026-08-08T06:01:53+00:00,KDCA,Washington DC,77.0,2026-08-08T05:40:00+00:00
2026-08-08T06:01:53+00:00,KATL,Atlanta,77.0,2026-08-08T05:40:00+00:00
2026-08-08T06:01:53+00:00,KDFW,Dallas,86.0,2026-08-08T05:40:00+00:00
2026-08-08T06:01:53+00:00,KSEA,Seattle,68.0,2026-08-08T05:40:00+00:00
2026-08-08T06:01:53+00:00,KLAS,Las Vegas,100.4,2026-08-08T05:35:00+00:00
2026-08-08T06:01:53+00:00,KOKC,Oklahoma City,71.59,2026-08-08T05:40:00+00:00
2026-08-08T06:01:53+00:00,KBOS,Boston,80.59,2026-08-08T05:40:00+00:00
2026-08-08T06:01:53+00:00,KMSP,Minneapolis,66.2,2026-08-08T05:40:00+00:00
2026-08-08T06:01:53+00:00,KSAT,San Antonio,80.59,2026-08-08T05:40:00+00:00
2026-08-08T06:01:53+00:00,KMSY,New Orleans,82.4,2026-08-08T05:40:00+00:00
2026-08-08T06:01:53+00:00,KHOU,Houston,80.59,2026-08-08T05:35:00+00:00
2026-08-08T07:10:28+00:00,KNYC,New York City,71.95,2026-08-08T05:51:00+00:00
2026-08-08T07:10:28+00:00,KMIA,Miami,84.2,2026-08-08T06:50:00+00:00
2026-08-08T07:10:28+00:00,KDEN,Denver,,2026-08-08T05:53:00+00:00
2026-08-08T07:10:28+00:00,KLAX,Los Angeles,69.8,2026-08-08T06:45:00+00:00
2026-08-08T07:10:28+00:00,KPHL,Philadelphia,75.2,2026-08-08T06:50:00+00:00
2026-08-08T07:10:28+00:00,KAUS,Austin,78.8,2026-08-08T06:50:00+00:00
2026-08-08T07:10:28+00:00,KMDW,Chicago,75.2,2026-08-08T07:00:00+00:00
2026-08-08T07:10:28+00:00,KSFO,San Francisco,57.2,2026-08-08T06:40:00+00:00
2026-08-08T07:10:28+00:00,KPHX,Phoenix,102.2,2026-08-08T06:50:00+00:00
2026-08-08T07:10:28+00:00,KDCA,Washington DC,75.2,2026-08-08T06:45:00+00:00
2026-08-08T07:10:28+00:00,KATL,Atlanta,75.2,2026-08-08T06:45:00+00:00
2026-08-08T07:10:28+00:00,KDFW,Dallas,84.2,2026-08-08T06:45:00+00:00
2026-08-08T07:10:28+00:00,KSEA,Seattle,66.2,2026-08-08T06:50:00+00:00
2026-08-08T07:10:28+00:00,KLAS,Las Vegas,98.6,2026-08-08T06:45:00+00:00
2026-08-08T07:10:28+00:00,KOKC,Oklahoma City,71.59,2026-08-08T07:00:00+00:00
2026-08-08T07:10:28+00:00,KBOS,Boston,78.8,2026-08-08T06:50:00+00:00
2026-08-08T07:10:28+00:00,KMSP,Minneapolis,64.4,2026-08-08T06:45:00+00:00
2026-08-08T07:10:28+00:00,KSAT,San Antonio,78.8,2026-08-08T06:40:00+00:00
2026-08-08T07:10:28+00:00,KMSY,New Orleans,80.59,2026-08-08T06:50:00+00:00
2026-08-08T07:10:28+00:00,KHOU,Houston,80.59,2026-08-08T06:50:00+00:00
2026-08-08T07:56:06+00:00,KNYC,New York City,71.95,2026-08-08T06:51:00+00:00
2026-08-08T07:56:06+00:00,KMIA,Miami,84.2,2026-08-08T07:35:00+00:00
2026-08-08T07:56:06+00:00,KDEN,Denver,73.04,2026-08-08T06:53:00+00:00
2026-08-08T07:56:06+00:00,KLAX,Los Angeles,69.8,2026-08-08T07:35:00+00:00
2026-08-08T07:56:06+00:00,KPHL,Philadelphia,75.2,2026-08-08T07:35:00+00:00
2026-08-08T07:56:06+00:00,KAUS,Austin,77.0,2026-08-08T07:35:00+00:00
2026-08-08T07:56:06+00:00,KMDW,Chicago,75.2,2026-08-08T07:35:00+00:00
2026-08-08T07:56:06+00:00,KSFO,San Francisco,57.2,2026-08-08T07:35:00+00:00
2026-08-08T07:56:06+00:00,KPHX,Phoenix,100.4,2026-08-08T07:35:00+00:00
2026-08-08T07:56:06+00:00,KDCA,Washington DC,75.2,2026-08-08T07:35:00+00:00
2026-08-08T07:56:06+00:00,KATL,Atlanta,75.2,2026-08-08T07:35:00+00:00
2026-08-08T07:56:06+00:00,KDFW,Dallas,82.4,2026-08-08T07:35:00+00:00
2026-08-08T07:56:06+00:00,KSEA,Seattle,66.2,2026-08-08T07:35:00+00:00
2026-08-08T07:56:06+00:00,KLAS,Las Vegas,98.6,2026-08-08T07:35:00+00:00
2026-08-08T07:56:06+00:00,KOKC,Oklahoma City,71.59,2026-08-08T07:35:00+00:00
2026-08-08T07:56:06+00:00,KBOS,Boston,77.0,2026-08-08T07:35:00+00:00
2026-08-08T07:56:06+00:00,KMSP,Minneapolis,62.6,2026-08-08T07:35:00+00:00
2026-08-08T07:56:06+00:00,KSAT,San Antonio,78.8,2026-08-08T07:35:00+00:00
2026-08-08T07:56:06+00:00,KMSY,New Orleans,80.59,2026-08-08T07:35:00+00:00
2026-08-08T07:56:06+00:00,KHOU,Houston,80.59,2026-08-08T07:35:00+00:00
2026-08-08T08:26:37+00:00,KNYC,New York City,71.06,2026-08-08T07:51:00+00:00
2026-08-08T08:26:37+00:00,KMIA,Miami,82.4,2026-08-08T08:10:00+00:00
2026-08-08T08:26:37+00:00,KDEN,Denver,71.95,2026-08-08T07:53:00+00:00
2026-08-08T08:26:37+00:00,KLAX,Los Angeles,69.8,2026-08-08T08:05:00+00:00
2026-08-08T08:26:37+00:00,KPHL,Philadelphia,75.2,2026-08-08T08:05:00+00:00
2026-08-08T08:26:37+00:00,KAUS,Austin,75.2,2026-08-08T08:10:00+00:00
2026-08-08T08:26:37+00:00,KMDW,Chicago,73.4,2026-08-08T08:15:00+00:00
2026-08-08T08:26:37+00:00,KSFO,San Francisco,57.2,2026-08-08T08:05:00+00:00
2026-08-08T08:26:37+00:00,KPHX,Phoenix,100.4,2026-08-08T08:05:00+00:00
2026-08-08T08:26:37+00:00,KDCA,Washington DC,75.2,2026-08-08T08:10:00+00:00
2026-08-08T08:26:37+00:00,KATL,Atlanta,73.4,2026-08-08T08:05:00+00:00
2026-08-08T08:26:37+00:00,KDFW,Dallas,84.2,2026-08-08T08:10:00+00:00
2026-08-08T08:26:37+00:00,KSEA,Seattle,64.4,2026-08-08T08:10:00+00:00
2026-08-08T08:26:37+00:00,KLAS,Las Vegas,98.6,2026-08-08T08:00:00+00:00
2026-08-08T08:26:37+00:00,KOKC,Oklahoma City,71.59,2026-08-08T08:10:00+00:00
2026-08-08T08:26:37+00:00,KBOS,Boston,75.2,2026-08-08T08:05:00+00:00
2026-08-08T08:26:37+00:00,KMSP,Minneapolis,62.6,2026-08-08T08:10:00+00:00
2026-08-08T08:26:37+00:00,KSAT,San Antonio,78.8,2026-08-08T08:10:00+00:00
2026-08-08T08:26:37+00:00,KMSY,New Orleans,78.8,2026-08-08T08:10:00+00:00
2026-08-08T08:26:37+00:00,KHOU,Houston,78.8,2026-08-08T08:10:00+00:00
2026-08-08T09:07:53+00:00,KNYC,New York City,71.06,2026-08-08T07:51:00+00:00
2026-08-08T09:07:53+00:00,KMIA,Miami,82.94,2026-08-08T08:40:00+00:00
2026-08-08T09:07:53+00:00,KDEN,Denver,71.95,2026-08-08T07:53:00+00:00
2026-08-08T09:07:53+00:00,KLAX,Los Angeles,69.8,2026-08-08T08:40:00+00:00
2026-08-08T09:07:53+00:00,KPHL,Philadelphia,75.2,2026-08-08T08:45:00+00:00
2026-08-08T09:07:53+00:00,KAUS,Austin,77.0,2026-08-08T08:50:00+00:00
2026-08-08T09:07:53+00:00,KMDW,Chicago,73.4,2026-08-08T08:40:00+00:00
2026-08-08T09:07:53+00:00,KSFO,San Francisco,57.2,2026-08-08T08:45:00+00:00
2026-08-08T09:07:53+00:00,KPHX,Phoenix,100.4,2026-08-08T08:50:00+00:00
2026-08-08T09:07:53+00:00,KDCA,Washington DC,75.2,2026-08-08T08:45:00+00:00
2026-08-08T09:07:53+00:00,KATL,Atlanta,73.4,2026-08-08T08:45:00+00:00
2026-08-08T09:07:53+00:00,KDFW,Dallas,84.2,2026-08-08T08:50:00+00:00
2026-08-08T09:07:53+00:00,KSEA,Seattle,62.6,2026-08-08T08:50:00+00:00
2026-08-08T09:07:53+00:00,KLAS,Las Vegas,96.8,2026-08-08T08:45:00+00:00
2026-08-08T09:07:53+00:00,KOKC,Oklahoma City,71.59,2026-08-08T08:40:00+00:00
2026-08-08T09:07:53+00:00,KBOS,Boston,75.2,2026-08-08T08:45:00+00:00
2026-08-08T09:07:53+00:00,KMSP,Minneapolis,62.6,2026-08-08T08:40:00+00:00
2026-08-08T09:07:53+00:00,KSAT,San Antonio,78.8,2026-08-08T08:45:00+00:00
2026-08-08T09:07:53+00:00,KMSY,New Orleans,77.0,2026-08-08T08:45:00+00:00
2026-08-08T09:07:53+00:00,KHOU,Houston,80.59,2026-08-08T08:50:00+00:00
2026-08-08T09:50:46+00:00,KNYC,New York City,71.06,2026-08-08T08:51:00+00:00
2026-08-08T09:50:46+00:00,KMIA,Miami,82.4,2026-08-08T09:25:00+00:00
2026-08-08T09:50:46+00:00,KDEN,Denver,75.92,2026-08-08T08:53:00+00:00
2026-08-08T09:50:46+00:00,KLAX,Los Angeles,69.8,2026-08-08T09:25:00+00:00
2026-08-08T09:50:46+00:00,KPHL,Philadelphia,75.2,2026-08-08T09:35:00+00:00
2026-08-08T09:50:46+00:00,KAUS,Austin,73.4,2026-08-08T09:30:00+00:00
2026-08-08T09:50:46+00:00,KMDW,Chicago,71.59,2026-08-08T09:25:00+00:00
2026-08-08T09:50:46+00:00,KSFO,San Francisco,57.2,2026-08-08T09:25:00+00:00
2026-08-08T09:50:46+00:00,KPHX,Phoenix,98.6,2026-08-08T09:30:00+00:00
2026-08-08T09:50:46+00:00,KDCA,Washington DC,75.2,2026-08-08T09:30:00+00:00
2026-08-08T09:50:46+00:00,KATL,Atlanta,73.4,2026-08-08T09:25:00+00:00
2026-08-08T09:50:46+00:00,KDFW,Dallas,84.2,2026-08-08T09:25:00+00:00
2026-08-08T09:50:46+00:00,KSEA,Seattle,62.6,2026-08-08T09:20:00+00:00
2026-08-08T09:50:46+00:00,KLAS,Las Vegas,95.0,2026-08-08T09:35:00+00:00
2026-08-08T09:50:46+00:00,KOKC,Oklahoma City,69.8,2026-08-08T09:35:00+00:00
2026-08-08T09:50:46+00:00,KBOS,Boston,75.2,2026-08-08T09:35:00+00:00
2026-08-08T09:50:46+00:00,KMSP,Minneapolis,62.6,2026-08-08T09:35:00+00:00
2026-08-08T09:50:46+00:00,KSAT,San Antonio,78.8,2026-08-08T09:30:00+00:00
2026-08-08T09:50:46+00:00,KMSY,New Orleans,78.8,2026-08-08T09:30:00+00:00
2026-08-08T09:50:46+00:00,KHOU,Houston,80.59,2026-08-08T09:30:00+00:00
2026-08-08T10:17:53+00:00,KNYC,New York City,71.95,2026-08-08T09:51:00+00:00
2026-08-08T10:17:53+00:00,KMIA,Miami,82.4,2026-08-08T10:00:00+00:00
2026-08-08T10:17:53+00:00,KDEN,Denver,71.95,2026-08-08T09:53:00+00:00
2026-08-08T10:17:53+00:00,KLAX,Los Angeles,69.8,2026-08-08T09:50:00+00:00
2026-08-08T10:17:53+00:00,KPHL,Philadelphia,75.2,2026-08-08T10:00:00+00:00
2026-08-08T10:17:53+00:00,KAUS,Austin,71.95,2026-08-08T09:53:00+00:00
2026-08-08T10:17:53+00:00,KMDW,Chicago,73.04,2026-08-08T09:53:00+00:00
2026-08-08T10:17:53+00:00,KSFO,San Francisco,57.2,2026-08-08T09:50:00+00:00
2026-08-08T10:17:53+00:00,KPHX,Phoenix,98.6,2026-08-08T10:00:00+00:00
2026-08-08T10:17:53+00:00,KDCA,Washington DC,75.2,2026-08-08T10:00:00+00:00
2026-08-08T10:17:53+00:00,KATL,Atlanta,73.04,2026-08-08T09:52:00+00:00
2026-08-08T10:17:53+00:00,KDFW,Dallas,82.94,2026-08-08T09:53:00+00:00
2026-08-08T10:17:53+00:00,KSEA,Seattle,60.8,2026-08-08T09:50:00+00:00
2026-08-08T10:17:53+00:00,KLAS,Las Vegas,93.2,2026-08-08T10:00:00+00:00
2026-08-08T10:17:53+00:00,KOKC,Oklahoma City,69.98,2026-08-08T09:52:00+00:00
2026-08-08T10:17:53+00:00,KBOS,Boston,73.4,2026-08-08T10:05:00+00:00
2026-08-08T10:17:53+00:00,KMSP,Minneapolis,62.05,2026-08-08T09:53:00+00:00
2026-08-08T10:17:53+00:00,KSAT,San Antonio,78.08,2026-08-08T09:51:00+00:00
2026-08-08T10:17:53+00:00,KMSY,New Orleans,78.08,2026-08-08T09:53:00+00:00
2026-08-08T10:17:53+00:00,KHOU,Houston,78.98,2026-08-08T09:53:00+00:00
2026-08-08T10:56:26+00:00,KNYC,New York City,71.95,2026-08-08T09:51:00+00:00
2026-08-08T10:56:26+00:00,KMIA,Miami,82.4,2026-08-08T10:35:00+00:00
2026-08-08T10:56:26+00:00,KDEN,Denver,71.95,2026-08-08T09:53:00+00:00
2026-08-08T10:56:26+00:00,KLAX,Los Angeles,69.8,2026-08-08T10:35:00+00:00
2026-08-08T10:56:26+00:00,KPHL,Philadelphia,75.2,2026-08-08T10:35:00+00:00
2026-08-08T10:56:26+00:00,KAUS,Austin,73.4,2026-08-08T10:35:00+00:00
2026-08-08T10:56:26+00:00,KMDW,Chicago,71.59,2026-08-08T10:35:00+00:00
2026-08-08T10:56:26+00:00,KSFO,San Francisco,57.2,2026-08-08T10:35:00+00:00
2026-08-08T10:56:26+00:00,KPHX,Phoenix,98.6,2026-08-08T10:35:00+00:00
2026-08-08T10:56:26+00:00,KDCA,Washington DC,75.2,2026-08-08T10:35:00+00:00
2026-08-08T10:56:26+00:00,KATL,Atlanta,73.4,2026-08-08T10:35:00+00:00
2026-08-08T10:56:26+00:00,KDFW,Dallas,82.4,2026-08-08T10:35:00+00:00
2026-08-08T10:56:26+00:00,KSEA,Seattle,60.8,2026-08-08T10:35:00+00:00
2026-08-08T10:56:26+00:00,KLAS,Las Vegas,93.2,2026-08-08T10:35:00+00:00
2026-08-08T10:56:26+00:00,KOKC,Oklahoma City,69.8,2026-08-08T10:35:00+00:00
2026-08-08T10:56:26+00:00,KBOS,Boston,75.2,2026-08-08T10:35:00+00:00
2026-08-08T10:56:26+00:00,KMSP,Minneapolis,60.8,2026-08-08T10:35:00+00:00
2026-08-08T10:56:26+00:00,KSAT,San Antonio,77.0,2026-08-08T10:35:00+00:00
2026-08-08T10:56:26+00:00,KMSY,New Orleans,78.8,2026-08-08T10:35:00+00:00
2026-08-08T10:56:26+00:00,KHOU,Houston,78.8,2026-08-08T10:35:00+00:00
2026-08-08T11:19:59+00:00,KNYC,New York City,71.95,2026-08-08T10:51:00+00:00
2026-08-08T11:19:59+00:00,KMIA,Miami,84.2,2026-08-08T10:50:00+00:00
2026-08-08T11:19:59+00:00,KDEN,Denver,68.0,2026-08-08T10:53:00+00:00
2026-08-08T11:19:59+00:00,KLAX,Los Angeles,69.8,2026-08-08T10:50:00+00:00
2026-08-08T11:19:59+00:00,KPHL,Philadelphia,75.2,2026-08-08T11:00:00+00:00
2026-08-08T11:19:59+00:00,KAUS,Austin,73.4,2026-08-08T11:10:00+00:00
2026-08-08T11:19:59+00:00,KMDW,Chicago,71.59,2026-08-08T11:05:00+00:00
2026-08-08T11:19:59+00:00,KSFO,San Francisco,57.2,2026-08-08T11:00:00+00:00
2026-08-08T11:19:59+00:00,KPHX,Phoenix,96.8,2026-08-08T11:00:00+00:00
2026-08-08T11:19:59+00:00,KDCA,Washington DC,75.2,2026-08-08T10:50:00+00:00
2026-08-08T11:19:59+00:00,KATL,Atlanta,73.4,2026-08-08T11:05:00+00:00
2026-08-08T11:19:59+00:00,KDFW,Dallas,82.4,2026-08-08T11:10:00+00:00
2026-08-08T11:19:59+00:00,KSEA,Seattle,60.8,2026-08-08T10:50:00+00:00
2026-08-08T11:19:59+00:00,KLAS,Las Vegas,93.2,2026-08-08T11:00:00+00:00
2026-08-08T11:19:59+00:00,KOKC,Oklahoma City,69.8,2026-08-08T11:00:00+00:00
2026-08-08T11:19:59+00:00,KBOS,Boston,75.2,2026-08-08T11:05:00+00:00
2026-08-08T11:19:59+00:00,KMSP,Minneapolis,60.8,2026-08-08T11:00:00+00:00
2026-08-08T11:19:59+00:00,KSAT,San Antonio,77.0,2026-08-08T11:10:00+00:00
2026-08-08T11:19:59+00:00,KMSY,New Orleans,78.8,2026-08-08T11:10:00+00:00
2026-08-08T11:19:59+00:00,KHOU,Houston,78.8,2026-08-08T11:00:00+00:00
2026-08-08T11:49:15+00:00,KNYC,New York City,71.95,2026-08-08T10:51:00+00:00
2026-08-08T11:49:15+00:00,KMIA,Miami,84.2,2026-08-08T11:25:00+00:00
2026-08-08T11:49:15+00:00,KDEN,Denver,68.0,2026-08-08T10:53:00+00:00
2026-08-08T11:49:15+00:00,KLAX,Los Angeles,69.8,2026-08-08T11:30:00+00:00
2026-08-08T11:49:15+00:00,KPHL,Philadelphia,77.0,2026-08-08T11:35:00+00:00
2026-08-08T11:49:15+00:00,KAUS,Austin,73.4,2026-08-08T11:25:00+00:00
2026-08-08T11:49:15+00:00,KMDW,Chicago,71.59,2026-08-08T11:25:00+00:00
2026-08-08T11:49:15+00:00,KSFO,San Francisco,57.2,2026-08-08T11:30:00+00:00
2026-08-08T11:49:15+00:00,KPHX,Phoenix,96.8,2026-08-08T11:35:00+00:00
2026-08-08T11:49:15+00:00,KDCA,Washington DC,75.2,2026-08-08T11:30:00+00:00
2026-08-08T11:49:15+00:00,KATL,Atlanta,73.4,2026-08-08T11:20:00+00:00
2026-08-08T11:49:15+00:00,KDFW,Dallas,82.4,2026-08-08T11:25:00+00:00
2026-08-08T11:49:15+00:00,KSEA,Seattle,60.8,2026-08-08T11:30:00+00:00
2026-08-08T11:49:15+00:00,KLAS,Las Vegas,91.4,2026-08-08T11:25:00+00:00
2026-08-08T11:49:15+00:00,KOKC,Oklahoma City,69.8,2026-08-08T11:20:00+00:00
2026-08-08T11:49:15+00:00,KBOS,Boston,77.0,2026-08-08T11:30:00+00:00
2026-08-08T11:49:15+00:00,KMSP,Minneapolis,60.8,2026-08-08T11:20:00+00:00
2026-08-08T11:49:15+00:00,KSAT,San Antonio,77.0,2026-08-08T11:26:00+00:00
2026-08-08T11:49:15+00:00,KMSY,New Orleans,78.8,2026-08-08T11:30:00+00:00
2026-08-08T11:49:15+00:00,KHOU,Houston,80.59,2026-08-08T11:25:00+00:00
2026-08-08T12:18:32+00:00,KNYC,New York City,73.04,2026-08-08T11:51:00+00:00
2026-08-08T12:18:32+00:00,KMIA,Miami,84.2,2026-08-08T12:00:00+00:00
2026-08-08T12:18:32+00:00,KDEN,Denver,66.92,2026-08-08T11:53:00+00:00
2026-08-08T12:18:32+00:00,KLAX,Los Angeles,69.8,2026-08-08T11:50:00+00:00
2026-08-08T12:18:32+00:00,KPHL,Philadelphia,78.8,2026-08-08T12:05:00+00:00
2026-08-08T12:18:32+00:00,KAUS,Austin,71.59,2026-08-08T12:10:00+00:00
2026-08-08T12:18:32+00:00,KMDW,Chicago,73.4,2026-08-08T12:10:00+00:00
2026-08-08T12:18:32+00:00,KSFO,San Francisco,57.2,2026-08-08T11:50:00+00:00
2026-08-08T12:18:32+00:00,KPHX,Phoenix,95.0,2026-08-08T11:51:00+00:00
2026-08-08T12:18:32+00:00,KDCA,Washington DC,78.8,2026-08-08T12:05:00+00:00
2026-08-08T12:18:32+00:00,KATL,Atlanta,75.2,2026-08-08T12:00:00+00:00
2026-08-08T12:18:32+00:00,KDFW,Dallas,82.4,2026-08-08T12:10:00+00:00
2026-08-08T12:18:32+00:00,KSEA,Seattle,59.0,2026-08-08T11:50:00+00:00
2026-08-08T12:18:32+00:00,KLAS,Las Vegas,91.4,2026-08-08T12:00:00+00:00
2026-08-08T12:18:32+00:00,KOKC,Oklahoma City,69.8,2026-08-08T12:05:00+00:00
2026-08-08T12:18:32+00:00,KBOS,Boston,78.8,2026-08-08T12:05:00+00:00
2026-08-08T12:18:32+00:00,KMSP,Minneapolis,60.8,2026-08-08T12:05:00+00:00
2026-08-08T12:18:32+00:00,KSAT,San Antonio,77.0,2026-08-08T11:51:00+00:00
2026-08-08T12:18:32+00:00,KMSY,New Orleans,80.06,2026-08-08T11:53:00+00:00
2026-08-08T12:18:32+00:00,KHOU,Houston,78.98,2026-08-08T11:53:00+00:00
2026-08-08T13:23:08+00:00,KNYC,New York City,73.94,2026-08-08T12:51:00+00:00
2026-08-08T13:23:08+00:00,KMIA,Miami,87.8,2026-08-08T13:00:00+00:00
2026-08-08T13:23:08+00:00,KDEN,Denver,68.0,2026-08-08T12:53:00+00:00
2026-08-08T13:23:08+00:00,KLAX,Los Angeles,69.8,2026-08-08T13:05:00+00:00
2026-08-08T13:23:08+00:00,KPHL,Philadelphia,80.59,2026-08-08T13:00:00+00:00
2026-08-08T13:23:08+00:00,KAUS,Austin,77.0,2026-08-08T13:10:00+00:00
2026-08-08T13:23:08+00:00,KMDW,Chicago,73.4,2026-08-08T13:05:00+00:00
2026-08-08T13:23:08+00:00,KSFO,San Francisco,57.2,2026-08-08T13:00:00+00:00
2026-08-08T13:23:08+00:00,KPHX,Phoenix,95.0,2026-08-08T13:05:00+00:00
2026-08-08T13:23:08+00:00,KDCA,Washington DC,80.59,2026-08-08T13:05:00+00:00
2026-08-08T13:23:08+00:00,KATL,Atlanta,78.8,2026-08-08T13:05:00+00:00
2026-08-08T13:23:08+00:00,KDFW,Dallas,82.4,2026-08-08T13:10:00+00:00
2026-08-08T13:23:08+00:00,KSEA,Seattle,59.0,2026-08-08T13:05:00+00:00
2026-08-08T13:23:08+00:00,KLAS,Las Vegas,91.4,2026-08-08T13:05:00+00:00
2026-08-08T13:23:08+00:00,KOKC,Oklahoma City,73.4,2026-08-08T13:10:00+00:00
2026-08-08T13:23:08+00:00,KBOS,Boston,80.59,2026-08-08T13:05:00+00:00
2026-08-08T13:23:08+00:00,KMSP,Minneapolis,64.4,2026-08-08T13:10:00+00:00
2026-08-08T13:23:08+00:00,KSAT,San Antonio,78.8,2026-08-08T13:10:00+00:00
2026-08-08T13:23:08+00:00,KMSY,New Orleans,84.2,2026-08-08T13:10:00+00:00
2026-08-08T13:23:08+00:00,KHOU,Houston,82.4,2026-08-08T13:05:00+00:00
2026-08-08T14:02:33+00:00,KNYC,New York City,73.94,2026-08-08T12:51:00+00:00
2026-08-08T14:02:33+00:00,KMIA,Miami,87.8,2026-08-08T13:35:00+00:00
2026-08-08T14:02:33+00:00,KDEN,Denver,68.0,2026-08-08T12:53:00+00:00
2026-08-08T14:02:33+00:00,KLAX,Los Angeles,69.8,2026-08-08T13:40:00+00:00
2026-08-08T14:02:33+00:00,KPHL,Philadelphia,82.4,2026-08-08T13:40:00+00:00
2026-08-08T14:02:33+00:00,KAUS,Austin,78.8,2026-08-08T13:40:00+00:00
2026-08-08T14:02:33+00:00,KMDW,Chicago,73.4,2026-08-08T13:40:00+00:00
2026-08-08T14:02:33+00:00,KSFO,San Francisco,57.2,2026-08-08T13:40:00+00:00
2026-08-08T14:02:33+00:00,KPHX,Phoenix,95.0,2026-08-08T13:40:00+00:00
2026-08-08T14:02:33+00:00,KDCA,Washington DC,82.4,2026-08-08T13:40:00+00:00
2026-08-08T14:02:33+00:00,KATL,Atlanta,80.59,2026-08-08T13:35:00+00:00
2026-08-08T14:02:33+00:00,KDFW,Dallas,84.2,2026-08-08T13:40:00+00:00
2026-08-08T14:02:33+00:00,KSEA,Seattle,59.0,2026-08-08T13:40:00+00:00
2026-08-08T14:02:33+00:00,KLAS,Las Vegas,91.4,2026-08-08T13:40:00+00:00
2026-08-08T14:02:33+00:00,KOKC,Oklahoma City,75.2,2026-08-08T13:40:00+00:00
2026-08-08T14:02:33+00:00,KBOS,Boston,82.4,2026-08-08T13:40:00+00:00
2026-08-08T14:02:33+00:00,KMSP,Minneapolis,66.2,2026-08-08T13:45:00+00:00
2026-08-08T14:02:33+00:00,KSAT,San Antonio,80.59,2026-08-08T13:40:00+00:00
2026-08-08T14:02:33+00:00,KMSY,New Orleans,84.2,2026-08-08T13:40:00+00:00
2026-08-08T14:02:33+00:00,KHOU,Houston,84.2,2026-08-08T13:35:00+00:00
2026-08-08T14:46:20+00:00,KNYC,New York City,77.0,2026-08-08T13:51:00+00:00
2026-08-08T14:46:20+00:00,KMIA,Miami,87.8,2026-08-08T14:25:00+00:00
2026-08-08T14:46:20+00:00,KDEN,Denver,,2026-08-08T13:53:00+00:00
2026-08-08T14:46:20+00:00,KLAX,Los Angeles,69.8,2026-08-08T14:20:00+00:00
2026-08-08T14:46:20+00:00,KPHL,Philadelphia,82.4,2026-08-08T14:25:00+00:00
2026-08-08T14:46:20+00:00,KAUS,Austin,82.4,2026-08-08T14:25:00+00:00
2026-08-08T14:46:20+00:00,KMDW,Chicago,75.2,2026-08-08T14:25:00+00:00
2026-08-08T14:46:20+00:00,KSFO,San Francisco,57.2,2026-08-08T14:20:00+00:00
2026-08-08T14:46:20+00:00,KPHX,Phoenix,96.8,2026-08-08T14:25:00+00:00
2026-08-08T14:46:20+00:00,KDCA,Washington DC,84.2,2026-08-08T14:25:00+00:00
2026-08-08T14:46:20+00:00,KATL,Atlanta,82.4,2026-08-08T14:25:00+00:00
2026-08-08T14:46:20+00:00,KDFW,Dallas,84.2,2026-08-08T14:20:00+00:00
2026-08-08T14:46:20+00:00,KSEA,Seattle,59.0,2026-08-08T14:15:00+00:00
2026-08-08T14:46:20+00:00,KLAS,Las Vegas,93.2,2026-08-08T14:25:00+00:00
2026-08-08T14:46:20+00:00,KOKC,Oklahoma City,82.4,2026-08-08T14:20:00+00:00
2026-08-08T14:46:20+00:00,KBOS,Boston,84.2,2026-08-08T14:25:00+00:00
2026-08-08T14:46:20+00:00,KMSP,Minneapolis,69.8,2026-08-08T14:20:00+00:00
2026-08-08T14:46:20+00:00,KSAT,San Antonio,82.4,2026-08-08T14:20:00+00:00
2026-08-08T14:46:20+00:00,KMSY,New Orleans,86.0,2026-08-08T14:20:00+00:00
2026-08-08T14:46:20+00:00,KHOU,Houston,86.0,2026-08-08T14:20:00+00:00
2026-08-08T15:15:22+00:00,KNYC,New York City,77.0,2026-08-08T13:51:00+00:00
2026-08-08T15:15:22+00:00,KMIA,Miami,89.6,2026-08-08T14:50:00+00:00
2026-08-08T15:15:22+00:00,KDEN,Denver,,2026-08-08T13:53:00+00:00
2026-08-08T15:15:22+00:00,KLAX,Los Angeles,71.59,2026-08-08T14:50:00+00:00
2026-08-08T15:15:22+00:00,KPHL,Philadelphia,84.2,2026-08-08T14:50:00+00:00
2026-08-08T15:15:22+00:00,KAUS,Austin,84.2,2026-08-08T14:45:00+00:00
2026-08-08T15:15:22+00:00,KMDW,Chicago,77.0,2026-08-08T15:00:00+00:00
2026-08-08T15:15:22+00:00,KSFO,San Francisco,59.0,2026-08-08T14:45:00+00:00
2026-08-08T15:15:22+00:00,KPHX,Phoenix,96.8,2026-08-08T14:50:00+00:00
2026-08-08T15:15:22+00:00,KDCA,Washington DC,84.2,2026-08-08T14:50:00+00:00
2026-08-08T15:15:22+00:00,KATL,Atlanta,84.2,2026-08-08T15:00:00+00:00
2026-08-08T15:15:22+00:00,KDFW,Dallas,87.8,2026-08-08T15:00:00+00:00
2026-08-08T15:15:22+00:00,KSEA,Seattle,60.8,2026-08-08T14:45:00+00:00
2026-08-08T15:15:22+00:00,KLAS,Las Vegas,96.8,2026-08-08T15:00:00+00:00
2026-08-08T15:15:22+00:00,KOKC,Oklahoma City,84.2,2026-08-08T14:50:00+00:00
2026-08-08T15:15:22+00:00,KBOS,Boston,84.2,2026-08-08T14:50:00+00:00
2026-08-08T15:15:22+00:00,KMSP,Minneapolis,71.59,2026-08-08T14:45:00+00:00
2026-08-08T15:15:22+00:00,KSAT,San Antonio,82.4,2026-08-08T15:00:00+00:00
2026-08-08T15:15:22+00:00,KMSY,New Orleans,86.0,2026-08-08T15:00:00+00:00
2026-08-08T15:15:22+00:00,KHOU,Houston,87.8,2026-08-08T15:00:00+00:00
2026-08-08T15:51:45+00:00,KNYC,New York City,80.06,2026-08-08T14:51:00+00:00
2026-08-08T15:51:45+00:00,KMIA,Miami,89.6,2026-08-08T15:40:00+00:00
2026-08-08T15:51:45+00:00,KDEN,Denver,,2026-08-08T14:53:00+00:00
2026-08-08T15:51:45+00:00,KLAX,Los Angeles,73.4,2026-08-08T15:40:00+00:00
2026-08-08T15:51:45+00:00,KPHL,Philadelphia,84.2,2026-08-08T15:30:00+00:00
2026-08-08T15:51:45+00:00,KAUS,Austin,86.0,2026-08-08T15:25:00+00:00
2026-08-08T15:51:45+00:00,KMDW,Chicago,78.8,2026-08-08T15:30:00+00:00
2026-08-08T15:51:45+00:00,KSFO,San Francisco,60.8,2026-08-08T15:30:00+00:00
2026-08-08T15:51:45+00:00,KPHX,Phoenix,98.6,2026-08-08T15:30:00+00:00
2026-08-08T15:51:45+00:00,KDCA,Washington DC,86.0,2026-08-08T15:30:00+00:00
2026-08-08T15:51:45+00:00,KATL,Atlanta,84.2,2026-08-08T15:35:00+00:00
2026-08-08T15:51:45+00:00,KDFW,Dallas,89.6,2026-08-08T15:25:00+00:00
2026-08-08T15:51:45+00:00,KSEA,Seattle,62.6,2026-08-08T15:40:00+00:00
2026-08-08T15:51:45+00:00,KLAS,Las Vegas,96.8,2026-08-08T15:30:00+00:00
2026-08-08T15:51:45+00:00,KOKC,Oklahoma City,87.8,2026-08-08T15:25:00+00:00
2026-08-08T15:51:45+00:00,KBOS,Boston,87.8,2026-08-08T15:35:00+00:00
2026-08-08T15:51:45+00:00,KMSP,Minneapolis,75.2,2026-08-08T15:25:00+00:00
2026-08-08T15:51:45+00:00,KSAT,San Antonio,84.2,2026-08-08T15:30:00+00:00
2026-08-08T15:51:45+00:00,KMSY,New Orleans,86.0,2026-08-08T15:30:00+00:00
2026-08-08T15:51:45+00:00,KHOU,Houston,87.8,2026-08-08T15:35:00+00:00
2026-08-08T16:15:40+00:00,KNYC,New York City,80.06,2026-08-08T14:51:00+00:00
2026-08-08T16:15:40+00:00,KMIA,Miami,89.6,2026-08-08T15:50:00+00:00
2026-08-08T16:15:40+00:00,KDEN,Denver,,2026-08-08T14:53:00+00:00
2026-08-08T16:15:40+00:00,KLAX,Los Angeles,73.4,2026-08-08T15:50:00+00:00
2026-08-08T16:15:40+00:00,KPHL,Philadelphia,86.0,2026-08-08T15:50:00+00:00
2026-08-08T16:15:40+00:00,KAUS,Austin,87.8,2026-08-08T16:00:00+00:00
2026-08-08T16:15:40+00:00,KMDW,Chicago,78.8,2026-08-08T15:50:00+00:00
2026-08-08T16:15:40+00:00,KSFO,San Francisco,60.8,2026-08-08T15:50:00+00:00
2026-08-08T16:15:40+00:00,KPHX,Phoenix,98.6,2026-08-08T15:50:00+00:00
2026-08-08T16:15:40+00:00,KDCA,Washington DC,87.8,2026-08-08T15:50:00+00:00
2026-08-08T16:15:40+00:00,KATL,Atlanta,86.0,2026-08-08T15:50:00+00:00
2026-08-08T16:15:40+00:00,KDFW,Dallas,91.4,2026-08-08T16:00:00+00:00
2026-08-08T16:15:40+00:00,KSEA,Seattle,62.6,2026-08-08T16:00:00+00:00
2026-08-08T16:15:40+00:00,KLAS,Las Vegas,96.8,2026-08-08T15:50:00+00:00
2026-08-08T16:15:40+00:00,KOKC,Oklahoma City,91.4,2026-08-08T16:00:00+00:00
2026-08-08T16:15:40+00:00,KBOS,Boston,87.8,2026-08-08T15:50:00+00:00
2026-08-08T16:15:40+00:00,KMSP,Minneapolis,75.2,2026-08-08T15:50:00+00:00
2026-08-08T16:15:40+00:00,KSAT,San Antonio,86.0,2026-08-08T16:00:00+00:00
2026-08-08T16:15:40+00:00,KMSY,New Orleans,87.8,2026-08-08T16:00:00+00:00
2026-08-08T16:15:40+00:00,KHOU,Houston,87.8,2026-08-08T16:00:00+00:00
2026-08-08T16:57:47+00:00,KNYC,New York City,82.04,2026-08-08T15:51:00+00:00
2026-08-08T16:57:47+00:00,KMIA,Miami,91.4,2026-08-08T16:35:00+00:00
2026-08-08T16:57:47+00:00,KDEN,Denver,87.08,2026-08-08T15:53:00+00:00
2026-08-08T16:57:47+00:00,KLAX,Los Angeles,75.2,2026-08-08T16:35:00+00:00
2026-08-08T16:57:47+00:00,KPHL,Philadelphia,87.8,2026-08-08T16:35:00+00:00
2026-08-08T16:57:47+00:00,KAUS,Austin,89.6,2026-08-08T16:35:00+00:00
2026-08-08T16:57:47+00:00,KMDW,Chicago,80.59,2026-08-08T16:30:00+00:00
2026-08-08T16:57:47+00:00,KSFO,San Francisco,62.6,2026-08-08T16:35:00+00:00
2026-08-08T16:57:47+00:00,KPHX,Phoenix,100.4,2026-08-08T16:35:00+00:00
2026-08-08T16:57:47+00:00,KDCA,Washington DC,89.6,2026-08-08T16:35:00+00:00
2026-08-08T16:57:47+00:00,KATL,Atlanta,84.2,2026-08-08T16:30:00+00:00
2026-08-08T16:57:47+00:00,KDFW,Dallas,93.2,2026-08-08T16:35:00+00:00
2026-08-08T16:57:47+00:00,KSEA,Seattle,62.6,2026-08-08T16:35:00+00:00
2026-08-08T16:57:47+00:00,KLAS,Las Vegas,98.6,2026-08-08T16:35:00+00:00
2026-08-08T16:57:47+00:00,KOKC,Oklahoma City,93.2,2026-08-08T16:35:00+00:00
2026-08-08T16:57:47+00:00,KBOS,Boston,87.8,2026-08-08T16:35:00+00:00
2026-08-08T16:57:47+00:00,KMSP,Minneapolis,77.0,2026-08-08T16:35:00+00:00
2026-08-08T16:57:47+00:00,KSAT,San Antonio,86.0,2026-08-08T16:35:00+00:00
2026-08-08T16:57:47+00:00,KMSY,New Orleans,87.8,2026-08-08T16:35:00+00:00
2026-08-08T16:57:47+00:00,KHOU,Houston,89.6,2026-08-08T16:35:00+00:00
2026-08-08T17:23:16+00:00,KNYC,New York City,84.91,2026-08-08T16:51:00+00:00
2026-08-08T17:23:16+00:00,KMIA,Miami,89.6,2026-08-08T16:55:00+00:00
2026-08-08T17:23:16+00:00,KDEN,Denver,91.04,2026-08-08T16:53:00+00:00
2026-08-08T17:23:16+00:00,KLAX,Los Angeles,77.0,2026-08-08T17:05:00+00:00
2026-08-08T17:23:16+00:00,KPHL,Philadelphia,89.6,2026-08-08T16:55:00+00:00
2026-08-08T17:23:16+00:00,KAUS,Austin,89.6,2026-08-08T17:10:00+00:00
2026-08-08T17:23:16+00:00,KMDW,Chicago,80.59,2026-08-08T17:05:00+00:00
2026-08-08T17:23:16+00:00,KSFO,San Francisco,62.6,2026-08-08T17:05:00+00:00
2026-08-08T17:23:16+00:00,KPHX,Phoenix,102.2,2026-08-08T17:05:00+00:00
2026-08-08T17:23:16+00:00,KDCA,Washington DC,89.6,2026-08-08T17:05:00+00:00
2026-08-08T17:23:16+00:00,KATL,Atlanta,86.0,2026-08-08T16:52:00+00:00
2026-08-08T17:23:16+00:00,KDFW,Dallas,95.0,2026-08-08T17:10:00+00:00
2026-08-08T17:23:16+00:00,KSEA,Seattle,62.6,2026-08-08T17:05:00+00:00
2026-08-08T17:23:16+00:00,KLAS,Las Vegas,102.2,2026-08-08T17:05:00+00:00
2026-08-08T17:23:16+00:00,KOKC,Oklahoma City,95.0,2026-08-08T17:10:00+00:00
2026-08-08T17:23:16+00:00,KBOS,Boston,89.6,2026-08-08T17:05:00+00:00
2026-08-08T17:23:16+00:00,KMSP,Minneapolis,77.0,2026-08-08T17:10:00+00:00
2026-08-08T17:23:16+00:00,KSAT,San Antonio,89.6,2026-08-08T17:10:00+00:00
2026-08-08T17:23:16+00:00,KMSY,New Orleans,89.6,2026-08-08T17:10:00+00:00
2026-08-08T17:23:16+00:00,KHOU,Houston,91.4,2026-08-08T17:10:00+00:00
2026-08-08T17:53:21+00:00,KNYC,New York City,84.91,2026-08-08T16:51:00+00:00
2026-08-08T17:53:21+00:00,KMIA,Miami,91.4,2026-08-08T17:35:00+00:00
2026-08-08T17:53:21+00:00,KDEN,Denver,91.04,2026-08-08T16:53:00+00:00
2026-08-08T17:53:21+00:00,KLAX,Los Angeles,75.2,2026-08-08T17:25:00+00:00
2026-08-08T17:53:21+00:00,KPHL,Philadelphia,91.4,2026-08-08T17:35:00+00:00
2026-08-08T17:53:21+00:00,KAUS,Austin,91.4,2026-08-08T17:25:00+00:00
2026-08-08T17:53:21+00:00,KMDW,Chicago,80.59,2026-08-08T17:35:00+00:00
2026-08-08T17:53:21+00:00,KSFO,San Francisco,62.6,2026-08-08T17:35:00+00:00
2026-08-08T17:53:21+00:00,KPHX,Phoenix,102.2,2026-08-08T17:35:00+00:00
2026-08-08T17:53:21+00:00,KDCA,Washington DC,91.4,2026-08-08T17:35:00+00:00
2026-08-08T17:53:21+00:00,KATL,Atlanta,89.6,2026-08-08T17:35:00+00:00
2026-08-08T17:53:21+00:00,KDFW,Dallas,96.8,2026-08-08T17:35:00+00:00
2026-08-08T17:53:21+00:00,KSEA,Seattle,64.4,2026-08-08T17:35:00+00:00
2026-08-08T17:53:21+00:00,KLAS,Las Vegas,102.2,2026-08-08T17:30:00+00:00
2026-08-08T17:53:21+00:00,KOKC,Oklahoma City,96.8,2026-08-08T17:35:00+00:00
2026-08-08T17:53:21+00:00,KBOS,Boston,89.6,2026-08-08T17:35:00+00:00
2026-08-08T17:53:21+00:00,KMSP,Minneapolis,78.8,2026-08-08T17:35:00+00:00
2026-08-08T17:53:21+00:00,KSAT,San Antonio,87.8,2026-08-08T17:35:00+00:00
2026-08-08T17:53:21+00:00,KMSY,New Orleans,89.6,2026-08-08T17:35:00+00:00
2026-08-08T17:53:21+00:00,KHOU,Houston,91.4,2026-08-08T17:35:00+00:00
2026-08-08T18:16:55+00:00,KNYC,New York City,84.91,2026-08-08T16:51:00+00:00
2026-08-08T18:16:55+00:00,KMIA,Miami,91.4,2026-08-08T17:50:00+00:00
2026-08-08T18:16:55+00:00,KDEN,Denver,95.0,2026-08-08T17:53:00+00:00
2026-08-08T18:16:55+00:00,KLAX,Los Angeles,77.0,2026-08-08T18:00:00+00:00
2026-08-08T18:16:55+00:00,KPHL,Philadelphia,91.4,2026-08-08T17:50:00+00:00
2026-08-08T18:16:55+00:00,KAUS,Austin,93.2,2026-08-08T18:00:00+00:00
2026-08-08T18:16:55+00:00,KMDW,Chicago,82.4,2026-08-08T18:00:00+00:00
2026-08-08T18:16:55+00:00,KSFO,San Francisco,64.4,2026-08-08T17:50:00+00:00
2026-08-08T18:16:55+00:00,KPHX,Phoenix,102.91,2026-08-08T17:51:00+00:00
2026-08-08T18:16:55+00:00,KDCA,Washington DC,93.2,2026-08-08T17:50:00+00:00
2026-08-08T18:16:55+00:00,KATL,Atlanta,89.6,2026-08-08T18:00:00+00:00
2026-08-08T18:16:55+00:00,KDFW,Dallas,98.6,2026-08-08T18:00:00+00:00
2026-08-08T18:16:55+00:00,KSEA,Seattle,64.4,2026-08-08T17:50:00+00:00
2026-08-08T18:16:55+00:00,KLAS,Las Vegas,102.2,2026-08-08T17:50:00+00:00
2026-08-08T18:16:55+00:00,KOKC,Oklahoma City,98.6,2026-08-08T18:00:00+00:00
2026-08-08T18:16:55+00:00,KBOS,Boston,89.6,2026-08-08T18:00:00+00:00
2026-08-08T18:16:55+00:00,KMSP,Minneapolis,78.8,2026-08-08T18:00:00+00:00
2026-08-08T18:16:55+00:00,KSAT,San Antonio,89.6,2026-08-08T18:00:00+00:00
2026-08-08T18:16:55+00:00,KMSY,New Orleans,89.6,2026-08-08T18:00:00+00:00
2026-08-08T18:16:55+00:00,KHOU,Houston,91.4,2026-08-08T18:00:00+00:00
2026-08-08T19:04:43+00:00,KNYC,New York City,84.02,2026-08-08T17:51:00+00:00
2026-08-08T19:04:43+00:00,KMIA,Miami,91.4,2026-08-08T18:35:00+00:00
2026-08-08T19:04:43+00:00,KDEN,Denver,95.0,2026-08-08T17:53:00+00:00
2026-08-08T19:04:43+00:00,KLAX,Los Angeles,78.8,2026-08-08T18:40:00+00:00
2026-08-08T19:04:43+00:00,KPHL,Philadelphia,78.08,2026-08-08T18:39:00+00:00
2026-08-08T19:04:43+00:00,KAUS,Austin,93.2,2026-08-08T18:35:00+00:00
2026-08-08T19:04:43+00:00,KMDW,Chicago,82.4,2026-08-08T18:35:00+00:00
2026-08-08T19:04:43+00:00,KSFO,San Francisco,64.4,2026-08-08T18:45:00+00:00
2026-08-08T19:04:43+00:00,KPHX,Phoenix,102.2,2026-08-08T18:35:00+00:00
2026-08-08T19:04:43+00:00,KDCA,Washington DC,93.2,2026-08-08T18:40:00+00:00
2026-08-08T19:04:43+00:00,KATL,Atlanta,87.8,2026-08-08T18:45:00+00:00
2026-08-08T19:04:43+00:00,KDFW,Dallas,98.6,2026-08-08T18:45:00+00:00
2026-08-08T19:04:43+00:00,KSEA,Seattle,66.2,2026-08-08T18:40:00+00:00
2026-08-08T19:04:43+00:00,KLAS,Las Vegas,107.6,2026-08-08T18:40:00+00:00
2026-08-08T19:04:43+00:00,KOKC,Oklahoma City,100.4,2026-08-08T18:35:00+00:00
2026-08-08T19:04:43+00:00,KBOS,Boston,89.6,2026-08-08T18:45:00+00:00
2026-08-08T19:04:43+00:00,KMSP,Minneapolis,80.59,2026-08-08T18:35:00+00:00
2026-08-08T19:04:43+00:00,KSAT,San Antonio,91.4,2026-08-08T18:45:00+00:00
2026-08-08T19:04:43+00:00,KMSY,New Orleans,89.6,2026-08-08T18:45:00+00:00
2026-08-08T19:04:43+00:00,KHOU,Houston,,2026-08-08T18:34:00+00:00
2026-08-08T19:40:36+00:00,KNYC,New York City,87.08,2026-08-08T18:51:00+00:00
2026-08-08T19:40:36+00:00,KMIA,Miami,89.6,2026-08-08T19:15:00+00:00
2026-08-08T19:40:36+00:00,KDEN,Denver,95.0,2026-08-08T18:53:00+00:00
2026-08-08T19:40:36+00:00,KLAX,Los Angeles,77.0,2026-08-08T19:20:00+00:00
2026-08-08T19:40:36+00:00,KPHL,Philadelphia,75.2,2026-08-08T19:15:00+00:00
2026-08-08T19:40:36+00:00,KAUS,Austin,95.0,2026-08-08T19:20:00+00:00
2026-08-08T19:40:36+00:00,KMDW,Chicago,84.2,2026-08-08T19:25:00+00:00
2026-08-08T19:40:36+00:00,KSFO,San Francisco,64.4,2026-08-08T19:15:00+00:00
2026-08-08T19:40:36+00:00,KPHX,Phoenix,107.6,2026-08-08T19:25:00+00:00
2026-08-08T19:40:36+00:00,KDCA,Washington DC,89.6,2026-08-08T19:25:00+00:00
2026-08-08T19:40:36+00:00,KATL,Atlanta,89.6,2026-08-08T19:25:00+00:00
2026-08-08T19:40:36+00:00,KDFW,Dallas,100.4,2026-08-08T19:15:00+00:00
2026-08-08T19:40:36+00:00,KSEA,Seattle,69.8,2026-08-08T19:20:00+00:00
2026-08-08T19:40:36+00:00,KLAS,Las Vegas,107.6,2026-08-08T19:25:00+00:00
2026-08-08T19:40:36+00:00,KOKC,Oklahoma City,102.2,2026-08-08T19:20:00+00:00
2026-08-08T19:40:36+00:00,KBOS,Boston,91.4,2026-08-08T19:15:00+00:00
2026-08-08T19:40:36+00:00,KMSP,Minneapolis,80.59,2026-08-08T19:20:00+00:00
2026-08-08T19:40:36+00:00,KSAT,San Antonio,91.4,2026-08-08T19:20:00+00:00
2026-08-08T19:40:36+00:00,KMSY,New Orleans,84.2,2026-08-08T19:20:00+00:00
2026-08-08T19:40:36+00:00,KHOU,Houston,84.2,2026-08-08T19:15:00+00:00
2026-08-08T19:59:15+00:00,KNYC,New York City,87.08,2026-08-08T18:51:00+00:00
2026-08-08T19:59:15+00:00,KMIA,Miami,91.4,2026-08-08T19:35:00+00:00
2026-08-08T19:59:15+00:00,KDEN,Denver,95.0,2026-08-08T18:53:00+00:00
2026-08-08T19:59:15+00:00,KLAX,Los Angeles,77.0,2026-08-08T19:40:00+00:00
2026-08-08T19:59:15+00:00,KPHL,Philadelphia,75.2,2026-08-08T19:40:00+00:00
2026-08-08T19:59:15+00:00,KAUS,Austin,95.0,2026-08-08T19:35:00+00:00
2026-08-08T19:59:15+00:00,KMDW,Chicago,84.2,2026-08-08T19:40:00+00:00
2026-08-08T19:59:15+00:00,KSFO,San Francisco,64.4,2026-08-08T19:35:00+00:00
2026-08-08T19:59:15+00:00,KPHX,Phoenix,105.8,2026-08-08T19:40:00+00:00
2026-08-08T19:59:15+00:00,KDCA,Washington DC,89.6,2026-08-08T19:40:00+00:00
2026-08-08T19:59:15+00:00,KATL,Atlanta,89.6,2026-08-08T19:40:00+00:00
2026-08-08T19:59:15+00:00,KDFW,Dallas,98.6,2026-08-08T19:40:00+00:00
2026-08-08T19:59:15+00:00,KSEA,Seattle,71.59,2026-08-08T19:40:00+00:00
2026-08-08T19:59:15+00:00,KLAS,Las Vegas,109.4,2026-08-08T19:40:00+00:00
2026-08-08T19:59:15+00:00,KOKC,Oklahoma City,100.4,2026-08-08T19:35:00+00:00
2026-08-08T19:59:15+00:00,KBOS,Boston,89.6,2026-08-08T19:30:00+00:00
2026-08-08T19:59:15+00:00,KMSP,Minneapolis,80.59,2026-08-08T19:40:00+00:00
2026-08-08T19:59:15+00:00,KSAT,San Antonio,91.4,2026-08-08T19:40:00+00:00
2026-08-08T19:59:15+00:00,KMSY,New Orleans,84.2,2026-08-08T19:40:00+00:00
2026-08-08T19:59:15+00:00,KHOU,Houston,87.8,2026-08-08T19:35:00+00:00
2026-08-08T20:25:47+00:00,KNYC,New York City,82.94,2026-08-08T19:51:00+00:00
2026-08-08T20:25:47+00:00,KMIA,Miami,91.4,2026-08-08T20:00:00+00:00
2026-08-08T20:25:47+00:00,KDEN,Denver,98.06,2026-08-08T19:53:00+00:00
2026-08-08T20:25:47+00:00,KLAX,Los Angeles,78.8,2026-08-08T20:05:00+00:00
2026-08-08T20:25:47+00:00,KPHL,Philadelphia,77.0,2026-08-08T20:05:00+00:00
2026-08-08T20:25:47+00:00,KAUS,Austin,96.8,2026-08-08T20:10:00+00:00
2026-08-08T20:25:47+00:00,KMDW,Chicago,84.2,2026-08-08T20:05:00+00:00
2026-08-08T20:25:47+00:00,KSFO,San Francisco,64.4,2026-08-08T20:05:00+00:00
2026-08-08T20:25:47+00:00,KPHX,Phoenix,107.6,2026-08-08T20:05:00+00:00
2026-08-08T20:25:47+00:00,KDCA,Washington DC,89.6,2026-08-08T20:05:00+00:00
2026-08-08T20:25:47+00:00,KATL,Atlanta,91.4,2026-08-08T20:05:00+00:00
2026-08-08T20:25:47+00:00,KDFW,Dallas,100.4,2026-08-08T20:00:00+00:00
2026-08-08T20:25:47+00:00,KSEA,Seattle,73.4,2026-08-08T20:05:00+00:00
2026-08-08T20:25:47+00:00,KLAS,Las Vegas,109.4,2026-08-08T20:05:00+00:00
2026-08-08T20:25:47+00:00,KOKC,Oklahoma City,102.2,2026-08-08T20:10:00+00:00
2026-08-08T20:25:47+00:00,KBOS,Boston,89.6,2026-08-08T20:05:00+00:00
2026-08-08T20:25:47+00:00,KMSP,Minneapolis,80.59,2026-08-08T20:10:00+00:00
2026-08-08T20:25:47+00:00,KSAT,San Antonio,93.2,2026-08-08T20:10:00+00:00
2026-08-08T20:25:47+00:00,KMSY,New Orleans,82.4,2026-08-08T20:10:00+00:00
2026-08-08T20:25:47+00:00,KHOU,Houston,89.6,2026-08-08T20:10:00+00:00
2026-08-08T20:54:31+00:00,KNYC,New York City,82.94,2026-08-08T19:51:00+00:00
2026-08-08T20:54:31+00:00,KMIA,Miami,89.6,2026-08-08T20:30:00+00:00
2026-08-08T20:54:31+00:00,KDEN,Denver,98.06,2026-08-08T19:53:00+00:00
2026-08-08T20:54:31+00:00,KLAX,Los Angeles,78.8,2026-08-08T20:35:00+00:00
2026-08-08T20:54:31+00:00,KPHL,Philadelphia,80.59,2026-08-08T20:35:00+00:00
2026-08-08T20:54:31+00:00,KAUS,Austin,96.8,2026-08-08T20:35:00+00:00
2026-08-08T20:54:31+00:00,KMDW,Chicago,82.4,2026-08-08T20:35:00+00:00
2026-08-08T20:54:31+00:00,KSFO,San Francisco,66.2,2026-08-08T20:35:00+00:00
2026-08-08T20:54:31+00:00,KPHX,Phoenix,109.4,2026-08-08T20:35:00+00:00
2026-08-08T20:54:31+00:00,KDCA,Washington DC,89.6,2026-08-08T20:30:00+00:00
2026-08-08T20:54:31+00:00,KATL,Atlanta,89.6,2026-08-08T20:35:00+00:00
2026-08-08T20:54:31+00:00,KDFW,Dallas,100.4,2026-08-08T20:35:00+00:00
2026-08-08T20:54:31+00:00,KSEA,Seattle,75.2,2026-08-08T20:30:00+00:00
2026-08-08T20:54:31+00:00,KLAS,Las Vegas,109.4,2026-08-08T20:35:00+00:00
2026-08-08T20:54:31+00:00,KOKC,Oklahoma City,102.2,2026-08-08T20:35:00+00:00
2026-08-08T20:54:31+00:00,KBOS,Boston,91.4,2026-08-08T20:30:00+00:00
2026-08-08T20:54:31+00:00,KMSP,Minneapolis,80.59,2026-08-08T20:35:00+00:00
2026-08-08T20:54:31+00:00,KSAT,San Antonio,93.2,2026-08-08T20:35:00+00:00
2026-08-08T20:54:31+00:00,KMSY,New Orleans,82.4,2026-08-08T20:35:00+00:00
2026-08-08T20:54:31+00:00,KHOU,Houston,89.6,2026-08-08T20:30:00+00:00
2026-08-08T21:16:42+00:00,KNYC,New York City,82.04,2026-08-08T20:51:00+00:00
2026-08-08T21:16:42+00:00,KMIA,Miami,89.6,2026-08-08T21:00:00+00:00
2026-08-08T21:16:42+00:00,KDEN,Denver,96.98,2026-08-08T20:53:00+00:00
2026-08-08T21:16:42+00:00,KLAX,Los Angeles,78.8,2026-08-08T20:50:00+00:00
2026-08-08T21:16:42+00:00,KPHL,Philadelphia,82.4,2026-08-08T21:00:00+00:00
2026-08-08T21:16:42+00:00,KAUS,Austin,96.8,2026-08-08T21:00:00+00:00
2026-08-08T21:16:42+00:00,KMDW,Chicago,80.59,2026-08-08T21:05:00+00:00
2026-08-08T21:16:42+00:00,KSFO,San Francisco,66.2,2026-08-08T20:50:00+00:00
2026-08-08T21:16:42+00:00,KPHX,Phoenix,109.4,2026-08-08T20:50:00+00:00
2026-08-08T21:16:42+00:00,KDCA,Washington DC,89.6,2026-08-08T21:00:00+00:00
2026-08-08T21:16:42+00:00,KATL,Atlanta,91.4,2026-08-08T21:00:00+00:00
2026-08-08T21:16:42+00:00,KDFW,Dallas,100.4,2026-08-08T21:00:00+00:00
2026-08-08T21:16:42+00:00,KSEA,Seattle,75.2,2026-08-08T20:50:00+00:00
2026-08-08T21:16:42+00:00,KLAS,Las Vegas,111.2,2026-08-08T20:50:00+00:00
2026-08-08T21:16:42+00:00,KOKC,Oklahoma City,102.2,2026-08-08T21:00:00+00:00
2026-08-08T21:16:42+00:00,KBOS,Boston,91.4,2026-08-08T21:00:00+00:00
2026-08-08T21:16:42+00:00,KMSP,Minneapolis,80.59,2026-08-08T21:05:00+00:00
2026-08-08T21:16:42+00:00,KSAT,San Antonio,93.2,2026-08-08T20:50:00+00:00
2026-08-08T21:16:42+00:00,KMSY,New Orleans,86.0,2026-08-08T21:05:00+00:00
2026-08-08T21:16:42+00:00,KHOU,Houston,93.2,2026-08-08T21:05:00+00:00
2026-08-08T21:51:30+00:00,KNYC,New York City,82.04,2026-08-08T20:51:00+00:00
2026-08-08T21:51:30+00:00,KMIA,Miami,89.6,2026-08-08T21:35:00+00:00
2026-08-08T21:51:30+00:00,KDEN,Denver,96.98,2026-08-08T20:53:00+00:00
2026-08-08T21:51:30+00:00,KLAX,Los Angeles,78.8,2026-08-08T21:30:00+00:00
2026-08-08T21:51:30+00:00,KPHL,Philadelphia,84.2,2026-08-08T21:35:00+00:00
2026-08-08T21:51:30+00:00,KAUS,Austin,96.8,2026-08-08T21:30:00+00:00
2026-08-08T21:51:30+00:00,KMDW,Chicago,82.4,2026-08-08T21:35:00+00:00
2026-08-08T21:51:30+00:00,KSFO,San Francisco,66.2,2026-08-08T21:25:00+00:00
2026-08-08T21:51:30+00:00,KPHX,Phoenix,111.2,2026-08-08T21:35:00+00:00
2026-08-08T21:51:30+00:00,KDCA,Washington DC,87.8,2026-08-08T21:35:00+00:00
2026-08-08T21:51:30+00:00,KATL,Atlanta,91.4,2026-08-08T21:30:00+00:00
2026-08-08T21:51:30+00:00,KDFW,Dallas,100.4,2026-08-08T21:30:00+00:00
2026-08-08T21:51:30+00:00,KSEA,Seattle,77.0,2026-08-08T21:30:00+00:00
2026-08-08T21:51:30+00:00,KLAS,Las Vegas,111.2,2026-08-08T21:35:00+00:00
2026-08-08T21:51:30+00:00,KOKC,Oklahoma City,104.0,2026-08-08T21:30:00+00:00
2026-08-08T21:51:30+00:00,KBOS,Boston,89.6,2026-08-08T21:35:00+00:00
2026-08-08T21:51:30+00:00,KMSP,Minneapolis,80.59,2026-08-08T21:30:00+00:00
2026-08-08T21:51:30+00:00,KSAT,San Antonio,96.8,2026-08-08T21:30:00+00:00
2026-08-08T21:51:30+00:00,KMSY,New Orleans,86.0,2026-08-08T21:35:00+00:00
2026-08-08T21:51:30+00:00,KHOU,Houston,89.6,2026-08-08T21:30:00+00:00
2026-08-08T22:13:30+00:00,KNYC,New York City,82.04,2026-08-08T20:51:00+00:00
2026-08-08T22:13:30+00:00,KMIA,Miami,89.6,2026-08-08T21:50:00+00:00
2026-08-08T22:13:30+00:00,KDEN,Denver,96.98,2026-08-08T20:53:00+00:00
2026-08-08T22:13:30+00:00,KLAX,Los Angeles,78.8,2026-08-08T21:50:00+00:00
2026-08-08T22:13:30+00:00,KPHL,Philadelphia,82.4,2026-08-08T21:50:00+00:00
2026-08-08T22:13:30+00:00,KAUS,Austin,96.8,2026-08-08T21:50:00+00:00
2026-08-08T22:13:30+00:00,KMDW,Chicago,82.4,2026-08-08T21:50:00+00:00
2026-08-08T22:13:30+00:00,KSFO,San Francisco,66.2,2026-08-08T21:50:00+00:00
2026-08-08T22:13:30+00:00,KPHX,Phoenix,109.4,2026-08-08T21:50:00+00:00
2026-08-08T22:13:30+00:00,KDCA,Washington DC,87.8,2026-08-08T21:50:00+00:00
2026-08-08T22:13:30+00:00,KATL,Atlanta,91.4,2026-08-08T21:50:00+00:00
2026-08-08T22:13:30+00:00,KDFW,Dallas,100.4,2026-08-08T22:00:00+00:00
2026-08-08T22:13:30+00:00,KSEA,Seattle,78.8,2026-08-08T21:50:00+00:00
2026-08-08T22:13:30+00:00,KLAS,Las Vegas,111.2,2026-08-08T21:50:00+00:00
2026-08-08T22:13:30+00:00,KOKC,Oklahoma City,102.2,2026-08-08T22:00:00+00:00
2026-08-08T22:13:30+00:00,KBOS,Boston,89.6,2026-08-08T21:50:00+00:00
2026-08-08T22:13:30+00:00,KMSP,Minneapolis,80.59,2026-08-08T22:00:00+00:00
2026-08-08T22:13:30+00:00,KSAT,San Antonio,96.8,2026-08-08T22:00:00+00:00
2026-08-08T22:13:30+00:00,KMSY,New Orleans,86.0,2026-08-08T22:00:00+00:00
2026-08-08T22:13:30+00:00,KHOU,Houston,91.4,2026-08-08T21:50:00+00:00
2026-08-08T22:45:10+00:00,KNYC,New York City,82.94,2026-08-08T21:51:00+00:00
2026-08-08T22:45:10+00:00,KMIA,Miami,89.6,2026-08-08T22:30:00+00:00
2026-08-08T22:45:10+00:00,KDEN,Denver,95.0,2026-08-08T21:53:00+00:00
2026-08-08T22:45:10+00:00,KLAX,Los Angeles,78.8,2026-08-08T22:20:00+00:00
2026-08-08T22:45:10+00:00,KPHL,Philadelphia,84.2,2026-08-08T22:25:00+00:00
2026-08-08T22:45:10+00:00,KAUS,Austin,98.6,2026-08-08T22:20:00+00:00
2026-08-08T22:45:10+00:00,KMDW,Chicago,82.4,2026-08-08T22:25:00+00:00
2026-08-08T22:45:10+00:00,KSFO,San Francisco,66.2,2026-08-08T22:20:00+00:00
2026-08-08T22:45:10+00:00,KPHX,Phoenix,111.2,2026-08-08T22:25:00+00:00
2026-08-08T22:45:10+00:00,KDCA,Washington DC,87.8,2026-08-08T22:25:00+00:00
2026-08-08T22:45:10+00:00,KATL,Atlanta,91.4,2026-08-08T22:25:00+00:00
2026-08-08T22:45:10+00:00,KDFW,Dallas,100.4,2026-08-08T22:20:00+00:00
2026-08-08T22:45:10+00:00,KSEA,Seattle,80.59,2026-08-08T22:25:00+00:00
2026-08-08T22:45:10+00:00,KLAS,Las Vegas,111.2,2026-08-08T22:25:00+00:00
2026-08-08T22:45:10+00:00,KOKC,Oklahoma City,102.2,2026-08-08T22:25:00+00:00
2026-08-08T22:45:10+00:00,KBOS,Boston,87.8,2026-08-08T22:25:00+00:00
2026-08-08T22:45:10+00:00,KMSP,Minneapolis,80.59,2026-08-08T22:20:00+00:00
2026-08-08T22:45:10+00:00,KSAT,San Antonio,95.0,2026-08-08T22:20:00+00:00
2026-08-08T22:45:10+00:00,KMSY,New Orleans,87.8,2026-08-08T22:20:00+00:00
2026-08-08T22:45:10+00:00,KHOU,Houston,91.4,2026-08-08T22:20:00+00:00
2026-08-08T23:14:53+00:00,KNYC,New York City,82.94,2026-08-08T21:51:00+00:00
2026-08-08T23:14:53+00:00,KMIA,Miami,87.8,2026-08-08T22:50:00+00:00
2026-08-08T23:14:53+00:00,KDEN,Denver,93.91,2026-08-08T22:53:00+00:00
2026-08-08T23:14:53+00:00,KLAX,Los Angeles,78.8,2026-08-08T22:50:00+00:00
2026-08-08T23:14:53+00:00,KPHL,Philadelphia,82.4,2026-08-08T22:50:00+00:00
2026-08-08T23:14:53+00:00,KAUS,Austin,93.2,2026-08-08T23:00:00+00:00
2026-08-08T23:14:53+00:00,KMDW,Chicago,80.59,2026-08-08T23:00:00+00:00
2026-08-08T23:14:53+00:00,KSFO,San Francisco,66.2,2026-08-08T22:50:00+00:00
2026-08-08T23:14:53+00:00,KPHX,Phoenix,109.4,2026-08-08T22:50:00+00:00
2026-08-08T23:14:53+00:00,KDCA,Washington DC,89.6,2026-08-08T22:50:00+00:00
2026-08-08T23:14:53+00:00,KATL,Atlanta,91.4,2026-08-08T23:00:00+00:00
2026-08-08T23:14:53+00:00,KDFW,Dallas,100.4,2026-08-08T23:00:00+00:00
2026-08-08T23:14:53+00:00,KSEA,Seattle,80.59,2026-08-08T22:50:00+00:00
2026-08-08T23:14:53+00:00,KLAS,Las Vegas,111.2,2026-08-08T23:00:00+00:00
2026-08-08T23:14:53+00:00,KOKC,Oklahoma City,102.2,2026-08-08T23:00:00+00:00
2026-08-08T23:14:53+00:00,KBOS,Boston,87.8,2026-08-08T22:50:00+00:00
2026-08-08T23:14:53+00:00,KMSP,Minneapolis,80.59,2026-08-08T22:50:00+00:00
2026-08-08T23:14:53+00:00,KSAT,San Antonio,95.0,2026-08-08T23:00:00+00:00
2026-08-08T23:14:53+00:00,KMSY,New Orleans,87.8,2026-08-08T23:00:00+00:00
2026-08-08T23:14:53+00:00,KHOU,Houston,89.6,2026-08-08T23:00:00+00:00
2026-08-08T23:44:41+00:00,KNYC,New York City,80.95,2026-08-08T22:51:00+00:00
2026-08-08T23:44:41+00:00,KMIA,Miami,87.8,2026-08-08T23:20:00+00:00
2026-08-08T23:44:41+00:00,KDEN,Denver,93.91,2026-08-08T23:11:00+00:00
2026-08-08T23:44:41+00:00,KLAX,Los Angeles,78.8,2026-08-08T23:20:00+00:00
2026-08-08T23:44:41+00:00,KPHL,Philadelphia,82.4,2026-08-08T23:20:00+00:00
2026-08-08T23:44:41+00:00,KAUS,Austin,95.0,2026-08-08T23:25:00+00:00
2026-08-08T23:44:41+00:00,KMDW,Chicago,80.59,2026-08-08T23:20:00+00:00
2026-08-08T23:44:41+00:00,KSFO,San Francisco,66.2,2026-08-08T23:20:00+00:00
2026-08-08T23:44:41+00:00,KPHX,Phoenix,111.2,2026-08-08T23:30:00+00:00
2026-08-08T23:44:41+00:00,KDCA,Washington DC,87.8,2026-08-08T23:20:00+00:00
2026-08-08T23:44:41+00:00,KATL,Atlanta,89.6,2026-08-08T23:20:00+00:00
2026-08-08T23:44:41+00:00,KDFW,Dallas,95.0,2026-08-08T23:25:00+00:00
2026-08-08T23:44:41+00:00,KSEA,Seattle,82.4,2026-08-08T23:20:00+00:00
2026-08-08T23:44:41+00:00,KLAS,Las Vegas,111.2,2026-08-08T23:30:00+00:00
2026-08-08T23:44:41+00:00,KOKC,Oklahoma City,102.2,2026-08-08T23:20:00+00:00
2026-08-08T23:44:41+00:00,KBOS,Boston,86.0,2026-08-08T23:20:00+00:00
2026-08-08T23:44:41+00:00,KMSP,Minneapolis,80.59,2026-08-08T23:20:00+00:00
2026-08-08T23:44:41+00:00,KSAT,San Antonio,93.2,2026-08-08T23:20:00+00:00
2026-08-08T23:44:41+00:00,KMSY,New Orleans,87.8,2026-08-08T23:20:00+00:00
2026-08-08T23:44:41+00:00,KHOU,Houston,91.4,2026-08-08T23:20:00+00:00
2026-08-09T00:02:15+00:00,KNYC,New York City,80.95,2026-08-08T22:51:00+00:00
2026-08-09T00:02:15+00:00,KMIA,Miami,87.8,2026-08-08T23:40:00+00:00
2026-08-09T00:02:15+00:00,KDEN,Denver,93.91,2026-08-08T23:11:00+00:00
2026-08-09T00:02:15+00:00,KLAX,Los Angeles,78.8,2026-08-08T23:40:00+00:00
2026-08-09T00:02:15+00:00,KPHL,Philadelphia,82.4,2026-08-08T23:40:00+00:00
2026-08-09T00:02:15+00:00,KAUS,Austin,93.2,2026-08-08T23:40:00+00:00
2026-08-09T00:02:15+00:00,KMDW,Chicago,80.59,2026-08-08T23:40:00+00:00
2026-08-09T00:02:15+00:00,KSFO,San Francisco,64.4,2026-08-08T23:40:00+00:00
2026-08-09T00:02:15+00:00,KPHX,Phoenix,111.2,2026-08-08T23:40:00+00:00
2026-08-09T00:02:15+00:00,KDCA,Washington DC,87.8,2026-08-08T23:40:00+00:00
2026-08-09T00:02:15+00:00,KATL,Atlanta,89.6,2026-08-08T23:35:00+00:00
2026-08-09T00:02:15+00:00,KDFW,Dallas,91.4,2026-08-08T23:40:00+00:00
2026-08-09T00:02:15+00:00,KSEA,Seattle,82.4,2026-08-08T23:40:00+00:00
2026-08-09T00:02:15+00:00,KLAS,Las Vegas,111.2,2026-08-08T23:45:00+00:00
2026-08-09T00:02:15+00:00,KOKC,Oklahoma City,100.4,2026-08-08T23:40:00+00:00
2026-08-09T00:02:15+00:00,KBOS,Boston,86.0,2026-08-08T23:45:00+00:00
2026-08-09T00:02:15+00:00,KMSP,Minneapolis,78.8,2026-08-08T23:40:00+00:00
2026-08-09T00:02:15+00:00,KSAT,San Antonio,95.0,2026-08-08T23:40:00+00:00
2026-08-09T00:02:15+00:00,KMSY,New Orleans,87.8,2026-08-08T23:40:00+00:00
2026-08-09T00:02:15+00:00,KHOU,Houston,89.6,2026-08-08T23:40:00+00:00
2026-08-09T02:25:11+00:00,KNYC,New York City,78.98,2026-08-09T01:51:00+00:00
2026-08-09T02:25:11+00:00,KMIA,Miami,86.0,2026-08-09T02:05:00+00:00
2026-08-09T02:25:11+00:00,KDEN,Denver,89.06,2026-08-09T01:53:00+00:00
2026-08-09T02:25:11+00:00,KLAX,Los Angeles,73.4,2026-08-09T02:05:00+00:00
2026-08-09T02:25:11+00:00,KPHL,Philadelphia,80.59,2026-08-09T02:05:00+00:00
2026-08-09T02:25:11+00:00,KAUS,Austin,87.8,2026-08-09T02:10:00+00:00
2026-08-09T02:25:11+00:00,KMDW,Chicago,75.2,2026-08-09T02:10:00+00:00
2026-08-09T02:25:11+00:00,KSFO,San Francisco,60.8,2026-08-09T02:05:00+00:00
2026-08-09T02:25:11+00:00,KPHX,Phoenix,109.4,2026-08-09T02:05:00+00:00
2026-08-09T02:25:11+00:00,KDCA,Washington DC,82.4,2026-08-09T02:05:00+00:00
2026-08-09T02:25:11+00:00,KATL,Atlanta,82.4,2026-08-09T02:10:00+00:00
2026-08-09T02:25:11+00:00,KDFW,Dallas,87.8,2026-08-09T02:10:00+00:00
2026-08-09T02:25:11+00:00,KSEA,Seattle,80.59,2026-08-09T02:05:00+00:00
2026-08-09T02:25:11+00:00,KLAS,Las Vegas,109.4,2026-08-09T02:05:00+00:00
2026-08-09T02:25:11+00:00,KOKC,Oklahoma City,89.6,2026-08-09T02:00:00+00:00
2026-08-09T02:25:11+00:00,KBOS,Boston,78.8,2026-08-09T02:05:00+00:00
2026-08-09T02:25:11+00:00,KMSP,Minneapolis,75.2,2026-08-09T02:10:00+00:00
2026-08-09T02:25:11+00:00,KSAT,San Antonio,87.8,2026-08-09T02:10:00+00:00
2026-08-09T02:25:11+00:00,KMSY,New Orleans,80.59,2026-08-09T02:10:00+00:00
2026-08-09T02:25:11+00:00,KHOU,Houston,84.2,2026-08-09T02:10:00+00:00
2026-08-09T03:55:30+00:00,KNYC,New York City,78.08,2026-08-09T02:51:00+00:00
2026-08-09T03:55:30+00:00,KMIA,Miami,86.0,2026-08-09T03:35:00+00:00
2026-08-09T03:55:30+00:00,KDEN,Denver,87.08,2026-08-09T02:53:00+00:00
2026-08-09T03:55:30+00:00,KLAX,Los Angeles,71.59,2026-08-09T03:35:00+00:00
2026-08-09T03:55:30+00:00,KPHL,Philadelphia,78.8,2026-08-09T03:35:00+00:00
2026-08-09T03:55:30+00:00,KAUS,Austin,84.2,2026-08-09T03:35:00+00:00
2026-08-09T03:55:30+00:00,KMDW,Chicago,73.4,2026-08-09T03:35:00+00:00
2026-08-09T03:55:30+00:00,KSFO,San Francisco,59.0,2026-08-09T03:35:00+00:00
2026-08-09T03:55:30+00:00,KPHX,Phoenix,107.6,2026-08-09T03:35:00+00:00
2026-08-09T03:55:30+00:00,KDCA,Washington DC,80.59,2026-08-09T03:35:00+00:00
2026-08-09T03:55:30+00:00,KATL,Atlanta,77.0,2026-08-09T03:35:00+00:00
2026-08-09T03:55:30+00:00,KDFW,Dallas,86.0,2026-08-09T03:35:00+00:00
2026-08-09T03:55:30+00:00,KSEA,Seattle,73.4,2026-08-09T03:35:00+00:00
2026-08-09T03:55:30+00:00,KLAS,Las Vegas,107.6,2026-08-09T03:35:00+00:00
2026-08-09T03:55:30+00:00,KOKC,Oklahoma City,84.2,2026-08-09T03:30:00+00:00
2026-08-09T03:55:30+00:00,KBOS,Boston,77.0,2026-08-09T03:35:00+00:00
2026-08-09T03:55:30+00:00,KMSP,Minneapolis,71.59,2026-08-09T03:35:00+00:00
2026-08-09T03:55:30+00:00,KSAT,San Antonio,84.2,2026-08-09T03:30:00+00:00
2026-08-09T03:55:30+00:00,KMSY,New Orleans,80.59,2026-08-09T03:30:00+00:00
2026-08-09T03:55:30+00:00,KHOU,Houston,84.2,2026-08-09T03:30:00+00:00
2026-08-09T04:53:16+00:00,KNYC,New York City,78.98,2026-08-09T03:51:00+00:00
2026-08-09T04:53:16+00:00,KMIA,Miami,84.2,2026-08-09T04:35:00+00:00
2026-08-09T04:53:16+00:00,KDEN,Denver,84.02,2026-08-09T03:53:00+00:00
2026-08-09T04:53:16+00:00,KLAX,Los Angeles,71.59,2026-08-09T04:35:00+00:00
2026-08-09T04:53:16+00:00,KPHL,Philadelphia,78.8,2026-08-09T04:35:00+00:00
2026-08-09T04:53:16+00:00,KAUS,Austin,82.4,2026-08-09T04:35:00+00:00
2026-08-09T04:53:16+00:00,KMDW,Chicago,73.4,2026-08-09T04:35:00+00:00
2026-08-09T04:53:16+00:00,KSFO,San Francisco,59.0,2026-08-09T04:35:00+00:00
2026-08-09T04:53:16+00:00,KPHX,Phoenix,107.6,2026-08-09T04:35:00+00:00
2026-08-09T04:53:16+00:00,KDCA,Washington DC,80.59,2026-08-09T04:35:00+00:00
2026-08-09T04:53:16+00:00,KATL,Atlanta,75.2,2026-08-09T04:35:00+00:00
2026-08-09T04:53:16+00:00,KDFW,Dallas,84.2,2026-08-09T04:35:00+00:00
2026-08-09T04:53:16+00:00,KSEA,Seattle,75.2,2026-08-09T04:35:00+00:00
2026-08-09T04:53:16+00:00,KLAS,Las Vegas,105.8,2026-08-09T04:35:00+00:00
2026-08-09T04:53:16+00:00,KOKC,Oklahoma City,82.4,2026-08-09T04:35:00+00:00
2026-08-09T04:53:16+00:00,KBOS,Boston,78.8,2026-08-09T04:35:00+00:00
2026-08-09T04:53:16+00:00,KMSP,Minneapolis,69.8,2026-08-09T04:35:00+00:00
2026-08-09T04:53:16+00:00,KSAT,San Antonio,82.4,2026-08-09T04:35:00+00:00
2026-08-09T04:53:16+00:00,KMSY,New Orleans,80.59,2026-08-09T04:35:00+00:00
2026-08-09T04:53:16+00:00,KHOU,Houston,84.2,2026-08-09T04:30:00+00:00
2026-08-09T05:37:40+00:00,KNYC,New York City,78.08,2026-08-09T04:51:00+00:00
2026-08-09T05:37:40+00:00,KMIA,Miami,84.2,2026-08-09T05:25:00+00:00
2026-08-09T05:37:40+00:00,KDEN,Denver,78.98,2026-08-09T04:53:00+00:00
2026-08-09T05:37:40+00:00,KLAX,Los Angeles,71.59,2026-08-09T05:15:00+00:00
2026-08-09T05:37:40+00:00,KPHL,Philadelphia,78.8,2026-08-09T05:15:00+00:00
2026-08-09T05:37:40+00:00,KAUS,Austin,80.59,2026-08-09T05:15:00+00:00
2026-08-09T05:37:40+00:00,KMDW,Chicago,73.4,2026-08-09T05:20:00+00:00
2026-08-09T05:37:40+00:00,KSFO,San Francisco,59.0,2026-08-09T05:25:00+00:00
2026-08-09T05:37:40+00:00,KPHX,Phoenix,98.6,2026-08-09T05:15:00+00:00
2026-08-09T05:37:40+00:00,KDCA,Washington DC,78.8,2026-08-09T05:15:00+00:00
2026-08-09T05:37:40+00:00,KATL,Atlanta,75.2,2026-08-09T05:20:00+00:00
2026-08-09T05:37:40+00:00,KDFW,Dallas,82.4,2026-08-09T05:15:00+00:00
2026-08-09T05:37:40+00:00,KSEA,Seattle,73.4,2026-08-09T05:15:00+00:00
2026-08-09T05:37:40+00:00,KLAS,Las Vegas,102.2,2026-08-09T05:25:00+00:00
2026-08-09T05:37:40+00:00,KOKC,Oklahoma City,82.4,2026-08-09T05:20:00+00:00
2026-08-09T05:37:40+00:00,KBOS,Boston,77.0,2026-08-09T05:25:00+00:00
2026-08-09T05:37:40+00:00,KMSP,Minneapolis,69.8,2026-08-09T05:15:00+00:00
2026-08-09T05:37:40+00:00,KSAT,San Antonio,82.4,2026-08-09T05:15:00+00:00
2026-08-09T05:37:40+00:00,KMSY,New Orleans,78.8,2026-08-09T05:20:00+00:00
2026-08-09T05:37:40+00:00,KHOU,Houston,82.4,2026-08-09T05:20:00+00:00
2026-08-09T06:26:27+00:00,KNYC,New York City,78.08,2026-08-09T05:51:00+00:00
2026-08-09T06:26:27+00:00,KMIA,Miami,84.2,2026-08-09T06:05:00+00:00
2026-08-09T06:26:27+00:00,KDEN,Denver,78.98,2026-08-09T05:53:00+00:00
2026-08-09T06:26:27+00:00,KLAX,Los Angeles,71.59,2026-08-09T06:05:00+00:00
2026-08-09T06:26:27+00:00,KPHL,Philadelphia,77.0,2026-08-09T06:05:00+00:00
2026-08-09T06:26:27+00:00,KAUS,Austin,80.59,2026-08-09T06:10:00+00:00
2026-08-09T06:26:27+00:00,KMDW,Chicago,71.59,2026-08-09T06:10:00+00:00
2026-08-09T06:26:27+00:00,KSFO,San Francisco,59.0,2026-08-09T06:05:00+00:00
2026-08-09T06:26:27+00:00,KPHX,Phoenix,96.8,2026-08-09T06:05:00+00:00
2026-08-09T06:26:27+00:00,KDCA,Washington DC,78.8,2026-08-09T06:05:00+00:00
2026-08-09T06:26:27+00:00,KATL,Atlanta,75.2,2026-08-09T06:10:00+00:00
2026-08-09T06:26:27+00:00,KDFW,Dallas,80.59,2026-08-09T06:10:00+00:00
2026-08-09T06:26:27+00:00,KSEA,Seattle,71.59,2026-08-09T06:05:00+00:00
2026-08-09T06:26:27+00:00,KLAS,Las Vegas,100.4,2026-08-09T06:05:00+00:00
2026-08-09T06:26:27+00:00,KOKC,Oklahoma City,80.59,2026-08-09T06:10:00+00:00
2026-08-09T06:26:27+00:00,KBOS,Boston,75.2,2026-08-09T06:05:00+00:00
2026-08-09T06:26:27+00:00,KMSP,Minneapolis,69.8,2026-08-09T06:00:00+00:00
2026-08-09T06:26:27+00:00,KSAT,San Antonio,80.59,2026-08-09T06:00:00+00:00
2026-08-09T06:26:27+00:00,KMSY,New Orleans,78.8,2026-08-09T06:10:00+00:00
2026-08-09T06:26:27+00:00,KHOU,Houston,82.4,2026-08-09T06:10:00+00:00
2026-08-09T07:29:25+00:00,KNYC,New York City,77.0,2026-08-09T06:51:00+00:00
2026-08-09T07:29:25+00:00,KMIA,Miami,84.2,2026-08-09T07:10:00+00:00
2026-08-09T07:29:25+00:00,KDEN,Denver,77.0,2026-08-09T06:53:00+00:00
2026-08-09T07:29:25+00:00,KLAX,Los Angeles,71.59,2026-08-09T07:05:00+00:00
2026-08-09T07:29:25+00:00,KPHL,Philadelphia,77.0,2026-08-09T07:10:00+00:00
2026-08-09T07:29:25+00:00,KAUS,Austin,78.8,2026-08-09T07:10:00+00:00
2026-08-09T07:29:25+00:00,KMDW,Chicago,71.59,2026-08-09T07:10:00+00:00
2026-08-09T07:29:25+00:00,KSFO,San Francisco,57.2,2026-08-09T07:10:00+00:00
2026-08-09T07:29:25+00:00,KPHX,Phoenix,96.8,2026-08-09T07:05:00+00:00
2026-08-09T07:29:25+00:00,KDCA,Washington DC,77.0,2026-08-09T07:10:00+00:00
2026-08-09T07:29:25+00:00,KATL,Atlanta,73.4,2026-08-09T07:10:00+00:00
2026-08-09T07:29:25+00:00,KDFW,Dallas,80.59,2026-08-09T07:10:00+00:00
2026-08-09T07:29:25+00:00,KSEA,Seattle,68.0,2026-08-09T07:10:00+00:00
2026-08-09T07:29:25+00:00,KLAS,Las Vegas,98.6,2026-08-09T07:15:00+00:00
2026-08-09T07:29:25+00:00,KOKC,Oklahoma City,80.59,2026-08-09T07:10:00+00:00
2026-08-09T07:29:25+00:00,KBOS,Boston,75.2,2026-08-09T07:10:00+00:00
2026-08-09T07:29:25+00:00,KMSP,Minneapolis,69.8,2026-08-09T07:10:00+00:00
2026-08-09T07:29:25+00:00,KSAT,San Antonio,80.59,2026-08-09T07:10:00+00:00
2026-08-09T07:29:25+00:00,KMSY,New Orleans,78.8,2026-08-09T07:10:00+00:00
2026-08-09T07:29:25+00:00,KHOU,Houston,80.59,2026-08-09T07:10:00+00:00
2026-08-09T08:07:16+00:00,KNYC,New York City,77.0,2026-08-09T06:51:00+00:00
2026-08-09T08:07:16+00:00,KMIA,Miami,84.2,2026-08-09T07:35:00+00:00
2026-08-09T08:07:16+00:00,KDEN,Denver,77.0,2026-08-09T06:53:00+00:00
2026-08-09T08:07:16+00:00,KLAX,Los Angeles,71.59,2026-08-09T07:40:00+00:00
2026-08-09T08:07:16+00:00,KPHL,Philadelphia,75.2,2026-08-09T07:45:00+00:00
2026-08-09T08:07:16+00:00,KAUS,Austin,78.8,2026-08-09T07:45:00+00:00
2026-08-09T08:07:16+00:00,KMDW,Chicago,69.8,2026-08-09T07:50:00+00:00
2026-08-09T08:07:16+00:00,KSFO,San Francisco,57.2,2026-08-09T07:45:00+00:00
2026-08-09T08:07:16+00:00,KPHX,Phoenix,96.8,2026-08-09T07:45:00+00:00
2026-08-09T08:07:16+00:00,KDCA,Washington DC,77.0,2026-08-09T07:35:00+00:00
2026-08-09T08:07:16+00:00,KATL,Atlanta,73.4,2026-08-09T07:40:00+00:00
2026-08-09T08:07:16+00:00,KDFW,Dallas,80.59,2026-08-09T07:40:00+00:00
2026-08-09T08:07:16+00:00,KSEA,Seattle,62.6,2026-08-09T07:40:00+00:00
2026-08-09T08:07:16+00:00,KLAS,Las Vegas,98.6,2026-08-09T07:40:00+00:00
2026-08-09T08:07:16+00:00,KOKC,Oklahoma City,78.8,2026-08-09T07:45:00+00:00
2026-08-09T08:07:16+00:00,KBOS,Boston,75.2,2026-08-09T07:35:00+00:00
2026-08-09T08:07:16+00:00,KMSP,Minneapolis,69.8,2026-08-09T07:40:00+00:00
2026-08-09T08:07:16+00:00,KSAT,San Antonio,78.8,2026-08-09T07:45:00+00:00
2026-08-09T08:07:16+00:00,KMSY,New Orleans,78.8,2026-08-09T07:45:00+00:00
2026-08-09T08:07:16+00:00,KHOU,Houston,80.59,2026-08-09T07:45:00+00:00
2026-08-09T08:58:02+00:00,KNYC,New York City,77.0,2026-08-09T07:51:00+00:00
2026-08-09T08:58:02+00:00,KMIA,Miami,84.2,2026-08-09T08:35:00+00:00
2026-08-09T08:58:02+00:00,KDEN,Denver,75.92,2026-08-09T07:53:00+00:00
2026-08-09T08:58:02+00:00,KLAX,Los Angeles,71.59,2026-08-09T08:35:00+00:00
2026-08-09T08:58:02+00:00,KPHL,Philadelphia,75.2,2026-08-09T08:35:00+00:00
2026-08-09T08:58:02+00:00,KAUS,Austin,77.0,2026-08-09T08:35:00+00:00
2026-08-09T08:58:02+00:00,KMDW,Chicago,69.8,2026-08-09T08:35:00+00:00
2026-08-09T08:58:02+00:00,KSFO,San Francisco,57.2,2026-08-09T08:35:00+00:00
2026-08-09T08:58:02+00:00,KPHX,Phoenix,95.0,2026-08-09T08:40:00+00:00
2026-08-09T08:58:02+00:00,KDCA,Washington DC,77.0,2026-08-09T08:35:00+00:00
2026-08-09T08:58:02+00:00,KATL,Atlanta,73.4,2026-08-09T08:35:00+00:00
2026-08-09T08:58:02+00:00,KDFW,Dallas,80.59,2026-08-09T08:35:00+00:00
2026-08-09T08:58:02+00:00,KSEA,Seattle,62.6,2026-08-09T08:35:00+00:00
2026-08-09T08:58:02+00:00,KLAS,Las Vegas,96.8,2026-08-09T08:35:00+00:00
2026-08-09T08:58:02+00:00,KOKC,Oklahoma City,77.0,2026-08-09T08:35:00+00:00
2026-08-09T08:58:02+00:00,KBOS,Boston,75.2,2026-08-09T08:35:00+00:00
2026-08-09T08:58:02+00:00,KMSP,Minneapolis,69.8,2026-08-09T08:35:00+00:00
2026-08-09T08:58:02+00:00,KSAT,San Antonio,78.8,2026-08-09T08:35:00+00:00
2026-08-09T08:58:02+00:00,KMSY,New Orleans,75.2,2026-08-09T08:35:00+00:00
2026-08-09T08:58:02+00:00,KHOU,Houston,80.59,2026-08-09T08:35:00+00:00
2026-08-09T09:33:03+00:00,KNYC,New York City,77.0,2026-08-09T08:51:00+00:00
2026-08-09T09:33:03+00:00,KMIA,Miami,84.2,2026-08-09T09:10:00+00:00
2026-08-09T09:33:03+00:00,KDEN,Denver,75.02,2026-08-09T08:53:00+00:00
2026-08-09T09:33:03+00:00,KLAX,Los Angeles,71.59,2026-08-09T09:10:00+00:00
2026-08-09T09:33:03+00:00,KPHL,Philadelphia,75.2,2026-08-09T09:15:00+00:00
2026-08-09T09:33:03+00:00,KAUS,Austin,75.2,2026-08-09T09:10:00+00:00
2026-08-09T09:33:03+00:00,KMDW,Chicago,69.8,2026-08-09T09:10:00+00:00
2026-08-09T09:33:03+00:00,KSFO,San Francisco,57.2,2026-08-09T09:10:00+00:00
2026-08-09T09:33:03+00:00,KPHX,Phoenix,95.0,2026-08-09T09:10:00+00:00
2026-08-09T09:33:03+00:00,KDCA,Washington DC,75.2,2026-08-09T09:10:00+00:00
2026-08-09T09:33:03+00:00,KATL,Atlanta,73.4,2026-08-09T09:10:00+00:00
2026-08-09T09:33:03+00:00,KDFW,Dallas,80.59,2026-08-09T09:10:00+00:00
2026-08-09T09:33:03+00:00,KSEA,Seattle,60.8,2026-08-09T09:10:00+00:00
2026-08-09T09:33:03+00:00,KLAS,Las Vegas,96.8,2026-08-09T09:10:00+00:00
2026-08-09T09:33:03+00:00,KOKC,Oklahoma City,75.2,2026-08-09T09:10:00+00:00
2026-08-09T09:33:03+00:00,KBOS,Boston,75.2,2026-08-09T09:10:00+00:00
2026-08-09T09:33:03+00:00,KMSP,Minneapolis,69.8,2026-08-09T09:15:00+00:00
2026-08-09T09:33:03+00:00,KSAT,San Antonio,78.8,2026-08-09T09:15:00+00:00
2026-08-09T09:33:03+00:00,KMSY,New Orleans,75.2,2026-08-09T09:10:00+00:00
2026-08-09T09:33:03+00:00,KHOU,Houston,78.8,2026-08-09T09:15:00+00:00
2026-08-09T10:08:05+00:00,KNYC,New York City,77.0,2026-08-09T08:51:00+00:00
2026-08-09T10:08:05+00:00,KMIA,Miami,84.2,2026-08-09T09:45:00+00:00
2026-08-09T10:08:05+00:00,KDEN,Denver,75.02,2026-08-09T08:53:00+00:00
2026-08-09T10:08:05+00:00,KLAX,Los Angeles,69.8,2026-08-09T09:50:00+00:00
2026-08-09T10:08:05+00:00,KPHL,Philadelphia,75.2,2026-08-09T09:45:00+00:00
2026-08-09T10:08:05+00:00,KAUS,Austin,75.2,2026-08-09T09:50:00+00:00
2026-08-09T10:08:05+00:00,KMDW,Chicago,68.0,2026-08-09T09:50:00+00:00
2026-08-09T10:08:05+00:00,KSFO,San Francisco,57.2,2026-08-09T09:45:00+00:00
2026-08-09T10:08:05+00:00,KPHX,Phoenix,95.0,2026-08-09T09:45:00+00:00
2026-08-09T10:08:05+00:00,KDCA,Washington DC,75.2,2026-08-09T09:50:00+00:00
2026-08-09T10:08:05+00:00,KATL,Atlanta,75.2,2026-08-09T09:45:00+00:00
2026-08-09T10:08:05+00:00,KDFW,Dallas,80.59,2026-08-09T09:45:00+00:00
2026-08-09T10:08:05+00:00,KSEA,Seattle,59.0,2026-08-09T09:45:00+00:00
2026-08-09T10:08:05+00:00,KLAS,Las Vegas,96.8,2026-08-09T09:45:00+00:00
2026-08-09T10:08:05+00:00,KOKC,Oklahoma City,73.4,2026-08-09T09:50:00+00:00
2026-08-09T10:08:05+00:00,KBOS,Boston,75.2,2026-08-09T09:50:00+00:00
2026-08-09T10:08:05+00:00,KMSP,Minneapolis,69.8,2026-08-09T09:50:00+00:00
2026-08-09T10:08:05+00:00,KSAT,San Antonio,78.8,2026-08-09T09:50:00+00:00
2026-08-09T10:08:05+00:00,KMSY,New Orleans,75.2,2026-08-09T09:45:00+00:00
2026-08-09T10:08:05+00:00,KHOU,Houston,78.8,2026-08-09T09:50:00+00:00
2026-08-09T10:49:23+00:00,KNYC,New York City,75.92,2026-08-09T09:51:00+00:00
2026-08-09T10:49:23+00:00,KMIA,Miami,84.2,2026-08-09T10:30:00+00:00
2026-08-09T10:49:23+00:00,KDEN,Denver,71.06,2026-08-09T09:53:00+00:00
2026-08-09T10:49:23+00:00,KLAX,Los Angeles,69.8,2026-08-09T10:30:00+00:00
2026-08-09T10:49:23+00:00,KPHL,Philadelphia,75.2,2026-08-09T10:30:00+00:00
2026-08-09T10:49:23+00:00,KAUS,Austin,75.2,2026-08-09T10:20:00+00:00
2026-08-09T10:49:23+00:00,KMDW,Chicago,68.0,2026-08-09T10:25:00+00:00
2026-08-09T10:49:23+00:00,KSFO,San Francisco,57.2,2026-08-09T10:30:00+00:00
2026-08-09T10:49:23+00:00,KPHX,Phoenix,95.0,2026-08-09T10:30:00+00:00
2026-08-09T10:49:23+00:00,KDCA,Washington DC,77.0,2026-08-09T10:30:00+00:00
2026-08-09T10:49:23+00:00,KATL,Atlanta,73.4,2026-08-09T10:25:00+00:00
2026-08-09T10:49:23+00:00,KDFW,Dallas,78.8,2026-08-09T10:25:00+00:00
2026-08-09T10:49:23+00:00,KSEA,Seattle,57.2,2026-08-09T10:30:00+00:00
2026-08-09T10:49:23+00:00,KLAS,Las Vegas,95.0,2026-08-09T10:30:00+00:00
2026-08-09T10:49:23+00:00,KOKC,Oklahoma City,73.4,2026-08-09T10:15:00+00:00
2026-08-09T10:49:23+00:00,KBOS,Boston,75.2,2026-08-09T10:30:00+00:00
2026-08-09T10:49:23+00:00,KMSP,Minneapolis,69.8,2026-08-09T10:30:00+00:00
2026-08-09T10:49:23+00:00,KSAT,San Antonio,78.8,2026-08-09T10:25:00+00:00
2026-08-09T10:49:23+00:00,KMSY,New Orleans,77.0,2026-08-09T10:25:00+00:00
2026-08-09T10:49:23+00:00,KHOU,Houston,78.8,2026-08-09T10:25:00+00:00
2026-08-09T11:16:54+00:00,KNYC,New York City,75.92,2026-08-09T09:51:00+00:00
2026-08-09T11:16:54+00:00,KMIA,Miami,84.2,2026-08-09T10:50:00+00:00
2026-08-09T11:16:54+00:00,KDEN,Denver,73.04,2026-08-09T10:53:00+00:00
2026-08-09T11:16:54+00:00,KLAX,Los Angeles,69.8,2026-08-09T10:50:00+00:00
2026-08-09T11:16:54+00:00,KPHL,Philadelphia,77.0,2026-08-09T10:50:00+00:00
2026-08-09T11:16:54+00:00,KAUS,Austin,75.2,2026-08-09T11:00:00+00:00
2026-08-09T11:16:54+00:00,KMDW,Chicago,69.8,2026-08-09T11:00:00+00:00
2026-08-09T11:16:54+00:00,KSFO,San Francisco,57.2,2026-08-09T11:00:00+00:00
2026-08-09T11:16:54+00:00,KPHX,Phoenix,95.0,2026-08-09T10:50:00+00:00
2026-08-09T11:16:54+00:00,KDCA,Washington DC,77.0,2026-08-09T11:00:00+00:00
2026-08-09T11:16:54+00:00,KATL,Atlanta,73.4,2026-08-09T11:05:00+00:00
2026-08-09T11:16:54+00:00,KDFW,Dallas,78.8,2026-08-09T11:05:00+00:00
2026-08-09T11:16:54+00:00,KSEA,Seattle,55.4,2026-08-09T11:00:00+00:00
2026-08-09T11:16:54+00:00,KLAS,Las Vegas,93.2,2026-08-09T10:50:00+00:00
2026-08-09T11:16:54+00:00,KOKC,Oklahoma City,71.59,2026-08-09T11:00:00+00:00
2026-08-09T11:16:54+00:00,KBOS,Boston,77.0,2026-08-09T10:50:00+00:00
2026-08-09T11:16:54+00:00,KMSP,Minneapolis,69.8,2026-08-09T11:05:00+00:00
2026-08-09T11:16:54+00:00,KSAT,San Antonio,78.8,2026-08-09T11:00:00+00:00
2026-08-09T11:16:54+00:00,KMSY,New Orleans,78.8,2026-08-09T11:05:00+00:00
2026-08-09T11:16:54+00:00,KHOU,Houston,80.59,2026-08-09T11:00:00+00:00
2026-08-09T11:51:08+00:00,KNYC,New York City,75.92,2026-08-09T10:51:00+00:00
2026-08-09T11:51:08+00:00,KMIA,Miami,84.2,2026-08-09T11:35:00+00:00
2026-08-09T11:51:08+00:00,KDEN,Denver,73.04,2026-08-09T10:53:00+00:00
2026-08-09T11:51:08+00:00,KLAX,Los Angeles,69.8,2026-08-09T11:30:00+00:00
2026-08-09T11:51:08+00:00,KPHL,Philadelphia,78.8,2026-08-09T11:35:00+00:00
2026-08-09T11:51:08+00:00,KAUS,Austin,73.4,2026-08-09T11:30:00+00:00
2026-08-09T11:51:08+00:00,KMDW,Chicago,69.8,2026-08-09T11:30:00+00:00
2026-08-09T11:51:08+00:00,KSFO,San Francisco,57.2,2026-08-09T11:30:00+00:00
2026-08-09T11:51:08+00:00,KPHX,Phoenix,95.0,2026-08-09T11:30:00+00:00
2026-08-09T11:51:08+00:00,KDCA,Washington DC,78.8,2026-08-09T11:35:00+00:00
2026-08-09T11:51:08+00:00,KATL,Atlanta,73.4,2026-08-09T11:30:00+00:00
2026-08-09T11:51:08+00:00,KDFW,Dallas,78.8,2026-08-09T11:30:00+00:00
2026-08-09T11:51:08+00:00,KSEA,Seattle,55.4,2026-08-09T11:35:00+00:00
2026-08-09T11:51:08+00:00,KLAS,Las Vegas,93.2,2026-08-09T11:30:00+00:00
2026-08-09T11:51:08+00:00,KOKC,Oklahoma City,71.59,2026-08-09T11:30:00+00:00
2026-08-09T11:51:08+00:00,KBOS,Boston,78.8,2026-08-09T11:35:00+00:00
2026-08-09T11:51:08+00:00,KMSP,Minneapolis,69.8,2026-08-09T11:30:00+00:00
2026-08-09T11:51:08+00:00,KSAT,San Antonio,78.8,2026-08-09T11:25:00+00:00
2026-08-09T11:51:08+00:00,KMSY,New Orleans,77.0,2026-08-09T11:35:00+00:00
2026-08-09T11:51:08+00:00,KHOU,Houston,80.59,2026-08-09T11:30:00+00:00
2026-08-09T12:20:12+00:00,KNYC,New York City,75.92,2026-08-09T11:51:00+00:00
2026-08-09T12:20:12+00:00,KMIA,Miami,84.2,2026-08-09T11:50:00+00:00
2026-08-09T12:20:12+00:00,KDEN,Denver,69.98,2026-08-09T11:53:00+00:00
2026-08-09T12:20:12+00:00,KLAX,Los Angeles,69.8,2026-08-09T12:05:00+00:00
2026-08-09T12:20:12+00:00,KPHL,Philadelphia,78.8,2026-08-09T12:00:00+00:00
2026-08-09T12:20:12+00:00,KAUS,Austin,73.4,2026-08-09T12:00:00+00:00
2026-08-09T12:20:12+00:00,KMDW,Chicago,69.8,2026-08-09T12:00:00+00:00
2026-08-09T12:20:12+00:00,KSFO,San Francisco,59.0,2026-08-09T12:05:00+00:00
2026-08-09T12:20:12+00:00,KPHX,Phoenix,93.2,2026-08-09T12:05:00+00:00
2026-08-09T12:20:12+00:00,KDCA,Washington DC,80.59,2026-08-09T12:05:00+00:00
2026-08-09T12:20:12+00:00,KATL,Atlanta,75.2,2026-08-09T12:00:00+00:00
2026-08-09T12:20:12+00:00,KDFW,Dallas,78.8,2026-08-09T12:10:00+00:00
2026-08-09T12:20:12+00:00,KSEA,Seattle,55.4,2026-08-09T12:00:00+00:00
2026-08-09T12:20:12+00:00,KLAS,Las Vegas,91.4,2026-08-09T12:00:00+00:00
2026-08-09T12:20:12+00:00,KOKC,Oklahoma City,71.59,2026-08-09T12:00:00+00:00
2026-08-09T12:20:12+00:00,KBOS,Boston,78.8,2026-08-09T12:00:00+00:00
2026-08-09T12:20:12+00:00,KMSP,Minneapolis,69.8,2026-08-09T12:00:00+00:00
2026-08-09T12:20:12+00:00,KSAT,San Antonio,78.8,2026-08-09T12:00:00+00:00
2026-08-09T12:20:12+00:00,KMSY,New Orleans,75.2,2026-08-09T12:00:00+00:00
2026-08-09T12:20:12+00:00,KHOU,Houston,80.59,2026-08-09T12:00:00+00:00
2026-08-09T13:26:58+00:00,KNYC,New York City,78.08,2026-08-09T12:51:00+00:00
2026-08-09T13:26:58+00:00,KMIA,Miami,87.8,2026-08-09T13:05:00+00:00
2026-08-09T13:26:58+00:00,KDEN,Denver,71.95,2026-08-09T12:53:00+00:00
2026-08-09T13:26:58+00:00,KLAX,Los Angeles,69.8,2026-08-09T13:05:00+00:00
2026-08-09T13:26:58+00:00,KPHL,Philadelphia,82.4,2026-08-09T13:10:00+00:00
2026-08-09T13:26:58+00:00,KAUS,Austin,78.8,2026-08-09T13:10:00+00:00
2026-08-09T13:26:58+00:00,KMDW,Chicago,73.4,2026-08-09T13:10:00+00:00
2026-08-09T13:26:58+00:00,KSFO,San Francisco,59.0,2026-08-09T13:05:00+00:00
2026-08-09T13:26:58+00:00,KPHX,Phoenix,93.2,2026-08-09T13:05:00+00:00
2026-08-09T13:26:58+00:00,KDCA,Washington DC,84.2,2026-08-09T13:05:00+00:00
2026-08-09T13:26:58+00:00,KATL,Atlanta,78.8,2026-08-09T13:10:00+00:00
2026-08-09T13:26:58+00:00,KDFW,Dallas,80.59,2026-08-09T13:10:00+00:00
2026-08-09T13:26:58+00:00,KSEA,Seattle,55.4,2026-08-09T13:05:00+00:00
2026-08-09T13:26:58+00:00,KLAS,Las Vegas,89.6,2026-08-09T13:05:00+00:00
2026-08-09T13:26:58+00:00,KOKC,Oklahoma City,75.2,2026-08-09T13:10:00+00:00
2026-08-09T13:26:58+00:00,KBOS,Boston,82.4,2026-08-09T13:05:00+00:00
2026-08-09T13:26:58+00:00,KMSP,Minneapolis,69.8,2026-08-09T13:10:00+00:00
2026-08-09T13:26:58+00:00,KSAT,San Antonio,80.59,2026-08-09T13:10:00+00:00
2026-08-09T13:26:58+00:00,KMSY,New Orleans,80.59,2026-08-09T13:10:00+00:00
2026-08-09T13:26:58+00:00,KHOU,Houston,82.4,2026-08-09T13:10:00+00:00
2026-08-09T14:03:49+00:00,KNYC,New York City,78.08,2026-08-09T12:51:00+00:00
2026-08-09T14:03:49+00:00,KMIA,Miami,87.8,2026-08-09T13:40:00+00:00
2026-08-09T14:03:49+00:00,KDEN,Denver,71.95,2026-08-09T12:53:00+00:00
2026-08-09T14:03:49+00:00,KLAX,Los Angeles,69.8,2026-08-09T13:40:00+00:00
2026-08-09T14:03:49+00:00,KPHL,Philadelphia,84.2,2026-08-09T13:35:00+00:00
2026-08-09T14:03:49+00:00,KAUS,Austin,80.59,2026-08-09T13:45:00+00:00
2026-08-09T14:03:49+00:00,KMDW,Chicago,75.2,2026-08-09T13:40:00+00:00
2026-08-09T14:03:49+00:00,KSFO,San Francisco,59.0,2026-08-09T13:40:00+00:00
2026-08-09T14:03:49+00:00,KPHX,Phoenix,93.2,2026-08-09T13:40:00+00:00
2026-08-09T14:03:49+00:00,KDCA,Washington DC,86.0,2026-08-09T13:40:00+00:00
2026-08-09T14:03:49+00:00,KATL,Atlanta,80.59,2026-08-09T13:40:00+00:00
2026-08-09T14:03:49+00:00,KDFW,Dallas,82.4,2026-08-09T13:40:00+00:00
2026-08-09T14:03:49+00:00,KSEA,Seattle,55.4,2026-08-09T13:40:00+00:00
2026-08-09T14:03:49+00:00,KLAS,Las Vegas,91.4,2026-08-09T13:40:00+00:00
2026-08-09T14:03:49+00:00,KOKC,Oklahoma City,77.0,2026-08-09T13:40:00+00:00
2026-08-09T14:03:49+00:00,KBOS,Boston,84.2,2026-08-09T13:40:00+00:00
2026-08-09T14:03:49+00:00,KMSP,Minneapolis,69.8,2026-08-09T13:45:00+00:00
2026-08-09T14:03:49+00:00,KSAT,San Antonio,80.59,2026-08-09T13:45:00+00:00
2026-08-09T14:03:49+00:00,KMSY,New Orleans,82.4,2026-08-09T13:45:00+00:00
2026-08-09T14:03:49+00:00,KHOU,Houston,84.2,2026-08-09T13:35:00+00:00
2026-08-09T14:49:01+00:00,KNYC,New York City,82.04,2026-08-09T13:51:00+00:00
2026-08-09T14:49:01+00:00,KMIA,Miami,89.6,2026-08-09T14:25:00+00:00
2026-08-09T14:49:01+00:00,KDEN,Denver,75.92,2026-08-09T13:53:00+00:00
2026-08-09T14:49:01+00:00,KLAX,Los Angeles,71.59,2026-08-09T14:30:00+00:00
2026-08-09T14:49:01+00:00,KPHL,Philadelphia,86.0,2026-08-09T14:25:00+00:00
2026-08-09T14:49:01+00:00,KAUS,Austin,84.2,2026-08-09T14:30:00+00:00
2026-08-09T14:49:01+00:00,KMDW,Chicago,78.8,2026-08-09T14:25:00+00:00
2026-08-09T14:49:01+00:00,KSFO,San Francisco,59.0,2026-08-09T14:20:00+00:00
2026-08-09T14:49:01+00:00,KPHX,Phoenix,93.2,2026-08-09T14:25:00+00:00
2026-08-09T14:49:01+00:00,KDCA,Washington DC,87.8,2026-08-09T14:30:00+00:00
2026-08-09T14:49:01+00:00,KATL,Atlanta,84.2,2026-08-09T14:30:00+00:00
2026-08-09T14:49:01+00:00,KDFW,Dallas,84.2,2026-08-09T14:30:00+00:00
2026-08-09T14:49:01+00:00,KSEA,Seattle,57.2,2026-08-09T14:30:00+00:00
2026-08-09T14:49:01+00:00,KLAS,Las Vegas,91.4,2026-08-09T14:25:00+00:00
2026-08-09T14:49:01+00:00,KOKC,Oklahoma City,82.4,2026-08-09T14:25:00+00:00
2026-08-09T14:49:01+00:00,KBOS,Boston,86.0,2026-08-09T14:25:00+00:00
2026-08-09T14:49:01+00:00,KMSP,Minneapolis,69.8,2026-08-09T14:30:00+00:00
2026-08-09T14:49:01+00:00,KSAT,San Antonio,82.4,2026-08-09T14:30:00+00:00
2026-08-09T14:49:01+00:00,KMSY,New Orleans,84.2,2026-08-09T14:30:00+00:00
2026-08-09T14:49:01+00:00,KHOU,Houston,84.2,2026-08-09T14:25:00+00:00
2026-08-09T15:17:37+00:00,KNYC,New York City,82.94,2026-08-09T14:51:00+00:00
2026-08-09T15:17:37+00:00,KMIA,Miami,89.6,2026-08-09T15:05:00+00:00
2026-08-09T15:17:37+00:00,KDEN,Denver,80.06,2026-08-09T14:53:00+00:00
2026-08-09T15:17:37+00:00,KLAX,Los Angeles,71.59,2026-08-09T15:00:00+00:00
2026-08-09T15:17:37+00:00,KPHL,Philadelphia,87.08,2026-08-09T14:54:00+00:00
2026-08-09T15:17:37+00:00,KAUS,Austin,84.91,2026-08-09T14:53:00+00:00
2026-08-09T15:17:37+00:00,KMDW,Chicago,80.59,2026-08-09T15:05:00+00:00
2026-08-09T15:17:37+00:00,KSFO,San Francisco,59.0,2026-08-09T15:00:00+00:00
2026-08-09T15:17:37+00:00,KPHX,Phoenix,93.2,2026-08-09T15:00:00+00:00
2026-08-09T15:17:37+00:00,KDCA,Washington DC,87.8,2026-08-09T15:05:00+00:00
2026-08-09T15:17:37+00:00,KATL,Atlanta,84.2,2026-08-09T15:05:00+00:00
2026-08-09T15:17:37+00:00,KDFW,Dallas,87.08,2026-08-09T14:53:00+00:00
2026-08-09T15:17:37+00:00,KSEA,Seattle,57.2,2026-08-09T15:00:00+00:00
2026-08-09T15:17:37+00:00,KLAS,Las Vegas,93.2,2026-08-09T15:00:00+00:00
2026-08-09T15:17:37+00:00,KOKC,Oklahoma City,86.0,2026-08-09T15:00:00+00:00
2026-08-09T15:17:37+00:00,KBOS,Boston,87.8,2026-08-09T15:05:00+00:00
2026-08-09T15:17:37+00:00,KMSP,Minneapolis,73.04,2026-08-09T14:53:00+00:00
2026-08-09T15:17:37+00:00,KSAT,San Antonio,84.02,2026-08-09T14:51:00+00:00
2026-08-09T15:17:37+00:00,KMSY,New Orleans,86.0,2026-08-09T14:53:00+00:00
2026-08-09T15:17:37+00:00,KHOU,Houston,86.0,2026-08-09T15:05:00+00:00
2026-08-09T15:53:16+00:00,KNYC,New York City,82.94,2026-08-09T14:51:00+00:00
2026-08-09T15:53:16+00:00,KMIA,Miami,89.6,2026-08-09T15:35:00+00:00
2026-08-09T15:53:16+00:00,KDEN,Denver,80.06,2026-08-09T14:53:00+00:00
2026-08-09T15:53:16+00:00,KLAX,Los Angeles,73.4,2026-08-09T15:30:00+00:00
2026-08-09T15:53:16+00:00,KPHL,Philadelphia,87.8,2026-08-09T15:35:00+00:00
2026-08-09T15:53:16+00:00,KAUS,Austin,87.8,2026-08-09T15:30:00+00:00
2026-08-09T15:53:16+00:00,KMDW,Chicago,80.59,2026-08-09T15:30:00+00:00
2026-08-09T15:53:16+00:00,KSFO,San Francisco,60.8,2026-08-09T15:35:00+00:00
2026-08-09T15:53:16+00:00,KPHX,Phoenix,95.0,2026-08-09T15:30:00+00:00
2026-08-09T15:53:16+00:00,KDCA,Washington DC,89.6,2026-08-09T15:35:00+00:00
2026-08-09T15:53:16+00:00,KATL,Atlanta,86.0,2026-08-09T15:35:00+00:00
2026-08-09T15:53:16+00:00,KDFW,Dallas,89.6,2026-08-09T15:35:00+00:00
2026-08-09T15:53:16+00:00,KSEA,Seattle,57.2,2026-08-09T15:35:00+00:00
2026-08-09T15:53:16+00:00,KLAS,Las Vegas,96.8,2026-08-09T15:35:00+00:00
2026-08-09T15:53:16+00:00,KOKC,Oklahoma City,89.6,2026-08-09T15:35:00+00:00
2026-08-09T15:53:16+00:00,KBOS,Boston,87.8,2026-08-09T15:35:00+00:00
2026-08-09T15:53:16+00:00,KMSP,Minneapolis,73.4,2026-08-09T15:35:00+00:00
2026-08-09T15:53:16+00:00,KSAT,San Antonio,84.2,2026-08-09T15:30:00+00:00
2026-08-09T15:53:16+00:00,KMSY,New Orleans,87.8,2026-08-09T15:30:00+00:00
2026-08-09T15:53:16+00:00,KHOU,Houston,89.6,2026-08-09T15:30:00+00:00
