graded_utc,sector,ticker,bet_on,side,dollars,market_result,result
2026-09-12T17:34:02+00:00,TENNIS,KXWTAMATCH-26SEP12BIEHIB-HIB,Nao Hibino,yes,2803.68,YES,HIT
2026-09-12T17:34:02+00:00,TENNIS,KXWTAMATCH-26SEP12BIEHIB-HIB,Nao Hibino,yes,102833.25,YES,HIT
2026-09-12T17:34:02+00:00,TENNIS,KXWTAMATCH-26SEP12BIEHIB-HIB,Nao Hibino,no,1895.24,YES,MISS
2026-09-12T17:34:02+00:00,TENNIS,KXWTAMATCH-26SEP12PANSCO-SCO,Katrina Scott,yes,2375.1,YES,HIT
2026-09-12T17:34:02+00:00,TENNIS,KXWTAMATCH-26SEP12PANSCO-SCO,Katrina Scott,yes,21228.58,YES,HIT
2026-09-12T17:34:02+00:00,TENNIS,KXWTAMATCH-26SEP12PANSCO-SCO,Katrina Scott,yes,3828.1,YES,HIT
2026-09-12T17:34:02+00:00,TENNIS,KXWTAMATCH-26SEP12PANSCO-SCO,Katrina Scott,yes,5600.42,YES,HIT
2026-09-12T17:34:02+00:00,TENNIS,KXWTAMATCH-26SEP12BIEHIB-BIE,Sofiia Bielinska,yes,12975.77,NO,MISS
2026-09-12T17:34:02+00:00,TENNIS,KXWTAMATCH-26SEP12BIEHIB-BIE,Sofiia Bielinska,no,15111.25,NO,HIT
2026-09-12T17:34:02+00:00,TENNIS,KXWTAMATCH-26SEP12PANSCO-PAN,Alexandra Panova,no,14357.06,NO,HIT
2026-09-12T17:34:02+00:00,TENNIS,KXWTAMATCH-26SEP12PANSCO-PAN,Alexandra Panova,no,5039.98,NO,HIT
2026-09-12T17:34:02+00:00,TENNIS,KXWTAMATCH-26SEP12PANSCO-PAN,Alexandra Panova,yes,3064.09,NO,MISS
2026-09-12T19:34:02+00:00,CFB,KXNCAAFGAME-26SEP12PSUTEM-TEM,Temple,no,3325.0,NO,HIT
2026-09-12T19:34:02+00:00,CFB,KXNCAAFGAME-26SEP12PSUTEM-TEM,Temple,yes,11742.69,NO,MISS
2026-09-12T19:34:02+00:00,CFB,KXNCAAFGAME-26SEP12PSUTEM-TEM,Temple,no,12904.01,NO,HIT
2026-09-12T19:34:02+00:00,CFB,KXNCAAFGAME-26SEP12PSUTEM-TEM,Temple,no,7643.1,NO,HIT
2026-09-12T19:34:02+00:00,CFB,KXNCAAFGAME-26SEP12PSUTEM-TEM,Temple,no,4922.91,NO,HIT
2026-09-12T19:34:02+00:00,CFB,KXNCAAFGAME-26SEP12PSUTEM-TEM,Temple,no,21889.82,NO,HIT
2026-09-12T19:34:02+00:00,CFB,KXNCAAFGAME-26SEP12PSUTEM-TEM,Temple,no,4664.98,NO,HIT
2026-09-12T19:34:02+00:00,CFB,KXNCAAFGAME-26SEP12PSUTEM-TEM,Temple,no,86168.4,NO,HIT
2026-09-12T19:34:02+00:00,CFB,KXNCAAFGAME-26SEP12PSUTEM-TEM,Temple,no,2224.2,NO,HIT
2026-09-12T19:34:02+00:00,CFB,KXNCAAFGAME-26SEP12PSUTEM-TEM,Temple,no,12377.68,NO,HIT
2026-09-12T19:34:02+00:00,CFB,KXNCAAFGAME-26SEP12PSUTEM-PSU,Penn St.,yes,8471.3,YES,HIT
2026-09-12T19:34:02+00:00,CFB,KXNCAAFGAME-26SEP12PSUTEM-PSU,Penn St.,yes,1413.74,YES,HIT
2026-09-12T19:34:02+00:00,CFB,KXNCAAFGAME-26SEP12PSUTEM-PSU,Penn St.,yes,4557.04,YES,HIT
2026-09-12T19:34:02+00:00,CFB,KXNCAAFGAME-26SEP12PSUTEM-PSU,Penn St.,yes,20926.75,YES,HIT
2026-09-12T19:34:02+00:00,CFB,KXNCAAFGAME-26SEP12PSUTEM-PSU,Penn St.,yes,19930.24,YES,HIT
2026-09-12T19:34:02+00:00,CFB,KXNCAAFGAME-26SEP12PSUTEM-PSU,Penn St.,yes,1677.77,YES,HIT
2026-09-12T19:34:02+00:00,CFB,KXNCAAFGAME-26SEP12PSUTEM-PSU,Penn St.,yes,1115.23,YES,HIT
2026-09-12T19:34:02+00:00,CFB,KXNCAAFGAME-26SEP12PSUTEM-PSU,Penn St.,yes,2725.09,YES,HIT
2026-09-12T19:34:02+00:00,CFB,KXNCAAFGAME-26SEP12PSUTEM-PSU,Penn St.,yes,1011.8,YES,HIT
2026-09-12T19:34:02+00:00,CFB,KXNCAAFGAME-26SEP12PSUTEM-PSU,Penn St.,yes,1016.78,YES,HIT
2026-09-12T19:34:02+00:00,CFB,KXNCAAFGAME-26SEP12PSUTEM-PSU,Penn St.,yes,49616.28,YES,HIT
2026-09-12T19:34:02+00:00,CFB,KXNCAAFGAME-26SEP12USFARMY-ARMY,Army,yes,1230.54,NO,MISS
2026-09-12T19:34:02+00:00,CFB,KXNCAAFGAME-26SEP12USFARMY-ARMY,Army,yes,1135.87,NO,MISS
2026-09-12T19:34:02+00:00,CFB,KXNCAAFGAME-26SEP12USFARMY-ARMY,Army,yes,26264.93,NO,MISS
2026-09-12T19:34:02+00:00,CFB,KXNCAAFGAME-26SEP12USFARMY-ARMY,Army,no,12838.4,NO,HIT
2026-09-12T19:34:02+00:00,CFB,KXNCAAFGAME-26SEP12USFARMY-ARMY,Army,no,2118.45,NO,HIT
2026-09-12T19:34:02+00:00,CFB,KXNCAAFGAME-26SEP12USFARMY-ARMY,Army,no,2987.52,NO,HIT
2026-09-12T19:34:02+00:00,CFB,KXNCAAFGAME-26SEP12USFARMY-ARMY,Army,no,11866.36,NO,HIT
2026-09-12T19:34:02+00:00,CFB,KXNCAAFGAME-26SEP12USFARMY-ARMY,Army,no,5187.44,NO,HIT
2026-09-12T19:34:02+00:00,CFB,KXNCAAFGAME-26SEP12HOWIND-HOW,Howard,yes,1010.18,NO,MISS
2026-09-12T19:34:02+00:00,CFB,KXNCAAFGAME-26SEP12HOWIND-HOW,Howard,yes,2420.71,NO,MISS
2026-09-12T19:34:02+00:00,CFB,KXNCAAFGAME-26SEP12WOFKENT-KENT,Kent St.,yes,1249.6,YES,HIT
2026-09-12T19:34:02+00:00,CFB,KXNCAAFGAME-26SEP12WOFKENT-KENT,Kent St.,yes,12621.72,YES,HIT
2026-09-12T19:34:02+00:00,CFB,KXNCAAFGAME-26SEP12WOFKENT-KENT,Kent St.,yes,26670.32,YES,HIT
2026-09-12T19:34:02+00:00,CFB,KXNCAAFGAME-26SEP12WOFKENT-KENT,Kent St.,yes,19653.1,YES,HIT
2026-09-12T19:34:02+00:00,CFB,KXNCAAFGAME-26SEP12WOFKENT-KENT,Kent St.,yes,4590.49,YES,HIT
2026-09-12T19:34:02+00:00,CFB,KXNCAAFGAME-26SEP12WOFKENT-KENT,Kent St.,yes,4119.34,YES,HIT
2026-09-12T19:34:02+00:00,CFB,KXNCAAFGAME-26SEP12WOFKENT-KENT,Kent St.,yes,3403.12,YES,HIT
2026-09-12T19:34:02+00:00,CFB,KXNCAAFGAME-26SEP12WOFKENT-KENT,Kent St.,yes,9705.63,YES,HIT
2026-09-12T19:34:02+00:00,CFB,KXNCAAFGAME-26SEP12WOFKENT-KENT,Kent St.,yes,1200.23,YES,HIT
2026-09-12T19:34:02+00:00,CFB,KXNCAAFGAME-26SEP12WOFKENT-KENT,Kent St.,no,2808.54,YES,MISS
2026-09-12T19:34:02+00:00,CFB,KXNCAAFGAME-26SEP12USFARMY-USF,South Florida,yes,1002.54,YES,HIT
2026-09-12T19:34:02+00:00,CFB,KXNCAAFGAME-26SEP12USFARMY-USF,South Florida,yes,3198.89,YES,HIT
2026-09-12T19:34:02+00:00,CFB,KXNCAAFGAME-26SEP12USFARMY-USF,South Florida,yes,79165.81,YES,HIT
2026-09-12T19:34:02+00:00,CFB,KXNCAAFGAME-26SEP12USFARMY-USF,South Florida,no,2904.67,YES,MISS
2026-09-12T19:34:02+00:00,CFB,KXNCAAFGAME-26SEP12USFARMY-USF,South Florida,no,1883.88,YES,MISS
2026-09-12T19:34:02+00:00,CFB,KXNCAAFGAME-26SEP12USFARMY-USF,South Florida,no,3835.28,YES,MISS
2026-09-12T19:34:02+00:00,CFB,KXNCAAFGAME-26SEP12USFARMY-USF,South Florida,no,3728.41,YES,MISS
2026-09-12T19:34:02+00:00,CFB,KXNCAAFGAME-26SEP12USFARMY-USF,South Florida,no,17903.05,YES,MISS
2026-09-12T19:34:02+00:00,CFB,KXNCAAFGAME-26SEP12USFARMY-USF,South Florida,no,30581.83,YES,MISS
2026-09-12T19:34:02+00:00,CFB,KXNCAAFGAME-26SEP12WOFKENT-WOF,Wofford,yes,1062.7,NO,MISS
2026-09-12T19:34:02+00:00,CFB,KXNCAAFGAME-26SEP12WOFKENT-WOF,Wofford,yes,2402.97,NO,MISS
2026-09-12T19:34:02+00:00,CFB,KXNCAAFGAME-26SEP12WOFKENT-WOF,Wofford,yes,4780.25,NO,MISS
2026-09-12T19:34:02+00:00,CFB,KXNCAAFGAME-26SEP12WOFKENT-WOF,Wofford,no,8325.5,NO,HIT
2026-09-12T19:34:02+00:00,CFB,KXNCAAFGAME-26SEP12WOFKENT-WOF,Wofford,no,9879.46,NO,HIT
2026-09-12T19:34:02+00:00,CFB,KXNCAAFGAME-26SEP12WOFKENT-WOF,Wofford,yes,16114.44,NO,MISS
2026-09-12T19:34:02+00:00,CFB,KXNCAAFGAME-26SEP12WOFKENT-WOF,Wofford,yes,28964.0,NO,MISS
2026-09-12T19:34:02+00:00,CFB,KXNCAAFGAME-26SEP12WOFKENT-WOF,Wofford,no,16812.19,NO,HIT
2026-09-12T19:34:02+00:00,CFB,KXNCAAFGAME-26SEP12WOFKENT-WOF,Wofford,no,1511.84,NO,HIT
2026-09-12T19:34:02+00:00,CFB,KXNCAAFGAME-26SEP12WOFKENT-WOF,Wofford,no,8439.86,NO,HIT
2026-09-12T19:34:02+00:00,TENNIS,KXWTAMATCH-26SEP12KICMEL-MEL,Nicole Melichar-Martinez,no,1199.67,NO,HIT
2026-09-12T19:34:02+00:00,TENNIS,KXWTAMATCH-26SEP12KICMEL-MEL,Nicole Melichar-Martinez,yes,2075.05,NO,MISS
2026-09-12T19:34:02+00:00,TENNIS,KXWTAMATCH-26SEP12KICMEL-MEL,Nicole Melichar-Martinez,yes,2156.52,NO,MISS
2026-09-12T19:34:02+00:00,TENNIS,KXWTAMATCH-26SEP12KICMEL-MEL,Nicole Melichar-Martinez,no,1311.02,NO,HIT
2026-09-12T19:34:02+00:00,TENNIS,KXWTAMATCH-26SEP12KICMEL-MEL,Nicole Melichar-Martinez,no,3494.38,NO,HIT
2026-09-12T19:34:02+00:00,TENNIS,KXWTAMATCH-26SEP12KICMEL-MEL,Nicole Melichar-Martinez,no,1056.1,NO,HIT
2026-09-12T19:34:02+00:00,TENNIS,KXWTAMATCH-26SEP12KICMEL-MEL,Nicole Melichar-Martinez,yes,1025.61,NO,MISS
2026-09-12T19:34:02+00:00,TENNIS,KXWTAMATCH-26SEP12KICMEL-MEL,Nicole Melichar-Martinez,yes,40307.83,NO,MISS
2026-09-12T19:34:02+00:00,TENNIS,KXWTAMATCH-26SEP12KICMEL-KIC,Nadiia Kichenok,yes,4501.71,YES,HIT
2026-09-12T19:34:02+00:00,TENNIS,KXWTAMATCH-26SEP12KICMEL-KIC,Nadiia Kichenok,yes,2951.57,YES,HIT
2026-09-12T19:34:02+00:00,TENNIS,KXWTAMATCH-26SEP12KICMEL-KIC,Nadiia Kichenok,yes,1133.19,YES,HIT
2026-09-12T19:34:02+00:00,TENNIS,KXWTAMATCH-26SEP12KICMEL-KIC,Nadiia Kichenok,yes,28080.05,YES,HIT
2026-09-12T19:34:02+00:00,TENNIS,KXWTAMATCH-26SEP12KICMEL-KIC,Nadiia Kichenok,no,5799.31,YES,MISS
2026-09-12T19:34:02+00:00,TENNIS,KXWTAMATCH-26SEP12SORKOI-SOR,Sara Sorribes Tormo,yes,1039.07,YES,HIT
2026-09-12T19:34:02+00:00,TENNIS,KXWTAMATCH-26SEP12SORKOI-KOI,Ena Koike,yes,1737.01,NO,MISS
2026-09-12T19:36:53+00:00,CFB,KXNCAAFGAME-26SEP12PSUTEM-TEM,Temple,no,3325.0,NO,HIT
2026-09-12T19:36:53+00:00,CFB,KXNCAAFGAME-26SEP12PSUTEM-TEM,Temple,yes,11742.69,NO,MISS
2026-09-12T19:36:53+00:00,CFB,KXNCAAFGAME-26SEP12PSUTEM-TEM,Temple,no,12904.01,NO,HIT
2026-09-12T19:36:53+00:00,CFB,KXNCAAFGAME-26SEP12PSUTEM-TEM,Temple,no,7643.1,NO,HIT
2026-09-12T19:36:53+00:00,CFB,KXNCAAFGAME-26SEP12PSUTEM-TEM,Temple,no,4922.91,NO,HIT
2026-09-12T19:36:53+00:00,CFB,KXNCAAFGAME-26SEP12PSUTEM-TEM,Temple,no,21889.82,NO,HIT
2026-09-12T19:36:53+00:00,CFB,KXNCAAFGAME-26SEP12PSUTEM-TEM,Temple,no,4664.98,NO,HIT
2026-09-12T19:36:53+00:00,CFB,KXNCAAFGAME-26SEP12PSUTEM-TEM,Temple,no,86168.4,NO,HIT
2026-09-12T19:36:53+00:00,CFB,KXNCAAFGAME-26SEP12PSUTEM-TEM,Temple,no,2224.2,NO,HIT
2026-09-12T19:36:53+00:00,CFB,KXNCAAFGAME-26SEP12PSUTEM-TEM,Temple,no,12377.68,NO,HIT
2026-09-12T19:36:53+00:00,CFB,KXNCAAFGAME-26SEP12PSUTEM-PSU,Penn St.,yes,8471.3,YES,HIT
2026-09-12T19:36:53+00:00,CFB,KXNCAAFGAME-26SEP12PSUTEM-PSU,Penn St.,yes,1413.74,YES,HIT
2026-09-12T19:36:53+00:00,CFB,KXNCAAFGAME-26SEP12PSUTEM-PSU,Penn St.,yes,4557.04,YES,HIT
2026-09-12T19:36:53+00:00,CFB,KXNCAAFGAME-26SEP12PSUTEM-PSU,Penn St.,yes,20926.75,YES,HIT
2026-09-12T19:36:53+00:00,CFB,KXNCAAFGAME-26SEP12PSUTEM-PSU,Penn St.,yes,19930.24,YES,HIT
2026-09-12T19:36:53+00:00,CFB,KXNCAAFGAME-26SEP12PSUTEM-PSU,Penn St.,yes,1677.77,YES,HIT
2026-09-12T19:36:53+00:00,CFB,KXNCAAFGAME-26SEP12PSUTEM-PSU,Penn St.,yes,1115.23,YES,HIT
2026-09-12T19:36:53+00:00,CFB,KXNCAAFGAME-26SEP12PSUTEM-PSU,Penn St.,yes,2725.09,YES,HIT
2026-09-12T19:36:53+00:00,CFB,KXNCAAFGAME-26SEP12PSUTEM-PSU,Penn St.,yes,1011.8,YES,HIT
2026-09-12T19:36:53+00:00,CFB,KXNCAAFGAME-26SEP12PSUTEM-PSU,Penn St.,yes,1016.78,YES,HIT
2026-09-12T19:36:53+00:00,CFB,KXNCAAFGAME-26SEP12PSUTEM-PSU,Penn St.,yes,49616.28,YES,HIT
2026-09-12T19:36:53+00:00,CFB,KXNCAAFGAME-26SEP12USFARMY-ARMY,Army,yes,1230.54,NO,MISS
2026-09-12T19:36:53+00:00,CFB,KXNCAAFGAME-26SEP12USFARMY-ARMY,Army,yes,1135.87,NO,MISS
2026-09-12T19:36:53+00:00,CFB,KXNCAAFGAME-26SEP12USFARMY-ARMY,Army,yes,26264.93,NO,MISS
2026-09-12T19:36:53+00:00,CFB,KXNCAAFGAME-26SEP12USFARMY-ARMY,Army,no,12838.4,NO,HIT
2026-09-12T19:36:53+00:00,CFB,KXNCAAFGAME-26SEP12USFARMY-ARMY,Army,no,2118.45,NO,HIT
2026-09-12T19:36:53+00:00,CFB,KXNCAAFGAME-26SEP12USFARMY-ARMY,Army,no,2987.52,NO,HIT
2026-09-12T19:36:53+00:00,CFB,KXNCAAFGAME-26SEP12USFARMY-ARMY,Army,no,11866.36,NO,HIT
2026-09-12T19:36:53+00:00,CFB,KXNCAAFGAME-26SEP12USFARMY-ARMY,Army,no,5187.44,NO,HIT
2026-09-12T19:36:53+00:00,CFB,KXNCAAFGAME-26SEP12HOWIND-HOW,Howard,yes,1010.18,NO,MISS
2026-09-12T19:36:53+00:00,CFB,KXNCAAFGAME-26SEP12HOWIND-HOW,Howard,yes,2420.71,NO,MISS
2026-09-12T19:36:53+00:00,CFB,KXNCAAFGAME-26SEP12WOFKENT-KENT,Kent St.,yes,1249.6,YES,HIT
2026-09-12T19:36:53+00:00,CFB,KXNCAAFGAME-26SEP12WOFKENT-KENT,Kent St.,yes,12621.72,YES,HIT
2026-09-12T19:36:53+00:00,CFB,KXNCAAFGAME-26SEP12WOFKENT-KENT,Kent St.,yes,26670.32,YES,HIT
2026-09-12T19:36:53+00:00,CFB,KXNCAAFGAME-26SEP12WOFKENT-KENT,Kent St.,yes,19653.1,YES,HIT
2026-09-12T19:36:53+00:00,CFB,KXNCAAFGAME-26SEP12WOFKENT-KENT,Kent St.,yes,4590.49,YES,HIT
2026-09-12T19:36:53+00:00,CFB,KXNCAAFGAME-26SEP12WOFKENT-KENT,Kent St.,yes,4119.34,YES,HIT
2026-09-12T19:36:53+00:00,CFB,KXNCAAFGAME-26SEP12WOFKENT-KENT,Kent St.,yes,3403.12,YES,HIT
2026-09-12T19:36:53+00:00,CFB,KXNCAAFGAME-26SEP12WOFKENT-KENT,Kent St.,yes,9705.63,YES,HIT
2026-09-12T19:36:53+00:00,CFB,KXNCAAFGAME-26SEP12WOFKENT-KENT,Kent St.,yes,1200.23,YES,HIT
2026-09-12T19:36:53+00:00,CFB,KXNCAAFGAME-26SEP12WOFKENT-KENT,Kent St.,no,2808.54,YES,MISS
2026-09-12T19:36:53+00:00,CFB,KXNCAAFGAME-26SEP12USFARMY-USF,South Florida,yes,1002.54,YES,HIT
2026-09-12T19:36:53+00:00,CFB,KXNCAAFGAME-26SEP12USFARMY-USF,South Florida,yes,3198.89,YES,HIT
2026-09-12T19:36:53+00:00,CFB,KXNCAAFGAME-26SEP12USFARMY-USF,South Florida,yes,79165.81,YES,HIT
2026-09-12T19:36:53+00:00,CFB,KXNCAAFGAME-26SEP12USFARMY-USF,South Florida,no,2904.67,YES,MISS
2026-09-12T19:36:53+00:00,CFB,KXNCAAFGAME-26SEP12USFARMY-USF,South Florida,no,1883.88,YES,MISS
2026-09-12T19:36:53+00:00,CFB,KXNCAAFGAME-26SEP12USFARMY-USF,South Florida,no,3835.28,YES,MISS
2026-09-12T19:36:53+00:00,CFB,KXNCAAFGAME-26SEP12USFARMY-USF,South Florida,no,3728.41,YES,MISS
2026-09-12T19:36:53+00:00,CFB,KXNCAAFGAME-26SEP12USFARMY-USF,South Florida,no,17903.05,YES,MISS
2026-09-12T19:36:53+00:00,CFB,KXNCAAFGAME-26SEP12USFARMY-USF,South Florida,no,30581.83,YES,MISS
2026-09-12T19:36:53+00:00,CFB,KXNCAAFGAME-26SEP12WOFKENT-WOF,Wofford,yes,1062.7,NO,MISS
2026-09-12T19:36:53+00:00,CFB,KXNCAAFGAME-26SEP12WOFKENT-WOF,Wofford,yes,2402.97,NO,MISS
2026-09-12T19:36:53+00:00,CFB,KXNCAAFGAME-26SEP12WOFKENT-WOF,Wofford,yes,4780.25,NO,MISS
2026-09-12T19:36:53+00:00,CFB,KXNCAAFGAME-26SEP12WOFKENT-WOF,Wofford,no,8325.5,NO,HIT
2026-09-12T19:36:53+00:00,CFB,KXNCAAFGAME-26SEP12WOFKENT-WOF,Wofford,no,9879.46,NO,HIT
2026-09-12T19:36:53+00:00,CFB,KXNCAAFGAME-26SEP12WOFKENT-WOF,Wofford,yes,16114.44,NO,MISS
2026-09-12T19:36:53+00:00,CFB,KXNCAAFGAME-26SEP12WOFKENT-WOF,Wofford,yes,28964.0,NO,MISS
2026-09-12T19:36:53+00:00,CFB,KXNCAAFGAME-26SEP12WOFKENT-WOF,Wofford,no,16812.19,NO,HIT
2026-09-12T19:36:53+00:00,CFB,KXNCAAFGAME-26SEP12WOFKENT-WOF,Wofford,no,1511.84,NO,HIT
2026-09-12T19:36:53+00:00,CFB,KXNCAAFGAME-26SEP12WOFKENT-WOF,Wofford,no,8439.86,NO,HIT
2026-09-12T19:36:53+00:00,TENNIS,KXWTAMATCH-26SEP12KICMEL-MEL,Nicole Melichar-Martinez,no,1199.67,NO,HIT
2026-09-12T19:36:53+00:00,TENNIS,KXWTAMATCH-26SEP12KICMEL-MEL,Nicole Melichar-Martinez,yes,2075.05,NO,MISS
2026-09-12T19:36:53+00:00,TENNIS,KXWTAMATCH-26SEP12KICMEL-MEL,Nicole Melichar-Martinez,yes,2156.52,NO,MISS
2026-09-12T19:36:53+00:00,TENNIS,KXWTAMATCH-26SEP12KICMEL-MEL,Nicole Melichar-Martinez,no,1311.02,NO,HIT
2026-09-12T19:36:53+00:00,TENNIS,KXWTAMATCH-26SEP12KICMEL-MEL,Nicole Melichar-Martinez,no,3494.38,NO,HIT
2026-09-12T19:36:53+00:00,TENNIS,KXWTAMATCH-26SEP12KICMEL-MEL,Nicole Melichar-Martinez,no,1056.1,NO,HIT
2026-09-12T19:36:53+00:00,TENNIS,KXWTAMATCH-26SEP12KICMEL-MEL,Nicole Melichar-Martinez,yes,1025.61,NO,MISS
2026-09-12T19:36:53+00:00,TENNIS,KXWTAMATCH-26SEP12KICMEL-MEL,Nicole Melichar-Martinez,yes,40307.83,NO,MISS
2026-09-12T19:36:53+00:00,TENNIS,KXWTAMATCH-26SEP12KICMEL-KIC,Nadiia Kichenok,yes,4501.71,YES,HIT
2026-09-12T19:36:53+00:00,TENNIS,KXWTAMATCH-26SEP12KICMEL-KIC,Nadiia Kichenok,yes,2951.57,YES,HIT
2026-09-12T19:36:53+00:00,TENNIS,KXWTAMATCH-26SEP12KICMEL-KIC,Nadiia Kichenok,yes,1133.19,YES,HIT
2026-09-12T19:36:53+00:00,TENNIS,KXWTAMATCH-26SEP12KICMEL-KIC,Nadiia Kichenok,yes,28080.05,YES,HIT
2026-09-12T19:36:53+00:00,TENNIS,KXWTAMATCH-26SEP12KICMEL-KIC,Nadiia Kichenok,no,5799.31,YES,MISS
2026-09-12T19:36:53+00:00,TENNIS,KXWTAMATCH-26SEP12SORKOI-SOR,Sara Sorribes Tormo,yes,1039.07,YES,HIT
2026-09-12T19:36:53+00:00,TENNIS,KXWTAMATCH-26SEP12SORKOI-KOI,Ena Koike,yes,1737.01,NO,MISS
2026-09-12T21:34:02+00:00,CFB,KXNCAAFGAME-26SEP12HCMOH-HC,Holy Cross,no,5443.9,NO,HIT
2026-09-12T21:34:02+00:00,CFB,KXNCAAFGAME-26SEP12HCMOH-HC,Holy Cross,no,2095.16,NO,HIT
2026-09-12T21:34:02+00:00,CFB,KXNCAAFGAME-26SEP12HCMOH-HC,Holy Cross,no,2891.0,NO,HIT
2026-09-12T21:34:02+00:00,CFB,KXNCAAFGAME-26SEP12HCMOH-HC,Holy Cross,no,14166.71,NO,HIT
2026-09-12T21:34:02+00:00,CFB,KXNCAAFGAME-26SEP12HCMOH-HC,Holy Cross,no,26121.15,NO,HIT
2026-09-12T21:34:02+00:00,CFB,KXNCAAFGAME-26SEP12COLGCMU-COLG,Colgate,yes,1445.12,NO,MISS
2026-09-12T21:34:02+00:00,CFB,KXNCAAFGAME-26SEP12COLGCMU-COLG,Colgate,yes,7497.04,NO,MISS
2026-09-12T21:34:02+00:00,CFB,KXNCAAFGAME-26SEP12COLGCMU-COLG,Colgate,yes,2097.44,NO,MISS
2026-09-12T21:34:02+00:00,CFB,KXNCAAFGAME-26SEP12COLGCMU-COLG,Colgate,yes,1244.23,NO,MISS
2026-09-12T21:34:02+00:00,CFB,KXNCAAFGAME-26SEP12COLGCMU-COLG,Colgate,yes,2760.18,NO,MISS
2026-09-12T21:34:02+00:00,CFB,KXNCAAFGAME-26SEP12COLGCMU-COLG,Colgate,no,5158.11,NO,HIT
2026-09-12T21:34:02+00:00,CFB,KXNCAAFGAME-26SEP12COLGCMU-COLG,Colgate,no,2753.46,NO,HIT
2026-09-12T21:34:02+00:00,CFB,KXNCAAFGAME-26SEP12COLGCMU-COLG,Colgate,no,3239.53,NO,HIT
2026-09-12T21:34:02+00:00,CFB,KXNCAAFGAME-26SEP12COLGCMU-COLG,Colgate,no,12203.21,NO,HIT
2026-09-12T21:34:02+00:00,CFB,KXNCAAFGAME-26SEP12COLGCMU-COLG,Colgate,no,5847.91,NO,HIT
2026-09-12T21:34:02+00:00,CFB,KXNCAAFGAME-26SEP12COLGCMU-COLG,Colgate,no,3618.19,NO,HIT
2026-09-12T21:34:02+00:00,CFB,KXNCAAFGAME-26SEP12COLGCMU-COLG,Colgate,no,1814.29,NO,HIT
2026-09-12T21:34:02+00:00,CFB,KXNCAAFGAME-26SEP12COLGCMU-COLG,Colgate,no,1808.65,NO,HIT
2026-09-12T21:34:02+00:00,CFB,KXNCAAFGAME-26SEP12COLGCMU-COLG,Colgate,no,15744.72,NO,HIT
2026-09-12T21:34:02+00:00,CFB,KXNCAAFGAME-26SEP12COLGCMU-COLG,Colgate,no,12203.21,NO,HIT
2026-09-12T21:34:02+00:00,CFB,KXNCAAFGAME-26SEP12COLGCMU-COLG,Colgate,no,5847.91,NO,HIT
2026-09-12T21:34:02+00:00,CFB,KXNCAAFGAME-26SEP12COLGCMU-COLG,Colgate,no,3618.19,NO,HIT
2026-09-12T21:34:02+00:00,CFB,KXNCAAFGAME-26SEP12COLGCMU-COLG,Colgate,no,1814.29,NO,HIT
2026-09-12T21:34:02+00:00,CFB,KXNCAAFGAME-26SEP12COLGCMU-COLG,Colgate,no,1808.65,NO,HIT
2026-09-12T21:34:02+00:00,CFB,KXNCAAFGAME-26SEP12COLGCMU-COLG,Colgate,no,22041.69,NO,HIT
2026-09-12T21:34:02+00:00,CFB,KXNCAAFGAME-26SEP12COLGCMU-CMU,Central Michigan,yes,3525.0,YES,HIT
2026-09-12T21:34:02+00:00,CFB,KXNCAAFGAME-26SEP12COLGCMU-CMU,Central Michigan,yes,1325.07,YES,HIT
2026-09-12T21:34:02+00:00,CFB,KXNCAAFGAME-26SEP12COLGCMU-CMU,Central Michigan,yes,3617.9,YES,HIT
2026-09-12T21:34:02+00:00,CFB,KXNCAAFGAME-26SEP12COLGCMU-CMU,Central Michigan,yes,14984.29,YES,HIT
2026-09-12T21:34:02+00:00,CFB,KXNCAAFGAME-26SEP12COLGCMU-CMU,Central Michigan,yes,5949.43,YES,HIT
2026-09-12T21:34:02+00:00,CFB,KXNCAAFGAME-26SEP12COLGCMU-CMU,Central Michigan,yes,2502.24,YES,HIT
2026-09-12T21:34:02+00:00,CFB,KXNCAAFGAME-26SEP12COLGCMU-CMU,Central Michigan,yes,2865.83,YES,HIT
2026-09-12T21:34:02+00:00,CFB,KXNCAAFGAME-26SEP12COLGCMU-CMU,Central Michigan,yes,42313.83,YES,HIT
2026-09-12T21:34:02+00:00,CFB,KXNCAAFGAME-26SEP12COLGCMU-CMU,Central Michigan,yes,30278.23,YES,HIT
2026-09-12T21:34:02+00:00,CFB,KXNCAAFGAME-26SEP12COLGCMU-CMU,Central Michigan,yes,12888.46,YES,HIT
2026-09-12T21:34:02+00:00,CFB,KXNCAAFGAME-26SEP12COLGCMU-CMU,Central Michigan,no,2748.63,YES,MISS
2026-09-12T21:34:02+00:00,CFB,KXNCAAFGAME-26SEP12COLGCMU-CMU,Central Michigan,no,1549.91,YES,MISS
2026-09-12T21:34:02+00:00,CFB,KXNCAAFGAME-26SEP12COLGCMU-CMU,Central Michigan,no,2959.0,YES,MISS
2026-09-12T21:34:02+00:00,CFB,KXNCAAFGAME-26SEP12COLGCMU-CMU,Central Michigan,yes,14984.29,YES,HIT
2026-09-12T21:34:02+00:00,CFB,KXNCAAFGAME-26SEP12COLGCMU-CMU,Central Michigan,yes,5949.43,YES,HIT
2026-09-12T21:34:02+00:00,CFB,KXNCAAFGAME-26SEP12COLGCMU-CMU,Central Michigan,yes,2502.24,YES,HIT
2026-09-12T21:34:02+00:00,CFB,KXNCAAFGAME-26SEP12COLGCMU-CMU,Central Michigan,yes,2865.83,YES,HIT
2026-09-12T21:34:02+00:00,CFB,KXNCAAFGAME-26SEP12COLGCMU-CMU,Central Michigan,yes,42313.83,YES,HIT
2026-09-12T21:34:02+00:00,CFB,KXNCAAFGAME-26SEP12COLGCMU-CMU,Central Michigan,yes,30278.23,YES,HIT
2026-09-12T21:34:02+00:00,CFB,KXNCAAFGAME-26SEP12COLGCMU-CMU,Central Michigan,yes,15568.4,YES,HIT
2026-09-12T21:34:02+00:00,CFB,KXNCAAFGAME-26SEP12COLGCMU-CMU,Central Michigan,no,2748.63,YES,MISS
2026-09-12T21:34:02+00:00,CFB,KXNCAAFGAME-26SEP12COLGCMU-CMU,Central Michigan,no,1549.91,YES,MISS
2026-09-12T21:34:02+00:00,CFB,KXNCAAFGAME-26SEP12COLGCMU-CMU,Central Michigan,no,2981.75,YES,MISS
2026-09-12T21:34:02+00:00,CFB,KXNCAAFGAME-26SEP12APPECU-ECU,East Carolina,yes,2919.64,NO,MISS
2026-09-12T21:34:02+00:00,CFB,KXNCAAFGAME-26SEP12APPECU-ECU,East Carolina,yes,16916.24,NO,MISS
2026-09-12T21:34:02+00:00,CFB,KXNCAAFGAME-26SEP12APPECU-ECU,East Carolina,no,2628.07,NO,HIT
2026-09-12T21:34:02+00:00,CFB,KXNCAAFGAME-26SEP12APPECU-ECU,East Carolina,no,1652.05,NO,HIT
2026-09-12T21:34:02+00:00,CFB,KXNCAAFGAME-26SEP12APPECU-ECU,East Carolina,no,12518.99,NO,HIT
2026-09-12T21:34:02+00:00,CFB,KXNCAAFGAME-26SEP12APPECU-ECU,East Carolina,no,1113.29,NO,HIT
2026-09-12T21:34:02+00:00,CFB,KXNCAAFGAME-26SEP12APPECU-ECU,East Carolina,yes,6346.02,NO,MISS
2026-09-12T21:34:02+00:00,CFB,KXNCAAFGAME-26SEP12APPECU-ECU,East Carolina,no,1979.62,NO,HIT
2026-09-12T21:34:02+00:00,CFB,KXNCAAFGAME-26SEP12APPECU-ECU,East Carolina,no,5552.95,NO,HIT
2026-09-12T21:34:02+00:00,CFB,KXNCAAFGAME-26SEP12APPECU-ECU,East Carolina,no,1040.53,NO,HIT
2026-09-12T21:34:02+00:00,CFB,KXNCAAFGAME-26SEP12APPECU-ECU,East Carolina,no,5178.37,NO,HIT
2026-09-12T21:34:02+00:00,CFB,KXNCAAFGAME-26SEP12APPECU-ECU,East Carolina,no,2297.22,NO,HIT
2026-09-12T21:34:02+00:00,CFB,KXNCAAFGAME-26SEP12APPECU-ECU,East Carolina,no,24283.26,NO,HIT
2026-09-12T21:34:02+00:00,CFB,KXNCAAFGAME-26SEP12APPECU-ECU,East Carolina,no,17370.34,NO,HIT
2026-09-12T21:34:02+00:00,CFB,KXNCAAFGAME-26SEP12APPECU-ECU,East Carolina,yes,6346.02,NO,MISS
2026-09-12T21:34:02+00:00,CFB,KXNCAAFGAME-26SEP12APPECU-ECU,East Carolina,no,1979.62,NO,HIT
2026-09-12T21:34:02+00:00,CFB,KXNCAAFGAME-26SEP12APPECU-ECU,East Carolina,no,5552.95,NO,HIT
2026-09-12T21:34:02+00:00,CFB,KXNCAAFGAME-26SEP12APPECU-ECU,East Carolina,no,1040.53,NO,HIT
2026-09-12T21:34:02+00:00,CFB,KXNCAAFGAME-26SEP12APPECU-ECU,East Carolina,no,5178.37,NO,HIT
2026-09-12T21:34:02+00:00,CFB,KXNCAAFGAME-26SEP12APPECU-ECU,East Carolina,no,2297.22,NO,HIT
2026-09-12T21:34:02+00:00,CFB,KXNCAAFGAME-26SEP12APPECU-ECU,East Carolina,no,24283.26,NO,HIT
2026-09-12T21:34:02+00:00,CFB,KXNCAAFGAME-26SEP12APPECU-ECU,East Carolina,no,17370.34,NO,HIT
2026-09-12T21:34:02+00:00,CFB,KXNCAAFGAME-26SEP12APPECU-ECU,East Carolina,no,2079.45,NO,HIT
2026-09-12T21:34:02+00:00,CFB,KXNCAAFGAME-26SEP12WSUKSU-KSU,Kansas St.,yes,2332.04,YES,HIT
2026-09-12T21:34:02+00:00,CFB,KXNCAAFGAME-26SEP12WSUKSU-KSU,Kansas St.,yes,1281.32,YES,HIT
2026-09-12T21:34:02+00:00,CFB,KXNCAAFGAME-26SEP12WSUKSU-KSU,Kansas St.,yes,1112.94,YES,HIT
2026-09-12T21:34:02+00:00,CFB,KXNCAAFGAME-26SEP12WSUKSU-KSU,Kansas St.,yes,1077.05,YES,HIT
2026-09-12T21:34:02+00:00,CFB,KXNCAAFGAME-26SEP12WSUKSU-KSU,Kansas St.,yes,13538.05,YES,HIT
2026-09-12T21:34:02+00:00,CFB,KXNCAAFGAME-26SEP12WSUKSU-KSU,Kansas St.,yes,8777.98,YES,HIT
2026-09-12T21:34:02+00:00,CFB,KXNCAAFGAME-26SEP12WSUKSU-KSU,Kansas St.,yes,1773.59,YES,HIT
2026-09-12T21:34:02+00:00,CFB,KXNCAAFGAME-26SEP12WSUKSU-KSU,Kansas St.,yes,7425.73,YES,HIT
2026-09-12T21:34:02+00:00,CFB,KXNCAAFGAME-26SEP12WSUKSU-KSU,Kansas St.,yes,38434.16,YES,HIT
2026-09-12T21:34:02+00:00,CFB,KXNCAAFGAME-26SEP12WSUKSU-KSU,Kansas St.,yes,14277.73,YES,HIT
2026-09-12T21:34:02+00:00,CFB,KXNCAAFGAME-26SEP12WSUKSU-KSU,Kansas St.,yes,49503.67,YES,HIT
2026-09-12T21:34:02+00:00,CFB,KXNCAAFGAME-26SEP12WSUKSU-KSU,Kansas St.,yes,17170.94,YES,HIT
2026-09-12T21:34:02+00:00,CFB,KXNCAAFGAME-26SEP12WSUKSU-KSU,Kansas St.,no,2032.83,YES,MISS
2026-09-12T21:34:02+00:00,CFB,KXNCAAFGAME-26SEP12WSUKSU-KSU,Kansas St.,no,2273.46,YES,MISS
2026-09-12T21:34:02+00:00,CFB,KXNCAAFGAME-26SEP12WSUKSU-KSU,Kansas St.,yes,4079.7,YES,HIT
2026-09-12T21:34:02+00:00,CFB,KXNCAAFGAME-26SEP12WSUKSU-KSU,Kansas St.,yes,10315.76,YES,HIT
2026-09-12T21:34:02+00:00,CFB,KXNCAAFGAME-26SEP12WSUKSU-KSU,Kansas St.,yes,8979.39,YES,HIT
2026-09-12T21:34:02+00:00,CFB,KXNCAAFGAME-26SEP12WSUKSU-KSU,Kansas St.,yes,4079.7,YES,HIT
2026-09-12T21:34:02+00:00,CFB,KXNCAAFGAME-26SEP12WSUKSU-KSU,Kansas St.,yes,10315.76,YES,HIT
2026-09-12T21:34:02+00:00,CFB,KXNCAAFGAME-26SEP12WSUKSU-KSU,Kansas St.,yes,8979.39,YES,HIT
2026-09-12T21:34:02+00:00,CFB,KXNCAAFGAME-26SEP12ASUTXAM-TXAM,Texas A&M,yes,12797.03,YES,HIT
2026-09-12T21:34:02+00:00,CFB,KXNCAAFGAME-26SEP12ASUTXAM-TXAM,Texas A&M,yes,1848.99,YES,HIT
2026-09-12T21:34:02+00:00,CFB,KXNCAAFGAME-26SEP12ASUTXAM-TXAM,Texas A&M,yes,1665.97,YES,HIT
2026-09-12T21:34:02+00:00,CFB,KXNCAAFGAME-26SEP12ASUTXAM-TXAM,Texas A&M,yes,1019.73,YES,HIT
2026-09-12T21:34:02+00:00,CFB,KXNCAAFGAME-26SEP12ASUTXAM-TXAM,Texas A&M,yes,1378.19,YES,HIT
2026-09-12T21:34:02+00:00,CFB,KXNCAAFGAME-26SEP12ASUTXAM-TXAM,Texas A&M,yes,1748.23,YES,HIT
2026-09-12T21:34:02+00:00,CFB,KXNCAAFGAME-26SEP12ASUTXAM-TXAM,Texas A&M,yes,1016.34,YES,HIT
2026-09-12T21:34:02+00:00,CFB,KXNCAAFGAME-26SEP12ASUTXAM-TXAM,Texas A&M,yes,1868.23,YES,HIT
2026-09-12T21:34:02+00:00,CFB,KXNCAAFGAME-26SEP12ASUTXAM-TXAM,Texas A&M,yes,2060.78,YES,HIT
2026-09-12T21:34:02+00:00,CFB,KXNCAAFGAME-26SEP12ASUTXAM-TXAM,Texas A&M,yes,5756.96,YES,HIT
2026-09-12T21:34:02+00:00,CFB,KXNCAAFGAME-26SEP12ASUTXAM-TXAM,Texas A&M,yes,24440.56,YES,HIT
2026-09-12T21:34:02+00:00,CFB,KXNCAAFGAME-26SEP12ASUTXAM-TXAM,Texas A&M,no,2330.6,YES,MISS
2026-09-12T21:34:02+00:00,CFB,KXNCAAFGAME-26SEP12ASUTXAM-TXAM,Texas A&M,no,6252.68,YES,MISS
2026-09-12T21:34:02+00:00,CFB,KXNCAAFGAME-26SEP12ASUTXAM-TXAM,Texas A&M,no,9681.67,YES,MISS
2026-09-12T21:34:02+00:00,CFB,KXNCAAFGAME-26SEP12ASUTXAM-TXAM,Texas A&M,no,3558.17,YES,MISS
2026-09-12T21:34:02+00:00,CFB,KXNCAAFGAME-26SEP12ASUTXAM-TXAM,Texas A&M,no,5825.92,YES,MISS
2026-09-12T21:34:02+00:00,CFB,KXNCAAFGAME-26SEP12ASUTXAM-TXAM,Texas A&M,no,1885.69,YES,MISS
2026-09-12T21:34:02+00:00,CFB,KXNCAAFGAME-26SEP12ASUTXAM-TXAM,Texas A&M,no,6560.99,YES,MISS
2026-09-12T21:34:02+00:00,CFB,KXNCAAFGAME-26SEP12ASUTXAM-TXAM,Texas A&M,no,13103.48,YES,MISS
2026-09-12T21:34:02+00:00,CFB,KXNCAAFGAME-26SEP12ASUTXAM-ASU,Arizona St.,yes,1012.74,NO,MISS
2026-09-12T21:34:02+00:00,CFB,KXNCAAFGAME-26SEP12ASUTXAM-ASU,Arizona St.,yes,2881.55,NO,MISS
2026-09-12T21:34:02+00:00,CFB,KXNCAAFGAME-26SEP12ASUTXAM-ASU,Arizona St.,no,1720.0,NO,HIT
2026-09-12T21:34:02+00:00,CFB,KXNCAAFGAME-26SEP12ASUTXAM-ASU,Arizona St.,yes,1505.65,NO,MISS
2026-09-12T21:34:02+00:00,CFB,KXNCAAFGAME-26SEP12ASUTXAM-ASU,Arizona St.,yes,2832.46,NO,MISS
2026-09-12T21:34:02+00:00,CFB,KXNCAAFGAME-26SEP12ASUTXAM-ASU,Arizona St.,yes,4395.56,NO,MISS
2026-09-12T21:34:02+00:00,CFB,KXNCAAFGAME-26SEP12ASUTXAM-ASU,Arizona St.,no,1339.38,NO,HIT
2026-09-12T21:34:02+00:00,CFB,KXNCAAFGAME-26SEP12ASUTXAM-ASU,Arizona St.,no,1243.26,NO,HIT
2026-09-12T21:34:02+00:00,CFB,KXNCAAFGAME-26SEP12ASUTXAM-ASU,Arizona St.,no,5181.29,NO,HIT
2026-09-12T21:34:02+00:00,CFB,KXNCAAFGAME-26SEP12ASUTXAM-ASU,Arizona St.,no,4068.77,NO,HIT
2026-09-12T21:34:02+00:00,CFB,KXNCAAFGAME-26SEP12ASUTXAM-ASU,Arizona St.,no,4155.29,NO,HIT
2026-09-12T21:34:02+00:00,CFB,KXNCAAFGAME-26SEP12ASUTXAM-ASU,Arizona St.,no,5194.43,NO,HIT
2026-09-12T21:34:02+00:00,CFB,KXNCAAFGAME-26SEP12ASUTXAM-ASU,Arizona St.,no,19560.6,NO,HIT
2026-09-12T21:34:02+00:00,CFB,KXNCAAFGAME-26SEP12ASUTXAM-ASU,Arizona St.,no,120620.8,NO,HIT
2026-09-12T21:34:02+00:00,CFB,KXNCAAFGAME-26SEP12ASUTXAM-ASU,Arizona St.,yes,195500.84,NO,MISS
2026-09-12T21:34:02+00:00,CFB,KXNCAAFGAME-26SEP12ASUTXAM-ASU,Arizona St.,no,700260.39,NO,HIT
2026-09-12T21:34:02+00:00,CFB,KXNCAAFGAME-26SEP12OREOKST-ORE,Oregon,yes,2345.58,NO,MISS
2026-09-12T21:34:02+00:00,CFB,KXNCAAFGAME-26SEP12OREOKST-ORE,Oregon,yes,6025.67,NO,MISS
2026-09-12T21:34:02+00:00,CFB,KXNCAAFGAME-26SEP12OREOKST-ORE,Oregon,yes,1139.7,NO,MISS
2026-09-12T21:34:02+00:00,CFB,KXNCAAFGAME-26SEP12OREOKST-ORE,Oregon,yes,1018.33,NO,MISS
2026-09-12T21:34:02+00:00,CFB,KXNCAAFGAME-26SEP12OREOKST-ORE,Oregon,yes,163227.42,NO,MISS
2026-09-12T21:34:02+00:00,CFB,KXNCAAFGAME-26SEP12OREOKST-ORE,Oregon,yes,1034.62,NO,MISS
2026-09-12T21:34:02+00:00,CFB,KXNCAAFGAME-26SEP12OREOKST-ORE,Oregon,yes,4560.89,NO,MISS
2026-09-12T21:34:02+00:00,CFB,KXNCAAFGAME-26SEP12OREOKST-ORE,Oregon,yes,13458.35,NO,MISS
2026-09-12T21:34:02+00:00,CFB,KXNCAAFGAME-26SEP12OREOKST-ORE,Oregon,yes,1483.66,NO,MISS
2026-09-12T21:34:02+00:00,CFB,KXNCAAFGAME-26SEP12OREOKST-ORE,Oregon,yes,4979.09,NO,MISS
2026-09-12T21:34:02+00:00,CFB,KXNCAAFGAME-26SEP12OREOKST-ORE,Oregon,yes,1762.77,NO,MISS
2026-09-12T21:34:02+00:00,CFB,KXNCAAFGAME-26SEP12OREOKST-ORE,Oregon,yes,19960.82,NO,MISS
2026-09-12T21:34:02+00:00,CFB,KXNCAAFGAME-26SEP12OREOKST-ORE,Oregon,yes,11557.74,NO,MISS
2026-09-12T21:34:02+00:00,CFB,KXNCAAFGAME-26SEP12OREOKST-ORE,Oregon,yes,5914.28,NO,MISS
2026-09-12T21:34:02+00:00,CFB,KXNCAAFGAME-26SEP12OREOKST-ORE,Oregon,yes,2208.0,NO,MISS
2026-09-12T21:34:02+00:00,CFB,KXNCAAFGAME-26SEP12OREOKST-ORE,Oregon,yes,4303.76,NO,MISS
2026-09-12T21:34:02+00:00,CFB,KXNCAAFGAME-26SEP12OREOKST-ORE,Oregon,yes,1735.7,NO,MISS
2026-09-12T21:34:02+00:00,CFB,KXNCAAFGAME-26SEP12OREOKST-ORE,Oregon,yes,51527.91,NO,MISS
2026-09-12T21:34:02+00:00,CFB,KXNCAAFGAME-26SEP12OREOKST-ORE,Oregon,yes,29740.65,NO,MISS
2026-09-12T21:34:02+00:00,CFB,KXNCAAFGAME-26SEP12OREOKST-ORE,Oregon,no,1090.31,NO,HIT
2026-09-12T21:34:02+00:00,CFB,KXNCAAFGAME-26SEP12OREOKST-ORE,Oregon,yes,5216.02,NO,MISS
2026-09-12T21:34:02+00:00,CFB,KXNCAAFGAME-26SEP12OREOKST-ORE,Oregon,no,2168.6,NO,HIT
2026-09-12T21:34:02+00:00,CFB,KXNCAAFGAME-26SEP12OREOKST-ORE,Oregon,no,1340.57,NO,HIT
2026-09-12T21:34:02+00:00,CFB,KXNCAAFGAME-26SEP12OREOKST-ORE,Oregon,no,3332.07,NO,HIT
2026-09-12T21:34:02+00:00,CFB,KXNCAAFGAME-26SEP12OREOKST-ORE,Oregon,no,131333.31,NO,HIT
2026-09-12T21:34:02+00:00,CFB,KXNCAAFGAME-26SEP12OREOKST-ORE,Oregon,yes,1091113.06,NO,MISS
2026-09-12T21:34:02+00:00,CFB,KXNCAAFGAME-26SEP12OREOKST-ORE,Oregon,no,4279.26,NO,HIT
2026-09-12T21:34:02+00:00,CFB,KXNCAAFGAME-26SEP12OREOKST-ORE,Oregon,no,2168.6,NO,HIT
2026-09-12T21:34:02+00:00,CFB,KXNCAAFGAME-26SEP12OREOKST-ORE,Oregon,no,1340.57,NO,HIT
2026-09-12T21:34:02+00:00,CFB,KXNCAAFGAME-26SEP12OREOKST-ORE,Oregon,no,3332.07,NO,HIT
2026-09-12T21:34:02+00:00,CFB,KXNCAAFGAME-26SEP12OREOKST-ORE,Oregon,no,157634.8,NO,HIT
2026-09-12T21:34:02+00:00,CFB,KXNCAAFGAME-26SEP12OREOKST-OKST,Oklahoma St.,no,3290.0,YES,MISS
2026-09-12T21:34:02+00:00,CFB,KXNCAAFGAME-26SEP12OREOKST-OKST,Oklahoma St.,no,1410.0,YES,MISS
2026-09-12T21:34:02+00:00,CFB,KXNCAAFGAME-26SEP12OREOKST-OKST,Oklahoma St.,yes,7856.89,YES,HIT
2026-09-12T21:34:02+00:00,CFB,KXNCAAFGAME-26SEP12OREOKST-OKST,Oklahoma St.,yes,2333.32,YES,HIT
2026-09-12T21:34:02+00:00,CFB,KXNCAAFGAME-26SEP12OREOKST-OKST,Oklahoma St.,yes,4214.76,YES,HIT
2026-09-12T21:34:02+00:00,CFB,KXNCAAFGAME-26SEP12OREOKST-OKST,Oklahoma St.,yes,2469.89,YES,HIT
2026-09-12T21:34:02+00:00,CFB,KXNCAAFGAME-26SEP12OREOKST-OKST,Oklahoma St.,yes,5381.78,YES,HIT
2026-09-12T21:34:02+00:00,CFB,KXNCAAFGAME-26SEP12OREOKST-OKST,Oklahoma St.,no,9399.06,YES,MISS
2026-09-12T21:34:02+00:00,CFB,KXNCAAFGAME-26SEP12OREOKST-OKST,Oklahoma St.,no,3558.83,YES,MISS
2026-09-12T21:34:02+00:00,CFB,KXNCAAFGAME-26SEP12OREOKST-OKST,Oklahoma St.,yes,361243.77,YES,HIT
2026-09-12T21:34:02+00:00,CFB,KXNCAAFGAME-26SEP12OREOKST-OKST,Oklahoma St.,no,232503.42,YES,MISS
2026-09-12T21:34:02+00:00,CFB,KXNCAAFGAME-26SEP12OREOKST-OKST,Oklahoma St.,no,220167.0,YES,MISS
2026-09-12T21:34:02+00:00,CFB,KXNCAAFGAME-26SEP12OREOKST-OKST,Oklahoma St.,yes,395519.41,YES,HIT
2026-09-12T21:34:02+00:00,CFB,KXNCAAFGAME-26SEP12ETSUUNC-UNC,North Carolina,yes,10997.29,YES,HIT
2026-09-12T21:34:02+00:00,CFB,KXNCAAFGAME-26SEP12ETSUUNC-UNC,North Carolina,yes,5499.45,YES,HIT
2026-09-12T21:34:02+00:00,CFB,KXNCAAFGAME-26SEP12ETSUUNC-UNC,North Carolina,yes,1188.0,YES,HIT
2026-09-12T21:34:02+00:00,CFB,KXNCAAFGAME-26SEP12ETSUUNC-UNC,North Carolina,yes,4996.5,YES,HIT
2026-09-12T21:34:02+00:00,CFB,KXNCAAFGAME-26SEP12ETSUUNC-UNC,North Carolina,yes,2970.0,YES,HIT
2026-09-12T21:34:02+00:00,CFB,KXNCAAFGAME-26SEP12ETSUUNC-UNC,North Carolina,yes,1998.59,YES,HIT
2026-09-12T21:34:02+00:00,CFB,KXNCAAFGAME-26SEP12ETSUUNC-UNC,North Carolina,yes,1488.43,YES,HIT
2026-09-12T21:34:02+00:00,CFB,KXNCAAFGAME-26SEP12ETSUUNC-UNC,North Carolina,yes,22124.4,YES,HIT
2026-09-12T21:34:02+00:00,CFB,KXNCAAFGAME-26SEP12ODUVT-VT,Virginia Tech,yes,195696.82,YES,HIT
2026-09-12T21:34:02+00:00,CFB,KXNCAAFGAME-26SEP12ODUVT-VT,Virginia Tech,yes,2981.21,YES,HIT
2026-09-12T21:34:02+00:00,CFB,KXNCAAFGAME-26SEP12ODUVT-VT,Virginia Tech,yes,2744.63,YES,HIT
2026-09-12T21:34:02+00:00,CFB,KXNCAAFGAME-26SEP12ODUVT-VT,Virginia Tech,yes,1361.61,YES,HIT
2026-09-12T21:34:02+00:00,CFB,KXNCAAFGAME-26SEP12ODUVT-VT,Virginia Tech,yes,2047.37,YES,HIT
2026-09-12T21:34:02+00:00,CFB,KXNCAAFGAME-26SEP12ODUVT-VT,Virginia Tech,yes,3878.56,YES,HIT
2026-09-12T21:34:02+00:00,CFB,KXNCAAFGAME-26SEP12ODUVT-VT,Virginia Tech,yes,4824.97,YES,HIT
2026-09-12T21:34:02+00:00,CFB,KXNCAAFGAME-26SEP12ODUVT-VT,Virginia Tech,yes,27321.12,YES,HIT
2026-09-12T21:34:02+00:00,CFB,KXNCAAFGAME-26SEP12ODUVT-VT,Virginia Tech,yes,105973.21,YES,HIT
2026-09-12T21:34:02+00:00,CFB,KXNCAAFGAME-26SEP12ODUVT-ODU,Old Dominion,no,2471.8,NO,HIT
2026-09-12T21:34:02+00:00,CFB,KXNCAAFGAME-26SEP12ODUVT-ODU,Old Dominion,no,8560.67,NO,HIT
2026-09-12T21:34:02+00:00,CFB,KXNCAAFGAME-26SEP12ODUVT-ODU,Old Dominion,yes,1432.63,NO,MISS
2026-09-12T21:34:02+00:00,CFB,KXNCAAFGAME-26SEP12ODUVT-ODU,Old Dominion,yes,6919.19,NO,MISS
2026-09-12T21:34:02+00:00,CFB,KXNCAAFGAME-26SEP12ODUVT-ODU,Old Dominion,no,3728.06,NO,HIT
2026-09-12T21:34:02+00:00,CFB,KXNCAAFGAME-26SEP12ODUVT-ODU,Old Dominion,no,1746.18,NO,HIT
2026-09-12T21:34:02+00:00,CFB,KXNCAAFGAME-26SEP12ODUVT-ODU,Old Dominion,no,1517.99,NO,HIT
2026-09-12T21:34:02+00:00,CFB,KXNCAAFGAME-26SEP12ODUVT-ODU,Old Dominion,no,13784.23,NO,HIT
2026-09-12T21:34:02+00:00,CFB,KXNCAAFGAME-26SEP12ODUVT-ODU,Old Dominion,no,27982.63,NO,HIT
2026-09-12T21:34:02+00:00,CFB,KXNCAAFGAME-26SEP12ODUVT-ODU,Old Dominion,no,17981.67,NO,HIT
2026-09-12T21:34:02+00:00,CFB,KXNCAAFGAME-26SEP12WAKEPUR-PUR,Purdue,yes,1441.47,NO,MISS
2026-09-12T21:34:02+00:00,CFB,KXNCAAFGAME-26SEP12WAKEPUR-PUR,Purdue,yes,15935.9,NO,MISS
2026-09-12T21:34:02+00:00,CFB,KXNCAAFGAME-26SEP12WAKEPUR-PUR,Purdue,no,14100.44,NO,HIT
2026-09-12T21:34:02+00:00,CFB,KXNCAAFGAME-26SEP12WAKEPUR-PUR,Purdue,no,62724.58,NO,HIT
2026-09-12T21:34:02+00:00,CFB,KXNCAAFGAME-26SEP12WAKEPUR-PUR,Purdue,yes,356577.4,NO,MISS
2026-09-12T21:34:02+00:00,CFB,KXNCAAFGAME-26SEP12WAKEPUR-PUR,Purdue,no,21028.57,NO,HIT
2026-09-12T21:34:02+00:00,CFB,KXNCAAFGAME-26SEP12WAKEPUR-PUR,Purdue,no,29392.87,NO,HIT
2026-09-12T21:34:02+00:00,CFB,KXNCAAFGAME-26SEP12WAKEPUR-PUR,Purdue,no,228254.27,NO,HIT
2026-09-12T21:34:02+00:00,CFB,KXNCAAFGAME-26SEP12WAKEPUR-PUR,Purdue,yes,364886.78,NO,MISS
2026-09-12T21:34:02+00:00,CFB,KXNCAAFGAME-26SEP12WAKEPUR-PUR,Purdue,no,29392.87,NO,HIT
2026-09-12T21:34:02+00:00,CFB,KXNCAAFGAME-26SEP12WAKEPUR-PUR,Purdue,no,236046.23,NO,HIT
2026-09-12T21:34:02+00:00,CFB,KXNCAAFGAME-26SEP12OKLAMICH-OKLA,Oklahoma,yes,1980.0,NO,MISS
2026-09-12T21:34:02+00:00,CFB,KXNCAAFGAME-26SEP12OKLAMICH-OKLA,Oklahoma,yes,1634.39,NO,MISS
2026-09-12T21:34:02+00:00,CFB,KXNCAAFGAME-26SEP12OKLAMICH-OKLA,Oklahoma,yes,1623.75,NO,MISS
2026-09-12T21:34:02+00:00,CFB,KXNCAAFGAME-26SEP12OKLAMICH-OKLA,Oklahoma,yes,1974.85,NO,MISS
2026-09-12T21:34:02+00:00,CFB,KXNCAAFGAME-26SEP12OKLAMICH-OKLA,Oklahoma,yes,1001.24,NO,MISS
2026-09-12T21:34:02+00:00,CFB,KXNCAAFGAME-26SEP12OKLAMICH-OKLA,Oklahoma,yes,1878.23,NO,MISS
2026-09-12T21:34:02+00:00,CFB,KXNCAAFGAME-26SEP12OKLAMICH-OKLA,Oklahoma,yes,7072.7,NO,MISS
2026-09-12T21:34:02+00:00,CFB,KXNCAAFGAME-26SEP12OKLAMICH-OKLA,Oklahoma,yes,2442.52,NO,MISS
2026-09-12T21:34:02+00:00,CFB,KXNCAAFGAME-26SEP12OKLAMICH-OKLA,Oklahoma,yes,3632.88,NO,MISS
2026-09-12T21:34:02+00:00,CFB,KXNCAAFGAME-26SEP12OKLAMICH-OKLA,Oklahoma,yes,1412.81,NO,MISS
2026-09-12T21:34:02+00:00,CFB,KXNCAAFGAME-26SEP12OKLAMICH-OKLA,Oklahoma,yes,5903.73,NO,MISS
2026-09-12T21:34:02+00:00,CFB,KXNCAAFGAME-26SEP12OKLAMICH-OKLA,Oklahoma,yes,1849.8,NO,MISS
2026-09-12T21:34:02+00:00,CFB,KXNCAAFGAME-26SEP12OKLAMICH-OKLA,Oklahoma,yes,1528.18,NO,MISS
2026-09-12T21:34:02+00:00,CFB,KXNCAAFGAME-26SEP12OKLAMICH-OKLA,Oklahoma,yes,8868.27,NO,MISS
2026-09-12T21:34:02+00:00,CFB,KXNCAAFGAME-26SEP12OKLAMICH-OKLA,Oklahoma,yes,2728.97,NO,MISS
2026-09-12T21:34:02+00:00,CFB,KXNCAAFGAME-26SEP12OKLAMICH-OKLA,Oklahoma,yes,176713.67,NO,MISS
2026-09-12T21:34:02+00:00,CFB,KXNCAAFGAME-26SEP12OKLAMICH-OKLA,Oklahoma,yes,4305.66,NO,MISS
2026-09-12T21:34:02+00:00,CFB,KXNCAAFGAME-26SEP12OKLAMICH-OKLA,Oklahoma,yes,4785.14,NO,MISS
2026-09-12T21:34:02+00:00,CFB,KXNCAAFGAME-26SEP12OKLAMICH-OKLA,Oklahoma,yes,9722.22,NO,MISS
2026-09-12T21:34:02+00:00,CFB,KXNCAAFGAME-26SEP12OKLAMICH-OKLA,Oklahoma,yes,10732.36,NO,MISS
2026-09-12T21:34:02+00:00,CFB,KXNCAAFGAME-26SEP12OKLAMICH-OKLA,Oklahoma,yes,4617.94,NO,MISS
2026-09-12T21:34:02+00:00,CFB,KXNCAAFGAME-26SEP12OKLAMICH-OKLA,Oklahoma,yes,2174.41,NO,MISS
2026-09-12T21:34:02+00:00,CFB,KXNCAAFGAME-26SEP12OKLAMICH-OKLA,Oklahoma,yes,3198.41,NO,MISS
2026-09-12T21:34:02+00:00,CFB,KXNCAAFGAME-26SEP12OKLAMICH-OKLA,Oklahoma,yes,1685.24,NO,MISS
2026-09-12T21:34:02+00:00,CFB,KXNCAAFGAME-26SEP12OKLAMICH-OKLA,Oklahoma,yes,15557.13,NO,MISS
2026-09-12T21:34:02+00:00,CFB,KXNCAAFGAME-26SEP12OKLAMICH-OKLA,Oklahoma,yes,47698.59,NO,MISS
2026-09-12T21:34:02+00:00,CFB,KXNCAAFGAME-26SEP12OKLAMICH-OKLA,Oklahoma,no,4350.35,NO,HIT
2026-09-12T21:34:02+00:00,CFB,KXNCAAFGAME-26SEP12OKLAMICH-OKLA,Oklahoma,no,1035.95,NO,HIT
2026-09-12T21:34:02+00:00,CFB,KXNCAAFGAME-26SEP12OKLAMICH-OKLA,Oklahoma,no,34831.31,NO,HIT
2026-09-12T21:34:02+00:00,CFB,KXNCAAFGAME-26SEP12OKLAMICH-OKLA,Oklahoma,no,1527.51,NO,HIT
2026-09-12T21:34:02+00:00,CFB,KXNCAAFGAME-26SEP12OKLAMICH-OKLA,Oklahoma,no,1086.55,NO,HIT
2026-09-12T21:34:02+00:00,CFB,KXNCAAFGAME-26SEP12OKLAMICH-OKLA,Oklahoma,no,2918.09,NO,HIT
2026-09-12T21:34:02+00:00,CFB,KXNCAAFGAME-26SEP12OKLAMICH-OKLA,Oklahoma,yes,944548.56,NO,MISS
2026-09-12T21:34:02+00:00,CFB,KXNCAAFGAME-26SEP12OKLAMICH-OKLA,Oklahoma,no,20116.81,NO,HIT
2026-09-12T21:34:02+00:00,CFB,KXNCAAFGAME-26SEP12OKLAMICH-OKLA,Oklahoma,yes,506353.34,NO,MISS
2026-09-12T21:34:02+00:00,CFB,KXNCAAFGAME-26SEP12OKLAMICH-OKLA,Oklahoma,no,330849.01,NO,HIT
2026-09-12T21:34:02+00:00,CFB,KXNCAAFGAME-26SEP12OKLAMICH-OKLA,Oklahoma,yes,131059.49,NO,MISS
2026-09-12T21:34:02+00:00,CFB,KXNCAAFGAME-26SEP12OKLAMICH-OKLA,Oklahoma,no,673237.76,NO,HIT
2026-09-12T21:34:02+00:00,CFB,KXNCAAFGAME-26SEP12OKLAMICH-OKLA,Oklahoma,no,701112.4,NO,HIT
2026-09-12T21:34:02+00:00,CFB,KXNCAAFGAME-26SEP12OKLAMICH-OKLA,Oklahoma,yes,134503.7,NO,MISS
2026-09-12T21:34:02+00:00,CFB,KXNCAAFGAME-26SEP12OKLAMICH-MICH,Michigan,no,2501.07,YES,MISS
2026-09-12T21:34:02+00:00,CFB,KXNCAAFGAME-26SEP12OKLAMICH-MICH,Michigan,no,1462.56,YES,MISS
2026-09-12T21:34:02+00:00,CFB,KXNCAAFGAME-26SEP12OKLAMICH-MICH,Michigan,no,1395.54,YES,MISS
2026-09-12T21:34:02+00:00,CFB,KXNCAAFGAME-26SEP12OKLAMICH-MICH,Michigan,no,1803.65,YES,MISS
2026-09-12T21:34:02+00:00,CFB,KXNCAAFGAME-26SEP12OKLAMICH-MICH,Michigan,yes,1051.42,YES,HIT
2026-09-12T21:34:02+00:00,CFB,KXNCAAFGAME-26SEP12OKLAMICH-MICH,Michigan,yes,2780.4,YES,HIT
2026-09-12T21:34:02+00:00,CFB,KXNCAAFGAME-26SEP12OKLAMICH-MICH,Michigan,yes,1523.96,YES,HIT
2026-09-12T21:34:02+00:00,CFB,KXNCAAFGAME-26SEP12OKLAMICH-MICH,Michigan,yes,2886.29,YES,HIT
2026-09-12T21:34:02+00:00,CFB,KXNCAAFGAME-26SEP12OKLAMICH-MICH,Michigan,yes,1161.77,YES,HIT
2026-09-12T21:34:02+00:00,CFB,KXNCAAFGAME-26SEP12OKLAMICH-MICH,Michigan,yes,2457.39,YES,HIT
2026-09-12T21:34:02+00:00,CFB,KXNCAAFGAME-26SEP12OKLAMICH-MICH,Michigan,yes,1298.76,YES,HIT
2026-09-12T21:34:02+00:00,CFB,KXNCAAFGAME-26SEP12OKLAMICH-MICH,Michigan,yes,3642.18,YES,HIT
2026-09-12T21:34:02+00:00,CFB,KXNCAAFGAME-26SEP12OKLAMICH-MICH,Michigan,yes,1024.81,YES,HIT
2026-09-12T21:34:02+00:00,CFB,KXNCAAFGAME-26SEP12OKLAMICH-MICH,Michigan,yes,1239.64,YES,HIT
2026-09-12T21:34:02+00:00,CFB,KXNCAAFGAME-26SEP12OKLAMICH-MICH,Michigan,yes,12374.92,YES,HIT
2026-09-12T21:34:02+00:00,CFB,KXNCAAFGAME-26SEP12OKLAMICH-MICH,Michigan,yes,4580.46,YES,HIT
2026-09-12T21:34:02+00:00,CFB,KXNCAAFGAME-26SEP12OKLAMICH-MICH,Michigan,no,1520.23,YES,MISS
2026-09-12T21:34:02+00:00,CFB,KXNCAAFGAME-26SEP12OKLAMICH-MICH,Michigan,no,36949.74,YES,MISS
2026-09-12T21:34:02+00:00,CFB,KXNCAAFGAME-26SEP12OKLAMICH-MICH,Michigan,yes,786012.65,YES,HIT
2026-09-12T21:34:02+00:00,CFB,KXNCAAFGAME-26SEP12OKLAMICH-MICH,Michigan,no,210780.7,YES,MISS
2026-09-12T21:34:02+00:00,CFB,KXNCAAFGAME-26SEP12OKLAMICH-MICH,Michigan,no,123753.13,YES,MISS
2026-09-12T21:34:02+00:00,CFB,KXNCAAFGAME-26SEP12OKLAMICH-MICH,Michigan,yes,1012441.4,YES,HIT
2026-09-12T21:34:02+00:00,CFB,KXNCAAFGAME-26SEP12OKLAMICH-MICH,Michigan,yes,1018176.18,YES,HIT
2026-09-12T21:34:02+00:00,CFB,KXNCAAFGAME-26SEP12OKLAMICH-MICH,Michigan,no,134442.91,YES,MISS
2026-09-12T21:34:02+00:00,MLB,KXMLBGAME-26SEP121420PITCHC-PIT,Pittsburgh,yes,2970.82,NO,MISS
2026-09-12T21:34:02+00:00,MLB,KXMLBGAME-26SEP121420PITCHC-PIT,Pittsburgh,yes,3899.32,NO,MISS
2026-09-12T21:34:02+00:00,MLB,KXMLBGAME-26SEP121420PITCHC-PIT,Pittsburgh,yes,1045.72,NO,MISS
2026-09-12T21:34:02+00:00,MLB,KXMLBGAME-26SEP121420PITCHC-PIT,Pittsburgh,yes,4342.66,NO,MISS
2026-09-12T21:34:02+00:00,MLB,KXMLBGAME-26SEP121420PITCHC-PIT,Pittsburgh,yes,1103.46,NO,MISS
2026-09-12T21:34:02+00:00,MLB,KXMLBGAME-26SEP121420PITCHC-PIT,Pittsburgh,no,1080.0,NO,HIT
2026-09-12T21:34:02+00:00,MLB,KXMLBGAME-26SEP121420PITCHC-PIT,Pittsburgh,yes,38202.85,NO,MISS
2026-09-12T21:34:02+00:00,MLB,KXMLBGAME-26SEP121420PITCHC-PIT,Pittsburgh,no,1248.05,NO,HIT
2026-09-12T21:34:02+00:00,MLB,KXMLBGAME-26SEP121420PITCHC-PIT,Pittsburgh,no,1392.35,NO,HIT
2026-09-12T21:34:02+00:00,MLB,KXMLBGAME-26SEP121420PITCHC-PIT,Pittsburgh,no,5998.75,NO,HIT
2026-09-12T21:34:02+00:00,MLB,KXMLBGAME-26SEP121420PITCHC-PIT,Pittsburgh,no,2116.86,NO,HIT
2026-09-12T21:34:02+00:00,MLB,KXMLBGAME-26SEP121420PITCHC-PIT,Pittsburgh,no,3980.16,NO,HIT
2026-09-12T21:34:02+00:00,MLB,KXMLBGAME-26SEP121420PITCHC-PIT,Pittsburgh,no,1892.8,NO,HIT
2026-09-12T21:34:02+00:00,MLB,KXMLBGAME-26SEP121420PITCHC-PIT,Pittsburgh,no,1268.71,NO,HIT
2026-09-12T21:34:02+00:00,MLB,KXMLBGAME-26SEP121420PITCHC-PIT,Pittsburgh,no,1070.17,NO,HIT
2026-09-12T21:34:02+00:00,MLB,KXMLBGAME-26SEP121420PITCHC-PIT,Pittsburgh,no,1246.21,NO,HIT
2026-09-12T21:34:02+00:00,MLB,KXMLBGAME-26SEP121420PITCHC-PIT,Pittsburgh,no,9042.98,NO,HIT
2026-09-12T21:34:02+00:00,MLB,KXMLBGAME-26SEP121420PITCHC-PIT,Pittsburgh,no,3739.99,NO,HIT
2026-09-12T21:34:02+00:00,MLB,KXMLBGAME-26SEP121420PITCHC-PIT,Pittsburgh,no,13551.69,NO,HIT
2026-09-12T21:34:02+00:00,MLB,KXMLBGAME-26SEP121420PITCHC-PIT,Pittsburgh,yes,47715.72,NO,MISS
2026-09-12T21:34:02+00:00,MLB,KXMLBGAME-26SEP121420PITCHC-PIT,Pittsburgh,no,1248.05,NO,HIT
2026-09-12T21:34:02+00:00,MLB,KXMLBGAME-26SEP121420PITCHC-PIT,Pittsburgh,no,1392.35,NO,HIT
2026-09-12T21:34:02+00:00,MLB,KXMLBGAME-26SEP121420PITCHC-PIT,Pittsburgh,no,5998.75,NO,HIT
2026-09-12T21:34:02+00:00,MLB,KXMLBGAME-26SEP121420PITCHC-PIT,Pittsburgh,no,2116.86,NO,HIT
2026-09-12T21:34:02+00:00,MLB,KXMLBGAME-26SEP121420PITCHC-PIT,Pittsburgh,no,3980.16,NO,HIT
2026-09-12T21:34:02+00:00,MLB,KXMLBGAME-26SEP121420PITCHC-PIT,Pittsburgh,no,1892.8,NO,HIT
2026-09-12T21:34:02+00:00,MLB,KXMLBGAME-26SEP121420PITCHC-PIT,Pittsburgh,no,1268.71,NO,HIT
2026-09-12T21:34:02+00:00,MLB,KXMLBGAME-26SEP121420PITCHC-PIT,Pittsburgh,no,1070.17,NO,HIT
2026-09-12T21:34:02+00:00,MLB,KXMLBGAME-26SEP121420PITCHC-PIT,Pittsburgh,no,1246.21,NO,HIT
2026-09-12T21:34:02+00:00,MLB,KXMLBGAME-26SEP121420PITCHC-PIT,Pittsburgh,no,9042.98,NO,HIT
2026-09-12T21:34:02+00:00,MLB,KXMLBGAME-26SEP121420PITCHC-PIT,Pittsburgh,no,3739.99,NO,HIT
2026-09-12T21:34:02+00:00,MLB,KXMLBGAME-26SEP121420PITCHC-PIT,Pittsburgh,no,14378.68,NO,HIT
2026-09-12T21:34:02+00:00,MLB,KXMLBGAME-26SEP121420PITCHC-CHC,Chicago C,yes,1747.53,YES,HIT
2026-09-12T21:34:02+00:00,MLB,KXMLBGAME-26SEP121420PITCHC-CHC,Chicago C,yes,16730.64,YES,HIT
2026-09-12T21:34:02+00:00,MLB,KXMLBGAME-26SEP121420PITCHC-CHC,Chicago C,yes,19701.97,YES,HIT
2026-09-12T21:34:02+00:00,MLB,KXMLBGAME-26SEP121420PITCHC-CHC,Chicago C,yes,1377.82,YES,HIT
2026-09-12T21:34:02+00:00,MLB,KXMLBGAME-26SEP121420PITCHC-CHC,Chicago C,yes,2074.44,YES,HIT
2026-09-12T21:34:02+00:00,MLB,KXMLBGAME-26SEP121420PITCHC-CHC,Chicago C,yes,1763.11,YES,HIT
2026-09-12T21:34:02+00:00,MLB,KXMLBGAME-26SEP121420PITCHC-CHC,Chicago C,yes,6882.79,YES,HIT
2026-09-12T21:34:02+00:00,MLB,KXMLBGAME-26SEP121420PITCHC-CHC,Chicago C,yes,2380.31,YES,HIT
2026-09-12T21:34:02+00:00,MLB,KXMLBGAME-26SEP121420PITCHC-CHC,Chicago C,yes,1805.83,YES,HIT
2026-09-12T21:34:02+00:00,MLB,KXMLBGAME-26SEP121420PITCHC-CHC,Chicago C,yes,3771.01,YES,HIT
2026-09-12T21:34:02+00:00,MLB,KXMLBGAME-26SEP121420PITCHC-CHC,Chicago C,yes,3005.72,YES,HIT
2026-09-12T21:34:02+00:00,MLB,KXMLBGAME-26SEP121420PITCHC-CHC,Chicago C,yes,1406.82,YES,HIT
2026-09-12T21:34:02+00:00,MLB,KXMLBGAME-26SEP121420PITCHC-CHC,Chicago C,yes,1231.96,YES,HIT
2026-09-12T21:34:02+00:00,MLB,KXMLBGAME-26SEP121420PITCHC-CHC,Chicago C,yes,2687.72,YES,HIT
2026-09-12T21:34:02+00:00,MLB,KXMLBGAME-26SEP121420PITCHC-CHC,Chicago C,yes,22997.65,YES,HIT
2026-09-12T21:34:02+00:00,MLB,KXMLBGAME-26SEP121420PITCHC-CHC,Chicago C,no,2677.81,YES,MISS
2026-09-12T21:34:02+00:00,MLB,KXMLBGAME-26SEP121420PITCHC-CHC,Chicago C,no,1730.78,YES,MISS
2026-09-12T21:34:02+00:00,MLB,KXMLBGAME-26SEP121420PITCHC-CHC,Chicago C,no,1437.46,YES,MISS
2026-09-12T21:34:02+00:00,MLB,KXMLBGAME-26SEP121420PITCHC-CHC,Chicago C,no,1470.62,YES,MISS
2026-09-12T21:34:02+00:00,MLB,KXMLBGAME-26SEP121420PITCHC-CHC,Chicago C,no,1344.22,YES,MISS
2026-09-12T21:34:02+00:00,MLB,KXMLBGAME-26SEP121420PITCHC-CHC,Chicago C,no,2677.81,YES,MISS
2026-09-12T21:34:02+00:00,MLB,KXMLBGAME-26SEP121420PITCHC-CHC,Chicago C,no,1730.78,YES,MISS
2026-09-12T21:34:02+00:00,MLB,KXMLBGAME-26SEP121420PITCHC-CHC,Chicago C,no,1437.46,YES,MISS
2026-09-12T21:34:02+00:00,MLB,KXMLBGAME-26SEP121420PITCHC-CHC,Chicago C,no,1470.62,YES,MISS
2026-09-12T21:34:02+00:00,MLB,KXMLBGAME-26SEP121420PITCHC-CHC,Chicago C,no,10235.95,YES,MISS
2026-09-12T21:34:02+00:00,MLB,KXMLBGAME-26SEP121335NYMNYY-NYY,New York Y,yes,2547.11,NO,MISS
2026-09-12T21:34:02+00:00,MLB,KXMLBGAME-26SEP121335NYMNYY-NYY,New York Y,yes,1800.39,NO,MISS
2026-09-12T21:34:02+00:00,MLB,KXMLBGAME-26SEP121335NYMNYY-NYY,New York Y,yes,1085.65,NO,MISS
2026-09-12T21:34:02+00:00,MLB,KXMLBGAME-26SEP121335NYMNYY-NYY,New York Y,yes,2413.03,NO,MISS
2026-09-12T21:34:02+00:00,MLB,KXMLBGAME-26SEP121335NYMNYY-NYY,New York Y,yes,1114.22,NO,MISS
2026-09-12T21:34:02+00:00,MLB,KXMLBGAME-26SEP121335NYMNYY-NYY,New York Y,yes,1303.1,NO,MISS
2026-09-12T21:34:02+00:00,MLB,KXMLBGAME-26SEP121335NYMNYY-NYY,New York Y,no,8855.21,NO,HIT
2026-09-12T21:34:02+00:00,MLB,KXMLBGAME-26SEP121335NYMNYY-NYY,New York Y,yes,4293.07,NO,MISS
2026-09-12T21:34:02+00:00,MLB,KXMLBGAME-26SEP121335NYMNYY-NYY,New York Y,yes,14798.27,NO,MISS
2026-09-12T21:34:02+00:00,MLB,KXMLBGAME-26SEP121335NYMNYY-NYY,New York Y,yes,18077.09,NO,MISS
2026-09-12T21:34:02+00:00,MLB,KXMLBGAME-26SEP121335NYMNYY-NYY,New York Y,no,1625.28,NO,HIT
2026-09-12T21:34:02+00:00,MLB,KXMLBGAME-26SEP121335NYMNYY-NYY,New York Y,no,5160.46,NO,HIT
2026-09-12T21:34:02+00:00,MLB,KXMLBGAME-26SEP121335NYMNYY-NYY,New York Y,no,1041.42,NO,HIT
2026-09-12T21:34:02+00:00,MLB,KXMLBGAME-26SEP121335NYMNYY-NYY,New York Y,no,54481.34,NO,HIT
2026-09-12T21:34:02+00:00,MLB,KXMLBGAME-26SEP121335NYMNYY-NYY,New York Y,no,92908.27,NO,HIT
2026-09-12T21:34:02+00:00,MLB,KXMLBGAME-26SEP121335NYMNYY-NYY,New York Y,no,1625.28,NO,HIT
2026-09-12T21:34:02+00:00,MLB,KXMLBGAME-26SEP121335NYMNYY-NYY,New York Y,no,5160.46,NO,HIT
2026-09-12T21:34:02+00:00,MLB,KXMLBGAME-26SEP121335NYMNYY-NYY,New York Y,no,1041.42,NO,HIT
2026-09-12T21:34:02+00:00,MLB,KXMLBGAME-26SEP121335NYMNYY-NYY,New York Y,no,54481.34,NO,HIT
2026-09-12T21:34:02+00:00,MLB,KXMLBGAME-26SEP121335NYMNYY-NYY,New York Y,no,100145.69,NO,HIT
2026-09-12T21:34:02+00:00,MLB,KXMLBGAME-26SEP121310COLDET-DET,Detroit,yes,1069.21,YES,HIT
2026-09-12T21:34:02+00:00,MLB,KXMLBGAME-26SEP121310COLDET-DET,Detroit,yes,1670.78,YES,HIT
2026-09-12T21:34:02+00:00,MLB,KXMLBGAME-26SEP121310COLDET-DET,Detroit,yes,2019.13,YES,HIT
2026-09-12T21:34:02+00:00,MLB,KXMLBGAME-26SEP121310COLDET-DET,Detroit,yes,1055.92,YES,HIT
2026-09-12T21:34:02+00:00,MLB,KXMLBGAME-26SEP121310COLDET-DET,Detroit,yes,3319.17,YES,HIT
2026-09-12T21:34:02+00:00,MLB,KXMLBGAME-26SEP121310COLDET-DET,Detroit,yes,1025.16,YES,HIT
2026-09-12T21:34:02+00:00,MLB,KXMLBGAME-26SEP121310COLDET-DET,Detroit,yes,1150.05,YES,HIT
2026-09-12T21:34:02+00:00,MLB,KXMLBGAME-26SEP121310COLDET-DET,Detroit,yes,3426.84,YES,HIT
2026-09-12T21:34:02+00:00,MLB,KXMLBGAME-26SEP121310COLDET-DET,Detroit,no,18315.04,YES,MISS
2026-09-12T21:34:02+00:00,MLB,KXMLBGAME-26SEP121310COLDET-DET,Detroit,no,58725.22,YES,MISS
2026-09-12T21:34:02+00:00,MLB,KXMLBGAME-26SEP121310COLDET-DET,Detroit,no,18315.04,YES,MISS
2026-09-12T21:34:02+00:00,MLB,KXMLBGAME-26SEP121310COLDET-DET,Detroit,no,60146.33,YES,MISS
2026-09-12T21:34:02+00:00,MLB,KXMLBGAME-26SEP121310COLDET-COL,Colorado,yes,1039.6,NO,MISS
2026-09-12T21:34:02+00:00,MLB,KXMLBGAME-26SEP121310COLDET-COL,Colorado,yes,4766.78,NO,MISS
2026-09-12T21:34:02+00:00,MLB,KXMLBGAME-26SEP121310COLDET-COL,Colorado,yes,3386.53,NO,MISS
2026-09-12T21:34:02+00:00,MLB,KXMLBGAME-26SEP121310COLDET-COL,Colorado,yes,1644.67,NO,MISS
2026-09-12T21:34:02+00:00,MLB,KXMLBGAME-26SEP121310COLDET-COL,Colorado,yes,2077.36,NO,MISS
2026-09-12T21:34:02+00:00,MLB,KXMLBGAME-26SEP121310COLDET-COL,Colorado,yes,19852.07,NO,MISS
2026-09-12T21:34:02+00:00,MLB,KXMLBGAME-26SEP121310COLDET-COL,Colorado,no,1535.87,NO,HIT
2026-09-12T21:34:02+00:00,MLB,KXMLBGAME-26SEP121310COLDET-COL,Colorado,no,1139.95,NO,HIT
2026-09-12T21:34:02+00:00,MLB,KXMLBGAME-26SEP121310COLDET-COL,Colorado,no,6474.39,NO,HIT
2026-09-12T21:34:02+00:00,MLB,KXMLBGAME-26SEP121310COLDET-COL,Colorado,no,1454.91,NO,HIT
2026-09-12T21:34:02+00:00,MLB,KXMLBGAME-26SEP121310COLDET-COL,Colorado,no,1204.06,NO,HIT
2026-09-12T21:34:02+00:00,MLB,KXMLBGAME-26SEP121310COLDET-COL,Colorado,no,14299.29,NO,HIT
2026-09-12T21:34:02+00:00,MLB,KXMLBGAME-26SEP121310COLDET-COL,Colorado,no,1798.7,NO,HIT
2026-09-12T21:34:02+00:00,MLB,KXMLBGAME-26SEP121310COLDET-COL,Colorado,no,26062.55,NO,HIT
2026-09-12T21:34:02+00:00,MLB,KXMLBGAME-26SEP121310COLDET-COL,Colorado,no,21528.39,NO,HIT
2026-09-12T21:34:02+00:00,MLB,KXMLBGAME-26SEP121310COLDET-COL,Colorado,no,1204.06,NO,HIT
2026-09-12T21:34:02+00:00,MLB,KXMLBGAME-26SEP121310COLDET-COL,Colorado,no,14299.29,NO,HIT
2026-09-12T21:34:02+00:00,MLB,KXMLBGAME-26SEP121310COLDET-COL,Colorado,no,1798.7,NO,HIT
2026-09-12T21:34:02+00:00,MLB,KXMLBGAME-26SEP121310COLDET-COL,Colorado,no,26062.55,NO,HIT
2026-09-12T21:34:02+00:00,MLB,KXMLBGAME-26SEP121310COLDET-COL,Colorado,no,22236.12,NO,HIT
2026-09-12T21:34:02+00:00,TENNIS,KXWTAMATCH-26SEP12MONGAR-MON,Carole Monnet,yes,1080.72,YES,HIT
2026-09-12T21:34:02+00:00,TENNIS,KXWTAMATCH-26SEP12MONGAR-MON,Carole Monnet,yes,1547.08,YES,HIT
2026-09-12T21:34:02+00:00,TENNIS,KXWTAMATCH-26SEP12MONGAR-MON,Carole Monnet,yes,3606.47,YES,HIT
2026-09-12T21:34:02+00:00,TENNIS,KXWTAMATCH-26SEP12MONGAR-MON,Carole Monnet,yes,57703.86,YES,HIT
2026-09-12T21:34:02+00:00,TENNIS,KXWTAMATCH-26SEP12MONGAR-MON,Carole Monnet,no,2829.54,YES,MISS
2026-09-12T21:34:02+00:00,TENNIS,KXWTAMATCH-26SEP12MONGAR-MON,Carole Monnet,no,1710.12,YES,MISS
2026-09-12T21:34:02+00:00,TENNIS,KXWTAMATCH-26SEP12MONGAR-MON,Carole Monnet,yes,3606.47,YES,HIT
2026-09-12T21:34:02+00:00,TENNIS,KXWTAMATCH-26SEP12MONGAR-MON,Carole Monnet,yes,62725.19,YES,HIT
2026-09-12T21:34:02+00:00,TENNIS,KXWTAMATCH-26SEP12MONGAR-MON,Carole Monnet,no,2829.54,YES,MISS
2026-09-12T21:34:02+00:00,TENNIS,KXWTAMATCH-26SEP12MONGAR-MON,Carole Monnet,no,2125.7,YES,MISS
2026-09-12T21:34:02+00:00,TENNIS,KXWTAMATCH-26SEP12MONGAR-GAR,Julia Garcia,yes,3419.92,NO,MISS
2026-09-12T21:34:02+00:00,TENNIS,KXWTAMATCH-26SEP12MONGAR-GAR,Julia Garcia,yes,1826.41,NO,MISS
2026-09-12T21:34:02+00:00,TENNIS,KXWTAMATCH-26SEP12MONGAR-GAR,Julia Garcia,yes,15775.17,NO,MISS
2026-09-12T21:34:02+00:00,TENNIS,KXWTAMATCH-26SEP12MONGAR-GAR,Julia Garcia,no,1426.2,NO,HIT
2026-09-12T21:34:02+00:00,TENNIS,KXWTAMATCH-26SEP12MONGAR-GAR,Julia Garcia,no,1685.45,NO,HIT
2026-09-12T21:34:02+00:00,TENNIS,KXWTAMATCH-26SEP12MONGAR-GAR,Julia Garcia,no,10526.04,NO,HIT
2026-09-12T21:34:02+00:00,TENNIS,KXWTAMATCH-26SEP12MONGAR-GAR,Julia Garcia,no,1004.64,NO,HIT
2026-09-12T21:34:02+00:00,TENNIS,KXWTAMATCH-26SEP12MONGAR-GAR,Julia Garcia,no,1955.55,NO,HIT
2026-09-12T21:34:02+00:00,TENNIS,KXWTAMATCH-26SEP12MONGAR-GAR,Julia Garcia,no,1985.69,NO,HIT
2026-09-12T21:34:02+00:00,TENNIS,KXWTAMATCH-26SEP12MONGAR-GAR,Julia Garcia,yes,1826.41,NO,MISS
2026-09-12T21:34:02+00:00,TENNIS,KXWTAMATCH-26SEP12MONGAR-GAR,Julia Garcia,yes,16862.78,NO,MISS
2026-09-12T21:34:02+00:00,TENNIS,KXWTAMATCH-26SEP12MONGAR-GAR,Julia Garcia,no,1426.2,NO,HIT
2026-09-12T21:34:02+00:00,TENNIS,KXWTAMATCH-26SEP12MONGAR-GAR,Julia Garcia,no,1685.45,NO,HIT
2026-09-12T21:34:02+00:00,TENNIS,KXWTAMATCH-26SEP12MONGAR-GAR,Julia Garcia,no,10526.04,NO,HIT
2026-09-12T21:34:02+00:00,TENNIS,KXWTAMATCH-26SEP12MONGAR-GAR,Julia Garcia,no,1004.64,NO,HIT
2026-09-12T21:34:02+00:00,TENNIS,KXWTAMATCH-26SEP12MONGAR-GAR,Julia Garcia,no,1955.55,NO,HIT
2026-09-12T21:34:02+00:00,TENNIS,KXWTAMATCH-26SEP12MONGAR-GAR,Julia Garcia,no,3302.05,NO,HIT
2026-09-12T21:34:02+00:00,TENNIS,KXWTAMATCH-26SEP12YOUFUL-FUL,Luiza Fullana,yes,1266.63,NO,MISS
2026-09-12T21:34:02+00:00,TENNIS,KXWTAMATCH-26SEP12YOUFUL-FUL,Luiza Fullana,no,1427.55,NO,HIT
2026-09-12T21:34:02+00:00,TENNIS,KXWTAMATCH-26SEP12YOUFUL-FUL,Luiza Fullana,yes,1540.22,NO,MISS
2026-09-12T21:34:02+00:00,TENNIS,KXWTAMATCH-26SEP12YOUFUL-FUL,Luiza Fullana,no,1176.92,NO,HIT
2026-09-12T21:34:02+00:00,TENNIS,KXWTAMATCH-26SEP12YOUFUL-FUL,Luiza Fullana,no,1546.28,NO,HIT
2026-09-12T21:34:02+00:00,TENNIS,KXWTAMATCH-26SEP12YOUFUL-FUL,Luiza Fullana,no,1879.2,NO,HIT
2026-09-12T21:34:02+00:00,TENNIS,KXWTAMATCH-26SEP12YOUFUL-FUL,Luiza Fullana,no,1495.4,NO,HIT
2026-09-12T21:34:02+00:00,TENNIS,KXWTAMATCH-26SEP12YOUFUL-FUL,Luiza Fullana,yes,1540.22,NO,MISS
2026-09-12T21:34:02+00:00,TENNIS,KXWTAMATCH-26SEP12YOUFUL-FUL,Luiza Fullana,no,1176.92,NO,HIT
2026-09-12T21:34:02+00:00,TENNIS,KXWTAMATCH-26SEP12YOUFUL-FUL,Luiza Fullana,no,1546.28,NO,HIT
2026-09-12T21:34:02+00:00,TENNIS,KXWTAMATCH-26SEP12YOUFUL-FUL,Luiza Fullana,no,1879.2,NO,HIT
2026-09-12T21:34:02+00:00,TENNIS,KXWTAMATCH-26SEP12YOUFUL-FUL,Luiza Fullana,no,1495.4,NO,HIT
2026-09-12T21:34:02+00:00,CFB,KXNCAAFGAME-26SEP12WAKEPUR-WAKE,Wake Forest,yes,1049.49,YES,HIT
2026-09-12T21:34:02+00:00,CFB,KXNCAAFGAME-26SEP12WAKEPUR-WAKE,Wake Forest,yes,6512.42,YES,HIT
2026-09-12T21:34:02+00:00,CFB,KXNCAAFGAME-26SEP12WAKEPUR-WAKE,Wake Forest,yes,6095.56,YES,HIT
2026-09-12T21:34:02+00:00,CFB,KXNCAAFGAME-26SEP12WAKEPUR-WAKE,Wake Forest,yes,4892.33,YES,HIT
2026-09-12T21:34:02+00:00,CFB,KXNCAAFGAME-26SEP12WAKEPUR-WAKE,Wake Forest,no,6431.15,YES,MISS
2026-09-12T21:34:02+00:00,CFB,KXNCAAFGAME-26SEP12WAKEPUR-WAKE,Wake Forest,no,3171.32,YES,MISS
2026-09-12T21:34:02+00:00,CFB,KXNCAAFGAME-26SEP12WAKEPUR-WAKE,Wake Forest,no,1727.42,YES,MISS
2026-09-12T21:34:02+00:00,CFB,KXNCAAFGAME-26SEP12WAKEPUR-WAKE,Wake Forest,no,1142.14,YES,MISS
2026-09-12T21:34:02+00:00,CFB,KXNCAAFGAME-26SEP12WAKEPUR-WAKE,Wake Forest,no,4272.18,YES,MISS
2026-09-12T21:34:02+00:00,CFB,KXNCAAFGAME-26SEP12WAKEPUR-WAKE,Wake Forest,no,7187.15,YES,MISS
2026-09-12T21:34:02+00:00,CFB,KXNCAAFGAME-26SEP12WAKEPUR-WAKE,Wake Forest,no,3238.22,YES,MISS
2026-09-12T21:34:02+00:00,CFB,KXNCAAFGAME-26SEP12WAKEPUR-WAKE,Wake Forest,no,3092.03,YES,MISS
2026-09-12T21:34:02+00:00,CFB,KXNCAAFGAME-26SEP12WAKEPUR-WAKE,Wake Forest,no,176619.61,YES,MISS
2026-09-12T21:34:02+00:00,CFB,KXNCAAFGAME-26SEP12WAKEPUR-WAKE,Wake Forest,yes,664040.12,YES,HIT
2026-09-12T21:34:02+00:00,CFB,KXNCAAFGAME-26SEP12WAKEPUR-WAKE,Wake Forest,yes,544064.81,YES,HIT
2026-09-12T21:34:02+00:00,CFB,KXNCAAFGAME-26SEP12WAKEPUR-WAKE,Wake Forest,no,4272.18,YES,MISS
2026-09-12T21:34:02+00:00,CFB,KXNCAAFGAME-26SEP12WAKEPUR-WAKE,Wake Forest,no,7187.15,YES,MISS
2026-09-12T21:34:02+00:00,CFB,KXNCAAFGAME-26SEP12WAKEPUR-WAKE,Wake Forest,no,3238.22,YES,MISS
2026-09-12T21:34:02+00:00,CFB,KXNCAAFGAME-26SEP12WAKEPUR-WAKE,Wake Forest,no,3092.03,YES,MISS
2026-09-12T21:34:02+00:00,CFB,KXNCAAFGAME-26SEP12WAKEPUR-WAKE,Wake Forest,no,204223.51,YES,MISS
2026-09-12T21:34:02+00:00,MLB,KXMLBGAME-26SEP121335NYMNYY-NYM,New York M,yes,4118.18,YES,HIT
2026-09-12T21:34:02+00:00,MLB,KXMLBGAME-26SEP121335NYMNYY-NYM,New York M,yes,1713.38,YES,HIT
2026-09-12T21:34:02+00:00,MLB,KXMLBGAME-26SEP121335NYMNYY-NYM,New York M,yes,9388.72,YES,HIT
2026-09-12T21:34:02+00:00,MLB,KXMLBGAME-26SEP121335NYMNYY-NYM,New York M,yes,13375.46,YES,HIT
2026-09-12T21:34:02+00:00,MLB,KXMLBGAME-26SEP121335NYMNYY-NYM,New York M,no,2246.92,YES,MISS
2026-09-12T21:34:02+00:00,MLB,KXMLBGAME-26SEP121335NYMNYY-NYM,New York M,no,3463.05,YES,MISS
2026-09-12T21:34:02+00:00,MLB,KXMLBGAME-26SEP121335NYMNYY-NYM,New York M,no,1346.03,YES,MISS
2026-09-12T21:34:02+00:00,MLB,KXMLBGAME-26SEP121335NYMNYY-NYM,New York M,no,2032.97,YES,MISS
2026-09-12T21:34:02+00:00,MLB,KXMLBGAME-26SEP121335NYMNYY-NYM,New York M,no,2246.21,YES,MISS
2026-09-12T21:34:02+00:00,MLB,KXMLBGAME-26SEP121335NYMNYY-NYM,New York M,no,2246.92,YES,MISS
2026-09-12T21:34:02+00:00,MLB,KXMLBGAME-26SEP121335NYMNYY-NYM,New York M,no,3463.05,YES,MISS
2026-09-12T21:34:02+00:00,MLB,KXMLBGAME-26SEP121335NYMNYY-NYM,New York M,no,1346.03,YES,MISS
2026-09-12T21:34:02+00:00,MLB,KXMLBGAME-26SEP121335NYMNYY-NYM,New York M,no,2032.97,YES,MISS
2026-09-12T21:34:02+00:00,MLB,KXMLBGAME-26SEP121335NYMNYY-NYM,New York M,no,2246.21,YES,MISS
2026-09-12T21:34:02+00:00,CFB,KXNCAAFGAME-26SEP12MRSTLAF-LAF,Lafayette,yes,7671.97,YES,HIT
2026-09-12T21:34:02+00:00,CFB,KXNCAAFGAME-26SEP12MRSTLAF-LAF,Lafayette,yes,1675.14,YES,HIT
2026-09-12T21:34:02+00:00,CFB,KXNCAAFGAME-26SEP12MRSTLAF-LAF,Lafayette,yes,3416.82,YES,HIT
2026-09-12T21:34:02+00:00,CFB,KXNCAAFGAME-26SEP12MRSTLAF-LAF,Lafayette,yes,1039.07,YES,HIT
2026-09-12T21:34:02+00:00,CFB,KXNCAAFGAME-26SEP12MRSTLAF-LAF,Lafayette,yes,3806.64,YES,HIT
2026-09-12T21:34:02+00:00,CFB,KXNCAAFGAME-26SEP12MRSTLAF-LAF,Lafayette,yes,3603.68,YES,HIT
2026-09-12T21:34:02+00:00,CFB,KXNCAAFGAME-26SEP12MRSTLAF-LAF,Lafayette,yes,1675.14,YES,HIT
2026-09-12T21:34:02+00:00,CFB,KXNCAAFGAME-26SEP12MRSTLAF-LAF,Lafayette,yes,3416.82,YES,HIT
2026-09-12T21:34:02+00:00,CFB,KXNCAAFGAME-26SEP12MRSTLAF-LAF,Lafayette,yes,1039.07,YES,HIT
2026-09-12T21:34:02+00:00,CFB,KXNCAAFGAME-26SEP12MRSTLAF-LAF,Lafayette,yes,3806.64,YES,HIT
2026-09-12T21:34:02+00:00,CFB,KXNCAAFGAME-26SEP12MRSTLAF-LAF,Lafayette,yes,14442.92,YES,HIT
2026-09-12T21:34:02+00:00,CFB,KXNCAAFGAME-26SEP12APPECU-APP,Appalachian St.,yes,1159.28,YES,HIT
2026-09-12T21:34:02+00:00,CFB,KXNCAAFGAME-26SEP12APPECU-APP,Appalachian St.,yes,10890.67,YES,HIT
2026-09-12T21:34:02+00:00,CFB,KXNCAAFGAME-26SEP12APPECU-APP,Appalachian St.,no,3682.74,YES,MISS
2026-09-12T21:34:02+00:00,CFB,KXNCAAFGAME-26SEP12APPECU-APP,Appalachian St.,no,3741.32,YES,MISS
2026-09-12T21:34:02+00:00,CFB,KXNCAAFGAME-26SEP12APPECU-APP,Appalachian St.,no,1529.37,YES,MISS
2026-09-12T21:34:02+00:00,CFB,KXNCAAFGAME-26SEP12APPECU-APP,Appalachian St.,no,2862.07,YES,MISS
2026-09-12T21:34:02+00:00,CFB,KXNCAAFGAME-26SEP12APPECU-APP,Appalachian St.,yes,1821.66,YES,HIT
2026-09-12T21:34:02+00:00,CFB,KXNCAAFGAME-26SEP12APPECU-APP,Appalachian St.,yes,115830.51,YES,HIT
2026-09-12T21:34:02+00:00,CFB,KXNCAAFGAME-26SEP12APPECU-APP,Appalachian St.,yes,4718.95,YES,HIT
2026-09-12T21:34:02+00:00,CFB,KXNCAAFGAME-26SEP12APPECU-APP,Appalachian St.,no,4243.34,YES,MISS
2026-09-12T21:34:02+00:00,CFB,KXNCAAFGAME-26SEP12APPECU-APP,Appalachian St.,no,3956.89,YES,MISS
2026-09-12T21:34:02+00:00,CFB,KXNCAAFGAME-26SEP12APPECU-APP,Appalachian St.,no,2710.33,YES,MISS
2026-09-12T21:34:02+00:00,CFB,KXNCAAFGAME-26SEP12APPECU-APP,Appalachian St.,yes,1821.66,YES,HIT
2026-09-12T21:34:02+00:00,CFB,KXNCAAFGAME-26SEP12APPECU-APP,Appalachian St.,yes,115830.51,YES,HIT
2026-09-12T21:34:02+00:00,CFB,KXNCAAFGAME-26SEP12APPECU-APP,Appalachian St.,yes,4718.95,YES,HIT
2026-09-12T21:34:02+00:00,CFB,KXNCAAFGAME-26SEP12APPECU-APP,Appalachian St.,no,4243.34,YES,MISS
2026-09-12T21:34:02+00:00,CFB,KXNCAAFGAME-26SEP12APPECU-APP,Appalachian St.,no,3956.89,YES,MISS
2026-09-12T21:34:02+00:00,CFB,KXNCAAFGAME-26SEP12APPECU-APP,Appalachian St.,no,2718.25,YES,MISS
2026-09-12T21:34:02+00:00,CFB,KXNCAAFGAME-26SEP12ETSUUNC-ETSU,East Tennessee St.,no,1088.76,NO,HIT
2026-09-12T21:34:02+00:00,CFB,KXNCAAFGAME-26SEP12ETSUUNC-ETSU,East Tennessee St.,no,1188.0,NO,HIT
2026-09-12T21:34:02+00:00,CFB,KXNCAAFGAME-26SEP12ETSUUNC-ETSU,East Tennessee St.,yes,2492.72,NO,MISS
2026-09-12T21:34:02+00:00,CFB,KXNCAAFGAME-26SEP12ETSUUNC-ETSU,East Tennessee St.,no,5112.47,NO,HIT
2026-09-12T21:34:02+00:00,CFB,KXNCAAFGAME-26SEP12ELONURI-URI,Rhode Island,yes,1473.18,YES,HIT
2026-09-12T21:34:02+00:00,CFB,KXNCAAFGAME-26SEP12ELONURI-URI,Rhode Island,yes,2375.54,YES,HIT
2026-09-12T21:34:02+00:00,CFB,KXNCAAFGAME-26SEP12ELONURI-URI,Rhode Island,yes,3720.86,YES,HIT
2026-09-12T21:34:02+00:00,CFB,KXNCAAFGAME-26SEP12ELONURI-URI,Rhode Island,yes,3320.38,YES,HIT
2026-09-12T21:34:02+00:00,CFB,KXNCAAFGAME-26SEP12WEBBLIB-WEBB,Gardner-Webb,yes,1662.83,NO,MISS
2026-09-12T21:34:02+00:00,CFB,KXNCAAFGAME-26SEP12WEBBLIB-WEBB,Gardner-Webb,no,2592.06,NO,HIT
2026-09-12T21:34:02+00:00,CFB,KXNCAAFGAME-26SEP12WEBBLIB-WEBB,Gardner-Webb,yes,4611.95,NO,MISS
2026-09-12T21:34:02+00:00,CFB,KXNCAAFGAME-26SEP12WEBBLIB-WEBB,Gardner-Webb,yes,7839.97,NO,MISS
2026-09-12T21:34:02+00:00,CFB,KXNCAAFGAME-26SEP12WEBBLIB-WEBB,Gardner-Webb,no,33129.49,NO,HIT
2026-09-12T21:34:02+00:00,CFB,KXNCAAFGAME-26SEP12WEBBLIB-WEBB,Gardner-Webb,no,3622.56,NO,HIT
2026-09-12T21:34:02+00:00,CFB,KXNCAAFGAME-26SEP12WEBBLIB-WEBB,Gardner-Webb,no,1455.38,NO,HIT
2026-09-12T21:34:02+00:00,CFB,KXNCAAFGAME-26SEP12WEBBLIB-WEBB,Gardner-Webb,no,7258.18,NO,HIT
2026-09-12T21:34:02+00:00,CFB,KXNCAAFGAME-26SEP12WEBBLIB-WEBB,Gardner-Webb,yes,15993.28,NO,MISS
2026-09-12T21:34:02+00:00,CFB,KXNCAAFGAME-26SEP12WEBBLIB-WEBB,Gardner-Webb,yes,1091.38,NO,MISS
2026-09-12T21:34:02+00:00,CFB,KXNCAAFGAME-26SEP12WEBBLIB-WEBB,Gardner-Webb,yes,1012.37,NO,MISS
2026-09-12T21:34:02+00:00,CFB,KXNCAAFGAME-26SEP12WEBBLIB-WEBB,Gardner-Webb,yes,2042.39,NO,MISS
2026-09-12T21:34:02+00:00,CFB,KXNCAAFGAME-26SEP12WEBBLIB-WEBB,Gardner-Webb,yes,6000.86,NO,MISS
2026-09-12T21:34:02+00:00,CFB,KXNCAAFGAME-26SEP12WEBBLIB-WEBB,Gardner-Webb,yes,56346.27,NO,MISS
2026-09-12T21:34:02+00:00,CFB,KXNCAAFGAME-26SEP12WEBBLIB-WEBB,Gardner-Webb,no,2095.2,NO,HIT
2026-09-12T21:34:02+00:00,CFB,KXNCAAFGAME-26SEP12WEBBLIB-WEBB,Gardner-Webb,no,1625.34,NO,HIT
2026-09-12T21:34:02+00:00,CFB,KXNCAAFGAME-26SEP12WEBBLIB-WEBB,Gardner-Webb,no,3794.21,NO,HIT
2026-09-12T21:34:02+00:00,CFB,KXNCAAFGAME-26SEP12WEBBLIB-WEBB,Gardner-Webb,no,2977.09,NO,HIT
2026-09-12T21:34:02+00:00,CFB,KXNCAAFGAME-26SEP12WEBBLIB-WEBB,Gardner-Webb,no,2686.69,NO,HIT
2026-09-12T21:34:02+00:00,CFB,KXNCAAFGAME-26SEP12WEBBLIB-WEBB,Gardner-Webb,no,4087.04,NO,HIT
2026-09-12T21:34:02+00:00,CFB,KXNCAAFGAME-26SEP12WEBBLIB-WEBB,Gardner-Webb,no,7278.19,NO,HIT
2026-09-12T21:34:02+00:00,CFB,KXNCAAFGAME-26SEP12WEBBLIB-WEBB,Gardner-Webb,no,4919.74,NO,HIT
2026-09-12T21:34:02+00:00,CFB,KXNCAAFGAME-26SEP12WEBBLIB-WEBB,Gardner-Webb,no,2460.09,NO,HIT
2026-09-12T21:34:02+00:00,CFB,KXNCAAFGAME-26SEP12WEBBLIB-WEBB,Gardner-Webb,no,5751.04,NO,HIT
2026-09-12T21:34:02+00:00,CFB,KXNCAAFGAME-26SEP12WEBBLIB-WEBB,Gardner-Webb,no,63346.07,NO,HIT
2026-09-12T21:34:02+00:00,CFB,KXNCAAFGAME-26SEP12WEBBLIB-WEBB,Gardner-Webb,yes,15993.28,NO,MISS
2026-09-12T21:34:02+00:00,CFB,KXNCAAFGAME-26SEP12WEBBLIB-WEBB,Gardner-Webb,yes,1091.38,NO,MISS
2026-09-12T21:34:02+00:00,CFB,KXNCAAFGAME-26SEP12WEBBLIB-WEBB,Gardner-Webb,yes,1012.37,NO,MISS
2026-09-12T21:34:02+00:00,CFB,KXNCAAFGAME-26SEP12WEBBLIB-WEBB,Gardner-Webb,yes,2042.39,NO,MISS
2026-09-12T21:34:02+00:00,CFB,KXNCAAFGAME-26SEP12WEBBLIB-WEBB,Gardner-Webb,yes,6000.86,NO,MISS
2026-09-12T21:34:02+00:00,CFB,KXNCAAFGAME-26SEP12WEBBLIB-WEBB,Gardner-Webb,yes,56346.27,NO,MISS
2026-09-12T21:34:02+00:00,CFB,KXNCAAFGAME-26SEP12WEBBLIB-WEBB,Gardner-Webb,no,2095.2,NO,HIT
2026-09-12T21:34:02+00:00,CFB,KXNCAAFGAME-26SEP12WEBBLIB-WEBB,Gardner-Webb,no,1625.34,NO,HIT
2026-09-12T21:34:02+00:00,CFB,KXNCAAFGAME-26SEP12WEBBLIB-WEBB,Gardner-Webb,no,3794.21,NO,HIT
2026-09-12T21:34:02+00:00,CFB,KXNCAAFGAME-26SEP12WEBBLIB-WEBB,Gardner-Webb,no,2977.09,NO,HIT
2026-09-12T21:34:02+00:00,CFB,KXNCAAFGAME-26SEP12WEBBLIB-WEBB,Gardner-Webb,no,2686.69,NO,HIT
2026-09-12T21:34:02+00:00,CFB,KXNCAAFGAME-26SEP12WEBBLIB-WEBB,Gardner-Webb,no,4087.04,NO,HIT
2026-09-12T21:34:02+00:00,CFB,KXNCAAFGAME-26SEP12WEBBLIB-WEBB,Gardner-Webb,no,7278.19,NO,HIT
2026-09-12T21:34:02+00:00,CFB,KXNCAAFGAME-26SEP12WEBBLIB-WEBB,Gardner-Webb,no,4919.74,NO,HIT
2026-09-12T21:34:02+00:00,CFB,KXNCAAFGAME-26SEP12WEBBLIB-WEBB,Gardner-Webb,no,2460.09,NO,HIT
2026-09-12T21:34:02+00:00,CFB,KXNCAAFGAME-26SEP12WEBBLIB-WEBB,Gardner-Webb,no,5751.04,NO,HIT
2026-09-12T21:34:02+00:00,CFB,KXNCAAFGAME-26SEP12WEBBLIB-WEBB,Gardner-Webb,no,63346.07,NO,HIT
2026-09-12T21:34:02+00:00,CFB,KXNCAAFGAME-26SEP12WEBBLIB-LIB,Liberty,yes,6138.32,YES,HIT
2026-09-12T21:34:02+00:00,CFB,KXNCAAFGAME-26SEP12WEBBLIB-LIB,Liberty,yes,30413.19,YES,HIT
2026-09-12T21:34:02+00:00,CFB,KXNCAAFGAME-26SEP12WEBBLIB-LIB,Liberty,yes,7518.59,YES,HIT
2026-09-12T21:34:02+00:00,CFB,KXNCAAFGAME-26SEP12WEBBLIB-LIB,Liberty,yes,9900.0,YES,HIT
2026-09-12T21:34:02+00:00,CFB,KXNCAAFGAME-26SEP12WEBBLIB-LIB,Liberty,yes,5962.85,YES,HIT
2026-09-12T21:34:02+00:00,CFB,KXNCAAFGAME-26SEP12WEBBLIB-LIB,Liberty,yes,5179.88,YES,HIT
2026-09-12T21:34:02+00:00,CFB,KXNCAAFGAME-26SEP12WEBBLIB-LIB,Liberty,yes,1185.06,YES,HIT
2026-09-12T21:34:02+00:00,CFB,KXNCAAFGAME-26SEP12WEBBLIB-LIB,Liberty,yes,5010.03,YES,HIT
2026-09-12T21:34:02+00:00,CFB,KXNCAAFGAME-26SEP12WEBBLIB-LIB,Liberty,yes,2047.76,YES,HIT
2026-09-12T21:34:02+00:00,CFB,KXNCAAFGAME-26SEP12WEBBLIB-LIB,Liberty,yes,3692.58,YES,HIT
2026-09-12T21:34:02+00:00,CFB,KXNCAAFGAME-26SEP12WEBBLIB-LIB,Liberty,yes,22852.81,YES,HIT
2026-09-12T21:34:02+00:00,CFB,KXNCAAFGAME-26SEP12WEBBLIB-LIB,Liberty,yes,32572.71,YES,HIT
2026-09-12T21:34:02+00:00,CFB,KXNCAAFGAME-26SEP12WEBBLIB-LIB,Liberty,yes,5615.27,YES,HIT
2026-09-12T21:34:02+00:00,CFB,KXNCAAFGAME-26SEP12WEBBLIB-LIB,Liberty,yes,1223.19,YES,HIT
2026-09-12T21:34:02+00:00,CFB,KXNCAAFGAME-26SEP12WEBBLIB-LIB,Liberty,yes,73136.81,YES,HIT
2026-09-12T21:34:02+00:00,CFB,KXNCAAFGAME-26SEP12WEBBLIB-LIB,Liberty,yes,2019.82,YES,HIT
2026-09-12T21:34:02+00:00,CFB,KXNCAAFGAME-26SEP12WEBBLIB-LIB,Liberty,no,5175.15,YES,MISS
2026-09-12T21:34:02+00:00,CFB,KXNCAAFGAME-26SEP12WEBBLIB-LIB,Liberty,no,2083.84,YES,MISS
2026-09-12T21:34:02+00:00,CFB,KXNCAAFGAME-26SEP12WEBBLIB-LIB,Liberty,no,1273.02,YES,MISS
2026-09-12T21:34:02+00:00,CFB,KXNCAAFGAME-26SEP12WEBBLIB-LIB,Liberty,no,1659.15,YES,MISS
2026-09-12T21:34:02+00:00,CFB,KXNCAAFGAME-26SEP12WEBBLIB-LIB,Liberty,no,18000.64,YES,MISS
2026-09-12T21:34:02+00:00,CFB,KXNCAAFGAME-26SEP12WEBBLIB-LIB,Liberty,no,5499.93,YES,MISS
2026-09-12T21:34:02+00:00,CFB,KXNCAAFGAME-26SEP12WEBBLIB-LIB,Liberty,no,2035.95,YES,MISS
2026-09-12T21:34:02+00:00,CFB,KXNCAAFGAME-26SEP12WEBBLIB-LIB,Liberty,no,3147.54,YES,MISS
2026-09-12T21:34:02+00:00,CFB,KXNCAAFGAME-26SEP12WEBBLIB-LIB,Liberty,yes,5179.88,YES,HIT
2026-09-12T21:34:02+00:00,CFB,KXNCAAFGAME-26SEP12WEBBLIB-LIB,Liberty,yes,1185.06,YES,HIT
2026-09-12T21:34:02+00:00,CFB,KXNCAAFGAME-26SEP12WEBBLIB-LIB,Liberty,yes,5010.03,YES,HIT
2026-09-12T21:34:02+00:00,CFB,KXNCAAFGAME-26SEP12WEBBLIB-LIB,Liberty,yes,2047.76,YES,HIT
2026-09-12T21:34:02+00:00,CFB,KXNCAAFGAME-26SEP12WEBBLIB-LIB,Liberty,yes,3692.58,YES,HIT
2026-09-12T21:34:02+00:00,CFB,KXNCAAFGAME-26SEP12WEBBLIB-LIB,Liberty,yes,22852.81,YES,HIT
2026-09-12T21:34:02+00:00,CFB,KXNCAAFGAME-26SEP12WEBBLIB-LIB,Liberty,yes,32572.71,YES,HIT
2026-09-12T21:34:02+00:00,CFB,KXNCAAFGAME-26SEP12WEBBLIB-LIB,Liberty,yes,5615.27,YES,HIT
2026-09-12T21:34:02+00:00,CFB,KXNCAAFGAME-26SEP12WEBBLIB-LIB,Liberty,yes,1223.19,YES,HIT
2026-09-12T21:34:02+00:00,CFB,KXNCAAFGAME-26SEP12WEBBLIB-LIB,Liberty,yes,73136.81,YES,HIT
2026-09-12T21:34:02+00:00,CFB,KXNCAAFGAME-26SEP12WEBBLIB-LIB,Liberty,yes,2019.82,YES,HIT
2026-09-12T21:34:02+00:00,CFB,KXNCAAFGAME-26SEP12WEBBLIB-LIB,Liberty,no,5175.15,YES,MISS
2026-09-12T21:34:02+00:00,CFB,KXNCAAFGAME-26SEP12WEBBLIB-LIB,Liberty,no,2083.84,YES,MISS
2026-09-12T21:34:02+00:00,CFB,KXNCAAFGAME-26SEP12WEBBLIB-LIB,Liberty,no,1273.02,YES,MISS
2026-09-12T21:34:02+00:00,CFB,KXNCAAFGAME-26SEP12WEBBLIB-LIB,Liberty,no,1659.15,YES,MISS
2026-09-12T21:34:02+00:00,CFB,KXNCAAFGAME-26SEP12WEBBLIB-LIB,Liberty,no,18000.64,YES,MISS
2026-09-12T21:34:02+00:00,CFB,KXNCAAFGAME-26SEP12WEBBLIB-LIB,Liberty,no,5499.93,YES,MISS
2026-09-12T21:34:02+00:00,CFB,KXNCAAFGAME-26SEP12WEBBLIB-LIB,Liberty,no,2035.95,YES,MISS
2026-09-12T21:34:02+00:00,CFB,KXNCAAFGAME-26SEP12WEBBLIB-LIB,Liberty,no,3147.54,YES,MISS
2026-09-12T21:34:02+00:00,CFB,KXNCAAFGAME-26SEP12MRSTLAF-MRST,Marist,yes,1008.16,NO,MISS
2026-09-12T21:34:02+00:00,CFB,KXNCAAFGAME-26SEP12MRSTLAF-MRST,Marist,yes,1470.8,NO,MISS
2026-09-12T21:34:02+00:00,CFB,KXNCAAFGAME-26SEP12MRSTLAF-MRST,Marist,yes,1025.41,NO,MISS
2026-09-12T21:34:02+00:00,CFB,KXNCAAFGAME-26SEP12MRSTLAF-MRST,Marist,yes,4736.84,NO,MISS
2026-09-12T21:34:02+00:00,CFB,KXNCAAFGAME-26SEP12MRSTLAF-MRST,Marist,no,1736.73,NO,HIT
2026-09-12T21:34:02+00:00,CFB,KXNCAAFGAME-26SEP12MRSTLAF-MRST,Marist,no,2674.56,NO,HIT
2026-09-12T21:34:02+00:00,CFB,KXNCAAFGAME-26SEP12MRSTLAF-MRST,Marist,no,1188.46,NO,HIT
2026-09-12T21:34:02+00:00,CFB,KXNCAAFGAME-26SEP12MRSTLAF-MRST,Marist,no,2942.19,NO,HIT
2026-09-12T21:34:02+00:00,CFB,KXNCAAFGAME-26SEP12MRSTLAF-MRST,Marist,yes,4763.72,NO,MISS
2026-09-12T21:34:02+00:00,CFB,KXNCAAFGAME-26SEP12MRSTLAF-MRST,Marist,no,1736.73,NO,HIT
2026-09-12T21:34:02+00:00,CFB,KXNCAAFGAME-26SEP12MRSTLAF-MRST,Marist,no,2674.56,NO,HIT
2026-09-12T21:34:02+00:00,CFB,KXNCAAFGAME-26SEP12MRSTLAF-MRST,Marist,no,1188.46,NO,HIT
2026-09-12T21:34:02+00:00,CFB,KXNCAAFGAME-26SEP12MRSTLAF-MRST,Marist,no,2942.19,NO,HIT
2026-09-12T21:34:02+00:00,CFB,KXNCAAFGAME-26SEP12MRSTLAF-MRST,Marist,no,8221.54,NO,HIT
2026-09-12T21:34:02+00:00,CFB,KXNCAAFGAME-26SEP12WSUKSU-WSU,Washington St.,yes,6687.72,NO,MISS
2026-09-12T21:34:02+00:00,CFB,KXNCAAFGAME-26SEP12WSUKSU-WSU,Washington St.,no,4272.0,NO,HIT
2026-09-12T21:34:02+00:00,CFB,KXNCAAFGAME-26SEP12WSUKSU-WSU,Washington St.,no,2384.03,NO,HIT
2026-09-12T21:34:02+00:00,CFB,KXNCAAFGAME-26SEP12WSUKSU-WSU,Washington St.,no,4946.76,NO,HIT
2026-09-12T21:34:02+00:00,CFB,KXNCAAFGAME-26SEP12WSUKSU-WSU,Washington St.,yes,1332.91,NO,MISS
2026-09-12T21:34:02+00:00,CFB,KXNCAAFGAME-26SEP12WSUKSU-WSU,Washington St.,yes,1362.79,NO,MISS
2026-09-12T21:34:02+00:00,CFB,KXNCAAFGAME-26SEP12WSUKSU-WSU,Washington St.,no,36563.97,NO,HIT
2026-09-12T21:34:02+00:00,CFB,KXNCAAFGAME-26SEP12WSUKSU-WSU,Washington St.,no,1228.06,NO,HIT
2026-09-12T21:34:02+00:00,CFB,KXNCAAFGAME-26SEP12WSUKSU-WSU,Washington St.,no,11745.37,NO,HIT
2026-09-12T21:34:02+00:00,CFB,KXNCAAFGAME-26SEP12WSUKSU-WSU,Washington St.,no,7650.74,NO,HIT
2026-09-12T21:34:02+00:00,CFB,KXNCAAFGAME-26SEP12WSUKSU-WSU,Washington St.,no,16410.3,NO,HIT
2026-09-12T21:34:02+00:00,CFB,KXNCAAFGAME-26SEP12WSUKSU-WSU,Washington St.,no,17541.01,NO,HIT
2026-09-12T21:34:02+00:00,CFB,KXNCAAFGAME-26SEP12WSUKSU-WSU,Washington St.,no,2157.94,NO,HIT
2026-09-12T21:34:02+00:00,CFB,KXNCAAFGAME-26SEP12WSUKSU-WSU,Washington St.,no,38271.86,NO,HIT
2026-09-12T21:34:02+00:00,CFB,KXNCAAFGAME-26SEP12WSUKSU-WSU,Washington St.,yes,2993.03,NO,MISS
2026-09-12T21:34:02+00:00,CFB,KXNCAAFGAME-26SEP12WSUKSU-WSU,Washington St.,yes,2993.03,NO,MISS
2026-09-12T21:34:02+00:00,CFB,KXNCAAFGAME-26SEP12WSUKSU-WSU,Washington St.,no,17541.01,NO,HIT
2026-09-12T21:34:02+00:00,CFB,KXNCAAFGAME-26SEP12WSUKSU-WSU,Washington St.,no,2157.94,NO,HIT
2026-09-12T21:34:02+00:00,CFB,KXNCAAFGAME-26SEP12WSUKSU-WSU,Washington St.,no,38271.86,NO,HIT
2026-09-12T21:34:02+00:00,CFB,KXNCAAFGAME-26SEP12ELONURI-ELON,Elon,yes,1111.5,NO,MISS
2026-09-12T21:34:02+00:00,CFB,KXNCAAFGAME-26SEP12ELONURI-ELON,Elon,yes,1208.17,NO,MISS
2026-09-12T21:34:02+00:00,CFB,KXNCAAFGAME-26SEP12ELONURI-ELON,Elon,yes,4667.46,NO,MISS
2026-09-12T21:34:02+00:00,TENNIS,KXWTAMATCH-26SEP12LEAZAV-ZAV,Katarina Zavatska,yes,2721.69,NO,MISS
2026-09-12T21:34:02+00:00,TENNIS,KXWTAMATCH-26SEP12LEAZAV-ZAV,Katarina Zavatska,yes,6891.39,NO,MISS
2026-09-12T21:34:02+00:00,TENNIS,KXWTAMATCH-26SEP12LEAZAV-ZAV,Katarina Zavatska,no,1533.32,NO,HIT
2026-09-12T21:34:02+00:00,TENNIS,KXWTAMATCH-26SEP12LEAZAV-ZAV,Katarina Zavatska,yes,8713.04,NO,MISS
2026-09-12T21:34:02+00:00,TENNIS,KXWTAMATCH-26SEP12LEAZAV-ZAV,Katarina Zavatska,no,1533.32,NO,HIT
2026-09-12T21:34:02+00:00,TENNIS,KXWTAMATCH-26SEP12YOUFUL-YOU,Xiaodi You,yes,3177.45,YES,HIT
2026-09-12T21:34:02+00:00,TENNIS,KXWTAMATCH-26SEP12YOUFUL-YOU,Xiaodi You,yes,5396.69,YES,HIT
2026-09-12T21:34:02+00:00,TENNIS,KXWTAMATCH-26SEP12YOUFUL-YOU,Xiaodi You,yes,5396.69,YES,HIT
2026-09-12T21:34:02+00:00,CFB,KXNCAAFGAME-26SEP12HCMOH-MOH,Miami (OH),yes,23403.76,YES,HIT
2026-09-12T21:34:02+00:00,CFB,KXNCAAFGAME-26SEP12HCMOH-MOH,Miami (OH),yes,6179.58,YES,HIT
2026-09-12T21:34:02+00:00,CFB,KXNCAAFGAME-26SEP12STONBALL-STON,Stony Brook,yes,9552.86,NO,MISS
2026-09-12T21:34:02+00:00,CFB,KXNCAAFGAME-26SEP12STONBALL-STON,Stony Brook,no,3034.37,NO,HIT
2026-09-12T21:34:02+00:00,CFB,KXNCAAFGAME-26SEP12STONBALL-STON,Stony Brook,no,1621.1,NO,HIT
2026-09-12T21:34:02+00:00,CFB,KXNCAAFGAME-26SEP12STONBALL-STON,Stony Brook,no,1459.4,NO,HIT
2026-09-12T21:34:02+00:00,CFB,KXNCAAFGAME-26SEP12STONBALL-STON,Stony Brook,yes,9552.86,NO,MISS
2026-09-12T21:34:02+00:00,CFB,KXNCAAFGAME-26SEP12STONBALL-STON,Stony Brook,no,3034.37,NO,HIT
2026-09-12T21:34:02+00:00,CFB,KXNCAAFGAME-26SEP12STONBALL-STON,Stony Brook,no,1621.1,NO,HIT
2026-09-12T21:34:02+00:00,CFB,KXNCAAFGAME-26SEP12STONBALL-STON,Stony Brook,no,1459.4,NO,HIT
2026-09-12T21:34:02+00:00,CFB,KXNCAAFGAME-26SEP12STONBALL-BALL,Ball St.,yes,3447.47,YES,HIT
2026-09-12T21:34:02+00:00,CFB,KXNCAAFGAME-26SEP12STONBALL-BALL,Ball St.,yes,23944.64,YES,HIT
2026-09-12T21:34:02+00:00,CFB,KXNCAAFGAME-26SEP12STONBALL-BALL,Ball St.,yes,2269.73,YES,HIT
2026-09-12T21:34:02+00:00,CFB,KXNCAAFGAME-26SEP12STONBALL-BALL,Ball St.,yes,3705.82,YES,HIT
2026-09-12T21:34:02+00:00,CFB,KXNCAAFGAME-26SEP12STONBALL-BALL,Ball St.,yes,3447.47,YES,HIT
2026-09-12T21:34:02+00:00,CFB,KXNCAAFGAME-26SEP12STONBALL-BALL,Ball St.,yes,23944.64,YES,HIT
2026-09-12T21:34:02+00:00,CFB,KXNCAAFGAME-26SEP12STONBALL-BALL,Ball St.,yes,2269.73,YES,HIT
2026-09-12T21:34:02+00:00,CFB,KXNCAAFGAME-26SEP12STONBALL-BALL,Ball St.,yes,3705.82,YES,HIT
2026-09-12T21:34:02+00:00,TENNIS,KXWTAMATCH-26SEP12LEAZAV-LEA,Lea Ma,yes,5010.61,YES,HIT
2026-09-12T21:34:02+00:00,TENNIS,KXWTAMATCH-26SEP12LEAZAV-LEA,Lea Ma,yes,5432.96,YES,HIT
2026-09-12T21:37:11+00:00,CFB,KXNCAAFGAME-26SEP12HCMOH-HC,Holy Cross,no,5443.9,NO,HIT
2026-09-12T21:37:11+00:00,CFB,KXNCAAFGAME-26SEP12HCMOH-HC,Holy Cross,no,2095.16,NO,HIT
2026-09-12T21:37:11+00:00,CFB,KXNCAAFGAME-26SEP12HCMOH-HC,Holy Cross,no,2891.0,NO,HIT
2026-09-12T21:37:11+00:00,CFB,KXNCAAFGAME-26SEP12HCMOH-HC,Holy Cross,no,14166.71,NO,HIT
2026-09-12T21:37:11+00:00,CFB,KXNCAAFGAME-26SEP12HCMOH-HC,Holy Cross,no,26121.15,NO,HIT
2026-09-12T21:37:11+00:00,CFB,KXNCAAFGAME-26SEP12COLGCMU-COLG,Colgate,yes,1445.12,NO,MISS
2026-09-12T21:37:11+00:00,CFB,KXNCAAFGAME-26SEP12COLGCMU-COLG,Colgate,yes,7497.04,NO,MISS
2026-09-12T21:37:11+00:00,CFB,KXNCAAFGAME-26SEP12COLGCMU-COLG,Colgate,yes,2097.44,NO,MISS
2026-09-12T21:37:11+00:00,CFB,KXNCAAFGAME-26SEP12COLGCMU-COLG,Colgate,yes,1244.23,NO,MISS
2026-09-12T21:37:11+00:00,CFB,KXNCAAFGAME-26SEP12COLGCMU-COLG,Colgate,yes,2760.18,NO,MISS
2026-09-12T21:37:11+00:00,CFB,KXNCAAFGAME-26SEP12COLGCMU-COLG,Colgate,no,5158.11,NO,HIT
2026-09-12T21:37:11+00:00,CFB,KXNCAAFGAME-26SEP12COLGCMU-COLG,Colgate,no,2753.46,NO,HIT
2026-09-12T21:37:11+00:00,CFB,KXNCAAFGAME-26SEP12COLGCMU-COLG,Colgate,no,3239.53,NO,HIT
2026-09-12T21:37:11+00:00,CFB,KXNCAAFGAME-26SEP12COLGCMU-COLG,Colgate,no,12203.21,NO,HIT
2026-09-12T21:37:11+00:00,CFB,KXNCAAFGAME-26SEP12COLGCMU-COLG,Colgate,no,5847.91,NO,HIT
2026-09-12T21:37:11+00:00,CFB,KXNCAAFGAME-26SEP12COLGCMU-COLG,Colgate,no,3618.19,NO,HIT
2026-09-12T21:37:11+00:00,CFB,KXNCAAFGAME-26SEP12COLGCMU-COLG,Colgate,no,1814.29,NO,HIT
2026-09-12T21:37:11+00:00,CFB,KXNCAAFGAME-26SEP12COLGCMU-COLG,Colgate,no,1808.65,NO,HIT
2026-09-12T21:37:11+00:00,CFB,KXNCAAFGAME-26SEP12COLGCMU-COLG,Colgate,no,15744.72,NO,HIT
2026-09-12T21:37:11+00:00,CFB,KXNCAAFGAME-26SEP12COLGCMU-COLG,Colgate,no,12203.21,NO,HIT
2026-09-12T21:37:11+00:00,CFB,KXNCAAFGAME-26SEP12COLGCMU-COLG,Colgate,no,5847.91,NO,HIT
2026-09-12T21:37:11+00:00,CFB,KXNCAAFGAME-26SEP12COLGCMU-COLG,Colgate,no,3618.19,NO,HIT
2026-09-12T21:37:11+00:00,CFB,KXNCAAFGAME-26SEP12COLGCMU-COLG,Colgate,no,1814.29,NO,HIT
2026-09-12T21:37:11+00:00,CFB,KXNCAAFGAME-26SEP12COLGCMU-COLG,Colgate,no,1808.65,NO,HIT
2026-09-12T21:37:11+00:00,CFB,KXNCAAFGAME-26SEP12COLGCMU-COLG,Colgate,no,22041.69,NO,HIT
2026-09-12T21:37:11+00:00,CFB,KXNCAAFGAME-26SEP12COLGCMU-CMU,Central Michigan,yes,3525.0,YES,HIT
2026-09-12T21:37:11+00:00,CFB,KXNCAAFGAME-26SEP12COLGCMU-CMU,Central Michigan,yes,1325.07,YES,HIT
2026-09-12T21:37:11+00:00,CFB,KXNCAAFGAME-26SEP12COLGCMU-CMU,Central Michigan,yes,3617.9,YES,HIT
2026-09-12T21:37:11+00:00,CFB,KXNCAAFGAME-26SEP12COLGCMU-CMU,Central Michigan,yes,14984.29,YES,HIT
2026-09-12T21:37:11+00:00,CFB,KXNCAAFGAME-26SEP12COLGCMU-CMU,Central Michigan,yes,5949.43,YES,HIT
2026-09-12T21:37:11+00:00,CFB,KXNCAAFGAME-26SEP12COLGCMU-CMU,Central Michigan,yes,2502.24,YES,HIT
2026-09-12T21:37:11+00:00,CFB,KXNCAAFGAME-26SEP12COLGCMU-CMU,Central Michigan,yes,2865.83,YES,HIT
2026-09-12T21:37:11+00:00,CFB,KXNCAAFGAME-26SEP12COLGCMU-CMU,Central Michigan,yes,42313.83,YES,HIT
2026-09-12T21:37:11+00:00,CFB,KXNCAAFGAME-26SEP12COLGCMU-CMU,Central Michigan,yes,30278.23,YES,HIT
2026-09-12T21:37:11+00:00,CFB,KXNCAAFGAME-26SEP12COLGCMU-CMU,Central Michigan,yes,12888.46,YES,HIT
2026-09-12T21:37:11+00:00,CFB,KXNCAAFGAME-26SEP12COLGCMU-CMU,Central Michigan,no,2748.63,YES,MISS
2026-09-12T21:37:11+00:00,CFB,KXNCAAFGAME-26SEP12COLGCMU-CMU,Central Michigan,no,1549.91,YES,MISS
2026-09-12T21:37:11+00:00,CFB,KXNCAAFGAME-26SEP12COLGCMU-CMU,Central Michigan,no,2959.0,YES,MISS
2026-09-12T21:37:11+00:00,CFB,KXNCAAFGAME-26SEP12COLGCMU-CMU,Central Michigan,yes,14984.29,YES,HIT
2026-09-12T21:37:11+00:00,CFB,KXNCAAFGAME-26SEP12COLGCMU-CMU,Central Michigan,yes,5949.43,YES,HIT
2026-09-12T21:37:11+00:00,CFB,KXNCAAFGAME-26SEP12COLGCMU-CMU,Central Michigan,yes,2502.24,YES,HIT
2026-09-12T21:37:11+00:00,CFB,KXNCAAFGAME-26SEP12COLGCMU-CMU,Central Michigan,yes,2865.83,YES,HIT
2026-09-12T21:37:11+00:00,CFB,KXNCAAFGAME-26SEP12COLGCMU-CMU,Central Michigan,yes,42313.83,YES,HIT
2026-09-12T21:37:11+00:00,CFB,KXNCAAFGAME-26SEP12COLGCMU-CMU,Central Michigan,yes,30278.23,YES,HIT
2026-09-12T21:37:11+00:00,CFB,KXNCAAFGAME-26SEP12COLGCMU-CMU,Central Michigan,yes,15568.4,YES,HIT
2026-09-12T21:37:11+00:00,CFB,KXNCAAFGAME-26SEP12COLGCMU-CMU,Central Michigan,no,2748.63,YES,MISS
2026-09-12T21:37:11+00:00,CFB,KXNCAAFGAME-26SEP12COLGCMU-CMU,Central Michigan,no,1549.91,YES,MISS
2026-09-12T21:37:11+00:00,CFB,KXNCAAFGAME-26SEP12COLGCMU-CMU,Central Michigan,no,2981.75,YES,MISS
2026-09-12T21:37:11+00:00,CFB,KXNCAAFGAME-26SEP12APPECU-ECU,East Carolina,yes,2919.64,NO,MISS
2026-09-12T21:37:11+00:00,CFB,KXNCAAFGAME-26SEP12APPECU-ECU,East Carolina,yes,16916.24,NO,MISS
2026-09-12T21:37:11+00:00,CFB,KXNCAAFGAME-26SEP12APPECU-ECU,East Carolina,no,2628.07,NO,HIT
2026-09-12T21:37:11+00:00,CFB,KXNCAAFGAME-26SEP12APPECU-ECU,East Carolina,no,1652.05,NO,HIT
2026-09-12T21:37:11+00:00,CFB,KXNCAAFGAME-26SEP12APPECU-ECU,East Carolina,no,12518.99,NO,HIT
2026-09-12T21:37:11+00:00,CFB,KXNCAAFGAME-26SEP12APPECU-ECU,East Carolina,no,1113.29,NO,HIT
2026-09-12T21:37:11+00:00,CFB,KXNCAAFGAME-26SEP12APPECU-ECU,East Carolina,yes,6346.02,NO,MISS
2026-09-12T21:37:11+00:00,CFB,KXNCAAFGAME-26SEP12APPECU-ECU,East Carolina,no,1979.62,NO,HIT
2026-09-12T21:37:11+00:00,CFB,KXNCAAFGAME-26SEP12APPECU-ECU,East Carolina,no,5552.95,NO,HIT
2026-09-12T21:37:11+00:00,CFB,KXNCAAFGAME-26SEP12APPECU-ECU,East Carolina,no,1040.53,NO,HIT
2026-09-12T21:37:11+00:00,CFB,KXNCAAFGAME-26SEP12APPECU-ECU,East Carolina,no,5178.37,NO,HIT
2026-09-12T21:37:11+00:00,CFB,KXNCAAFGAME-26SEP12APPECU-ECU,East Carolina,no,2297.22,NO,HIT
2026-09-12T21:37:11+00:00,CFB,KXNCAAFGAME-26SEP12APPECU-ECU,East Carolina,no,24283.26,NO,HIT
2026-09-12T21:37:11+00:00,CFB,KXNCAAFGAME-26SEP12APPECU-ECU,East Carolina,no,17370.34,NO,HIT
2026-09-12T21:37:11+00:00,CFB,KXNCAAFGAME-26SEP12APPECU-ECU,East Carolina,yes,6346.02,NO,MISS
2026-09-12T21:37:11+00:00,CFB,KXNCAAFGAME-26SEP12APPECU-ECU,East Carolina,no,1979.62,NO,HIT
2026-09-12T21:37:11+00:00,CFB,KXNCAAFGAME-26SEP12APPECU-ECU,East Carolina,no,5552.95,NO,HIT
2026-09-12T21:37:11+00:00,CFB,KXNCAAFGAME-26SEP12APPECU-ECU,East Carolina,no,1040.53,NO,HIT
2026-09-12T21:37:11+00:00,CFB,KXNCAAFGAME-26SEP12APPECU-ECU,East Carolina,no,5178.37,NO,HIT
2026-09-12T21:37:11+00:00,CFB,KXNCAAFGAME-26SEP12APPECU-ECU,East Carolina,no,2297.22,NO,HIT
2026-09-12T21:37:11+00:00,CFB,KXNCAAFGAME-26SEP12APPECU-ECU,East Carolina,no,24283.26,NO,HIT
2026-09-12T21:37:11+00:00,CFB,KXNCAAFGAME-26SEP12APPECU-ECU,East Carolina,no,17370.34,NO,HIT
2026-09-12T21:37:11+00:00,CFB,KXNCAAFGAME-26SEP12APPECU-ECU,East Carolina,no,2079.45,NO,HIT
2026-09-12T21:37:11+00:00,CFB,KXNCAAFGAME-26SEP12WSUKSU-KSU,Kansas St.,yes,2332.04,YES,HIT
2026-09-12T21:37:11+00:00,CFB,KXNCAAFGAME-26SEP12WSUKSU-KSU,Kansas St.,yes,1281.32,YES,HIT
2026-09-12T21:37:11+00:00,CFB,KXNCAAFGAME-26SEP12WSUKSU-KSU,Kansas St.,yes,1112.94,YES,HIT
2026-09-12T21:37:11+00:00,CFB,KXNCAAFGAME-26SEP12WSUKSU-KSU,Kansas St.,yes,1077.05,YES,HIT
2026-09-12T21:37:11+00:00,CFB,KXNCAAFGAME-26SEP12WSUKSU-KSU,Kansas St.,yes,13538.05,YES,HIT
2026-09-12T21:37:11+00:00,CFB,KXNCAAFGAME-26SEP12WSUKSU-KSU,Kansas St.,yes,8777.98,YES,HIT
2026-09-12T21:37:11+00:00,CFB,KXNCAAFGAME-26SEP12WSUKSU-KSU,Kansas St.,yes,1773.59,YES,HIT
2026-09-12T21:37:11+00:00,CFB,KXNCAAFGAME-26SEP12WSUKSU-KSU,Kansas St.,yes,7425.73,YES,HIT
2026-09-12T21:37:11+00:00,CFB,KXNCAAFGAME-26SEP12WSUKSU-KSU,Kansas St.,yes,38434.16,YES,HIT
2026-09-12T21:37:11+00:00,CFB,KXNCAAFGAME-26SEP12WSUKSU-KSU,Kansas St.,yes,14277.73,YES,HIT
2026-09-12T21:37:11+00:00,CFB,KXNCAAFGAME-26SEP12WSUKSU-KSU,Kansas St.,yes,49503.67,YES,HIT
2026-09-12T21:37:11+00:00,CFB,KXNCAAFGAME-26SEP12WSUKSU-KSU,Kansas St.,yes,17170.94,YES,HIT
2026-09-12T21:37:11+00:00,CFB,KXNCAAFGAME-26SEP12WSUKSU-KSU,Kansas St.,no,2032.83,YES,MISS
2026-09-12T21:37:11+00:00,CFB,KXNCAAFGAME-26SEP12WSUKSU-KSU,Kansas St.,no,2273.46,YES,MISS
2026-09-12T21:37:11+00:00,CFB,KXNCAAFGAME-26SEP12WSUKSU-KSU,Kansas St.,yes,4079.7,YES,HIT
2026-09-12T21:37:11+00:00,CFB,KXNCAAFGAME-26SEP12WSUKSU-KSU,Kansas St.,yes,10315.76,YES,HIT
2026-09-12T21:37:11+00:00,CFB,KXNCAAFGAME-26SEP12WSUKSU-KSU,Kansas St.,yes,8979.39,YES,HIT
2026-09-12T21:37:11+00:00,CFB,KXNCAAFGAME-26SEP12WSUKSU-KSU,Kansas St.,yes,4079.7,YES,HIT
2026-09-12T21:37:11+00:00,CFB,KXNCAAFGAME-26SEP12WSUKSU-KSU,Kansas St.,yes,10315.76,YES,HIT
2026-09-12T21:37:11+00:00,CFB,KXNCAAFGAME-26SEP12WSUKSU-KSU,Kansas St.,yes,8979.39,YES,HIT
2026-09-12T21:37:11+00:00,CFB,KXNCAAFGAME-26SEP12ASUTXAM-TXAM,Texas A&M,yes,12797.03,YES,HIT
2026-09-12T21:37:11+00:00,CFB,KXNCAAFGAME-26SEP12ASUTXAM-TXAM,Texas A&M,yes,1848.99,YES,HIT
2026-09-12T21:37:11+00:00,CFB,KXNCAAFGAME-26SEP12ASUTXAM-TXAM,Texas A&M,yes,1665.97,YES,HIT
2026-09-12T21:37:11+00:00,CFB,KXNCAAFGAME-26SEP12ASUTXAM-TXAM,Texas A&M,yes,1019.73,YES,HIT
2026-09-12T21:37:11+00:00,CFB,KXNCAAFGAME-26SEP12ASUTXAM-TXAM,Texas A&M,yes,1378.19,YES,HIT
2026-09-12T21:37:11+00:00,CFB,KXNCAAFGAME-26SEP12ASUTXAM-TXAM,Texas A&M,yes,1748.23,YES,HIT
2026-09-12T21:37:11+00:00,CFB,KXNCAAFGAME-26SEP12ASUTXAM-TXAM,Texas A&M,yes,1016.34,YES,HIT
2026-09-12T21:37:11+00:00,CFB,KXNCAAFGAME-26SEP12ASUTXAM-TXAM,Texas A&M,yes,1868.23,YES,HIT
2026-09-12T21:37:11+00:00,CFB,KXNCAAFGAME-26SEP12ASUTXAM-TXAM,Texas A&M,yes,2060.78,YES,HIT
2026-09-12T21:37:11+00:00,CFB,KXNCAAFGAME-26SEP12ASUTXAM-TXAM,Texas A&M,yes,5756.96,YES,HIT
2026-09-12T21:37:11+00:00,CFB,KXNCAAFGAME-26SEP12ASUTXAM-TXAM,Texas A&M,yes,24440.56,YES,HIT
2026-09-12T21:37:11+00:00,CFB,KXNCAAFGAME-26SEP12ASUTXAM-TXAM,Texas A&M,no,2330.6,YES,MISS
2026-09-12T21:37:11+00:00,CFB,KXNCAAFGAME-26SEP12ASUTXAM-TXAM,Texas A&M,no,6252.68,YES,MISS
2026-09-12T21:37:11+00:00,CFB,KXNCAAFGAME-26SEP12ASUTXAM-TXAM,Texas A&M,no,9681.67,YES,MISS
2026-09-12T21:37:11+00:00,CFB,KXNCAAFGAME-26SEP12ASUTXAM-TXAM,Texas A&M,no,3558.17,YES,MISS
2026-09-12T21:37:11+00:00,CFB,KXNCAAFGAME-26SEP12ASUTXAM-TXAM,Texas A&M,no,5825.92,YES,MISS
2026-09-12T21:37:11+00:00,CFB,KXNCAAFGAME-26SEP12ASUTXAM-TXAM,Texas A&M,no,1885.69,YES,MISS
2026-09-12T21:37:11+00:00,CFB,KXNCAAFGAME-26SEP12ASUTXAM-TXAM,Texas A&M,no,6560.99,YES,MISS
2026-09-12T21:37:11+00:00,CFB,KXNCAAFGAME-26SEP12ASUTXAM-TXAM,Texas A&M,no,13103.48,YES,MISS
2026-09-12T21:37:11+00:00,CFB,KXNCAAFGAME-26SEP12ASUTXAM-ASU,Arizona St.,yes,1012.74,NO,MISS
2026-09-12T21:37:11+00:00,CFB,KXNCAAFGAME-26SEP12ASUTXAM-ASU,Arizona St.,yes,2881.55,NO,MISS
2026-09-12T21:37:11+00:00,CFB,KXNCAAFGAME-26SEP12ASUTXAM-ASU,Arizona St.,no,1720.0,NO,HIT
2026-09-12T21:37:11+00:00,CFB,KXNCAAFGAME-26SEP12ASUTXAM-ASU,Arizona St.,yes,1505.65,NO,MISS
2026-09-12T21:37:11+00:00,CFB,KXNCAAFGAME-26SEP12ASUTXAM-ASU,Arizona St.,yes,2832.46,NO,MISS
2026-09-12T21:37:11+00:00,CFB,KXNCAAFGAME-26SEP12ASUTXAM-ASU,Arizona St.,yes,4395.56,NO,MISS
2026-09-12T21:37:11+00:00,CFB,KXNCAAFGAME-26SEP12ASUTXAM-ASU,Arizona St.,no,1339.38,NO,HIT
2026-09-12T21:37:11+00:00,CFB,KXNCAAFGAME-26SEP12ASUTXAM-ASU,Arizona St.,no,1243.26,NO,HIT
2026-09-12T21:37:11+00:00,CFB,KXNCAAFGAME-26SEP12ASUTXAM-ASU,Arizona St.,no,5181.29,NO,HIT
2026-09-12T21:37:11+00:00,CFB,KXNCAAFGAME-26SEP12ASUTXAM-ASU,Arizona St.,no,4068.77,NO,HIT
2026-09-12T21:37:11+00:00,CFB,KXNCAAFGAME-26SEP12ASUTXAM-ASU,Arizona St.,no,4155.29,NO,HIT
2026-09-12T21:37:11+00:00,CFB,KXNCAAFGAME-26SEP12ASUTXAM-ASU,Arizona St.,no,5194.43,NO,HIT
2026-09-12T21:37:11+00:00,CFB,KXNCAAFGAME-26SEP12ASUTXAM-ASU,Arizona St.,no,19560.6,NO,HIT
2026-09-12T21:37:11+00:00,CFB,KXNCAAFGAME-26SEP12ASUTXAM-ASU,Arizona St.,no,120620.8,NO,HIT
2026-09-12T21:37:11+00:00,CFB,KXNCAAFGAME-26SEP12ASUTXAM-ASU,Arizona St.,yes,195500.84,NO,MISS
2026-09-12T21:37:11+00:00,CFB,KXNCAAFGAME-26SEP12ASUTXAM-ASU,Arizona St.,no,700260.39,NO,HIT
2026-09-12T21:37:11+00:00,CFB,KXNCAAFGAME-26SEP12OREOKST-ORE,Oregon,yes,2345.58,NO,MISS
2026-09-12T21:37:11+00:00,CFB,KXNCAAFGAME-26SEP12OREOKST-ORE,Oregon,yes,6025.67,NO,MISS
2026-09-12T21:37:11+00:00,CFB,KXNCAAFGAME-26SEP12OREOKST-ORE,Oregon,yes,1139.7,NO,MISS
2026-09-12T21:37:11+00:00,CFB,KXNCAAFGAME-26SEP12OREOKST-ORE,Oregon,yes,1018.33,NO,MISS
2026-09-12T21:37:11+00:00,CFB,KXNCAAFGAME-26SEP12OREOKST-ORE,Oregon,yes,163227.42,NO,MISS
2026-09-12T21:37:11+00:00,CFB,KXNCAAFGAME-26SEP12OREOKST-ORE,Oregon,yes,1034.62,NO,MISS
2026-09-12T21:37:11+00:00,CFB,KXNCAAFGAME-26SEP12OREOKST-ORE,Oregon,yes,4560.89,NO,MISS
2026-09-12T21:37:11+00:00,CFB,KXNCAAFGAME-26SEP12OREOKST-ORE,Oregon,yes,13458.35,NO,MISS
2026-09-12T21:37:11+00:00,CFB,KXNCAAFGAME-26SEP12OREOKST-ORE,Oregon,yes,1483.66,NO,MISS
2026-09-12T21:37:11+00:00,CFB,KXNCAAFGAME-26SEP12OREOKST-ORE,Oregon,yes,4979.09,NO,MISS
2026-09-12T21:37:11+00:00,CFB,KXNCAAFGAME-26SEP12OREOKST-ORE,Oregon,yes,1762.77,NO,MISS
2026-09-12T21:37:11+00:00,CFB,KXNCAAFGAME-26SEP12OREOKST-ORE,Oregon,yes,19960.82,NO,MISS
2026-09-12T21:37:11+00:00,CFB,KXNCAAFGAME-26SEP12OREOKST-ORE,Oregon,yes,11557.74,NO,MISS
2026-09-12T21:37:11+00:00,CFB,KXNCAAFGAME-26SEP12OREOKST-ORE,Oregon,yes,5914.28,NO,MISS
2026-09-12T21:37:11+00:00,CFB,KXNCAAFGAME-26SEP12OREOKST-ORE,Oregon,yes,2208.0,NO,MISS
2026-09-12T21:37:11+00:00,CFB,KXNCAAFGAME-26SEP12OREOKST-ORE,Oregon,yes,4303.76,NO,MISS
2026-09-12T21:37:11+00:00,CFB,KXNCAAFGAME-26SEP12OREOKST-ORE,Oregon,yes,1735.7,NO,MISS
2026-09-12T21:37:11+00:00,CFB,KXNCAAFGAME-26SEP12OREOKST-ORE,Oregon,yes,51527.91,NO,MISS
2026-09-12T21:37:11+00:00,CFB,KXNCAAFGAME-26SEP12OREOKST-ORE,Oregon,yes,29740.65,NO,MISS
2026-09-12T21:37:11+00:00,CFB,KXNCAAFGAME-26SEP12OREOKST-ORE,Oregon,no,1090.31,NO,HIT
2026-09-12T21:37:11+00:00,CFB,KXNCAAFGAME-26SEP12OREOKST-ORE,Oregon,yes,5216.02,NO,MISS
2026-09-12T21:37:11+00:00,CFB,KXNCAAFGAME-26SEP12OREOKST-ORE,Oregon,no,2168.6,NO,HIT
2026-09-12T21:37:11+00:00,CFB,KXNCAAFGAME-26SEP12OREOKST-ORE,Oregon,no,1340.57,NO,HIT
2026-09-12T21:37:11+00:00,CFB,KXNCAAFGAME-26SEP12OREOKST-ORE,Oregon,no,3332.07,NO,HIT
2026-09-12T21:37:11+00:00,CFB,KXNCAAFGAME-26SEP12OREOKST-ORE,Oregon,no,131333.31,NO,HIT
2026-09-12T21:37:11+00:00,CFB,KXNCAAFGAME-26SEP12OREOKST-ORE,Oregon,yes,1091113.06,NO,MISS
2026-09-12T21:37:11+00:00,CFB,KXNCAAFGAME-26SEP12OREOKST-ORE,Oregon,no,4279.26,NO,HIT
2026-09-12T21:37:11+00:00,CFB,KXNCAAFGAME-26SEP12OREOKST-ORE,Oregon,no,2168.6,NO,HIT
2026-09-12T21:37:11+00:00,CFB,KXNCAAFGAME-26SEP12OREOKST-ORE,Oregon,no,1340.57,NO,HIT
2026-09-12T21:37:11+00:00,CFB,KXNCAAFGAME-26SEP12OREOKST-ORE,Oregon,no,3332.07,NO,HIT
2026-09-12T21:37:11+00:00,CFB,KXNCAAFGAME-26SEP12OREOKST-ORE,Oregon,no,157634.8,NO,HIT
2026-09-12T21:37:11+00:00,CFB,KXNCAAFGAME-26SEP12OREOKST-OKST,Oklahoma St.,no,3290.0,YES,MISS
2026-09-12T21:37:11+00:00,CFB,KXNCAAFGAME-26SEP12OREOKST-OKST,Oklahoma St.,no,1410.0,YES,MISS
2026-09-12T21:37:11+00:00,CFB,KXNCAAFGAME-26SEP12OREOKST-OKST,Oklahoma St.,yes,7856.89,YES,HIT
2026-09-12T21:37:11+00:00,CFB,KXNCAAFGAME-26SEP12OREOKST-OKST,Oklahoma St.,yes,2333.32,YES,HIT
2026-09-12T21:37:11+00:00,CFB,KXNCAAFGAME-26SEP12OREOKST-OKST,Oklahoma St.,yes,4214.76,YES,HIT
2026-09-12T21:37:11+00:00,CFB,KXNCAAFGAME-26SEP12OREOKST-OKST,Oklahoma St.,yes,2469.89,YES,HIT
2026-09-12T21:37:11+00:00,CFB,KXNCAAFGAME-26SEP12OREOKST-OKST,Oklahoma St.,yes,5381.78,YES,HIT
2026-09-12T21:37:11+00:00,CFB,KXNCAAFGAME-26SEP12OREOKST-OKST,Oklahoma St.,no,9399.06,YES,MISS
2026-09-12T21:37:11+00:00,CFB,KXNCAAFGAME-26SEP12OREOKST-OKST,Oklahoma St.,no,3558.83,YES,MISS
2026-09-12T21:37:11+00:00,CFB,KXNCAAFGAME-26SEP12OREOKST-OKST,Oklahoma St.,yes,361243.77,YES,HIT
2026-09-12T21:37:11+00:00,CFB,KXNCAAFGAME-26SEP12OREOKST-OKST,Oklahoma St.,no,232503.42,YES,MISS
2026-09-12T21:37:11+00:00,CFB,KXNCAAFGAME-26SEP12OREOKST-OKST,Oklahoma St.,no,220167.0,YES,MISS
2026-09-12T21:37:11+00:00,CFB,KXNCAAFGAME-26SEP12OREOKST-OKST,Oklahoma St.,yes,395519.41,YES,HIT
2026-09-12T21:37:11+00:00,CFB,KXNCAAFGAME-26SEP12ETSUUNC-UNC,North Carolina,yes,10997.29,YES,HIT
2026-09-12T21:37:11+00:00,CFB,KXNCAAFGAME-26SEP12ETSUUNC-UNC,North Carolina,yes,5499.45,YES,HIT
2026-09-12T21:37:11+00:00,CFB,KXNCAAFGAME-26SEP12ETSUUNC-UNC,North Carolina,yes,1188.0,YES,HIT
2026-09-12T21:37:11+00:00,CFB,KXNCAAFGAME-26SEP12ETSUUNC-UNC,North Carolina,yes,4996.5,YES,HIT
2026-09-12T21:37:11+00:00,CFB,KXNCAAFGAME-26SEP12ETSUUNC-UNC,North Carolina,yes,2970.0,YES,HIT
2026-09-12T21:37:11+00:00,CFB,KXNCAAFGAME-26SEP12ETSUUNC-UNC,North Carolina,yes,1998.59,YES,HIT
2026-09-12T21:37:11+00:00,CFB,KXNCAAFGAME-26SEP12ETSUUNC-UNC,North Carolina,yes,1488.43,YES,HIT
2026-09-12T21:37:11+00:00,CFB,KXNCAAFGAME-26SEP12ETSUUNC-UNC,North Carolina,yes,22124.4,YES,HIT
2026-09-12T21:37:11+00:00,CFB,KXNCAAFGAME-26SEP12ODUVT-VT,Virginia Tech,yes,195696.82,YES,HIT
2026-09-12T21:37:11+00:00,CFB,KXNCAAFGAME-26SEP12ODUVT-VT,Virginia Tech,yes,2981.21,YES,HIT
2026-09-12T21:37:11+00:00,CFB,KXNCAAFGAME-26SEP12ODUVT-VT,Virginia Tech,yes,2744.63,YES,HIT
2026-09-12T21:37:11+00:00,CFB,KXNCAAFGAME-26SEP12ODUVT-VT,Virginia Tech,yes,1361.61,YES,HIT
2026-09-12T21:37:11+00:00,CFB,KXNCAAFGAME-26SEP12ODUVT-VT,Virginia Tech,yes,2047.37,YES,HIT
2026-09-12T21:37:11+00:00,CFB,KXNCAAFGAME-26SEP12ODUVT-VT,Virginia Tech,yes,3878.56,YES,HIT
2026-09-12T21:37:11+00:00,CFB,KXNCAAFGAME-26SEP12ODUVT-VT,Virginia Tech,yes,4824.97,YES,HIT
2026-09-12T21:37:11+00:00,CFB,KXNCAAFGAME-26SEP12ODUVT-VT,Virginia Tech,yes,27321.12,YES,HIT
2026-09-12T21:37:11+00:00,CFB,KXNCAAFGAME-26SEP12ODUVT-VT,Virginia Tech,yes,105973.21,YES,HIT
2026-09-12T21:37:11+00:00,CFB,KXNCAAFGAME-26SEP12ODUVT-ODU,Old Dominion,no,2471.8,NO,HIT
2026-09-12T21:37:11+00:00,CFB,KXNCAAFGAME-26SEP12ODUVT-ODU,Old Dominion,no,8560.67,NO,HIT
2026-09-12T21:37:11+00:00,CFB,KXNCAAFGAME-26SEP12ODUVT-ODU,Old Dominion,yes,1432.63,NO,MISS
2026-09-12T21:37:11+00:00,CFB,KXNCAAFGAME-26SEP12ODUVT-ODU,Old Dominion,yes,6919.19,NO,MISS
2026-09-12T21:37:11+00:00,CFB,KXNCAAFGAME-26SEP12ODUVT-ODU,Old Dominion,no,3728.06,NO,HIT
2026-09-12T21:37:11+00:00,CFB,KXNCAAFGAME-26SEP12ODUVT-ODU,Old Dominion,no,1746.18,NO,HIT
2026-09-12T21:37:11+00:00,CFB,KXNCAAFGAME-26SEP12ODUVT-ODU,Old Dominion,no,1517.99,NO,HIT
2026-09-12T21:37:11+00:00,CFB,KXNCAAFGAME-26SEP12ODUVT-ODU,Old Dominion,no,13784.23,NO,HIT
2026-09-12T21:37:11+00:00,CFB,KXNCAAFGAME-26SEP12ODUVT-ODU,Old Dominion,no,27982.63,NO,HIT
2026-09-12T21:37:11+00:00,CFB,KXNCAAFGAME-26SEP12ODUVT-ODU,Old Dominion,no,17981.67,NO,HIT
2026-09-12T21:37:11+00:00,CFB,KXNCAAFGAME-26SEP12WAKEPUR-PUR,Purdue,yes,1441.47,NO,MISS
2026-09-12T21:37:11+00:00,CFB,KXNCAAFGAME-26SEP12WAKEPUR-PUR,Purdue,yes,15935.9,NO,MISS
2026-09-12T21:37:11+00:00,CFB,KXNCAAFGAME-26SEP12WAKEPUR-PUR,Purdue,no,14100.44,NO,HIT
2026-09-12T21:37:11+00:00,CFB,KXNCAAFGAME-26SEP12WAKEPUR-PUR,Purdue,no,62724.58,NO,HIT
2026-09-12T21:37:11+00:00,CFB,KXNCAAFGAME-26SEP12WAKEPUR-PUR,Purdue,yes,356577.4,NO,MISS
2026-09-12T21:37:11+00:00,CFB,KXNCAAFGAME-26SEP12WAKEPUR-PUR,Purdue,no,21028.57,NO,HIT
2026-09-12T21:37:11+00:00,CFB,KXNCAAFGAME-26SEP12WAKEPUR-PUR,Purdue,no,29392.87,NO,HIT
2026-09-12T21:37:11+00:00,CFB,KXNCAAFGAME-26SEP12WAKEPUR-PUR,Purdue,no,228254.27,NO,HIT
2026-09-12T21:37:11+00:00,CFB,KXNCAAFGAME-26SEP12WAKEPUR-PUR,Purdue,yes,364886.78,NO,MISS
2026-09-12T21:37:11+00:00,CFB,KXNCAAFGAME-26SEP12WAKEPUR-PUR,Purdue,no,29392.87,NO,HIT
2026-09-12T21:37:11+00:00,CFB,KXNCAAFGAME-26SEP12WAKEPUR-PUR,Purdue,no,236046.23,NO,HIT
2026-09-12T21:37:11+00:00,CFB,KXNCAAFGAME-26SEP12OKLAMICH-OKLA,Oklahoma,yes,1980.0,NO,MISS
2026-09-12T21:37:11+00:00,CFB,KXNCAAFGAME-26SEP12OKLAMICH-OKLA,Oklahoma,yes,1634.39,NO,MISS
2026-09-12T21:37:11+00:00,CFB,KXNCAAFGAME-26SEP12OKLAMICH-OKLA,Oklahoma,yes,1623.75,NO,MISS
2026-09-12T21:37:11+00:00,CFB,KXNCAAFGAME-26SEP12OKLAMICH-OKLA,Oklahoma,yes,1974.85,NO,MISS
2026-09-12T21:37:11+00:00,CFB,KXNCAAFGAME-26SEP12OKLAMICH-OKLA,Oklahoma,yes,1001.24,NO,MISS
2026-09-12T21:37:11+00:00,CFB,KXNCAAFGAME-26SEP12OKLAMICH-OKLA,Oklahoma,yes,1878.23,NO,MISS
2026-09-12T21:37:11+00:00,CFB,KXNCAAFGAME-26SEP12OKLAMICH-OKLA,Oklahoma,yes,7072.7,NO,MISS
2026-09-12T21:37:11+00:00,CFB,KXNCAAFGAME-26SEP12OKLAMICH-OKLA,Oklahoma,yes,2442.52,NO,MISS
2026-09-12T21:37:11+00:00,CFB,KXNCAAFGAME-26SEP12OKLAMICH-OKLA,Oklahoma,yes,3632.88,NO,MISS
2026-09-12T21:37:11+00:00,CFB,KXNCAAFGAME-26SEP12OKLAMICH-OKLA,Oklahoma,yes,1412.81,NO,MISS
2026-09-12T21:37:11+00:00,CFB,KXNCAAFGAME-26SEP12OKLAMICH-OKLA,Oklahoma,yes,5903.73,NO,MISS
2026-09-12T21:37:11+00:00,CFB,KXNCAAFGAME-26SEP12OKLAMICH-OKLA,Oklahoma,yes,1849.8,NO,MISS
2026-09-12T21:37:11+00:00,CFB,KXNCAAFGAME-26SEP12OKLAMICH-OKLA,Oklahoma,yes,1528.18,NO,MISS
2026-09-12T21:37:11+00:00,CFB,KXNCAAFGAME-26SEP12OKLAMICH-OKLA,Oklahoma,yes,8868.27,NO,MISS
2026-09-12T21:37:11+00:00,CFB,KXNCAAFGAME-26SEP12OKLAMICH-OKLA,Oklahoma,yes,2728.97,NO,MISS
2026-09-12T21:37:11+00:00,CFB,KXNCAAFGAME-26SEP12OKLAMICH-OKLA,Oklahoma,yes,176713.67,NO,MISS
2026-09-12T21:37:11+00:00,CFB,KXNCAAFGAME-26SEP12OKLAMICH-OKLA,Oklahoma,yes,4305.66,NO,MISS
2026-09-12T21:37:11+00:00,CFB,KXNCAAFGAME-26SEP12OKLAMICH-OKLA,Oklahoma,yes,4785.14,NO,MISS
2026-09-12T21:37:11+00:00,CFB,KXNCAAFGAME-26SEP12OKLAMICH-OKLA,Oklahoma,yes,9722.22,NO,MISS
2026-09-12T21:37:11+00:00,CFB,KXNCAAFGAME-26SEP12OKLAMICH-OKLA,Oklahoma,yes,10732.36,NO,MISS
2026-09-12T21:37:11+00:00,CFB,KXNCAAFGAME-26SEP12OKLAMICH-OKLA,Oklahoma,yes,4617.94,NO,MISS
2026-09-12T21:37:11+00:00,CFB,KXNCAAFGAME-26SEP12OKLAMICH-OKLA,Oklahoma,yes,2174.41,NO,MISS
2026-09-12T21:37:11+00:00,CFB,KXNCAAFGAME-26SEP12OKLAMICH-OKLA,Oklahoma,yes,3198.41,NO,MISS
2026-09-12T21:37:11+00:00,CFB,KXNCAAFGAME-26SEP12OKLAMICH-OKLA,Oklahoma,yes,1685.24,NO,MISS
2026-09-12T21:37:11+00:00,CFB,KXNCAAFGAME-26SEP12OKLAMICH-OKLA,Oklahoma,yes,15557.13,NO,MISS
2026-09-12T21:37:11+00:00,CFB,KXNCAAFGAME-26SEP12OKLAMICH-OKLA,Oklahoma,yes,47698.59,NO,MISS
2026-09-12T21:37:11+00:00,CFB,KXNCAAFGAME-26SEP12OKLAMICH-OKLA,Oklahoma,no,4350.35,NO,HIT
2026-09-12T21:37:11+00:00,CFB,KXNCAAFGAME-26SEP12OKLAMICH-OKLA,Oklahoma,no,1035.95,NO,HIT
2026-09-12T21:37:11+00:00,CFB,KXNCAAFGAME-26SEP12OKLAMICH-OKLA,Oklahoma,no,34831.31,NO,HIT
2026-09-12T21:37:11+00:00,CFB,KXNCAAFGAME-26SEP12OKLAMICH-OKLA,Oklahoma,no,1527.51,NO,HIT
2026-09-12T21:37:11+00:00,CFB,KXNCAAFGAME-26SEP12OKLAMICH-OKLA,Oklahoma,no,1086.55,NO,HIT
2026-09-12T21:37:11+00:00,CFB,KXNCAAFGAME-26SEP12OKLAMICH-OKLA,Oklahoma,no,2918.09,NO,HIT
2026-09-12T21:37:11+00:00,CFB,KXNCAAFGAME-26SEP12OKLAMICH-OKLA,Oklahoma,yes,944548.56,NO,MISS
2026-09-12T21:37:11+00:00,CFB,KXNCAAFGAME-26SEP12OKLAMICH-OKLA,Oklahoma,no,20116.81,NO,HIT
2026-09-12T21:37:11+00:00,CFB,KXNCAAFGAME-26SEP12OKLAMICH-OKLA,Oklahoma,yes,506353.34,NO,MISS
2026-09-12T21:37:11+00:00,CFB,KXNCAAFGAME-26SEP12OKLAMICH-OKLA,Oklahoma,no,330849.01,NO,HIT
2026-09-12T21:37:11+00:00,CFB,KXNCAAFGAME-26SEP12OKLAMICH-OKLA,Oklahoma,yes,131059.49,NO,MISS
2026-09-12T21:37:11+00:00,CFB,KXNCAAFGAME-26SEP12OKLAMICH-OKLA,Oklahoma,no,673237.76,NO,HIT
2026-09-12T21:37:11+00:00,CFB,KXNCAAFGAME-26SEP12OKLAMICH-OKLA,Oklahoma,no,701112.4,NO,HIT
2026-09-12T21:37:11+00:00,CFB,KXNCAAFGAME-26SEP12OKLAMICH-OKLA,Oklahoma,yes,134503.7,NO,MISS
2026-09-12T21:37:11+00:00,CFB,KXNCAAFGAME-26SEP12OKLAMICH-MICH,Michigan,no,2501.07,YES,MISS
2026-09-12T21:37:11+00:00,CFB,KXNCAAFGAME-26SEP12OKLAMICH-MICH,Michigan,no,1462.56,YES,MISS
2026-09-12T21:37:11+00:00,CFB,KXNCAAFGAME-26SEP12OKLAMICH-MICH,Michigan,no,1395.54,YES,MISS
2026-09-12T21:37:11+00:00,CFB,KXNCAAFGAME-26SEP12OKLAMICH-MICH,Michigan,no,1803.65,YES,MISS
2026-09-12T21:37:11+00:00,CFB,KXNCAAFGAME-26SEP12OKLAMICH-MICH,Michigan,yes,1051.42,YES,HIT
2026-09-12T21:37:11+00:00,CFB,KXNCAAFGAME-26SEP12OKLAMICH-MICH,Michigan,yes,2780.4,YES,HIT
2026-09-12T21:37:11+00:00,CFB,KXNCAAFGAME-26SEP12OKLAMICH-MICH,Michigan,yes,1523.96,YES,HIT
2026-09-12T21:37:11+00:00,CFB,KXNCAAFGAME-26SEP12OKLAMICH-MICH,Michigan,yes,2886.29,YES,HIT
2026-09-12T21:37:11+00:00,CFB,KXNCAAFGAME-26SEP12OKLAMICH-MICH,Michigan,yes,1161.77,YES,HIT
2026-09-12T21:37:11+00:00,CFB,KXNCAAFGAME-26SEP12OKLAMICH-MICH,Michigan,yes,2457.39,YES,HIT
2026-09-12T21:37:11+00:00,CFB,KXNCAAFGAME-26SEP12OKLAMICH-MICH,Michigan,yes,1298.76,YES,HIT
2026-09-12T21:37:11+00:00,CFB,KXNCAAFGAME-26SEP12OKLAMICH-MICH,Michigan,yes,3642.18,YES,HIT
2026-09-12T21:37:11+00:00,CFB,KXNCAAFGAME-26SEP12OKLAMICH-MICH,Michigan,yes,1024.81,YES,HIT
2026-09-12T21:37:11+00:00,CFB,KXNCAAFGAME-26SEP12OKLAMICH-MICH,Michigan,yes,1239.64,YES,HIT
2026-09-12T21:37:11+00:00,CFB,KXNCAAFGAME-26SEP12OKLAMICH-MICH,Michigan,yes,12374.92,YES,HIT
2026-09-12T21:37:11+00:00,CFB,KXNCAAFGAME-26SEP12OKLAMICH-MICH,Michigan,yes,4580.46,YES,HIT
2026-09-12T21:37:11+00:00,CFB,KXNCAAFGAME-26SEP12OKLAMICH-MICH,Michigan,no,1520.23,YES,MISS
2026-09-12T21:37:11+00:00,CFB,KXNCAAFGAME-26SEP12OKLAMICH-MICH,Michigan,no,36949.74,YES,MISS
2026-09-12T21:37:11+00:00,CFB,KXNCAAFGAME-26SEP12OKLAMICH-MICH,Michigan,yes,786012.65,YES,HIT
2026-09-12T21:37:11+00:00,CFB,KXNCAAFGAME-26SEP12OKLAMICH-MICH,Michigan,no,210780.7,YES,MISS
2026-09-12T21:37:11+00:00,CFB,KXNCAAFGAME-26SEP12OKLAMICH-MICH,Michigan,no,123753.13,YES,MISS
2026-09-12T21:37:11+00:00,CFB,KXNCAAFGAME-26SEP12OKLAMICH-MICH,Michigan,yes,1012441.4,YES,HIT
2026-09-12T21:37:11+00:00,CFB,KXNCAAFGAME-26SEP12OKLAMICH-MICH,Michigan,yes,1018176.18,YES,HIT
2026-09-12T21:37:11+00:00,CFB,KXNCAAFGAME-26SEP12OKLAMICH-MICH,Michigan,no,134442.91,YES,MISS
2026-09-12T21:37:11+00:00,MLB,KXMLBGAME-26SEP121420PITCHC-PIT,Pittsburgh,yes,2970.82,NO,MISS
2026-09-12T21:37:11+00:00,MLB,KXMLBGAME-26SEP121420PITCHC-PIT,Pittsburgh,yes,3899.32,NO,MISS
2026-09-12T21:37:11+00:00,MLB,KXMLBGAME-26SEP121420PITCHC-PIT,Pittsburgh,yes,1045.72,NO,MISS
2026-09-12T21:37:11+00:00,MLB,KXMLBGAME-26SEP121420PITCHC-PIT,Pittsburgh,yes,4342.66,NO,MISS
2026-09-12T21:37:11+00:00,MLB,KXMLBGAME-26SEP121420PITCHC-PIT,Pittsburgh,yes,1103.46,NO,MISS
2026-09-12T21:37:11+00:00,MLB,KXMLBGAME-26SEP121420PITCHC-PIT,Pittsburgh,no,1080.0,NO,HIT
2026-09-12T21:37:11+00:00,MLB,KXMLBGAME-26SEP121420PITCHC-PIT,Pittsburgh,yes,38202.85,NO,MISS
2026-09-12T21:37:11+00:00,MLB,KXMLBGAME-26SEP121420PITCHC-PIT,Pittsburgh,no,1248.05,NO,HIT
2026-09-12T21:37:11+00:00,MLB,KXMLBGAME-26SEP121420PITCHC-PIT,Pittsburgh,no,1392.35,NO,HIT
2026-09-12T21:37:11+00:00,MLB,KXMLBGAME-26SEP121420PITCHC-PIT,Pittsburgh,no,5998.75,NO,HIT
2026-09-12T21:37:11+00:00,MLB,KXMLBGAME-26SEP121420PITCHC-PIT,Pittsburgh,no,2116.86,NO,HIT
2026-09-12T21:37:11+00:00,MLB,KXMLBGAME-26SEP121420PITCHC-PIT,Pittsburgh,no,3980.16,NO,HIT
2026-09-12T21:37:11+00:00,MLB,KXMLBGAME-26SEP121420PITCHC-PIT,Pittsburgh,no,1892.8,NO,HIT
2026-09-12T21:37:11+00:00,MLB,KXMLBGAME-26SEP121420PITCHC-PIT,Pittsburgh,no,1268.71,NO,HIT
2026-09-12T21:37:11+00:00,MLB,KXMLBGAME-26SEP121420PITCHC-PIT,Pittsburgh,no,1070.17,NO,HIT
2026-09-12T21:37:11+00:00,MLB,KXMLBGAME-26SEP121420PITCHC-PIT,Pittsburgh,no,1246.21,NO,HIT
2026-09-12T21:37:11+00:00,MLB,KXMLBGAME-26SEP121420PITCHC-PIT,Pittsburgh,no,9042.98,NO,HIT
2026-09-12T21:37:11+00:00,MLB,KXMLBGAME-26SEP121420PITCHC-PIT,Pittsburgh,no,3739.99,NO,HIT
2026-09-12T21:37:11+00:00,MLB,KXMLBGAME-26SEP121420PITCHC-PIT,Pittsburgh,no,13551.69,NO,HIT
2026-09-12T21:37:11+00:00,MLB,KXMLBGAME-26SEP121420PITCHC-PIT,Pittsburgh,yes,47715.72,NO,MISS
2026-09-12T21:37:11+00:00,MLB,KXMLBGAME-26SEP121420PITCHC-PIT,Pittsburgh,no,1248.05,NO,HIT
2026-09-12T21:37:11+00:00,MLB,KXMLBGAME-26SEP121420PITCHC-PIT,Pittsburgh,no,1392.35,NO,HIT
2026-09-12T21:37:11+00:00,MLB,KXMLBGAME-26SEP121420PITCHC-PIT,Pittsburgh,no,5998.75,NO,HIT
2026-09-12T21:37:11+00:00,MLB,KXMLBGAME-26SEP121420PITCHC-PIT,Pittsburgh,no,2116.86,NO,HIT
2026-09-12T21:37:11+00:00,MLB,KXMLBGAME-26SEP121420PITCHC-PIT,Pittsburgh,no,3980.16,NO,HIT
2026-09-12T21:37:11+00:00,MLB,KXMLBGAME-26SEP121420PITCHC-PIT,Pittsburgh,no,1892.8,NO,HIT
2026-09-12T21:37:11+00:00,MLB,KXMLBGAME-26SEP121420PITCHC-PIT,Pittsburgh,no,1268.71,NO,HIT
2026-09-12T21:37:11+00:00,MLB,KXMLBGAME-26SEP121420PITCHC-PIT,Pittsburgh,no,1070.17,NO,HIT
2026-09-12T21:37:11+00:00,MLB,KXMLBGAME-26SEP121420PITCHC-PIT,Pittsburgh,no,1246.21,NO,HIT
2026-09-12T21:37:11+00:00,MLB,KXMLBGAME-26SEP121420PITCHC-PIT,Pittsburgh,no,9042.98,NO,HIT
2026-09-12T21:37:11+00:00,MLB,KXMLBGAME-26SEP121420PITCHC-PIT,Pittsburgh,no,3739.99,NO,HIT
2026-09-12T21:37:11+00:00,MLB,KXMLBGAME-26SEP121420PITCHC-PIT,Pittsburgh,no,14378.68,NO,HIT
2026-09-12T21:37:11+00:00,MLB,KXMLBGAME-26SEP121420PITCHC-CHC,Chicago C,yes,1747.53,YES,HIT
2026-09-12T21:37:11+00:00,MLB,KXMLBGAME-26SEP121420PITCHC-CHC,Chicago C,yes,16730.64,YES,HIT
2026-09-12T21:37:11+00:00,MLB,KXMLBGAME-26SEP121420PITCHC-CHC,Chicago C,yes,19701.97,YES,HIT
2026-09-12T21:37:11+00:00,MLB,KXMLBGAME-26SEP121420PITCHC-CHC,Chicago C,yes,1377.82,YES,HIT
2026-09-12T21:37:11+00:00,MLB,KXMLBGAME-26SEP121420PITCHC-CHC,Chicago C,yes,2074.44,YES,HIT
2026-09-12T21:37:11+00:00,MLB,KXMLBGAME-26SEP121420PITCHC-CHC,Chicago C,yes,1763.11,YES,HIT
2026-09-12T21:37:11+00:00,MLB,KXMLBGAME-26SEP121420PITCHC-CHC,Chicago C,yes,6882.79,YES,HIT
2026-09-12T21:37:11+00:00,MLB,KXMLBGAME-26SEP121420PITCHC-CHC,Chicago C,yes,2380.31,YES,HIT
2026-09-12T21:37:11+00:00,MLB,KXMLBGAME-26SEP121420PITCHC-CHC,Chicago C,yes,1805.83,YES,HIT
2026-09-12T21:37:11+00:00,MLB,KXMLBGAME-26SEP121420PITCHC-CHC,Chicago C,yes,3771.01,YES,HIT
2026-09-12T21:37:11+00:00,MLB,KXMLBGAME-26SEP121420PITCHC-CHC,Chicago C,yes,3005.72,YES,HIT
2026-09-12T21:37:11+00:00,MLB,KXMLBGAME-26SEP121420PITCHC-CHC,Chicago C,yes,1406.82,YES,HIT
2026-09-12T21:37:11+00:00,MLB,KXMLBGAME-26SEP121420PITCHC-CHC,Chicago C,yes,1231.96,YES,HIT
2026-09-12T21:37:11+00:00,MLB,KXMLBGAME-26SEP121420PITCHC-CHC,Chicago C,yes,2687.72,YES,HIT
2026-09-12T21:37:11+00:00,MLB,KXMLBGAME-26SEP121420PITCHC-CHC,Chicago C,yes,22997.65,YES,HIT
2026-09-12T21:37:11+00:00,MLB,KXMLBGAME-26SEP121420PITCHC-CHC,Chicago C,no,2677.81,YES,MISS
2026-09-12T21:37:11+00:00,MLB,KXMLBGAME-26SEP121420PITCHC-CHC,Chicago C,no,1730.78,YES,MISS
2026-09-12T21:37:11+00:00,MLB,KXMLBGAME-26SEP121420PITCHC-CHC,Chicago C,no,1437.46,YES,MISS
2026-09-12T21:37:11+00:00,MLB,KXMLBGAME-26SEP121420PITCHC-CHC,Chicago C,no,1470.62,YES,MISS
2026-09-12T21:37:11+00:00,MLB,KXMLBGAME-26SEP121420PITCHC-CHC,Chicago C,no,1344.22,YES,MISS
2026-09-12T21:37:11+00:00,MLB,KXMLBGAME-26SEP121420PITCHC-CHC,Chicago C,no,2677.81,YES,MISS
2026-09-12T21:37:11+00:00,MLB,KXMLBGAME-26SEP121420PITCHC-CHC,Chicago C,no,1730.78,YES,MISS
2026-09-12T21:37:11+00:00,MLB,KXMLBGAME-26SEP121420PITCHC-CHC,Chicago C,no,1437.46,YES,MISS
2026-09-12T21:37:11+00:00,MLB,KXMLBGAME-26SEP121420PITCHC-CHC,Chicago C,no,1470.62,YES,MISS
2026-09-12T21:37:11+00:00,MLB,KXMLBGAME-26SEP121420PITCHC-CHC,Chicago C,no,10235.95,YES,MISS
2026-09-12T21:37:11+00:00,MLB,KXMLBGAME-26SEP121335NYMNYY-NYY,New York Y,yes,2547.11,NO,MISS
2026-09-12T21:37:11+00:00,MLB,KXMLBGAME-26SEP121335NYMNYY-NYY,New York Y,yes,1800.39,NO,MISS
2026-09-12T21:37:11+00:00,MLB,KXMLBGAME-26SEP121335NYMNYY-NYY,New York Y,yes,1085.65,NO,MISS
2026-09-12T21:37:11+00:00,MLB,KXMLBGAME-26SEP121335NYMNYY-NYY,New York Y,yes,2413.03,NO,MISS
2026-09-12T21:37:11+00:00,MLB,KXMLBGAME-26SEP121335NYMNYY-NYY,New York Y,yes,1114.22,NO,MISS
2026-09-12T21:37:11+00:00,MLB,KXMLBGAME-26SEP121335NYMNYY-NYY,New York Y,yes,1303.1,NO,MISS
2026-09-12T21:37:11+00:00,MLB,KXMLBGAME-26SEP121335NYMNYY-NYY,New York Y,no,8855.21,NO,HIT
2026-09-12T21:37:11+00:00,MLB,KXMLBGAME-26SEP121335NYMNYY-NYY,New York Y,yes,4293.07,NO,MISS
2026-09-12T21:37:11+00:00,MLB,KXMLBGAME-26SEP121335NYMNYY-NYY,New York Y,yes,14798.27,NO,MISS
2026-09-12T21:37:11+00:00,MLB,KXMLBGAME-26SEP121335NYMNYY-NYY,New York Y,yes,18077.09,NO,MISS
2026-09-12T21:37:11+00:00,MLB,KXMLBGAME-26SEP121335NYMNYY-NYY,New York Y,no,1625.28,NO,HIT
2026-09-12T21:37:11+00:00,MLB,KXMLBGAME-26SEP121335NYMNYY-NYY,New York Y,no,5160.46,NO,HIT
2026-09-12T21:37:11+00:00,MLB,KXMLBGAME-26SEP121335NYMNYY-NYY,New York Y,no,1041.42,NO,HIT
2026-09-12T21:37:11+00:00,MLB,KXMLBGAME-26SEP121335NYMNYY-NYY,New York Y,no,54481.34,NO,HIT
2026-09-12T21:37:11+00:00,MLB,KXMLBGAME-26SEP121335NYMNYY-NYY,New York Y,no,92908.27,NO,HIT
2026-09-12T21:37:11+00:00,MLB,KXMLBGAME-26SEP121335NYMNYY-NYY,New York Y,no,1625.28,NO,HIT
2026-09-12T21:37:11+00:00,MLB,KXMLBGAME-26SEP121335NYMNYY-NYY,New York Y,no,5160.46,NO,HIT
2026-09-12T21:37:11+00:00,MLB,KXMLBGAME-26SEP121335NYMNYY-NYY,New York Y,no,1041.42,NO,HIT
2026-09-12T21:37:11+00:00,MLB,KXMLBGAME-26SEP121335NYMNYY-NYY,New York Y,no,54481.34,NO,HIT
2026-09-12T21:37:11+00:00,MLB,KXMLBGAME-26SEP121335NYMNYY-NYY,New York Y,no,100145.69,NO,HIT
2026-09-12T21:37:11+00:00,MLB,KXMLBGAME-26SEP121310COLDET-DET,Detroit,yes,1069.21,YES,HIT
2026-09-12T21:37:11+00:00,MLB,KXMLBGAME-26SEP121310COLDET-DET,Detroit,yes,1670.78,YES,HIT
2026-09-12T21:37:11+00:00,MLB,KXMLBGAME-26SEP121310COLDET-DET,Detroit,yes,2019.13,YES,HIT
2026-09-12T21:37:11+00:00,MLB,KXMLBGAME-26SEP121310COLDET-DET,Detroit,yes,1055.92,YES,HIT
2026-09-12T21:37:11+00:00,MLB,KXMLBGAME-26SEP121310COLDET-DET,Detroit,yes,3319.17,YES,HIT
2026-09-12T21:37:11+00:00,MLB,KXMLBGAME-26SEP121310COLDET-DET,Detroit,yes,1025.16,YES,HIT
2026-09-12T21:37:11+00:00,MLB,KXMLBGAME-26SEP121310COLDET-DET,Detroit,yes,1150.05,YES,HIT
2026-09-12T21:37:11+00:00,MLB,KXMLBGAME-26SEP121310COLDET-DET,Detroit,yes,3426.84,YES,HIT
2026-09-12T21:37:11+00:00,MLB,KXMLBGAME-26SEP121310COLDET-DET,Detroit,no,18315.04,YES,MISS
2026-09-12T21:37:11+00:00,MLB,KXMLBGAME-26SEP121310COLDET-DET,Detroit,no,58725.22,YES,MISS
2026-09-12T21:37:11+00:00,MLB,KXMLBGAME-26SEP121310COLDET-DET,Detroit,no,18315.04,YES,MISS
2026-09-12T21:37:11+00:00,MLB,KXMLBGAME-26SEP121310COLDET-DET,Detroit,no,60146.33,YES,MISS
2026-09-12T21:37:11+00:00,MLB,KXMLBGAME-26SEP121310COLDET-COL,Colorado,yes,1039.6,NO,MISS
2026-09-12T21:37:11+00:00,MLB,KXMLBGAME-26SEP121310COLDET-COL,Colorado,yes,4766.78,NO,MISS
2026-09-12T21:37:11+00:00,MLB,KXMLBGAME-26SEP121310COLDET-COL,Colorado,yes,3386.53,NO,MISS
2026-09-12T21:37:11+00:00,MLB,KXMLBGAME-26SEP121310COLDET-COL,Colorado,yes,1644.67,NO,MISS
2026-09-12T21:37:11+00:00,MLB,KXMLBGAME-26SEP121310COLDET-COL,Colorado,yes,2077.36,NO,MISS
2026-09-12T21:37:11+00:00,MLB,KXMLBGAME-26SEP121310COLDET-COL,Colorado,yes,19852.07,NO,MISS
2026-09-12T21:37:11+00:00,MLB,KXMLBGAME-26SEP121310COLDET-COL,Colorado,no,1535.87,NO,HIT
2026-09-12T21:37:11+00:00,MLB,KXMLBGAME-26SEP121310COLDET-COL,Colorado,no,1139.95,NO,HIT
2026-09-12T21:37:11+00:00,MLB,KXMLBGAME-26SEP121310COLDET-COL,Colorado,no,6474.39,NO,HIT
2026-09-12T21:37:11+00:00,MLB,KXMLBGAME-26SEP121310COLDET-COL,Colorado,no,1454.91,NO,HIT
2026-09-12T21:37:11+00:00,MLB,KXMLBGAME-26SEP121310COLDET-COL,Colorado,no,1204.06,NO,HIT
2026-09-12T21:37:11+00:00,MLB,KXMLBGAME-26SEP121310COLDET-COL,Colorado,no,14299.29,NO,HIT
2026-09-12T21:37:11+00:00,MLB,KXMLBGAME-26SEP121310COLDET-COL,Colorado,no,1798.7,NO,HIT
2026-09-12T21:37:11+00:00,MLB,KXMLBGAME-26SEP121310COLDET-COL,Colorado,no,26062.55,NO,HIT
2026-09-12T21:37:11+00:00,MLB,KXMLBGAME-26SEP121310COLDET-COL,Colorado,no,21528.39,NO,HIT
2026-09-12T21:37:11+00:00,MLB,KXMLBGAME-26SEP121310COLDET-COL,Colorado,no,1204.06,NO,HIT
2026-09-12T21:37:11+00:00,MLB,KXMLBGAME-26SEP121310COLDET-COL,Colorado,no,14299.29,NO,HIT
2026-09-12T21:37:11+00:00,MLB,KXMLBGAME-26SEP121310COLDET-COL,Colorado,no,1798.7,NO,HIT
2026-09-12T21:37:11+00:00,MLB,KXMLBGAME-26SEP121310COLDET-COL,Colorado,no,26062.55,NO,HIT
2026-09-12T21:37:11+00:00,MLB,KXMLBGAME-26SEP121310COLDET-COL,Colorado,no,22236.12,NO,HIT
2026-09-12T21:37:11+00:00,TENNIS,KXWTAMATCH-26SEP12MONGAR-MON,Carole Monnet,yes,1080.72,YES,HIT
2026-09-12T21:37:11+00:00,TENNIS,KXWTAMATCH-26SEP12MONGAR-MON,Carole Monnet,yes,1547.08,YES,HIT
2026-09-12T21:37:11+00:00,TENNIS,KXWTAMATCH-26SEP12MONGAR-MON,Carole Monnet,yes,3606.47,YES,HIT
2026-09-12T21:37:11+00:00,TENNIS,KXWTAMATCH-26SEP12MONGAR-MON,Carole Monnet,yes,57703.86,YES,HIT
2026-09-12T21:37:11+00:00,TENNIS,KXWTAMATCH-26SEP12MONGAR-MON,Carole Monnet,no,2829.54,YES,MISS
2026-09-12T21:37:11+00:00,TENNIS,KXWTAMATCH-26SEP12MONGAR-MON,Carole Monnet,no,1710.12,YES,MISS
2026-09-12T21:37:11+00:00,TENNIS,KXWTAMATCH-26SEP12MONGAR-MON,Carole Monnet,yes,3606.47,YES,HIT
2026-09-12T21:37:11+00:00,TENNIS,KXWTAMATCH-26SEP12MONGAR-MON,Carole Monnet,yes,62725.19,YES,HIT
2026-09-12T21:37:11+00:00,TENNIS,KXWTAMATCH-26SEP12MONGAR-MON,Carole Monnet,no,2829.54,YES,MISS
2026-09-12T21:37:11+00:00,TENNIS,KXWTAMATCH-26SEP12MONGAR-MON,Carole Monnet,no,2125.7,YES,MISS
2026-09-12T21:37:11+00:00,TENNIS,KXWTAMATCH-26SEP12MONGAR-GAR,Julia Garcia,yes,3419.92,NO,MISS
2026-09-12T21:37:11+00:00,TENNIS,KXWTAMATCH-26SEP12MONGAR-GAR,Julia Garcia,yes,1826.41,NO,MISS
2026-09-12T21:37:11+00:00,TENNIS,KXWTAMATCH-26SEP12MONGAR-GAR,Julia Garcia,yes,15775.17,NO,MISS
2026-09-12T21:37:11+00:00,TENNIS,KXWTAMATCH-26SEP12MONGAR-GAR,Julia Garcia,no,1426.2,NO,HIT
2026-09-12T21:37:11+00:00,TENNIS,KXWTAMATCH-26SEP12MONGAR-GAR,Julia Garcia,no,1685.45,NO,HIT
2026-09-12T21:37:11+00:00,TENNIS,KXWTAMATCH-26SEP12MONGAR-GAR,Julia Garcia,no,10526.04,NO,HIT
2026-09-12T21:37:11+00:00,TENNIS,KXWTAMATCH-26SEP12MONGAR-GAR,Julia Garcia,no,1004.64,NO,HIT
2026-09-12T21:37:11+00:00,TENNIS,KXWTAMATCH-26SEP12MONGAR-GAR,Julia Garcia,no,1955.55,NO,HIT
2026-09-12T21:37:11+00:00,TENNIS,KXWTAMATCH-26SEP12MONGAR-GAR,Julia Garcia,no,1985.69,NO,HIT
2026-09-12T21:37:11+00:00,TENNIS,KXWTAMATCH-26SEP12MONGAR-GAR,Julia Garcia,yes,1826.41,NO,MISS
2026-09-12T21:37:11+00:00,TENNIS,KXWTAMATCH-26SEP12MONGAR-GAR,Julia Garcia,yes,16862.78,NO,MISS
2026-09-12T21:37:11+00:00,TENNIS,KXWTAMATCH-26SEP12MONGAR-GAR,Julia Garcia,no,1426.2,NO,HIT
2026-09-12T21:37:11+00:00,TENNIS,KXWTAMATCH-26SEP12MONGAR-GAR,Julia Garcia,no,1685.45,NO,HIT
2026-09-12T21:37:11+00:00,TENNIS,KXWTAMATCH-26SEP12MONGAR-GAR,Julia Garcia,no,10526.04,NO,HIT
2026-09-12T21:37:11+00:00,TENNIS,KXWTAMATCH-26SEP12MONGAR-GAR,Julia Garcia,no,1004.64,NO,HIT
2026-09-12T21:37:11+00:00,TENNIS,KXWTAMATCH-26SEP12MONGAR-GAR,Julia Garcia,no,1955.55,NO,HIT
2026-09-12T21:37:11+00:00,TENNIS,KXWTAMATCH-26SEP12MONGAR-GAR,Julia Garcia,no,3302.05,NO,HIT
2026-09-12T21:37:11+00:00,TENNIS,KXWTAMATCH-26SEP12YOUFUL-FUL,Luiza Fullana,yes,1266.63,NO,MISS
2026-09-12T21:37:11+00:00,TENNIS,KXWTAMATCH-26SEP12YOUFUL-FUL,Luiza Fullana,no,1427.55,NO,HIT
2026-09-12T21:37:11+00:00,TENNIS,KXWTAMATCH-26SEP12YOUFUL-FUL,Luiza Fullana,yes,1540.22,NO,MISS
2026-09-12T21:37:11+00:00,TENNIS,KXWTAMATCH-26SEP12YOUFUL-FUL,Luiza Fullana,no,1176.92,NO,HIT
2026-09-12T21:37:11+00:00,TENNIS,KXWTAMATCH-26SEP12YOUFUL-FUL,Luiza Fullana,no,1546.28,NO,HIT
2026-09-12T21:37:11+00:00,TENNIS,KXWTAMATCH-26SEP12YOUFUL-FUL,Luiza Fullana,no,1879.2,NO,HIT
2026-09-12T21:37:11+00:00,TENNIS,KXWTAMATCH-26SEP12YOUFUL-FUL,Luiza Fullana,no,1495.4,NO,HIT
2026-09-12T21:37:11+00:00,TENNIS,KXWTAMATCH-26SEP12YOUFUL-FUL,Luiza Fullana,yes,1540.22,NO,MISS
2026-09-12T21:37:11+00:00,TENNIS,KXWTAMATCH-26SEP12YOUFUL-FUL,Luiza Fullana,no,1176.92,NO,HIT
2026-09-12T21:37:11+00:00,TENNIS,KXWTAMATCH-26SEP12YOUFUL-FUL,Luiza Fullana,no,1546.28,NO,HIT
2026-09-12T21:37:11+00:00,TENNIS,KXWTAMATCH-26SEP12YOUFUL-FUL,Luiza Fullana,no,1879.2,NO,HIT
2026-09-12T21:37:11+00:00,TENNIS,KXWTAMATCH-26SEP12YOUFUL-FUL,Luiza Fullana,no,1495.4,NO,HIT
2026-09-12T21:37:11+00:00,CFB,KXNCAAFGAME-26SEP12WAKEPUR-WAKE,Wake Forest,yes,1049.49,YES,HIT
2026-09-12T21:37:11+00:00,CFB,KXNCAAFGAME-26SEP12WAKEPUR-WAKE,Wake Forest,yes,6512.42,YES,HIT
2026-09-12T21:37:11+00:00,CFB,KXNCAAFGAME-26SEP12WAKEPUR-WAKE,Wake Forest,yes,6095.56,YES,HIT
2026-09-12T21:37:11+00:00,CFB,KXNCAAFGAME-26SEP12WAKEPUR-WAKE,Wake Forest,yes,4892.33,YES,HIT
2026-09-12T21:37:11+00:00,CFB,KXNCAAFGAME-26SEP12WAKEPUR-WAKE,Wake Forest,no,6431.15,YES,MISS
2026-09-12T21:37:11+00:00,CFB,KXNCAAFGAME-26SEP12WAKEPUR-WAKE,Wake Forest,no,3171.32,YES,MISS
2026-09-12T21:37:11+00:00,CFB,KXNCAAFGAME-26SEP12WAKEPUR-WAKE,Wake Forest,no,1727.42,YES,MISS
2026-09-12T21:37:11+00:00,CFB,KXNCAAFGAME-26SEP12WAKEPUR-WAKE,Wake Forest,no,1142.14,YES,MISS
2026-09-12T21:37:11+00:00,CFB,KXNCAAFGAME-26SEP12WAKEPUR-WAKE,Wake Forest,no,4272.18,YES,MISS
2026-09-12T21:37:11+00:00,CFB,KXNCAAFGAME-26SEP12WAKEPUR-WAKE,Wake Forest,no,7187.15,YES,MISS
2026-09-12T21:37:11+00:00,CFB,KXNCAAFGAME-26SEP12WAKEPUR-WAKE,Wake Forest,no,3238.22,YES,MISS
2026-09-12T21:37:11+00:00,CFB,KXNCAAFGAME-26SEP12WAKEPUR-WAKE,Wake Forest,no,3092.03,YES,MISS
2026-09-12T21:37:11+00:00,CFB,KXNCAAFGAME-26SEP12WAKEPUR-WAKE,Wake Forest,no,176619.61,YES,MISS
2026-09-12T21:37:11+00:00,CFB,KXNCAAFGAME-26SEP12WAKEPUR-WAKE,Wake Forest,yes,664040.12,YES,HIT
2026-09-12T21:37:11+00:00,CFB,KXNCAAFGAME-26SEP12WAKEPUR-WAKE,Wake Forest,yes,544064.81,YES,HIT
2026-09-12T21:37:11+00:00,CFB,KXNCAAFGAME-26SEP12WAKEPUR-WAKE,Wake Forest,no,4272.18,YES,MISS
2026-09-12T21:37:11+00:00,CFB,KXNCAAFGAME-26SEP12WAKEPUR-WAKE,Wake Forest,no,7187.15,YES,MISS
2026-09-12T21:37:11+00:00,CFB,KXNCAAFGAME-26SEP12WAKEPUR-WAKE,Wake Forest,no,3238.22,YES,MISS
2026-09-12T21:37:11+00:00,CFB,KXNCAAFGAME-26SEP12WAKEPUR-WAKE,Wake Forest,no,3092.03,YES,MISS
2026-09-12T21:37:11+00:00,CFB,KXNCAAFGAME-26SEP12WAKEPUR-WAKE,Wake Forest,no,204223.51,YES,MISS
2026-09-12T21:37:11+00:00,MLB,KXMLBGAME-26SEP121335NYMNYY-NYM,New York M,yes,4118.18,YES,HIT
2026-09-12T21:37:11+00:00,MLB,KXMLBGAME-26SEP121335NYMNYY-NYM,New York M,yes,1713.38,YES,HIT
2026-09-12T21:37:11+00:00,MLB,KXMLBGAME-26SEP121335NYMNYY-NYM,New York M,yes,9388.72,YES,HIT
2026-09-12T21:37:11+00:00,MLB,KXMLBGAME-26SEP121335NYMNYY-NYM,New York M,yes,13375.46,YES,HIT
2026-09-12T21:37:11+00:00,MLB,KXMLBGAME-26SEP121335NYMNYY-NYM,New York M,no,2246.92,YES,MISS
2026-09-12T21:37:11+00:00,MLB,KXMLBGAME-26SEP121335NYMNYY-NYM,New York M,no,3463.05,YES,MISS
2026-09-12T21:37:11+00:00,MLB,KXMLBGAME-26SEP121335NYMNYY-NYM,New York M,no,1346.03,YES,MISS
2026-09-12T21:37:11+00:00,MLB,KXMLBGAME-26SEP121335NYMNYY-NYM,New York M,no,2032.97,YES,MISS
2026-09-12T21:37:11+00:00,MLB,KXMLBGAME-26SEP121335NYMNYY-NYM,New York M,no,2246.21,YES,MISS
2026-09-12T21:37:11+00:00,MLB,KXMLBGAME-26SEP121335NYMNYY-NYM,New York M,no,2246.92,YES,MISS
2026-09-12T21:37:11+00:00,MLB,KXMLBGAME-26SEP121335NYMNYY-NYM,New York M,no,3463.05,YES,MISS
2026-09-12T21:37:11+00:00,MLB,KXMLBGAME-26SEP121335NYMNYY-NYM,New York M,no,1346.03,YES,MISS
2026-09-12T21:37:11+00:00,MLB,KXMLBGAME-26SEP121335NYMNYY-NYM,New York M,no,2032.97,YES,MISS
2026-09-12T21:37:11+00:00,MLB,KXMLBGAME-26SEP121335NYMNYY-NYM,New York M,no,2246.21,YES,MISS
2026-09-12T21:37:11+00:00,CFB,KXNCAAFGAME-26SEP12MRSTLAF-LAF,Lafayette,yes,7671.97,YES,HIT
2026-09-12T21:37:11+00:00,CFB,KXNCAAFGAME-26SEP12MRSTLAF-LAF,Lafayette,yes,1675.14,YES,HIT
2026-09-12T21:37:11+00:00,CFB,KXNCAAFGAME-26SEP12MRSTLAF-LAF,Lafayette,yes,3416.82,YES,HIT
2026-09-12T21:37:11+00:00,CFB,KXNCAAFGAME-26SEP12MRSTLAF-LAF,Lafayette,yes,1039.07,YES,HIT
2026-09-12T21:37:11+00:00,CFB,KXNCAAFGAME-26SEP12MRSTLAF-LAF,Lafayette,yes,3806.64,YES,HIT
2026-09-12T21:37:11+00:00,CFB,KXNCAAFGAME-26SEP12MRSTLAF-LAF,Lafayette,yes,3603.68,YES,HIT
2026-09-12T21:37:11+00:00,CFB,KXNCAAFGAME-26SEP12MRSTLAF-LAF,Lafayette,yes,1675.14,YES,HIT
2026-09-12T21:37:11+00:00,CFB,KXNCAAFGAME-26SEP12MRSTLAF-LAF,Lafayette,yes,3416.82,YES,HIT
2026-09-12T21:37:11+00:00,CFB,KXNCAAFGAME-26SEP12MRSTLAF-LAF,Lafayette,yes,1039.07,YES,HIT
2026-09-12T21:37:11+00:00,CFB,KXNCAAFGAME-26SEP12MRSTLAF-LAF,Lafayette,yes,3806.64,YES,HIT
2026-09-12T21:37:11+00:00,CFB,KXNCAAFGAME-26SEP12MRSTLAF-LAF,Lafayette,yes,14442.92,YES,HIT
2026-09-12T21:37:11+00:00,CFB,KXNCAAFGAME-26SEP12APPECU-APP,Appalachian St.,yes,1159.28,YES,HIT
2026-09-12T21:37:11+00:00,CFB,KXNCAAFGAME-26SEP12APPECU-APP,Appalachian St.,yes,10890.67,YES,HIT
2026-09-12T21:37:11+00:00,CFB,KXNCAAFGAME-26SEP12APPECU-APP,Appalachian St.,no,3682.74,YES,MISS
2026-09-12T21:37:11+00:00,CFB,KXNCAAFGAME-26SEP12APPECU-APP,Appalachian St.,no,3741.32,YES,MISS
2026-09-12T21:37:11+00:00,CFB,KXNCAAFGAME-26SEP12APPECU-APP,Appalachian St.,no,1529.37,YES,MISS
2026-09-12T21:37:11+00:00,CFB,KXNCAAFGAME-26SEP12APPECU-APP,Appalachian St.,no,2862.07,YES,MISS
2026-09-12T21:37:11+00:00,CFB,KXNCAAFGAME-26SEP12APPECU-APP,Appalachian St.,yes,1821.66,YES,HIT
2026-09-12T21:37:11+00:00,CFB,KXNCAAFGAME-26SEP12APPECU-APP,Appalachian St.,yes,115830.51,YES,HIT
2026-09-12T21:37:11+00:00,CFB,KXNCAAFGAME-26SEP12APPECU-APP,Appalachian St.,yes,4718.95,YES,HIT
2026-09-12T21:37:11+00:00,CFB,KXNCAAFGAME-26SEP12APPECU-APP,Appalachian St.,no,4243.34,YES,MISS
2026-09-12T21:37:11+00:00,CFB,KXNCAAFGAME-26SEP12APPECU-APP,Appalachian St.,no,3956.89,YES,MISS
2026-09-12T21:37:11+00:00,CFB,KXNCAAFGAME-26SEP12APPECU-APP,Appalachian St.,no,2710.33,YES,MISS
2026-09-12T21:37:11+00:00,CFB,KXNCAAFGAME-26SEP12APPECU-APP,Appalachian St.,yes,1821.66,YES,HIT
2026-09-12T21:37:11+00:00,CFB,KXNCAAFGAME-26SEP12APPECU-APP,Appalachian St.,yes,115830.51,YES,HIT
2026-09-12T21:37:11+00:00,CFB,KXNCAAFGAME-26SEP12APPECU-APP,Appalachian St.,yes,4718.95,YES,HIT
2026-09-12T21:37:11+00:00,CFB,KXNCAAFGAME-26SEP12APPECU-APP,Appalachian St.,no,4243.34,YES,MISS
2026-09-12T21:37:11+00:00,CFB,KXNCAAFGAME-26SEP12APPECU-APP,Appalachian St.,no,3956.89,YES,MISS
2026-09-12T21:37:11+00:00,CFB,KXNCAAFGAME-26SEP12APPECU-APP,Appalachian St.,no,2718.25,YES,MISS
2026-09-12T21:37:11+00:00,CFB,KXNCAAFGAME-26SEP12ETSUUNC-ETSU,East Tennessee St.,no,1088.76,NO,HIT
2026-09-12T21:37:11+00:00,CFB,KXNCAAFGAME-26SEP12ETSUUNC-ETSU,East Tennessee St.,no,1188.0,NO,HIT
2026-09-12T21:37:11+00:00,CFB,KXNCAAFGAME-26SEP12ETSUUNC-ETSU,East Tennessee St.,yes,2492.72,NO,MISS
2026-09-12T21:37:11+00:00,CFB,KXNCAAFGAME-26SEP12ETSUUNC-ETSU,East Tennessee St.,no,5112.47,NO,HIT
2026-09-12T21:37:11+00:00,CFB,KXNCAAFGAME-26SEP12ELONURI-URI,Rhode Island,yes,1473.18,YES,HIT
2026-09-12T21:37:11+00:00,CFB,KXNCAAFGAME-26SEP12ELONURI-URI,Rhode Island,yes,2375.54,YES,HIT
2026-09-12T21:37:11+00:00,CFB,KXNCAAFGAME-26SEP12ELONURI-URI,Rhode Island,yes,3720.86,YES,HIT
2026-09-12T21:37:11+00:00,CFB,KXNCAAFGAME-26SEP12ELONURI-URI,Rhode Island,yes,3320.38,YES,HIT
2026-09-12T21:37:11+00:00,CFB,KXNCAAFGAME-26SEP12WEBBLIB-WEBB,Gardner-Webb,yes,1662.83,NO,MISS
2026-09-12T21:37:11+00:00,CFB,KXNCAAFGAME-26SEP12WEBBLIB-WEBB,Gardner-Webb,no,2592.06,NO,HIT
2026-09-12T21:37:11+00:00,CFB,KXNCAAFGAME-26SEP12WEBBLIB-WEBB,Gardner-Webb,yes,4611.95,NO,MISS
2026-09-12T21:37:11+00:00,CFB,KXNCAAFGAME-26SEP12WEBBLIB-WEBB,Gardner-Webb,yes,7839.97,NO,MISS
2026-09-12T21:37:11+00:00,CFB,KXNCAAFGAME-26SEP12WEBBLIB-WEBB,Gardner-Webb,no,33129.49,NO,HIT
2026-09-12T21:37:11+00:00,CFB,KXNCAAFGAME-26SEP12WEBBLIB-WEBB,Gardner-Webb,no,3622.56,NO,HIT
2026-09-12T21:37:11+00:00,CFB,KXNCAAFGAME-26SEP12WEBBLIB-WEBB,Gardner-Webb,no,1455.38,NO,HIT
2026-09-12T21:37:11+00:00,CFB,KXNCAAFGAME-26SEP12WEBBLIB-WEBB,Gardner-Webb,no,7258.18,NO,HIT
2026-09-12T21:37:11+00:00,CFB,KXNCAAFGAME-26SEP12WEBBLIB-WEBB,Gardner-Webb,yes,15993.28,NO,MISS
2026-09-12T21:37:11+00:00,CFB,KXNCAAFGAME-26SEP12WEBBLIB-WEBB,Gardner-Webb,yes,1091.38,NO,MISS
2026-09-12T21:37:11+00:00,CFB,KXNCAAFGAME-26SEP12WEBBLIB-WEBB,Gardner-Webb,yes,1012.37,NO,MISS
2026-09-12T21:37:11+00:00,CFB,KXNCAAFGAME-26SEP12WEBBLIB-WEBB,Gardner-Webb,yes,2042.39,NO,MISS
2026-09-12T21:37:11+00:00,CFB,KXNCAAFGAME-26SEP12WEBBLIB-WEBB,Gardner-Webb,yes,6000.86,NO,MISS
2026-09-12T21:37:11+00:00,CFB,KXNCAAFGAME-26SEP12WEBBLIB-WEBB,Gardner-Webb,yes,56346.27,NO,MISS
2026-09-12T21:37:11+00:00,CFB,KXNCAAFGAME-26SEP12WEBBLIB-WEBB,Gardner-Webb,no,2095.2,NO,HIT
2026-09-12T21:37:11+00:00,CFB,KXNCAAFGAME-26SEP12WEBBLIB-WEBB,Gardner-Webb,no,1625.34,NO,HIT
2026-09-12T21:37:11+00:00,CFB,KXNCAAFGAME-26SEP12WEBBLIB-WEBB,Gardner-Webb,no,3794.21,NO,HIT
2026-09-12T21:37:11+00:00,CFB,KXNCAAFGAME-26SEP12WEBBLIB-WEBB,Gardner-Webb,no,2977.09,NO,HIT
2026-09-12T21:37:11+00:00,CFB,KXNCAAFGAME-26SEP12WEBBLIB-WEBB,Gardner-Webb,no,2686.69,NO,HIT
2026-09-12T21:37:11+00:00,CFB,KXNCAAFGAME-26SEP12WEBBLIB-WEBB,Gardner-Webb,no,4087.04,NO,HIT
2026-09-12T21:37:11+00:00,CFB,KXNCAAFGAME-26SEP12WEBBLIB-WEBB,Gardner-Webb,no,7278.19,NO,HIT
2026-09-12T21:37:11+00:00,CFB,KXNCAAFGAME-26SEP12WEBBLIB-WEBB,Gardner-Webb,no,4919.74,NO,HIT
2026-09-12T21:37:11+00:00,CFB,KXNCAAFGAME-26SEP12WEBBLIB-WEBB,Gardner-Webb,no,2460.09,NO,HIT
2026-09-12T21:37:11+00:00,CFB,KXNCAAFGAME-26SEP12WEBBLIB-WEBB,Gardner-Webb,no,5751.04,NO,HIT
2026-09-12T21:37:11+00:00,CFB,KXNCAAFGAME-26SEP12WEBBLIB-WEBB,Gardner-Webb,no,63346.07,NO,HIT
2026-09-12T21:37:11+00:00,CFB,KXNCAAFGAME-26SEP12WEBBLIB-WEBB,Gardner-Webb,yes,15993.28,NO,MISS
2026-09-12T21:37:11+00:00,CFB,KXNCAAFGAME-26SEP12WEBBLIB-WEBB,Gardner-Webb,yes,1091.38,NO,MISS
2026-09-12T21:37:11+00:00,CFB,KXNCAAFGAME-26SEP12WEBBLIB-WEBB,Gardner-Webb,yes,1012.37,NO,MISS
2026-09-12T21:37:11+00:00,CFB,KXNCAAFGAME-26SEP12WEBBLIB-WEBB,Gardner-Webb,yes,2042.39,NO,MISS
2026-09-12T21:37:11+00:00,CFB,KXNCAAFGAME-26SEP12WEBBLIB-WEBB,Gardner-Webb,yes,6000.86,NO,MISS
2026-09-12T21:37:11+00:00,CFB,KXNCAAFGAME-26SEP12WEBBLIB-WEBB,Gardner-Webb,yes,56346.27,NO,MISS
2026-09-12T21:37:11+00:00,CFB,KXNCAAFGAME-26SEP12WEBBLIB-WEBB,Gardner-Webb,no,2095.2,NO,HIT
2026-09-12T21:37:11+00:00,CFB,KXNCAAFGAME-26SEP12WEBBLIB-WEBB,Gardner-Webb,no,1625.34,NO,HIT
2026-09-12T21:37:11+00:00,CFB,KXNCAAFGAME-26SEP12WEBBLIB-WEBB,Gardner-Webb,no,3794.21,NO,HIT
2026-09-12T21:37:11+00:00,CFB,KXNCAAFGAME-26SEP12WEBBLIB-WEBB,Gardner-Webb,no,2977.09,NO,HIT
2026-09-12T21:37:11+00:00,CFB,KXNCAAFGAME-26SEP12WEBBLIB-WEBB,Gardner-Webb,no,2686.69,NO,HIT
2026-09-12T21:37:11+00:00,CFB,KXNCAAFGAME-26SEP12WEBBLIB-WEBB,Gardner-Webb,no,4087.04,NO,HIT
2026-09-12T21:37:11+00:00,CFB,KXNCAAFGAME-26SEP12WEBBLIB-WEBB,Gardner-Webb,no,7278.19,NO,HIT
2026-09-12T21:37:11+00:00,CFB,KXNCAAFGAME-26SEP12WEBBLIB-WEBB,Gardner-Webb,no,4919.74,NO,HIT
2026-09-12T21:37:11+00:00,CFB,KXNCAAFGAME-26SEP12WEBBLIB-WEBB,Gardner-Webb,no,2460.09,NO,HIT
2026-09-12T21:37:11+00:00,CFB,KXNCAAFGAME-26SEP12WEBBLIB-WEBB,Gardner-Webb,no,5751.04,NO,HIT
2026-09-12T21:37:11+00:00,CFB,KXNCAAFGAME-26SEP12WEBBLIB-WEBB,Gardner-Webb,no,63346.07,NO,HIT
2026-09-12T21:37:11+00:00,CFB,KXNCAAFGAME-26SEP12WEBBLIB-LIB,Liberty,yes,6138.32,YES,HIT
2026-09-12T21:37:11+00:00,CFB,KXNCAAFGAME-26SEP12WEBBLIB-LIB,Liberty,yes,30413.19,YES,HIT
2026-09-12T21:37:11+00:00,CFB,KXNCAAFGAME-26SEP12WEBBLIB-LIB,Liberty,yes,7518.59,YES,HIT
2026-09-12T21:37:11+00:00,CFB,KXNCAAFGAME-26SEP12WEBBLIB-LIB,Liberty,yes,9900.0,YES,HIT
2026-09-12T21:37:11+00:00,CFB,KXNCAAFGAME-26SEP12WEBBLIB-LIB,Liberty,yes,5962.85,YES,HIT
2026-09-12T21:37:11+00:00,CFB,KXNCAAFGAME-26SEP12WEBBLIB-LIB,Liberty,yes,5179.88,YES,HIT
2026-09-12T21:37:11+00:00,CFB,KXNCAAFGAME-26SEP12WEBBLIB-LIB,Liberty,yes,1185.06,YES,HIT
2026-09-12T21:37:11+00:00,CFB,KXNCAAFGAME-26SEP12WEBBLIB-LIB,Liberty,yes,5010.03,YES,HIT
2026-09-12T21:37:11+00:00,CFB,KXNCAAFGAME-26SEP12WEBBLIB-LIB,Liberty,yes,2047.76,YES,HIT
2026-09-12T21:37:11+00:00,CFB,KXNCAAFGAME-26SEP12WEBBLIB-LIB,Liberty,yes,3692.58,YES,HIT
2026-09-12T21:37:11+00:00,CFB,KXNCAAFGAME-26SEP12WEBBLIB-LIB,Liberty,yes,22852.81,YES,HIT
2026-09-12T21:37:11+00:00,CFB,KXNCAAFGAME-26SEP12WEBBLIB-LIB,Liberty,yes,32572.71,YES,HIT
2026-09-12T21:37:11+00:00,CFB,KXNCAAFGAME-26SEP12WEBBLIB-LIB,Liberty,yes,5615.27,YES,HIT
2026-09-12T21:37:11+00:00,CFB,KXNCAAFGAME-26SEP12WEBBLIB-LIB,Liberty,yes,1223.19,YES,HIT
2026-09-12T21:37:11+00:00,CFB,KXNCAAFGAME-26SEP12WEBBLIB-LIB,Liberty,yes,73136.81,YES,HIT
2026-09-12T21:37:11+00:00,CFB,KXNCAAFGAME-26SEP12WEBBLIB-LIB,Liberty,yes,2019.82,YES,HIT
2026-09-12T21:37:11+00:00,CFB,KXNCAAFGAME-26SEP12WEBBLIB-LIB,Liberty,no,5175.15,YES,MISS
2026-09-12T21:37:11+00:00,CFB,KXNCAAFGAME-26SEP12WEBBLIB-LIB,Liberty,no,2083.84,YES,MISS
2026-09-12T21:37:11+00:00,CFB,KXNCAAFGAME-26SEP12WEBBLIB-LIB,Liberty,no,1273.02,YES,MISS
2026-09-12T21:37:11+00:00,CFB,KXNCAAFGAME-26SEP12WEBBLIB-LIB,Liberty,no,1659.15,YES,MISS
2026-09-12T21:37:11+00:00,CFB,KXNCAAFGAME-26SEP12WEBBLIB-LIB,Liberty,no,18000.64,YES,MISS
2026-09-12T21:37:11+00:00,CFB,KXNCAAFGAME-26SEP12WEBBLIB-LIB,Liberty,no,5499.93,YES,MISS
2026-09-12T21:37:11+00:00,CFB,KXNCAAFGAME-26SEP12WEBBLIB-LIB,Liberty,no,2035.95,YES,MISS
2026-09-12T21:37:11+00:00,CFB,KXNCAAFGAME-26SEP12WEBBLIB-LIB,Liberty,no,3147.54,YES,MISS
2026-09-12T21:37:11+00:00,CFB,KXNCAAFGAME-26SEP12WEBBLIB-LIB,Liberty,yes,5179.88,YES,HIT
2026-09-12T21:37:11+00:00,CFB,KXNCAAFGAME-26SEP12WEBBLIB-LIB,Liberty,yes,1185.06,YES,HIT
2026-09-12T21:37:11+00:00,CFB,KXNCAAFGAME-26SEP12WEBBLIB-LIB,Liberty,yes,5010.03,YES,HIT
2026-09-12T21:37:11+00:00,CFB,KXNCAAFGAME-26SEP12WEBBLIB-LIB,Liberty,yes,2047.76,YES,HIT
2026-09-12T21:37:11+00:00,CFB,KXNCAAFGAME-26SEP12WEBBLIB-LIB,Liberty,yes,3692.58,YES,HIT
2026-09-12T21:37:11+00:00,CFB,KXNCAAFGAME-26SEP12WEBBLIB-LIB,Liberty,yes,22852.81,YES,HIT
2026-09-12T21:37:11+00:00,CFB,KXNCAAFGAME-26SEP12WEBBLIB-LIB,Liberty,yes,32572.71,YES,HIT
2026-09-12T21:37:11+00:00,CFB,KXNCAAFGAME-26SEP12WEBBLIB-LIB,Liberty,yes,5615.27,YES,HIT
2026-09-12T21:37:11+00:00,CFB,KXNCAAFGAME-26SEP12WEBBLIB-LIB,Liberty,yes,1223.19,YES,HIT
2026-09-12T21:37:11+00:00,CFB,KXNCAAFGAME-26SEP12WEBBLIB-LIB,Liberty,yes,73136.81,YES,HIT
2026-09-12T21:37:11+00:00,CFB,KXNCAAFGAME-26SEP12WEBBLIB-LIB,Liberty,yes,2019.82,YES,HIT
2026-09-12T21:37:11+00:00,CFB,KXNCAAFGAME-26SEP12WEBBLIB-LIB,Liberty,no,5175.15,YES,MISS
2026-09-12T21:37:11+00:00,CFB,KXNCAAFGAME-26SEP12WEBBLIB-LIB,Liberty,no,2083.84,YES,MISS
2026-09-12T21:37:11+00:00,CFB,KXNCAAFGAME-26SEP12WEBBLIB-LIB,Liberty,no,1273.02,YES,MISS
2026-09-12T21:37:11+00:00,CFB,KXNCAAFGAME-26SEP12WEBBLIB-LIB,Liberty,no,1659.15,YES,MISS
2026-09-12T21:37:11+00:00,CFB,KXNCAAFGAME-26SEP12WEBBLIB-LIB,Liberty,no,18000.64,YES,MISS
2026-09-12T21:37:11+00:00,CFB,KXNCAAFGAME-26SEP12WEBBLIB-LIB,Liberty,no,5499.93,YES,MISS
2026-09-12T21:37:11+00:00,CFB,KXNCAAFGAME-26SEP12WEBBLIB-LIB,Liberty,no,2035.95,YES,MISS
2026-09-12T21:37:11+00:00,CFB,KXNCAAFGAME-26SEP12WEBBLIB-LIB,Liberty,no,3147.54,YES,MISS
2026-09-12T21:37:11+00:00,CFB,KXNCAAFGAME-26SEP12MRSTLAF-MRST,Marist,yes,1008.16,NO,MISS
2026-09-12T21:37:11+00:00,CFB,KXNCAAFGAME-26SEP12MRSTLAF-MRST,Marist,yes,1470.8,NO,MISS
2026-09-12T21:37:11+00:00,CFB,KXNCAAFGAME-26SEP12MRSTLAF-MRST,Marist,yes,1025.41,NO,MISS
2026-09-12T21:37:11+00:00,CFB,KXNCAAFGAME-26SEP12MRSTLAF-MRST,Marist,yes,4736.84,NO,MISS
2026-09-12T21:37:11+00:00,CFB,KXNCAAFGAME-26SEP12MRSTLAF-MRST,Marist,no,1736.73,NO,HIT
2026-09-12T21:37:11+00:00,CFB,KXNCAAFGAME-26SEP12MRSTLAF-MRST,Marist,no,2674.56,NO,HIT
2026-09-12T21:37:11+00:00,CFB,KXNCAAFGAME-26SEP12MRSTLAF-MRST,Marist,no,1188.46,NO,HIT
2026-09-12T21:37:11+00:00,CFB,KXNCAAFGAME-26SEP12MRSTLAF-MRST,Marist,no,2942.19,NO,HIT
2026-09-12T21:37:11+00:00,CFB,KXNCAAFGAME-26SEP12MRSTLAF-MRST,Marist,yes,4763.72,NO,MISS
2026-09-12T21:37:11+00:00,CFB,KXNCAAFGAME-26SEP12MRSTLAF-MRST,Marist,no,1736.73,NO,HIT
2026-09-12T21:37:11+00:00,CFB,KXNCAAFGAME-26SEP12MRSTLAF-MRST,Marist,no,2674.56,NO,HIT
2026-09-12T21:37:11+00:00,CFB,KXNCAAFGAME-26SEP12MRSTLAF-MRST,Marist,no,1188.46,NO,HIT
2026-09-12T21:37:11+00:00,CFB,KXNCAAFGAME-26SEP12MRSTLAF-MRST,Marist,no,2942.19,NO,HIT
2026-09-12T21:37:11+00:00,CFB,KXNCAAFGAME-26SEP12MRSTLAF-MRST,Marist,no,8221.54,NO,HIT
2026-09-12T21:37:11+00:00,CFB,KXNCAAFGAME-26SEP12WSUKSU-WSU,Washington St.,yes,6687.72,NO,MISS
2026-09-12T21:37:11+00:00,CFB,KXNCAAFGAME-26SEP12WSUKSU-WSU,Washington St.,no,4272.0,NO,HIT
2026-09-12T21:37:11+00:00,CFB,KXNCAAFGAME-26SEP12WSUKSU-WSU,Washington St.,no,2384.03,NO,HIT
2026-09-12T21:37:11+00:00,CFB,KXNCAAFGAME-26SEP12WSUKSU-WSU,Washington St.,no,4946.76,NO,HIT
2026-09-12T21:37:11+00:00,CFB,KXNCAAFGAME-26SEP12WSUKSU-WSU,Washington St.,yes,1332.91,NO,MISS
2026-09-12T21:37:11+00:00,CFB,KXNCAAFGAME-26SEP12WSUKSU-WSU,Washington St.,yes,1362.79,NO,MISS
2026-09-12T21:37:11+00:00,CFB,KXNCAAFGAME-26SEP12WSUKSU-WSU,Washington St.,no,36563.97,NO,HIT
2026-09-12T21:37:11+00:00,CFB,KXNCAAFGAME-26SEP12WSUKSU-WSU,Washington St.,no,1228.06,NO,HIT
2026-09-12T21:37:11+00:00,CFB,KXNCAAFGAME-26SEP12WSUKSU-WSU,Washington St.,no,11745.37,NO,HIT
2026-09-12T21:37:11+00:00,CFB,KXNCAAFGAME-26SEP12WSUKSU-WSU,Washington St.,no,7650.74,NO,HIT
2026-09-12T21:37:11+00:00,CFB,KXNCAAFGAME-26SEP12WSUKSU-WSU,Washington St.,no,16410.3,NO,HIT
2026-09-12T21:37:11+00:00,CFB,KXNCAAFGAME-26SEP12WSUKSU-WSU,Washington St.,no,17541.01,NO,HIT
2026-09-12T21:37:11+00:00,CFB,KXNCAAFGAME-26SEP12WSUKSU-WSU,Washington St.,no,2157.94,NO,HIT
2026-09-12T21:37:11+00:00,CFB,KXNCAAFGAME-26SEP12WSUKSU-WSU,Washington St.,no,38271.86,NO,HIT
2026-09-12T21:37:11+00:00,CFB,KXNCAAFGAME-26SEP12WSUKSU-WSU,Washington St.,yes,2993.03,NO,MISS
2026-09-12T21:37:11+00:00,CFB,KXNCAAFGAME-26SEP12WSUKSU-WSU,Washington St.,yes,2993.03,NO,MISS
2026-09-12T21:37:11+00:00,CFB,KXNCAAFGAME-26SEP12WSUKSU-WSU,Washington St.,no,17541.01,NO,HIT
2026-09-12T21:37:11+00:00,CFB,KXNCAAFGAME-26SEP12WSUKSU-WSU,Washington St.,no,2157.94,NO,HIT
2026-09-12T21:37:11+00:00,CFB,KXNCAAFGAME-26SEP12WSUKSU-WSU,Washington St.,no,38271.86,NO,HIT
2026-09-12T21:37:11+00:00,CFB,KXNCAAFGAME-26SEP12ELONURI-ELON,Elon,yes,1111.5,NO,MISS
2026-09-12T21:37:11+00:00,CFB,KXNCAAFGAME-26SEP12ELONURI-ELON,Elon,yes,1208.17,NO,MISS
2026-09-12T21:37:11+00:00,CFB,KXNCAAFGAME-26SEP12ELONURI-ELON,Elon,yes,4667.46,NO,MISS
2026-09-12T21:37:11+00:00,TENNIS,KXWTAMATCH-26SEP12LEAZAV-ZAV,Katarina Zavatska,yes,2721.69,NO,MISS
2026-09-12T21:37:11+00:00,TENNIS,KXWTAMATCH-26SEP12LEAZAV-ZAV,Katarina Zavatska,yes,6891.39,NO,MISS
2026-09-12T21:37:11+00:00,TENNIS,KXWTAMATCH-26SEP12LEAZAV-ZAV,Katarina Zavatska,no,1533.32,NO,HIT
2026-09-12T21:37:11+00:00,TENNIS,KXWTAMATCH-26SEP12LEAZAV-ZAV,Katarina Zavatska,yes,8713.04,NO,MISS
2026-09-12T21:37:11+00:00,TENNIS,KXWTAMATCH-26SEP12LEAZAV-ZAV,Katarina Zavatska,no,1533.32,NO,HIT
2026-09-12T21:37:11+00:00,TENNIS,KXWTAMATCH-26SEP12YOUFUL-YOU,Xiaodi You,yes,3177.45,YES,HIT
2026-09-12T21:37:11+00:00,TENNIS,KXWTAMATCH-26SEP12YOUFUL-YOU,Xiaodi You,yes,5396.69,YES,HIT
2026-09-12T21:37:11+00:00,TENNIS,KXWTAMATCH-26SEP12YOUFUL-YOU,Xiaodi You,yes,5396.69,YES,HIT
2026-09-12T21:37:11+00:00,CFB,KXNCAAFGAME-26SEP12HCMOH-MOH,Miami (OH),yes,23403.76,YES,HIT
2026-09-12T21:37:11+00:00,CFB,KXNCAAFGAME-26SEP12HCMOH-MOH,Miami (OH),yes,6179.58,YES,HIT
2026-09-12T21:37:11+00:00,CFB,KXNCAAFGAME-26SEP12STONBALL-STON,Stony Brook,yes,9552.86,NO,MISS
2026-09-12T21:37:11+00:00,CFB,KXNCAAFGAME-26SEP12STONBALL-STON,Stony Brook,no,3034.37,NO,HIT
2026-09-12T21:37:11+00:00,CFB,KXNCAAFGAME-26SEP12STONBALL-STON,Stony Brook,no,1621.1,NO,HIT
2026-09-12T21:37:11+00:00,CFB,KXNCAAFGAME-26SEP12STONBALL-STON,Stony Brook,no,1459.4,NO,HIT
2026-09-12T21:37:11+00:00,CFB,KXNCAAFGAME-26SEP12STONBALL-STON,Stony Brook,yes,9552.86,NO,MISS
2026-09-12T21:37:11+00:00,CFB,KXNCAAFGAME-26SEP12STONBALL-STON,Stony Brook,no,3034.37,NO,HIT
2026-09-12T21:37:11+00:00,CFB,KXNCAAFGAME-26SEP12STONBALL-STON,Stony Brook,no,1621.1,NO,HIT
2026-09-12T21:37:11+00:00,CFB,KXNCAAFGAME-26SEP12STONBALL-STON,Stony Brook,no,1459.4,NO,HIT
2026-09-12T21:37:11+00:00,CFB,KXNCAAFGAME-26SEP12STONBALL-BALL,Ball St.,yes,3447.47,YES,HIT
2026-09-12T21:37:11+00:00,CFB,KXNCAAFGAME-26SEP12STONBALL-BALL,Ball St.,yes,23944.64,YES,HIT
2026-09-12T21:37:11+00:00,CFB,KXNCAAFGAME-26SEP12STONBALL-BALL,Ball St.,yes,2269.73,YES,HIT
2026-09-12T21:37:11+00:00,CFB,KXNCAAFGAME-26SEP12STONBALL-BALL,Ball St.,yes,3705.82,YES,HIT
2026-09-12T21:37:11+00:00,CFB,KXNCAAFGAME-26SEP12STONBALL-BALL,Ball St.,yes,3447.47,YES,HIT
2026-09-12T21:37:11+00:00,CFB,KXNCAAFGAME-26SEP12STONBALL-BALL,Ball St.,yes,23944.64,YES,HIT
2026-09-12T21:37:11+00:00,CFB,KXNCAAFGAME-26SEP12STONBALL-BALL,Ball St.,yes,2269.73,YES,HIT
2026-09-12T21:37:11+00:00,CFB,KXNCAAFGAME-26SEP12STONBALL-BALL,Ball St.,yes,3705.82,YES,HIT
2026-09-12T21:37:11+00:00,TENNIS,KXWTAMATCH-26SEP12LEAZAV-LEA,Lea Ma,yes,5010.61,YES,HIT
2026-09-12T21:37:11+00:00,TENNIS,KXWTAMATCH-26SEP12LEAZAV-LEA,Lea Ma,yes,5432.96,YES,HIT
2026-09-12T23:34:02+00:00,CFB,KXNCAAFGAME-26SEP12UCDSMU-UCD,UC Davis,no,2425.0,NO,HIT
2026-09-12T23:34:02+00:00,CFB,KXNCAAFGAME-26SEP12UCDSMU-UCD,UC Davis,no,2399.13,NO,HIT
2026-09-12T23:34:02+00:00,CFB,KXNCAAFGAME-26SEP12UCDSMU-UCD,UC Davis,no,1545.16,NO,HIT
2026-09-12T23:34:02+00:00,CFB,KXNCAAFGAME-26SEP12UCDSMU-UCD,UC Davis,no,7080.4,NO,HIT
2026-09-12T23:34:02+00:00,CFB,KXNCAAFGAME-26SEP12UCDSMU-UCD,UC Davis,no,5446.98,NO,HIT
2026-09-12T23:34:02+00:00,CFB,KXNCAAFGAME-26SEP12UCDSMU-UCD,UC Davis,no,1545.16,NO,HIT
2026-09-12T23:34:02+00:00,CFB,KXNCAAFGAME-26SEP12UCDSMU-UCD,UC Davis,no,7080.4,NO,HIT
2026-09-12T23:34:02+00:00,CFB,KXNCAAFGAME-26SEP12UCDSMU-UCD,UC Davis,no,5446.98,NO,HIT
2026-09-12T23:34:02+00:00,CFB,KXNCAAFGAME-26SEP12ULMUAB-UAB,UAB,no,5545.75,YES,MISS
2026-09-12T23:34:02+00:00,CFB,KXNCAAFGAME-26SEP12ULMUAB-UAB,UAB,no,1181.5,YES,MISS
2026-09-12T23:34:02+00:00,CFB,KXNCAAFGAME-26SEP12ULMUAB-UAB,UAB,no,1181.5,YES,MISS
2026-09-12T23:34:02+00:00,CFB,KXNCAAFGAME-26SEP12ULMUAB-UAB,UAB,yes,13406.23,YES,HIT
2026-09-12T23:34:02+00:00,CFB,KXNCAAFGAME-26SEP12ULMUAB-UAB,UAB,yes,9101.94,YES,HIT
2026-09-12T23:34:02+00:00,CFB,KXNCAAFGAME-26SEP12ULMUAB-UAB,UAB,yes,1404.35,YES,HIT
2026-09-12T23:34:02+00:00,CFB,KXNCAAFGAME-26SEP12ULMUAB-UAB,UAB,yes,12069.32,YES,HIT
2026-09-12T23:34:02+00:00,CFB,KXNCAAFGAME-26SEP12ULMUAB-UAB,UAB,yes,1153.05,YES,HIT
2026-09-12T23:34:02+00:00,CFB,KXNCAAFGAME-26SEP12ULMUAB-UAB,UAB,yes,1669.72,YES,HIT
2026-09-12T23:34:02+00:00,CFB,KXNCAAFGAME-26SEP12ULMUAB-UAB,UAB,yes,6137.35,YES,HIT
2026-09-12T23:34:02+00:00,CFB,KXNCAAFGAME-26SEP12ULMUAB-UAB,UAB,no,1435.04,YES,MISS
2026-09-12T23:34:02+00:00,CFB,KXNCAAFGAME-26SEP12ULMUAB-UAB,UAB,no,2086.04,YES,MISS
2026-09-12T23:34:02+00:00,CFB,KXNCAAFGAME-26SEP12ULMUAB-UAB,UAB,no,1460.91,YES,MISS
2026-09-12T23:34:02+00:00,CFB,KXNCAAFGAME-26SEP12ULMUAB-UAB,UAB,no,2237.33,YES,MISS
2026-09-12T23:34:02+00:00,CFB,KXNCAAFGAME-26SEP12ULMUAB-UAB,UAB,no,1037.72,YES,MISS
2026-09-12T23:34:02+00:00,CFB,KXNCAAFGAME-26SEP12ULMUAB-UAB,UAB,no,2721.7,YES,MISS
2026-09-12T23:34:02+00:00,CFB,KXNCAAFGAME-26SEP12ULMUAB-UAB,UAB,yes,13406.23,YES,HIT
2026-09-12T23:34:02+00:00,CFB,KXNCAAFGAME-26SEP12ULMUAB-UAB,UAB,yes,9101.94,YES,HIT
2026-09-12T23:34:02+00:00,CFB,KXNCAAFGAME-26SEP12ULMUAB-UAB,UAB,yes,1404.35,YES,HIT
2026-09-12T23:34:02+00:00,CFB,KXNCAAFGAME-26SEP12ULMUAB-UAB,UAB,yes,12069.32,YES,HIT
2026-09-12T23:34:02+00:00,CFB,KXNCAAFGAME-26SEP12ULMUAB-UAB,UAB,yes,1153.05,YES,HIT
2026-09-12T23:34:02+00:00,CFB,KXNCAAFGAME-26SEP12ULMUAB-UAB,UAB,yes,1669.72,YES,HIT
2026-09-12T23:34:02+00:00,CFB,KXNCAAFGAME-26SEP12ULMUAB-UAB,UAB,yes,6142.16,YES,HIT
2026-09-12T23:34:02+00:00,CFB,KXNCAAFGAME-26SEP12ULMUAB-UAB,UAB,no,1435.04,YES,MISS
2026-09-12T23:34:02+00:00,CFB,KXNCAAFGAME-26SEP12ULMUAB-UAB,UAB,no,2086.04,YES,MISS
2026-09-12T23:34:02+00:00,CFB,KXNCAAFGAME-26SEP12ULMUAB-UAB,UAB,no,1460.91,YES,MISS
2026-09-12T23:34:02+00:00,CFB,KXNCAAFGAME-26SEP12ULMUAB-UAB,UAB,no,2237.33,YES,MISS
2026-09-12T23:34:02+00:00,CFB,KXNCAAFGAME-26SEP12ULMUAB-UAB,UAB,no,1037.72,YES,MISS
2026-09-12T23:34:02+00:00,CFB,KXNCAAFGAME-26SEP12ULMUAB-UAB,UAB,no,2721.7,YES,MISS
2026-09-12T23:34:02+00:00,CFB,KXNCAAFGAME-26SEP12USUWASH-WASH,Washington,yes,4296.96,YES,HIT
2026-09-12T23:34:02+00:00,CFB,KXNCAAFGAME-26SEP12USUWASH-WASH,Washington,yes,2436.47,YES,HIT
2026-09-12T23:34:02+00:00,CFB,KXNCAAFGAME-26SEP12USUWASH-WASH,Washington,yes,10037.52,YES,HIT
2026-09-12T23:34:02+00:00,CFB,KXNCAAFGAME-26SEP12USUWASH-WASH,Washington,yes,7186.96,YES,HIT
2026-09-12T23:34:02+00:00,CFB,KXNCAAFGAME-26SEP12USUWASH-WASH,Washington,yes,10037.52,YES,HIT
2026-09-12T23:34:02+00:00,CFB,KXNCAAFGAME-26SEP12USUWASH-WASH,Washington,yes,7886.6,YES,HIT
2026-09-12T23:34:02+00:00,CFB,KXNCAAFGAME-26SEP12USUWASH-WASH,Washington,yes,2195.57,YES,HIT
2026-09-12T23:34:02+00:00,CFB,KXNCAAFGAME-26SEP12USUWASH-WASH,Washington,yes,60851.71,YES,HIT
2026-09-12T23:34:02+00:00,CFB,KXNCAAFGAME-26SEP12USUWASH-WASH,Washington,yes,28084.14,YES,HIT
2026-09-12T23:34:02+00:00,CFB,KXNCAAFGAME-26SEP12USUWASH-WASH,Washington,yes,5548.44,YES,HIT
2026-09-12T23:34:02+00:00,CFB,KXNCAAFGAME-26SEP12USUWASH-WASH,Washington,yes,10964.46,YES,HIT
2026-09-12T23:34:02+00:00,CFB,KXNCAAFGAME-26SEP12USUWASH-WASH,Washington,yes,9225.29,YES,HIT
2026-09-12T23:34:02+00:00,CFB,KXNCAAFGAME-26SEP12USUWASH-WASH,Washington,yes,50513.96,YES,HIT
2026-09-12T23:34:02+00:00,CFB,KXNCAAFGAME-26SEP12USUWASH-WASH,Washington,yes,2195.57,YES,HIT
2026-09-12T23:34:02+00:00,CFB,KXNCAAFGAME-26SEP12USUWASH-WASH,Washington,yes,60851.71,YES,HIT
2026-09-12T23:34:02+00:00,CFB,KXNCAAFGAME-26SEP12USUWASH-WASH,Washington,yes,28084.14,YES,HIT
2026-09-12T23:34:02+00:00,CFB,KXNCAAFGAME-26SEP12USUWASH-WASH,Washington,yes,5548.44,YES,HIT
2026-09-12T23:34:02+00:00,CFB,KXNCAAFGAME-26SEP12USUWASH-WASH,Washington,yes,10964.46,YES,HIT
2026-09-12T23:34:02+00:00,CFB,KXNCAAFGAME-26SEP12USUWASH-WASH,Washington,yes,9225.29,YES,HIT
2026-09-12T23:34:02+00:00,CFB,KXNCAAFGAME-26SEP12USUWASH-WASH,Washington,yes,53516.73,YES,HIT
2026-09-12T23:34:02+00:00,CFB,KXNCAAFGAME-26SEP12RMUAKR-RMU,Robert Morris,no,1185.34,NO,HIT
2026-09-12T23:34:02+00:00,CFB,KXNCAAFGAME-26SEP12RMUAKR-RMU,Robert Morris,yes,11713.37,NO,MISS
2026-09-12T23:34:02+00:00,CFB,KXNCAAFGAME-26SEP12RMUAKR-RMU,Robert Morris,yes,12577.71,NO,MISS
2026-09-12T23:34:02+00:00,CFB,KXNCAAFGAME-26SEP12RMUAKR-RMU,Robert Morris,yes,2776.46,NO,MISS
2026-09-12T23:34:02+00:00,CFB,KXNCAAFGAME-26SEP12RMUAKR-RMU,Robert Morris,no,7112.44,NO,HIT
2026-09-12T23:34:02+00:00,CFB,KXNCAAFGAME-26SEP12RMUAKR-RMU,Robert Morris,no,3707.18,NO,HIT
2026-09-12T23:34:02+00:00,CFB,KXNCAAFGAME-26SEP12RMUAKR-RMU,Robert Morris,no,26230.92,NO,HIT
2026-09-12T23:34:02+00:00,CFB,KXNCAAFGAME-26SEP12RMUAKR-RMU,Robert Morris,no,22545.2,NO,HIT
2026-09-12T23:34:02+00:00,CFB,KXNCAAFGAME-26SEP12RMUAKR-RMU,Robert Morris,no,5987.67,NO,HIT
2026-09-12T23:34:02+00:00,CFB,KXNCAAFGAME-26SEP12RMUAKR-RMU,Robert Morris,no,2402.24,NO,HIT
2026-09-12T23:34:02+00:00,CFB,KXNCAAFGAME-26SEP12RMUAKR-RMU,Robert Morris,no,9033.2,NO,HIT
2026-09-12T23:34:02+00:00,CFB,KXNCAAFGAME-26SEP12RMUAKR-RMU,Robert Morris,no,18167.14,NO,HIT
2026-09-12T23:34:02+00:00,CFB,KXNCAAFGAME-26SEP12RMUAKR-RMU,Robert Morris,yes,2912.91,NO,MISS
2026-09-12T23:34:02+00:00,CFB,KXNCAAFGAME-26SEP12RMUAKR-RMU,Robert Morris,no,7112.44,NO,HIT
2026-09-12T23:34:02+00:00,CFB,KXNCAAFGAME-26SEP12RMUAKR-RMU,Robert Morris,no,3707.18,NO,HIT
2026-09-12T23:34:02+00:00,CFB,KXNCAAFGAME-26SEP12RMUAKR-RMU,Robert Morris,no,26230.92,NO,HIT
2026-09-12T23:34:02+00:00,CFB,KXNCAAFGAME-26SEP12RMUAKR-RMU,Robert Morris,no,22545.2,NO,HIT
2026-09-12T23:34:02+00:00,CFB,KXNCAAFGAME-26SEP12RMUAKR-RMU,Robert Morris,no,5987.67,NO,HIT
2026-09-12T23:34:02+00:00,CFB,KXNCAAFGAME-26SEP12RMUAKR-RMU,Robert Morris,no,2402.24,NO,HIT
2026-09-12T23:34:02+00:00,CFB,KXNCAAFGAME-26SEP12RMUAKR-RMU,Robert Morris,no,9033.2,NO,HIT
2026-09-12T23:34:02+00:00,CFB,KXNCAAFGAME-26SEP12RMUAKR-RMU,Robert Morris,no,18329.57,NO,HIT
2026-09-12T23:34:02+00:00,CFB,KXNCAAFGAME-26SEP12CCSUTOL-TOL,Toledo,yes,2781.71,YES,HIT
2026-09-12T23:34:02+00:00,CFB,KXNCAAFGAME-26SEP12CCSUTOL-TOL,Toledo,yes,1998.59,YES,HIT
2026-09-12T23:34:02+00:00,CFB,KXNCAAFGAME-26SEP12CCSUTOL-TOL,Toledo,yes,8496.93,YES,HIT
2026-09-12T23:34:02+00:00,CFB,KXNCAAFGAME-26SEP12CCSUTOL-TOL,Toledo,yes,6964.65,YES,HIT
2026-09-12T23:34:02+00:00,CFB,KXNCAAFGAME-26SEP12CCSUTOL-TOL,Toledo,yes,8496.93,YES,HIT
2026-09-12T23:34:02+00:00,CFB,KXNCAAFGAME-26SEP12CCSUTOL-TOL,Toledo,yes,6964.65,YES,HIT
2026-09-12T23:34:02+00:00,CFB,KXNCAAFGAME-26SEP12CCSUTOL-CCSU,Central Connecticut St.,no,3299.67,NO,HIT
2026-09-12T23:34:02+00:00,CFB,KXNCAAFGAME-26SEP12CCSUTOL-CCSU,Central Connecticut St.,yes,1620.13,NO,MISS
2026-09-12T23:34:02+00:00,CFB,KXNCAAFGAME-26SEP12CCSUTOL-CCSU,Central Connecticut St.,no,2329.06,NO,HIT
2026-09-12T23:34:02+00:00,CFB,KXNCAAFGAME-26SEP12CCSUTOL-CCSU,Central Connecticut St.,no,1919.32,NO,HIT
2026-09-12T23:34:02+00:00,CFB,KXNCAAFGAME-26SEP12CCSUTOL-CCSU,Central Connecticut St.,yes,1620.13,NO,MISS
2026-09-12T23:34:02+00:00,CFB,KXNCAAFGAME-26SEP12CCSUTOL-CCSU,Central Connecticut St.,no,2329.06,NO,HIT
2026-09-12T23:34:02+00:00,CFB,KXNCAAFGAME-26SEP12CCSUTOL-CCSU,Central Connecticut St.,no,1919.32,NO,HIT
2026-09-12T23:34:02+00:00,CFB,KXNCAAFGAME-26SEP12ARIZBYU-BYU,BYU,yes,1509.23,YES,HIT
2026-09-12T23:34:02+00:00,CFB,KXNCAAFGAME-26SEP12ARIZBYU-BYU,BYU,no,7806.24,YES,MISS
2026-09-12T23:34:02+00:00,CFB,KXNCAAFGAME-26SEP12ARIZBYU-BYU,BYU,yes,1005.25,YES,HIT
2026-09-12T23:34:02+00:00,CFB,KXNCAAFGAME-26SEP12ARIZBYU-BYU,BYU,yes,1212.06,YES,HIT
2026-09-12T23:34:02+00:00,CFB,KXNCAAFGAME-26SEP12ARIZBYU-BYU,BYU,yes,1012.77,YES,HIT
2026-09-12T23:34:02+00:00,CFB,KXNCAAFGAME-26SEP12ARIZBYU-BYU,BYU,yes,4564.61,YES,HIT
2026-09-12T23:34:02+00:00,CFB,KXNCAAFGAME-26SEP12ARIZBYU-BYU,BYU,yes,1454.05,YES,HIT
2026-09-12T23:34:02+00:00,CFB,KXNCAAFGAME-26SEP12ARIZBYU-BYU,BYU,yes,1071.39,YES,HIT
2026-09-12T23:34:02+00:00,CFB,KXNCAAFGAME-26SEP12ARIZBYU-BYU,BYU,yes,2825.36,YES,HIT
2026-09-12T23:34:02+00:00,CFB,KXNCAAFGAME-26SEP12ARIZBYU-BYU,BYU,yes,2095.5,YES,HIT
2026-09-12T23:34:02+00:00,CFB,KXNCAAFGAME-26SEP12ARIZBYU-BYU,BYU,yes,23953.33,YES,HIT
2026-09-12T23:34:02+00:00,CFB,KXNCAAFGAME-26SEP12ARIZBYU-BYU,BYU,yes,1071.39,YES,HIT
2026-09-12T23:34:02+00:00,CFB,KXNCAAFGAME-26SEP12ARIZBYU-BYU,BYU,yes,2825.36,YES,HIT
2026-09-12T23:34:02+00:00,CFB,KXNCAAFGAME-26SEP12ARIZBYU-BYU,BYU,yes,2095.5,YES,HIT
2026-09-12T23:34:02+00:00,CFB,KXNCAAFGAME-26SEP12ARIZBYU-BYU,BYU,yes,25279.0,YES,HIT
2026-09-12T23:34:02+00:00,CFB,KXNCAAFGAME-26SEP12ARIZBYU-BYU,BYU,no,10135.7,YES,MISS
2026-09-12T23:34:02+00:00,CFB,KXNCAAFGAME-26SEP12ARIZBYU-BYU,BYU,no,1782.6,YES,MISS
2026-09-12T23:34:02+00:00,CFB,KXNCAAFGAME-26SEP12ARIZBYU-BYU,BYU,no,6714.39,YES,MISS
2026-09-12T23:34:02+00:00,CFB,KXNCAAFGAME-26SEP12ARIZBYU-BYU,BYU,no,16540.56,YES,MISS
2026-09-12T23:34:02+00:00,CFB,KXNCAAFGAME-26SEP12ARIZBYU-BYU,BYU,no,6310.53,YES,MISS
2026-09-12T23:34:02+00:00,CFB,KXNCAAFGAME-26SEP12ARIZBYU-BYU,BYU,no,10135.7,YES,MISS
2026-09-12T23:34:02+00:00,CFB,KXNCAAFGAME-26SEP12ARIZBYU-BYU,BYU,no,1782.6,YES,MISS
2026-09-12T23:34:02+00:00,CFB,KXNCAAFGAME-26SEP12ARIZBYU-BYU,BYU,no,6714.39,YES,MISS
2026-09-12T23:34:02+00:00,CFB,KXNCAAFGAME-26SEP12ARIZBYU-BYU,BYU,no,16540.56,YES,MISS
2026-09-12T23:34:02+00:00,CFB,KXNCAAFGAME-26SEP12ARIZBYU-BYU,BYU,no,8973.31,YES,MISS
2026-09-12T23:34:02+00:00,CFB,KXNCAAFGAME-26SEP12MSSTMINN-MSST,Mississippi St.,yes,3656.19,YES,HIT
2026-09-12T23:34:02+00:00,CFB,KXNCAAFGAME-26SEP12MSSTMINN-MSST,Mississippi St.,yes,1102.19,YES,HIT
2026-09-12T23:34:02+00:00,CFB,KXNCAAFGAME-26SEP12MSSTMINN-MSST,Mississippi St.,yes,2040.97,YES,HIT
2026-09-12T23:34:02+00:00,CFB,KXNCAAFGAME-26SEP12MSSTMINN-MSST,Mississippi St.,yes,1576.26,YES,HIT
2026-09-12T23:34:02+00:00,CFB,KXNCAAFGAME-26SEP12MSSTMINN-MSST,Mississippi St.,yes,1003.57,YES,HIT
2026-09-12T23:34:02+00:00,CFB,KXNCAAFGAME-26SEP12MSSTMINN-MSST,Mississippi St.,yes,1042.25,YES,HIT
2026-09-12T23:34:02+00:00,CFB,KXNCAAFGAME-26SEP12MSSTMINN-MSST,Mississippi St.,yes,1971.41,YES,HIT
2026-09-12T23:34:02+00:00,CFB,KXNCAAFGAME-26SEP12MSSTMINN-MSST,Mississippi St.,yes,1030.02,YES,HIT
2026-09-12T23:34:02+00:00,CFB,KXNCAAFGAME-26SEP12MSSTMINN-MSST,Mississippi St.,yes,1406.02,YES,HIT
2026-09-12T23:34:02+00:00,CFB,KXNCAAFGAME-26SEP12MSSTMINN-MSST,Mississippi St.,yes,2081.48,YES,HIT
2026-09-12T23:34:02+00:00,CFB,KXNCAAFGAME-26SEP12MSSTMINN-MSST,Mississippi St.,yes,4726.88,YES,HIT
2026-09-12T23:34:02+00:00,CFB,KXNCAAFGAME-26SEP12MSSTMINN-MSST,Mississippi St.,yes,3621.45,YES,HIT
2026-09-12T23:34:02+00:00,CFB,KXNCAAFGAME-26SEP12MSSTMINN-MSST,Mississippi St.,yes,18663.39,YES,HIT
2026-09-12T23:34:02+00:00,CFB,KXNCAAFGAME-26SEP12MSSTMINN-MSST,Mississippi St.,yes,3655.44,YES,HIT
2026-09-12T23:34:02+00:00,CFB,KXNCAAFGAME-26SEP12MSSTMINN-MSST,Mississippi St.,yes,73557.38,YES,HIT
2026-09-12T23:34:02+00:00,CFB,KXNCAAFGAME-26SEP12MSSTMINN-MSST,Mississippi St.,yes,79421.23,YES,HIT
2026-09-12T23:34:02+00:00,CFB,KXNCAAFGAME-26SEP12MSSTMINN-MSST,Mississippi St.,no,1077.91,YES,MISS
2026-09-12T23:34:02+00:00,CFB,KXNCAAFGAME-26SEP12MSSTMINN-MSST,Mississippi St.,no,2284.7,YES,MISS
2026-09-12T23:34:02+00:00,CFB,KXNCAAFGAME-26SEP12MSSTMINN-MSST,Mississippi St.,no,1862.06,YES,MISS
2026-09-12T23:34:02+00:00,CFB,KXNCAAFGAME-26SEP12MSSTMINN-MSST,Mississippi St.,no,9833.77,YES,MISS
2026-09-12T23:34:02+00:00,CFB,KXNCAAFGAME-26SEP12MSSTMINN-MSST,Mississippi St.,no,1077.91,YES,MISS
2026-09-12T23:34:02+00:00,CFB,KXNCAAFGAME-26SEP12MSSTMINN-MSST,Mississippi St.,no,2284.7,YES,MISS
2026-09-12T23:34:02+00:00,CFB,KXNCAAFGAME-26SEP12MSSTMINN-MSST,Mississippi St.,no,1862.06,YES,MISS
2026-09-12T23:34:02+00:00,CFB,KXNCAAFGAME-26SEP12MSSTMINN-MSST,Mississippi St.,no,10139.12,YES,MISS
2026-09-12T23:34:02+00:00,CFB,KXNCAAFGAME-26SEP12MSSTMINN-MINN,Minnesota,yes,1594.2,NO,MISS
2026-09-12T23:34:02+00:00,CFB,KXNCAAFGAME-26SEP12MSSTMINN-MINN,Minnesota,yes,2903.05,NO,MISS
2026-09-12T23:34:02+00:00,CFB,KXNCAAFGAME-26SEP12MSSTMINN-MINN,Minnesota,yes,3109.16,NO,MISS
2026-09-12T23:34:02+00:00,CFB,KXNCAAFGAME-26SEP12MSSTMINN-MINN,Minnesota,yes,1123.18,NO,MISS
2026-09-12T23:34:02+00:00,CFB,KXNCAAFGAME-26SEP12MSSTMINN-MINN,Minnesota,yes,9679.17,NO,MISS
2026-09-12T23:34:02+00:00,CFB,KXNCAAFGAME-26SEP12MSSTMINN-MINN,Minnesota,yes,19328.31,NO,MISS
2026-09-12T23:34:02+00:00,CFB,KXNCAAFGAME-26SEP12MSSTMINN-MINN,Minnesota,no,25987.6,NO,HIT
2026-09-12T23:34:02+00:00,CFB,KXNCAAFGAME-26SEP12MSSTMINN-MINN,Minnesota,yes,1833.83,NO,MISS
2026-09-12T23:34:02+00:00,CFB,KXNCAAFGAME-26SEP12MSSTMINN-MINN,Minnesota,yes,2149.35,NO,MISS
2026-09-12T23:34:02+00:00,CFB,KXNCAAFGAME-26SEP12MSSTMINN-MINN,Minnesota,no,17258.31,NO,HIT
2026-09-12T23:34:02+00:00,CFB,KXNCAAFGAME-26SEP12MSSTMINN-MINN,Minnesota,no,87637.28,NO,HIT
2026-09-12T23:34:02+00:00,CFB,KXNCAAFGAME-26SEP12MSSTMINN-MINN,Minnesota,no,17258.31,NO,HIT
2026-09-12T23:34:02+00:00,CFB,KXNCAAFGAME-26SEP12MSSTMINN-MINN,Minnesota,no,90293.33,NO,HIT
2026-09-12T23:34:02+00:00,CFB,KXNCAAFGAME-26SEP12EMUMSU-MSU,Michigan St.,yes,1780.0,YES,HIT
2026-09-12T23:34:02+00:00,CFB,KXNCAAFGAME-26SEP12EMUMSU-MSU,Michigan St.,yes,7622.63,YES,HIT
2026-09-12T23:34:02+00:00,CFB,KXNCAAFGAME-26SEP12EMUMSU-MSU,Michigan St.,yes,1608.55,YES,HIT
2026-09-12T23:34:02+00:00,CFB,KXNCAAFGAME-26SEP12EMUMSU-MSU,Michigan St.,yes,9549.57,YES,HIT
2026-09-12T23:34:02+00:00,CFB,KXNCAAFGAME-26SEP12EMUMSU-MSU,Michigan St.,yes,29400.0,YES,HIT
2026-09-12T23:34:02+00:00,CFB,KXNCAAFGAME-26SEP12EMUMSU-MSU,Michigan St.,yes,1669.05,YES,HIT
2026-09-12T23:34:02+00:00,CFB,KXNCAAFGAME-26SEP12EMUMSU-MSU,Michigan St.,yes,8303.99,YES,HIT
2026-09-12T23:34:02+00:00,CFB,KXNCAAFGAME-26SEP12EMUMSU-MSU,Michigan St.,yes,48854.98,YES,HIT
2026-09-12T23:34:02+00:00,CFB,KXNCAAFGAME-26SEP12EMUMSU-MSU,Michigan St.,yes,29125.79,YES,HIT
2026-09-12T23:34:02+00:00,CFB,KXNCAAFGAME-26SEP12EMUMSU-MSU,Michigan St.,no,1324.04,YES,MISS
2026-09-12T23:34:02+00:00,CFB,KXNCAAFGAME-26SEP12EMUMSU-MSU,Michigan St.,yes,7622.63,YES,HIT
2026-09-12T23:34:02+00:00,CFB,KXNCAAFGAME-26SEP12EMUMSU-MSU,Michigan St.,yes,1608.55,YES,HIT
2026-09-12T23:34:02+00:00,CFB,KXNCAAFGAME-26SEP12EMUMSU-MSU,Michigan St.,yes,9549.57,YES,HIT
2026-09-12T23:34:02+00:00,CFB,KXNCAAFGAME-26SEP12EMUMSU-MSU,Michigan St.,yes,29400.0,YES,HIT
2026-09-12T23:34:02+00:00,CFB,KXNCAAFGAME-26SEP12EMUMSU-MSU,Michigan St.,yes,1669.05,YES,HIT
2026-09-12T23:34:02+00:00,CFB,KXNCAAFGAME-26SEP12EMUMSU-MSU,Michigan St.,yes,8303.99,YES,HIT
2026-09-12T23:34:02+00:00,CFB,KXNCAAFGAME-26SEP12EMUMSU-MSU,Michigan St.,yes,48854.98,YES,HIT
2026-09-12T23:34:02+00:00,CFB,KXNCAAFGAME-26SEP12EMUMSU-MSU,Michigan St.,yes,29402.9,YES,HIT
2026-09-12T23:34:02+00:00,CFB,KXNCAAFGAME-26SEP12EMUMSU-MSU,Michigan St.,no,1324.04,YES,MISS
2026-09-12T23:34:02+00:00,CFB,KXNCAAFGAME-26SEP12ALAUK-ALA,Alabama,yes,3144.32,YES,HIT
2026-09-12T23:34:02+00:00,CFB,KXNCAAFGAME-26SEP12ALAUK-ALA,Alabama,yes,1031.39,YES,HIT
2026-09-12T23:34:02+00:00,CFB,KXNCAAFGAME-26SEP12ALAUK-ALA,Alabama,yes,1562.12,YES,HIT
2026-09-12T23:34:02+00:00,CFB,KXNCAAFGAME-26SEP12ALAUK-ALA,Alabama,yes,1571.25,YES,HIT
2026-09-12T23:34:02+00:00,CFB,KXNCAAFGAME-26SEP12ALAUK-ALA,Alabama,yes,3700.49,YES,HIT
2026-09-12T23:34:02+00:00,CFB,KXNCAAFGAME-26SEP12ALAUK-ALA,Alabama,yes,3277.5,YES,HIT
2026-09-12T23:34:02+00:00,CFB,KXNCAAFGAME-26SEP12ALAUK-ALA,Alabama,no,3434.92,YES,MISS
2026-09-12T23:34:02+00:00,CFB,KXNCAAFGAME-26SEP12ALAUK-ALA,Alabama,no,116234.1,YES,MISS
2026-09-12T23:34:02+00:00,CFB,KXNCAAFGAME-26SEP12ALAUK-ALA,Alabama,yes,999660.73,YES,HIT
2026-09-12T23:34:02+00:00,CFB,KXNCAAFGAME-26SEP12ALAUK-ALA,Alabama,yes,1017326.55,YES,HIT
2026-09-12T23:34:02+00:00,CFB,KXNCAAFGAME-26SEP12ALAUK-ALA,Alabama,no,115801.31,YES,MISS
2026-09-12T23:34:02+00:00,CFB,KXNCAAFGAME-26SEP12WEBCOLO-WEB,Weber St.,no,3299.67,NO,HIT
2026-09-12T23:34:02+00:00,CFB,KXNCAAFGAME-26SEP12WEBCOLO-WEB,Weber St.,no,2963.29,NO,HIT
2026-09-12T23:34:02+00:00,CFB,KXNCAAFGAME-26SEP12WEBCOLO-WEB,Weber St.,yes,1326.28,NO,MISS
2026-09-12T23:34:02+00:00,CFB,KXNCAAFGAME-26SEP12WEBCOLO-WEB,Weber St.,yes,1326.28,NO,MISS
2026-09-12T23:34:02+00:00,CFB,KXNCAAFGAME-26SEP12BUCKVMI-BUCK,Bucknell,yes,1365.3,YES,HIT
2026-09-12T23:34:02+00:00,CFB,KXNCAAFGAME-26SEP12BUCKVMI-BUCK,Bucknell,yes,1169.61,YES,HIT
2026-09-12T23:34:02+00:00,CFB,KXNCAAFGAME-26SEP12BUCKVMI-BUCK,Bucknell,yes,4823.41,YES,HIT
2026-09-12T23:34:02+00:00,CFB,KXNCAAFGAME-26SEP12BUCKVMI-BUCK,Bucknell,yes,21946.77,YES,HIT
2026-09-12T23:34:02+00:00,CFB,KXNCAAFGAME-26SEP12BUCKVMI-BUCK,Bucknell,yes,1169.61,YES,HIT
2026-09-12T23:34:02+00:00,CFB,KXNCAAFGAME-26SEP12BUCKVMI-BUCK,Bucknell,yes,4823.41,YES,HIT
2026-09-12T23:34:02+00:00,CFB,KXNCAAFGAME-26SEP12BUCKVMI-BUCK,Bucknell,yes,21946.77,YES,HIT
2026-09-12T23:34:02+00:00,MLB,KXMLBGAME-26SEP121610LADMIA-LAD,Los Angeles D,yes,1379.6,NO,MISS
2026-09-12T23:34:02+00:00,MLB,KXMLBGAME-26SEP121610LADMIA-LAD,Los Angeles D,yes,2012.02,NO,MISS
2026-09-12T23:34:02+00:00,MLB,KXMLBGAME-26SEP121610LADMIA-LAD,Los Angeles D,yes,1991.55,NO,MISS
2026-09-12T23:34:02+00:00,MLB,KXMLBGAME-26SEP121610LADMIA-LAD,Los Angeles D,yes,1793.71,NO,MISS
2026-09-12T23:34:02+00:00,MLB,KXMLBGAME-26SEP121610LADMIA-LAD,Los Angeles D,yes,1027.94,NO,MISS
2026-09-12T23:34:02+00:00,MLB,KXMLBGAME-26SEP121610LADMIA-LAD,Los Angeles D,yes,1479.46,NO,MISS
2026-09-12T23:34:02+00:00,MLB,KXMLBGAME-26SEP121610LADMIA-LAD,Los Angeles D,yes,4184.84,NO,MISS
2026-09-12T23:34:02+00:00,MLB,KXMLBGAME-26SEP121610LADMIA-LAD,Los Angeles D,yes,1091.0,NO,MISS
2026-09-12T23:34:02+00:00,MLB,KXMLBGAME-26SEP121610LADMIA-LAD,Los Angeles D,yes,3016.55,NO,MISS
2026-09-12T23:34:02+00:00,MLB,KXMLBGAME-26SEP121610LADMIA-LAD,Los Angeles D,yes,6109.36,NO,MISS
2026-09-12T23:34:02+00:00,MLB,KXMLBGAME-26SEP121610LADMIA-LAD,Los Angeles D,yes,6196.21,NO,MISS
2026-09-12T23:34:02+00:00,MLB,KXMLBGAME-26SEP121610LADMIA-LAD,Los Angeles D,yes,3624.36,NO,MISS
2026-09-12T23:34:02+00:00,MLB,KXMLBGAME-26SEP121610LADMIA-LAD,Los Angeles D,yes,18495.9,NO,MISS
2026-09-12T23:34:02+00:00,MLB,KXMLBGAME-26SEP121610LADMIA-LAD,Los Angeles D,no,3221.23,NO,HIT
2026-09-12T23:34:02+00:00,MLB,KXMLBGAME-26SEP121610LADMIA-LAD,Los Angeles D,no,12011.33,NO,HIT
2026-09-12T23:34:02+00:00,MLB,KXMLBGAME-26SEP121610LADMIA-LAD,Los Angeles D,no,10633.93,NO,HIT
2026-09-12T23:34:02+00:00,MLB,KXMLBGAME-26SEP121610LADMIA-LAD,Los Angeles D,no,6288.9,NO,HIT
2026-09-12T23:34:02+00:00,MLB,KXMLBGAME-26SEP121610LADMIA-LAD,Los Angeles D,no,32988.02,NO,HIT
2026-09-12T23:34:02+00:00,MLB,KXMLBGAME-26SEP121610LADMIA-LAD,Los Angeles D,no,10633.93,NO,HIT
2026-09-12T23:34:02+00:00,MLB,KXMLBGAME-26SEP121610LADMIA-LAD,Los Angeles D,no,6288.9,NO,HIT
2026-09-12T23:34:02+00:00,MLB,KXMLBGAME-26SEP121610LADMIA-LAD,Los Angeles D,no,32988.02,NO,HIT
2026-09-12T23:34:02+00:00,MLB,KXMLBGAME-26SEP121610LADMIA-LAD,Los Angeles D,no,8840.24,NO,HIT
2026-09-12T23:34:02+00:00,MLB,KXMLBGAME-26SEP121610CLEMIN-CLE,Cleveland,yes,1475.21,NO,MISS
2026-09-12T23:34:02+00:00,MLB,KXMLBGAME-26SEP121610CLEMIN-CLE,Cleveland,yes,4818.96,NO,MISS
2026-09-12T23:34:02+00:00,MLB,KXMLBGAME-26SEP121610CLEMIN-CLE,Cleveland,yes,3962.36,NO,MISS
2026-09-12T23:34:02+00:00,MLB,KXMLBGAME-26SEP121610CLEMIN-CLE,Cleveland,yes,1092.72,NO,MISS
2026-09-12T23:34:02+00:00,MLB,KXMLBGAME-26SEP121610CLEMIN-CLE,Cleveland,yes,1634.21,NO,MISS
2026-09-12T23:34:02+00:00,MLB,KXMLBGAME-26SEP121610CLEMIN-CLE,Cleveland,yes,1634.21,NO,MISS
2026-09-12T23:34:02+00:00,MLB,KXMLBGAME-26SEP121610CLEMIN-CLE,Cleveland,no,1399.25,NO,HIT
2026-09-12T23:34:02+00:00,MLB,KXMLBGAME-26SEP121610CLEMIN-CLE,Cleveland,no,1630.82,NO,HIT
2026-09-12T23:34:02+00:00,MLB,KXMLBGAME-26SEP121610CLEMIN-CLE,Cleveland,no,2214.0,NO,HIT
2026-09-12T23:34:02+00:00,MLB,KXMLBGAME-26SEP121610CLEMIN-CLE,Cleveland,no,4094.77,NO,HIT
2026-09-12T23:34:02+00:00,MLB,KXMLBGAME-26SEP121610CLEMIN-CLE,Cleveland,no,1926.09,NO,HIT
2026-09-12T23:34:02+00:00,MLB,KXMLBGAME-26SEP121610CLEMIN-CLE,Cleveland,no,18797.19,NO,HIT
2026-09-12T23:34:02+00:00,MLB,KXMLBGAME-26SEP121610CLEMIN-CLE,Cleveland,no,6119.35,NO,HIT
2026-09-12T23:34:02+00:00,MLB,KXMLBGAME-26SEP121610CLEMIN-CLE,Cleveland,yes,1088.73,NO,MISS
2026-09-12T23:34:02+00:00,MLB,KXMLBGAME-26SEP121610CLEMIN-CLE,Cleveland,yes,1712.27,NO,MISS
2026-09-12T23:34:02+00:00,MLB,KXMLBGAME-26SEP121610CLEMIN-CLE,Cleveland,yes,58140.04,NO,MISS
2026-09-12T23:34:02+00:00,MLB,KXMLBGAME-26SEP121610CLEMIN-CLE,Cleveland,no,1399.25,NO,HIT
2026-09-12T23:34:02+00:00,MLB,KXMLBGAME-26SEP121610CLEMIN-CLE,Cleveland,no,1630.82,NO,HIT
2026-09-12T23:34:02+00:00,MLB,KXMLBGAME-26SEP121610CLEMIN-CLE,Cleveland,no,2214.0,NO,HIT
2026-09-12T23:34:02+00:00,MLB,KXMLBGAME-26SEP121610CLEMIN-CLE,Cleveland,no,4094.77,NO,HIT
2026-09-12T23:34:02+00:00,MLB,KXMLBGAME-26SEP121610CLEMIN-CLE,Cleveland,no,1926.09,NO,HIT
2026-09-12T23:34:02+00:00,MLB,KXMLBGAME-26SEP121610CLEMIN-CLE,Cleveland,no,18797.19,NO,HIT
2026-09-12T23:34:02+00:00,MLB,KXMLBGAME-26SEP121610CLEMIN-CLE,Cleveland,no,7247.85,NO,HIT
2026-09-12T23:34:02+00:00,MLB,KXMLBGAME-26SEP121610CLEMIN-CLE,Cleveland,yes,1088.73,NO,MISS
2026-09-12T23:34:02+00:00,MLB,KXMLBGAME-26SEP121610CLEMIN-CLE,Cleveland,yes,1712.27,NO,MISS
2026-09-12T23:34:02+00:00,MLB,KXMLBGAME-26SEP121610CLEMIN-CLE,Cleveland,yes,59846.38,NO,MISS
2026-09-12T23:34:02+00:00,MLB,KXMLBGAME-26SEP121605SDSF-SF,San Francisco,yes,2547.4,NO,MISS
2026-09-12T23:34:02+00:00,MLB,KXMLBGAME-26SEP121605SDSF-SF,San Francisco,no,14622.45,NO,HIT
2026-09-12T23:34:02+00:00,MLB,KXMLBGAME-26SEP121605SDSF-SF,San Francisco,yes,3919.93,NO,MISS
2026-09-12T23:34:02+00:00,MLB,KXMLBGAME-26SEP121605SDSF-SF,San Francisco,no,3780.0,NO,HIT
2026-09-12T23:34:02+00:00,MLB,KXMLBGAME-26SEP121605SDSF-SF,San Francisco,yes,1551.44,NO,MISS
2026-09-12T23:34:02+00:00,MLB,KXMLBGAME-26SEP121605SDSF-SF,San Francisco,yes,1074.8,NO,MISS
2026-09-12T23:34:02+00:00,MLB,KXMLBGAME-26SEP121605SDSF-SF,San Francisco,yes,1551.44,NO,MISS
2026-09-12T23:34:02+00:00,MLB,KXMLBGAME-26SEP121605SDSF-SF,San Francisco,yes,1074.8,NO,MISS
2026-09-12T23:34:02+00:00,MLB,KXMLBGAME-26SEP121605SDSF-SF,San Francisco,yes,109692.84,NO,MISS
2026-09-12T23:34:02+00:00,MLB,KXMLBGAME-26SEP121605SDSF-SF,San Francisco,no,2024.36,NO,HIT
2026-09-12T23:34:02+00:00,MLB,KXMLBGAME-26SEP121605SDSF-SF,San Francisco,no,2374.7,NO,HIT
2026-09-12T23:34:02+00:00,MLB,KXMLBGAME-26SEP121605SDSF-SF,San Francisco,no,1737.83,NO,HIT
2026-09-12T23:34:02+00:00,MLB,KXMLBGAME-26SEP121605SDSF-SF,San Francisco,no,2729.17,NO,HIT
2026-09-12T23:34:02+00:00,MLB,KXMLBGAME-26SEP121605SDSF-SF,San Francisco,no,6565.2,NO,HIT
2026-09-12T23:34:02+00:00,MLB,KXMLBGAME-26SEP121605SDSF-SF,San Francisco,no,31963.81,NO,HIT
2026-09-12T23:34:02+00:00,MLB,KXMLBGAME-26SEP121605SDSF-SF,San Francisco,yes,111857.07,NO,MISS
2026-09-12T23:34:02+00:00,MLB,KXMLBGAME-26SEP121605SDSF-SF,San Francisco,no,2024.36,NO,HIT
2026-09-12T23:34:02+00:00,MLB,KXMLBGAME-26SEP121605SDSF-SF,San Francisco,no,2374.7,NO,HIT
2026-09-12T23:34:02+00:00,MLB,KXMLBGAME-26SEP121605SDSF-SF,San Francisco,no,1737.83,NO,HIT
2026-09-12T23:34:02+00:00,MLB,KXMLBGAME-26SEP121605SDSF-SF,San Francisco,no,2729.17,NO,HIT
2026-09-12T23:34:02+00:00,MLB,KXMLBGAME-26SEP121605SDSF-SF,San Francisco,no,6565.2,NO,HIT
2026-09-12T23:34:02+00:00,MLB,KXMLBGAME-26SEP121605SDSF-SF,San Francisco,no,37137.66,NO,HIT
2026-09-12T23:34:02+00:00,MLB,KXMLBGAME-26SEP121605LAAWSH-WSH,Washington,no,3763.2,YES,MISS
2026-09-12T23:34:02+00:00,MLB,KXMLBGAME-26SEP121605LAAWSH-WSH,Washington,yes,4070.4,YES,HIT
2026-09-12T23:34:02+00:00,MLB,KXMLBGAME-26SEP121605LAAWSH-WSH,Washington,yes,4863.99,YES,HIT
2026-09-12T23:34:02+00:00,MLB,KXMLBGAME-26SEP121605LAAWSH-WSH,Washington,yes,1831.38,YES,HIT
2026-09-12T23:34:02+00:00,MLB,KXMLBGAME-26SEP121605LAAWSH-WSH,Washington,yes,1249.62,YES,HIT
2026-09-12T23:34:02+00:00,MLB,KXMLBGAME-26SEP121605LAAWSH-WSH,Washington,yes,4358.14,YES,HIT
2026-09-12T23:34:02+00:00,MLB,KXMLBGAME-26SEP121605LAAWSH-WSH,Washington,yes,1036.3,YES,HIT
2026-09-12T23:34:02+00:00,MLB,KXMLBGAME-26SEP121605LAAWSH-WSH,Washington,yes,1041.23,YES,HIT
2026-09-12T23:34:02+00:00,MLB,KXMLBGAME-26SEP121605LAAWSH-WSH,Washington,yes,1036.3,YES,HIT
2026-09-12T23:34:02+00:00,MLB,KXMLBGAME-26SEP121605LAAWSH-WSH,Washington,yes,1041.23,YES,HIT
2026-09-12T23:34:02+00:00,MLB,KXMLBGAME-26SEP121605LAAWSH-WSH,Washington,yes,20048.31,YES,HIT
2026-09-12T23:34:02+00:00,MLB,KXMLBGAME-26SEP121605LAAWSH-WSH,Washington,yes,23717.88,YES,HIT
2026-09-12T23:34:02+00:00,MLB,KXMLBGAME-26SEP121605LAAWSH-WSH,Washington,yes,4358.0,YES,HIT
2026-09-12T23:34:02+00:00,MLB,KXMLBGAME-26SEP121605LAAWSH-WSH,Washington,no,2134.81,YES,MISS
2026-09-12T23:34:02+00:00,MLB,KXMLBGAME-26SEP121605LAAWSH-WSH,Washington,no,3638.81,YES,MISS
2026-09-12T23:34:02+00:00,MLB,KXMLBGAME-26SEP121605LAAWSH-WSH,Washington,yes,20048.31,YES,HIT
2026-09-12T23:34:02+00:00,MLB,KXMLBGAME-26SEP121605LAAWSH-WSH,Washington,yes,23717.88,YES,HIT
2026-09-12T23:34:02+00:00,MLB,KXMLBGAME-26SEP121605LAAWSH-WSH,Washington,yes,4358.0,YES,HIT
2026-09-12T23:34:02+00:00,MLB,KXMLBGAME-26SEP121605LAAWSH-WSH,Washington,yes,10644.78,YES,HIT
2026-09-12T23:34:02+00:00,MLB,KXMLBGAME-26SEP121605LAAWSH-WSH,Washington,no,2134.81,YES,MISS
2026-09-12T23:34:02+00:00,MLB,KXMLBGAME-26SEP121605LAAWSH-WSH,Washington,no,3638.81,YES,MISS
2026-09-12T23:34:02+00:00,MLB,KXMLBGAME-26SEP121610KCBOS-BOS,Boston,yes,1597.8,YES,HIT
2026-09-12T23:34:02+00:00,MLB,KXMLBGAME-26SEP121610KCBOS-BOS,Boston,yes,1186.05,YES,HIT
2026-09-12T23:34:02+00:00,MLB,KXMLBGAME-26SEP121610KCBOS-BOS,Boston,yes,2245.39,YES,HIT
2026-09-12T23:34:02+00:00,MLB,KXMLBGAME-26SEP121610KCBOS-BOS,Boston,yes,1671.16,YES,HIT
2026-09-12T23:34:02+00:00,MLB,KXMLBGAME-26SEP121610KCBOS-BOS,Boston,yes,8743.34,YES,HIT
2026-09-12T23:34:02+00:00,MLB,KXMLBGAME-26SEP121610KCBOS-BOS,Boston,yes,1522.4,YES,HIT
2026-09-12T23:34:02+00:00,MLB,KXMLBGAME-26SEP121610KCBOS-BOS,Boston,yes,3027.02,YES,HIT
2026-09-12T23:34:02+00:00,MLB,KXMLBGAME-26SEP121610KCBOS-BOS,Boston,yes,2951.8,YES,HIT
2026-09-12T23:34:02+00:00,MLB,KXMLBGAME-26SEP121610KCBOS-BOS,Boston,yes,2256.96,YES,HIT
2026-09-12T23:34:02+00:00,MLB,KXMLBGAME-26SEP121610KCBOS-BOS,Boston,yes,1345.45,YES,HIT
2026-09-12T23:34:02+00:00,MLB,KXMLBGAME-26SEP121610KCBOS-BOS,Boston,yes,2230.85,YES,HIT
2026-09-12T23:34:02+00:00,MLB,KXMLBGAME-26SEP121610KCBOS-BOS,Boston,yes,2256.96,YES,HIT
2026-09-12T23:34:02+00:00,MLB,KXMLBGAME-26SEP121610KCBOS-BOS,Boston,yes,1345.45,YES,HIT
2026-09-12T23:34:02+00:00,MLB,KXMLBGAME-26SEP121610KCBOS-BOS,Boston,yes,2230.85,YES,HIT
2026-09-12T23:34:02+00:00,MLB,KXMLBGAME-26SEP121610KCBOS-BOS,Boston,no,1049.24,YES,MISS
2026-09-12T23:34:02+00:00,MLB,KXMLBGAME-26SEP121610KCBOS-BOS,Boston,no,11877.69,YES,MISS
2026-09-12T23:34:02+00:00,MLB,KXMLBGAME-26SEP121610KCBOS-BOS,Boston,yes,102354.14,YES,HIT
2026-09-12T23:34:02+00:00,MLB,KXMLBGAME-26SEP121610KCBOS-BOS,Boston,no,1049.24,YES,MISS
2026-09-12T23:34:02+00:00,MLB,KXMLBGAME-26SEP121610KCBOS-BOS,Boston,no,11877.69,YES,MISS
2026-09-12T23:34:02+00:00,MLB,KXMLBGAME-26SEP121610KCBOS-BOS,Boston,yes,104519.88,YES,HIT
2026-09-12T23:34:02+00:00,MLB,KXMLBGAME-26SEP121507BALTOR-BAL,Baltimore,yes,3970.45,NO,MISS
2026-09-12T23:34:02+00:00,MLB,KXMLBGAME-26SEP121507BALTOR-BAL,Baltimore,yes,4422.6,NO,MISS
2026-09-12T23:34:02+00:00,MLB,KXMLBGAME-26SEP121507BALTOR-BAL,Baltimore,no,1002.46,NO,HIT
2026-09-12T23:34:02+00:00,MLB,KXMLBGAME-26SEP121507BALTOR-BAL,Baltimore,no,4511.05,NO,HIT
2026-09-12T23:34:02+00:00,MLB,KXMLBGAME-26SEP121507BALTOR-BAL,Baltimore,yes,5952.12,NO,MISS
2026-09-12T23:34:02+00:00,MLB,KXMLBGAME-26SEP121507BALTOR-BAL,Baltimore,no,8311.97,NO,HIT
2026-09-12T23:34:02+00:00,MLB,KXMLBGAME-26SEP121507BALTOR-BAL,Baltimore,yes,4804.03,NO,MISS
2026-09-12T23:34:02+00:00,MLB,KXMLBGAME-26SEP121507BALTOR-BAL,Baltimore,yes,2245.24,NO,MISS
2026-09-12T23:34:02+00:00,MLB,KXMLBGAME-26SEP121507BALTOR-BAL,Baltimore,yes,22105.29,NO,MISS
2026-09-12T23:34:02+00:00,MLB,KXMLBGAME-26SEP121507BALTOR-BAL,Baltimore,no,2017.17,NO,HIT
2026-09-12T23:34:02+00:00,MLB,KXMLBGAME-26SEP121507BALTOR-BAL,Baltimore,no,9059.7,NO,HIT
2026-09-12T23:34:02+00:00,MLB,KXMLBGAME-26SEP121507BALTOR-BAL,Baltimore,yes,4804.03,NO,MISS
2026-09-12T23:34:02+00:00,MLB,KXMLBGAME-26SEP121507BALTOR-BAL,Baltimore,yes,2245.24,NO,MISS
2026-09-12T23:34:02+00:00,MLB,KXMLBGAME-26SEP121507BALTOR-BAL,Baltimore,yes,23179.6,NO,MISS
2026-09-12T23:34:02+00:00,MLB,KXMLBGAME-26SEP121507BALTOR-BAL,Baltimore,no,2017.17,NO,HIT
2026-09-12T23:34:02+00:00,MLB,KXMLBGAME-26SEP121507BALTOR-BAL,Baltimore,no,9059.7,NO,HIT
2026-09-12T23:34:02+00:00,MLB,KXMLBGAME-26SEP121507BALTOR-BAL,Baltimore,no,5348.23,NO,HIT
2026-09-12T23:34:02+00:00,MLB,KXMLBGAME-26SEP121507BALTOR-BAL,Baltimore,no,5965.85,NO,HIT
2026-09-12T23:34:02+00:00,MLB,KXMLBGAME-26SEP121507BALTOR-BAL,Baltimore,no,7237.07,NO,HIT
2026-09-12T23:34:02+00:00,MLB,KXMLBGAME-26SEP121507BALTOR-BAL,Baltimore,no,14554.81,NO,HIT
2026-09-12T23:34:02+00:00,MLB,KXMLBGAME-26SEP121507BALTOR-BAL,Baltimore,no,45863.2,NO,HIT
2026-09-12T23:34:02+00:00,MLB,KXMLBGAME-26SEP121507BALTOR-BAL,Baltimore,no,6434.2,NO,HIT
2026-09-12T23:34:02+00:00,MLB,KXMLBGAME-26SEP121507BALTOR-BAL,Baltimore,no,10126.06,NO,HIT
2026-09-12T23:34:02+00:00,MLB,KXMLBGAME-26SEP121507BALTOR-BAL,Baltimore,no,2961.03,NO,HIT
2026-09-12T23:34:02+00:00,MLB,KXMLBGAME-26SEP121507BALTOR-BAL,Baltimore,no,13059.88,NO,HIT
2026-09-12T23:34:02+00:00,MLB,KXMLBGAME-26SEP121507BALTOR-BAL,Baltimore,no,24549.44,NO,HIT
2026-09-12T23:34:02+00:00,MLB,KXMLBGAME-26SEP121507BALTOR-BAL,Baltimore,no,4883.7,NO,HIT
2026-09-12T23:34:02+00:00,MLB,KXMLBGAME-26SEP121507BALTOR-BAL,Baltimore,no,5348.23,NO,HIT
2026-09-12T23:34:02+00:00,MLB,KXMLBGAME-26SEP121507BALTOR-BAL,Baltimore,no,5965.85,NO,HIT
2026-09-12T23:34:02+00:00,MLB,KXMLBGAME-26SEP121507BALTOR-BAL,Baltimore,no,7237.07,NO,HIT
2026-09-12T23:34:02+00:00,MLB,KXMLBGAME-26SEP121507BALTOR-BAL,Baltimore,no,14554.81,NO,HIT
2026-09-12T23:34:02+00:00,MLB,KXMLBGAME-26SEP121507BALTOR-BAL,Baltimore,no,45863.2,NO,HIT
2026-09-12T23:34:02+00:00,MLB,KXMLBGAME-26SEP121507BALTOR-BAL,Baltimore,no,6434.2,NO,HIT
2026-09-12T23:34:02+00:00,MLB,KXMLBGAME-26SEP121507BALTOR-BAL,Baltimore,no,10126.06,NO,HIT
2026-09-12T23:34:02+00:00,MLB,KXMLBGAME-26SEP121507BALTOR-BAL,Baltimore,no,2961.03,NO,HIT
2026-09-12T23:34:02+00:00,MLB,KXMLBGAME-26SEP121507BALTOR-BAL,Baltimore,no,13059.88,NO,HIT
2026-09-12T23:34:02+00:00,MLB,KXMLBGAME-26SEP121507BALTOR-BAL,Baltimore,no,24549.44,NO,HIT
2026-09-12T23:34:02+00:00,MLB,KXMLBGAME-26SEP121507BALTOR-BAL,Baltimore,no,9694.02,NO,HIT
2026-09-12T23:34:02+00:00,TENNIS,KXWTAMATCH-26SEP12SHYSAN-SHY,Iryna Shymanovich,yes,2966.53,YES,HIT
2026-09-12T23:34:02+00:00,TENNIS,KXWTAMATCH-26SEP12SHYSAN-SHY,Iryna Shymanovich,yes,2493.76,YES,HIT
2026-09-12T23:34:02+00:00,TENNIS,KXWTAMATCH-26SEP12SHYSAN-SHY,Iryna Shymanovich,yes,105592.11,YES,HIT
2026-09-12T23:34:02+00:00,TENNIS,KXWTAMATCH-26SEP12SHYSAN-SHY,Iryna Shymanovich,no,1349.77,YES,MISS
2026-09-12T23:34:02+00:00,TENNIS,KXWTAMATCH-26SEP12CANBRA-BRA,Cadence Brace,yes,3469.5,YES,HIT
2026-09-12T23:34:02+00:00,TENNIS,KXWTAMATCH-26SEP12CANBRA-BRA,Cadence Brace,yes,4914.37,YES,HIT
2026-09-12T23:34:02+00:00,TENNIS,KXWTAMATCH-26SEP12CANBRA-BRA,Cadence Brace,yes,5595.4,YES,HIT
2026-09-12T23:34:02+00:00,TENNIS,KXWTAMATCH-26SEP12CANBRA-BRA,Cadence Brace,yes,4914.37,YES,HIT
2026-09-12T23:34:02+00:00,TENNIS,KXWTAMATCH-26SEP12CANBRA-BRA,Cadence Brace,yes,5595.4,YES,HIT
2026-09-12T23:34:02+00:00,TENNIS,KXWTAMATCH-26SEP12CANBRA-BRA,Cadence Brace,yes,2936.07,YES,HIT
2026-09-12T23:34:02+00:00,TENNIS,KXWTAMATCH-26SEP12SABRYB-SAB,Aryna Sabalenka,yes,3770.6,NO,MISS
2026-09-12T23:34:02+00:00,TENNIS,KXWTAMATCH-26SEP12SABRYB-SAB,Aryna Sabalenka,yes,1085.75,NO,MISS
2026-09-12T23:34:02+00:00,TENNIS,KXWTAMATCH-26SEP12SABRYB-SAB,Aryna Sabalenka,yes,1211.46,NO,MISS
2026-09-12T23:34:02+00:00,TENNIS,KXWTAMATCH-26SEP12SABRYB-SAB,Aryna Sabalenka,yes,2186.05,NO,MISS
2026-09-12T23:34:02+00:00,TENNIS,KXWTAMATCH-26SEP12SABRYB-SAB,Aryna Sabalenka,yes,1724.16,NO,MISS
2026-09-12T23:34:02+00:00,TENNIS,KXWTAMATCH-26SEP12SABRYB-SAB,Aryna Sabalenka,yes,15572.63,NO,MISS
2026-09-12T23:34:02+00:00,TENNIS,KXWTAMATCH-26SEP12SABRYB-SAB,Aryna Sabalenka,yes,8631.09,NO,MISS
2026-09-12T23:34:02+00:00,TENNIS,KXWTAMATCH-26SEP12SABRYB-SAB,Aryna Sabalenka,yes,8273.19,NO,MISS
2026-09-12T23:34:02+00:00,TENNIS,KXWTAMATCH-26SEP12SABRYB-SAB,Aryna Sabalenka,yes,2165.95,NO,MISS
2026-09-12T23:34:02+00:00,TENNIS,KXWTAMATCH-26SEP12SABRYB-SAB,Aryna Sabalenka,yes,1810.66,NO,MISS
2026-09-12T23:34:02+00:00,TENNIS,KXWTAMATCH-26SEP12SABRYB-SAB,Aryna Sabalenka,yes,3262.12,NO,MISS
2026-09-12T23:34:02+00:00,TENNIS,KXWTAMATCH-26SEP12SABRYB-SAB,Aryna Sabalenka,yes,1931.3,NO,MISS
2026-09-12T23:34:02+00:00,TENNIS,KXWTAMATCH-26SEP12SABRYB-SAB,Aryna Sabalenka,yes,1326.29,NO,MISS
2026-09-12T23:34:02+00:00,TENNIS,KXWTAMATCH-26SEP12SABRYB-SAB,Aryna Sabalenka,yes,1615.97,NO,MISS
2026-09-12T23:34:02+00:00,TENNIS,KXWTAMATCH-26SEP12SABRYB-SAB,Aryna Sabalenka,yes,1033.46,NO,MISS
2026-09-12T23:34:02+00:00,TENNIS,KXWTAMATCH-26SEP12SABRYB-SAB,Aryna Sabalenka,yes,68971.42,NO,MISS
2026-09-12T23:34:02+00:00,TENNIS,KXWTAMATCH-26SEP12SABRYB-SAB,Aryna Sabalenka,yes,2302.37,NO,MISS
2026-09-12T23:34:02+00:00,TENNIS,KXWTAMATCH-26SEP12SABRYB-SAB,Aryna Sabalenka,yes,1013.71,NO,MISS
2026-09-12T23:34:02+00:00,TENNIS,KXWTAMATCH-26SEP12SABRYB-SAB,Aryna Sabalenka,no,1231.97,NO,HIT
2026-09-12T23:34:02+00:00,TENNIS,KXWTAMATCH-26SEP12SABRYB-SAB,Aryna Sabalenka,yes,18376.98,NO,MISS
2026-09-12T23:34:02+00:00,TENNIS,KXWTAMATCH-26SEP12SABRYB-SAB,Aryna Sabalenka,yes,6558.52,NO,MISS
2026-09-12T23:34:02+00:00,TENNIS,KXWTAMATCH-26SEP12SABRYB-SAB,Aryna Sabalenka,yes,1229.58,NO,MISS
2026-09-12T23:34:02+00:00,TENNIS,KXWTAMATCH-26SEP12SABRYB-SAB,Aryna Sabalenka,yes,3701.83,NO,MISS
2026-09-12T23:34:02+00:00,TENNIS,KXWTAMATCH-26SEP12SABRYB-SAB,Aryna Sabalenka,yes,1461.09,NO,MISS
2026-09-12T23:34:02+00:00,TENNIS,KXWTAMATCH-26SEP12SABRYB-SAB,Aryna Sabalenka,yes,14960.17,NO,MISS
2026-09-12T23:34:02+00:00,TENNIS,KXWTAMATCH-26SEP12SABRYB-SAB,Aryna Sabalenka,yes,15786.52,NO,MISS
2026-09-12T23:34:02+00:00,TENNIS,KXWTAMATCH-26SEP12SABRYB-SAB,Aryna Sabalenka,no,1838.22,NO,HIT
2026-09-12T23:34:02+00:00,TENNIS,KXWTAMATCH-26SEP12SABRYB-SAB,Aryna Sabalenka,yes,722876.45,NO,MISS
2026-09-12T23:34:02+00:00,TENNIS,KXWTAMATCH-26SEP12SABRYB-SAB,Aryna Sabalenka,no,239266.62,NO,HIT
2026-09-12T23:34:02+00:00,TENNIS,KXWTAMATCH-26SEP12SABRYB-SAB,Aryna Sabalenka,no,264010.68,NO,HIT
2026-09-12T23:34:02+00:00,TENNIS,KXWTAMATCH-26SEP12SABRYB-SAB,Aryna Sabalenka,yes,728794.87,NO,MISS
2026-09-12T23:34:02+00:00,TENNIS,KXWTAMATCH-26SEP12SABRYB-RYB,Elena Rybakina,yes,3324.37,YES,HIT
2026-09-12T23:34:02+00:00,TENNIS,KXWTAMATCH-26SEP12SABRYB-RYB,Elena Rybakina,yes,3300.61,YES,HIT
2026-09-12T23:34:02+00:00,TENNIS,KXWTAMATCH-26SEP12SABRYB-RYB,Elena Rybakina,yes,1016.15,YES,HIT
2026-09-12T23:34:02+00:00,TENNIS,KXWTAMATCH-26SEP12SABRYB-RYB,Elena Rybakina,yes,1625.91,YES,HIT
2026-09-12T23:34:02+00:00,TENNIS,KXWTAMATCH-26SEP12SABRYB-RYB,Elena Rybakina,yes,2437.49,YES,HIT
2026-09-12T23:34:02+00:00,TENNIS,KXWTAMATCH-26SEP12SABRYB-RYB,Elena Rybakina,yes,2040.18,YES,HIT
2026-09-12T23:34:02+00:00,TENNIS,KXWTAMATCH-26SEP12SABRYB-RYB,Elena Rybakina,yes,4941.02,YES,HIT
2026-09-12T23:34:02+00:00,TENNIS,KXWTAMATCH-26SEP12SABRYB-RYB,Elena Rybakina,yes,2102.62,YES,HIT
2026-09-12T23:34:02+00:00,TENNIS,KXWTAMATCH-26SEP12SABRYB-RYB,Elena Rybakina,no,1021.61,YES,MISS
2026-09-12T23:34:02+00:00,TENNIS,KXWTAMATCH-26SEP12SABRYB-RYB,Elena Rybakina,yes,21348.28,YES,HIT
2026-09-12T23:34:02+00:00,TENNIS,KXWTAMATCH-26SEP12SABRYB-RYB,Elena Rybakina,yes,2461.63,YES,HIT
2026-09-12T23:34:02+00:00,TENNIS,KXWTAMATCH-26SEP12SABRYB-RYB,Elena Rybakina,no,28355.56,YES,MISS
2026-09-12T23:34:02+00:00,TENNIS,KXWTAMATCH-26SEP12SABRYB-RYB,Elena Rybakina,yes,2135.23,YES,HIT
2026-09-12T23:34:02+00:00,TENNIS,KXWTAMATCH-26SEP12SABRYB-RYB,Elena Rybakina,yes,1358.74,YES,HIT
2026-09-12T23:34:02+00:00,TENNIS,KXWTAMATCH-26SEP12SABRYB-RYB,Elena Rybakina,yes,4460.15,YES,HIT
2026-09-12T23:34:02+00:00,TENNIS,KXWTAMATCH-26SEP12SABRYB-RYB,Elena Rybakina,yes,6838.6,YES,HIT
2026-09-12T23:34:02+00:00,TENNIS,KXWTAMATCH-26SEP12SABRYB-RYB,Elena Rybakina,yes,9049.55,YES,HIT
2026-09-12T23:34:02+00:00,TENNIS,KXWTAMATCH-26SEP12SABRYB-RYB,Elena Rybakina,yes,6408.28,YES,HIT
2026-09-12T23:34:02+00:00,TENNIS,KXWTAMATCH-26SEP12SABRYB-RYB,Elena Rybakina,yes,25162.54,YES,HIT
2026-09-12T23:34:02+00:00,TENNIS,KXWTAMATCH-26SEP12SABRYB-RYB,Elena Rybakina,yes,9049.55,YES,HIT
2026-09-12T23:34:02+00:00,TENNIS,KXWTAMATCH-26SEP12SABRYB-RYB,Elena Rybakina,yes,6408.28,YES,HIT
2026-09-12T23:34:02+00:00,TENNIS,KXWTAMATCH-26SEP12SABRYB-RYB,Elena Rybakina,yes,27207.68,YES,HIT
2026-09-12T23:34:02+00:00,TENNIS,KXWTAMATCH-26SEP12SABRYB-RYB,Elena Rybakina,yes,1028266.11,YES,HIT
2026-09-12T23:34:02+00:00,TENNIS,KXWTAMATCH-26SEP12SABRYB-RYB,Elena Rybakina,no,221338.79,YES,MISS
2026-09-12T23:34:02+00:00,TENNIS,KXWTAMATCH-26SEP12SABRYB-RYB,Elena Rybakina,no,234389.77,YES,MISS
2026-09-12T23:34:02+00:00,TENNIS,KXWTAMATCH-26SEP12SABRYB-RYB,Elena Rybakina,yes,1023356.29,YES,HIT
2026-09-12T23:34:02+00:00,CFB,KXNCAAFGAME-26SEP12DUKEILL-DUKE,Duke,no,25899.34,YES,MISS
2026-09-12T23:34:02+00:00,CFB,KXNCAAFGAME-26SEP12DUKEILL-DUKE,Duke,no,9889.95,YES,MISS
2026-09-12T23:34:02+00:00,CFB,KXNCAAFGAME-26SEP12DUKEILL-DUKE,Duke,yes,1440.17,YES,HIT
2026-09-12T23:34:02+00:00,CFB,KXNCAAFGAME-26SEP12DUKEILL-DUKE,Duke,yes,2527.36,YES,HIT
2026-09-12T23:34:02+00:00,CFB,KXNCAAFGAME-26SEP12DUKEILL-DUKE,Duke,yes,1440.17,YES,HIT
2026-09-12T23:34:02+00:00,CFB,KXNCAAFGAME-26SEP12DUKEILL-DUKE,Duke,yes,2880.71,YES,HIT
2026-09-12T23:34:02+00:00,CFB,KXNCAAFGAME-26SEP12DUKEILL-DUKE,Duke,yes,31082.52,YES,HIT
2026-09-12T23:34:02+00:00,CFB,KXNCAAFGAME-26SEP12DUKEILL-DUKE,Duke,no,4533.45,YES,MISS
2026-09-12T23:34:02+00:00,CFB,KXNCAAFGAME-26SEP12DUKEILL-DUKE,Duke,no,1940.14,YES,MISS
2026-09-12T23:34:02+00:00,CFB,KXNCAAFGAME-26SEP12DUKEILL-DUKE,Duke,no,3101.04,YES,MISS
2026-09-12T23:34:02+00:00,CFB,KXNCAAFGAME-26SEP12DUKEILL-DUKE,Duke,no,2166.14,YES,MISS
2026-09-12T23:34:02+00:00,CFB,KXNCAAFGAME-26SEP12DUKEILL-DUKE,Duke,no,6116.87,YES,MISS
2026-09-12T23:34:02+00:00,CFB,KXNCAAFGAME-26SEP12DUKEILL-DUKE,Duke,yes,32707.36,YES,HIT
2026-09-12T23:34:02+00:00,CFB,KXNCAAFGAME-26SEP12DUKEILL-DUKE,Duke,no,4533.45,YES,MISS
2026-09-12T23:34:02+00:00,CFB,KXNCAAFGAME-26SEP12DUKEILL-DUKE,Duke,no,1940.14,YES,MISS
2026-09-12T23:34:02+00:00,CFB,KXNCAAFGAME-26SEP12DUKEILL-DUKE,Duke,no,3101.04,YES,MISS
2026-09-12T23:34:02+00:00,CFB,KXNCAAFGAME-26SEP12DUKEILL-DUKE,Duke,no,2166.14,YES,MISS
2026-09-12T23:34:02+00:00,CFB,KXNCAAFGAME-26SEP12DUKEILL-DUKE,Duke,no,6116.87,YES,MISS
2026-09-12T23:34:02+00:00,MLB,KXMLBGAME-26SEP121610CLEMIN-MIN,Minnesota,yes,2638.46,YES,HIT
2026-09-12T23:34:02+00:00,MLB,KXMLBGAME-26SEP121610CLEMIN-MIN,Minnesota,yes,1821.79,YES,HIT
2026-09-12T23:34:02+00:00,MLB,KXMLBGAME-26SEP121610CLEMIN-MIN,Minnesota,yes,1969.22,YES,HIT
2026-09-12T23:34:02+00:00,MLB,KXMLBGAME-26SEP121610CLEMIN-MIN,Minnesota,yes,1969.22,YES,HIT
2026-09-12T23:34:02+00:00,MLB,KXMLBGAME-26SEP121610CLEMIN-MIN,Minnesota,yes,5358.1,YES,HIT
2026-09-12T23:34:02+00:00,MLB,KXMLBGAME-26SEP121610CLEMIN-MIN,Minnesota,yes,49909.06,YES,HIT
2026-09-12T23:34:02+00:00,MLB,KXMLBGAME-26SEP121610CLEMIN-MIN,Minnesota,yes,7344.44,YES,HIT
2026-09-12T23:34:02+00:00,MLB,KXMLBGAME-26SEP121610CLEMIN-MIN,Minnesota,no,1108.48,YES,MISS
2026-09-12T23:34:02+00:00,MLB,KXMLBGAME-26SEP121610CLEMIN-MIN,Minnesota,no,1042.35,YES,MISS
2026-09-12T23:34:02+00:00,MLB,KXMLBGAME-26SEP121610CLEMIN-MIN,Minnesota,yes,5358.1,YES,HIT
2026-09-12T23:34:02+00:00,MLB,KXMLBGAME-26SEP121610CLEMIN-MIN,Minnesota,yes,49909.06,YES,HIT
2026-09-12T23:34:02+00:00,MLB,KXMLBGAME-26SEP121610CLEMIN-MIN,Minnesota,yes,8076.07,YES,HIT
2026-09-12T23:34:02+00:00,MLB,KXMLBGAME-26SEP121610CLEMIN-MIN,Minnesota,no,1108.48,YES,MISS
2026-09-12T23:34:02+00:00,MLB,KXMLBGAME-26SEP121610CLEMIN-MIN,Minnesota,no,1042.35,YES,MISS
2026-09-12T23:34:02+00:00,MLB,KXMLBGAME-26SEP121610CLEMIN-MIN,Minnesota,no,2497.79,YES,MISS
2026-09-12T23:34:02+00:00,MLB,KXMLBGAME-26SEP121605SDSF-SD,San Diego,yes,5327.5,YES,HIT
2026-09-12T23:34:02+00:00,MLB,KXMLBGAME-26SEP121605SDSF-SD,San Diego,yes,10341.27,YES,HIT
2026-09-12T23:34:02+00:00,MLB,KXMLBGAME-26SEP121605SDSF-SD,San Diego,yes,2964.31,YES,HIT
2026-09-12T23:34:02+00:00,MLB,KXMLBGAME-26SEP121605SDSF-SD,San Diego,yes,3534.1,YES,HIT
2026-09-12T23:34:02+00:00,MLB,KXMLBGAME-26SEP121605SDSF-SD,San Diego,yes,1342.76,YES,HIT
2026-09-12T23:34:02+00:00,MLB,KXMLBGAME-26SEP121605SDSF-SD,San Diego,yes,1600.34,YES,HIT
2026-09-12T23:34:02+00:00,MLB,KXMLBGAME-26SEP121605SDSF-SD,San Diego,yes,2751.12,YES,HIT
2026-09-12T23:34:02+00:00,MLB,KXMLBGAME-26SEP121605SDSF-SD,San Diego,yes,2550.38,YES,HIT
2026-09-12T23:34:02+00:00,MLB,KXMLBGAME-26SEP121605SDSF-SD,San Diego,yes,1588.62,YES,HIT
2026-09-12T23:34:02+00:00,MLB,KXMLBGAME-26SEP121605SDSF-SD,San Diego,yes,2751.12,YES,HIT
2026-09-12T23:34:02+00:00,MLB,KXMLBGAME-26SEP121605SDSF-SD,San Diego,yes,2550.38,YES,HIT
2026-09-12T23:34:02+00:00,MLB,KXMLBGAME-26SEP121605SDSF-SD,San Diego,yes,2190.23,YES,HIT
2026-09-12T23:34:02+00:00,MLB,KXMLBGAME-26SEP121605SDSF-SD,San Diego,no,8374.86,YES,MISS
2026-09-12T23:34:02+00:00,MLB,KXMLBGAME-26SEP121605SDSF-SD,San Diego,no,8284.42,YES,MISS
2026-09-12T23:34:02+00:00,MLB,KXMLBGAME-26SEP121605SDSF-SD,San Diego,no,4892.76,YES,MISS
2026-09-12T23:34:02+00:00,MLB,KXMLBGAME-26SEP121605SDSF-SD,San Diego,no,8422.4,YES,MISS
2026-09-12T23:34:02+00:00,MLB,KXMLBGAME-26SEP121605SDSF-SD,San Diego,no,3084.46,YES,MISS
2026-09-12T23:34:02+00:00,MLB,KXMLBGAME-26SEP121605SDSF-SD,San Diego,no,1588.69,YES,MISS
2026-09-12T23:34:02+00:00,MLB,KXMLBGAME-26SEP121605SDSF-SD,San Diego,no,8374.86,YES,MISS
2026-09-12T23:34:02+00:00,MLB,KXMLBGAME-26SEP121605SDSF-SD,San Diego,no,8284.42,YES,MISS
2026-09-12T23:34:02+00:00,MLB,KXMLBGAME-26SEP121605SDSF-SD,San Diego,no,4892.76,YES,MISS
2026-09-12T23:34:02+00:00,MLB,KXMLBGAME-26SEP121605SDSF-SD,San Diego,no,8422.4,YES,MISS
2026-09-12T23:34:02+00:00,MLB,KXMLBGAME-26SEP121605SDSF-SD,San Diego,no,3084.46,YES,MISS
2026-09-12T23:34:02+00:00,MLB,KXMLBGAME-26SEP121605SDSF-SD,San Diego,no,2846.0,YES,MISS
2026-09-12T23:34:02+00:00,MLB,KXMLBGAME-26SEP121610KCBOS-KC,Kansas City,no,26447.15,NO,HIT
2026-09-12T23:34:02+00:00,MLB,KXMLBGAME-26SEP121610KCBOS-KC,Kansas City,yes,3919.93,NO,MISS
2026-09-12T23:34:02+00:00,MLB,KXMLBGAME-26SEP121610KCBOS-KC,Kansas City,yes,1954.84,NO,MISS
2026-09-12T23:34:02+00:00,MLB,KXMLBGAME-26SEP121610KCBOS-KC,Kansas City,yes,1954.84,NO,MISS
2026-09-12T23:34:02+00:00,MLB,KXMLBGAME-26SEP121610KCBOS-KC,Kansas City,yes,41338.36,NO,MISS
2026-09-12T23:34:02+00:00,MLB,KXMLBGAME-26SEP121610KCBOS-KC,Kansas City,no,1406.07,NO,HIT
2026-09-12T23:34:02+00:00,MLB,KXMLBGAME-26SEP121610KCBOS-KC,Kansas City,no,2012.55,NO,HIT
2026-09-12T23:34:02+00:00,MLB,KXMLBGAME-26SEP121610KCBOS-KC,Kansas City,no,1175.85,NO,HIT
2026-09-12T23:34:02+00:00,MLB,KXMLBGAME-26SEP121610KCBOS-KC,Kansas City,no,1937.77,NO,HIT
2026-09-12T23:34:02+00:00,MLB,KXMLBGAME-26SEP121610KCBOS-KC,Kansas City,no,1683.18,NO,HIT
2026-09-12T23:34:02+00:00,MLB,KXMLBGAME-26SEP121610KCBOS-KC,Kansas City,no,41951.55,NO,HIT
2026-09-12T23:34:02+00:00,MLB,KXMLBGAME-26SEP121610KCBOS-KC,Kansas City,yes,43623.16,NO,MISS
2026-09-12T23:34:02+00:00,MLB,KXMLBGAME-26SEP121610KCBOS-KC,Kansas City,no,1406.07,NO,HIT
2026-09-12T23:34:02+00:00,MLB,KXMLBGAME-26SEP121610KCBOS-KC,Kansas City,no,2012.55,NO,HIT
2026-09-12T23:34:02+00:00,MLB,KXMLBGAME-26SEP121610KCBOS-KC,Kansas City,no,1175.85,NO,HIT
2026-09-12T23:34:02+00:00,MLB,KXMLBGAME-26SEP121610KCBOS-KC,Kansas City,no,1937.77,NO,HIT
2026-09-12T23:34:02+00:00,MLB,KXMLBGAME-26SEP121610KCBOS-KC,Kansas City,no,1683.18,NO,HIT
2026-09-12T23:34:02+00:00,MLB,KXMLBGAME-26SEP121610KCBOS-KC,Kansas City,no,49256.17,NO,HIT
2026-09-12T23:34:02+00:00,TENNIS,KXWTAMATCH-26SEP12SHYSAN-SAN,Ana Sofia Sanchez,yes,4692.35,NO,MISS
2026-09-12T23:34:02+00:00,TENNIS,KXWTAMATCH-26SEP12SHYSAN-SAN,Ana Sofia Sanchez,yes,20205.28,NO,MISS
2026-09-12T23:34:02+00:00,TENNIS,KXWTAMATCH-26SEP12SHYSAN-SAN,Ana Sofia Sanchez,yes,10418.19,NO,MISS
2026-09-12T23:34:02+00:00,TENNIS,KXWTAMATCH-26SEP12SHYSAN-SAN,Ana Sofia Sanchez,no,4444.8,NO,HIT
2026-09-12T23:34:02+00:00,TENNIS,KXWTAMATCH-26SEP12SHYSAN-SAN,Ana Sofia Sanchez,no,5867.44,NO,HIT
2026-09-12T23:34:02+00:00,TENNIS,KXWTAMATCH-26SEP12SHYSAN-SAN,Ana Sofia Sanchez,no,1013.06,NO,HIT
2026-09-12T23:34:02+00:00,TENNIS,KXWTAMATCH-26SEP12SHYSAN-SAN,Ana Sofia Sanchez,no,3423.24,NO,HIT
2026-09-12T23:34:02+00:00,TENNIS,KXWTAMATCH-26SEP12SHYSAN-SAN,Ana Sofia Sanchez,no,10191.99,NO,HIT
2026-09-12T23:34:02+00:00,TENNIS,KXWTAMATCH-26SEP12SHYSAN-SAN,Ana Sofia Sanchez,no,4214.17,NO,HIT
2026-09-12T23:34:02+00:00,TENNIS,KXWTAMATCH-26SEP12SHYSAN-SAN,Ana Sofia Sanchez,no,1362.46,NO,HIT
2026-09-12T23:34:02+00:00,CFB,KXNCAAFGAME-26SEP12MDCONN-MD,Maryland,no,2850.0,YES,MISS
2026-09-12T23:34:02+00:00,CFB,KXNCAAFGAME-26SEP12MDCONN-MD,Maryland,yes,4133.42,YES,HIT
2026-09-12T23:34:02+00:00,CFB,KXNCAAFGAME-26SEP12MDCONN-MD,Maryland,no,6338.86,YES,MISS
2026-09-12T23:34:02+00:00,CFB,KXNCAAFGAME-26SEP12MDCONN-MD,Maryland,yes,37360.76,YES,HIT
2026-09-12T23:34:02+00:00,CFB,KXNCAAFGAME-26SEP12MDCONN-MD,Maryland,yes,26198.08,YES,HIT
2026-09-12T23:34:02+00:00,CFB,KXNCAAFGAME-26SEP12MDCONN-MD,Maryland,yes,1909.52,YES,HIT
2026-09-12T23:34:02+00:00,CFB,KXNCAAFGAME-26SEP12MDCONN-MD,Maryland,yes,3086.64,YES,HIT
2026-09-12T23:34:02+00:00,CFB,KXNCAAFGAME-26SEP12MDCONN-MD,Maryland,yes,7454.17,YES,HIT
2026-09-12T23:34:02+00:00,CFB,KXNCAAFGAME-26SEP12MDCONN-MD,Maryland,yes,4821.09,YES,HIT
2026-09-12T23:34:02+00:00,CFB,KXNCAAFGAME-26SEP12MDCONN-MD,Maryland,no,1703.12,YES,MISS
2026-09-12T23:34:02+00:00,CFB,KXNCAAFGAME-26SEP12MDCONN-MD,Maryland,no,2784.15,YES,MISS
2026-09-12T23:34:02+00:00,CFB,KXNCAAFGAME-26SEP12MDCONN-MD,Maryland,no,1428.52,YES,MISS
2026-09-12T23:34:02+00:00,CFB,KXNCAAFGAME-26SEP12MDCONN-MD,Maryland,yes,37360.76,YES,HIT
2026-09-12T23:34:02+00:00,CFB,KXNCAAFGAME-26SEP12MDCONN-MD,Maryland,yes,26198.08,YES,HIT
2026-09-12T23:34:02+00:00,CFB,KXNCAAFGAME-26SEP12MDCONN-MD,Maryland,yes,1909.52,YES,HIT
2026-09-12T23:34:02+00:00,CFB,KXNCAAFGAME-26SEP12MDCONN-MD,Maryland,yes,3086.64,YES,HIT
2026-09-12T23:34:02+00:00,CFB,KXNCAAFGAME-26SEP12MDCONN-MD,Maryland,yes,7454.17,YES,HIT
2026-09-12T23:34:02+00:00,CFB,KXNCAAFGAME-26SEP12MDCONN-MD,Maryland,yes,4821.09,YES,HIT
2026-09-12T23:34:02+00:00,CFB,KXNCAAFGAME-26SEP12MDCONN-MD,Maryland,yes,1374.97,YES,HIT
2026-09-12T23:34:02+00:00,CFB,KXNCAAFGAME-26SEP12MDCONN-MD,Maryland,no,1703.12,YES,MISS
2026-09-12T23:34:02+00:00,CFB,KXNCAAFGAME-26SEP12MDCONN-MD,Maryland,no,2784.15,YES,MISS
2026-09-12T23:34:02+00:00,CFB,KXNCAAFGAME-26SEP12MDCONN-MD,Maryland,no,1428.52,YES,MISS
2026-09-12T23:34:02+00:00,CFB,KXNCAAFGAME-26SEP12ALAUK-UK,Kentucky,yes,1993.64,NO,MISS
2026-09-12T23:34:02+00:00,CFB,KXNCAAFGAME-26SEP12ALAUK-UK,Kentucky,yes,4525.27,NO,MISS
2026-09-12T23:34:02+00:00,CFB,KXNCAAFGAME-26SEP12ALAUK-UK,Kentucky,yes,3004.57,NO,MISS
2026-09-12T23:34:02+00:00,CFB,KXNCAAFGAME-26SEP12ALAUK-UK,Kentucky,yes,2067.42,NO,MISS
2026-09-12T23:34:02+00:00,CFB,KXNCAAFGAME-26SEP12ALAUK-UK,Kentucky,no,3080.0,NO,HIT
2026-09-12T23:34:02+00:00,CFB,KXNCAAFGAME-26SEP12ALAUK-UK,Kentucky,yes,34472.17,NO,MISS
2026-09-12T23:34:02+00:00,CFB,KXNCAAFGAME-26SEP12ALAUK-UK,Kentucky,yes,36527.82,NO,MISS
2026-09-12T23:34:02+00:00,CFB,KXNCAAFGAME-26SEP12ALAUK-UK,Kentucky,yes,491029.35,NO,MISS
2026-09-12T23:34:02+00:00,CFB,KXNCAAFGAME-26SEP12ALAUK-UK,Kentucky,no,213074.83,NO,HIT
2026-09-12T23:34:02+00:00,CFB,KXNCAAFGAME-26SEP12ALAUK-UK,Kentucky,yes,453800.11,NO,MISS
2026-09-12T23:34:02+00:00,CFB,KXNCAAFGAME-26SEP12ALAUK-UK,Kentucky,no,212389.99,NO,HIT
2026-09-12T23:34:02+00:00,MLB,KXMLBGAME-26SEP121605LAAWSH-LAA,Los Angeles A,no,18631.97,NO,HIT
2026-09-12T23:34:02+00:00,MLB,KXMLBGAME-26SEP121605LAAWSH-LAA,Los Angeles A,yes,8388.71,NO,MISS
2026-09-12T23:34:02+00:00,MLB,KXMLBGAME-26SEP121605LAAWSH-LAA,Los Angeles A,yes,1082.99,NO,MISS
2026-09-12T23:34:02+00:00,MLB,KXMLBGAME-26SEP121605LAAWSH-LAA,Los Angeles A,yes,1082.99,NO,MISS
2026-09-12T23:34:02+00:00,MLB,KXMLBGAME-26SEP121605LAAWSH-LAA,Los Angeles A,yes,9553.75,NO,MISS
2026-09-12T23:34:02+00:00,MLB,KXMLBGAME-26SEP121605LAAWSH-LAA,Los Angeles A,yes,26470.12,NO,MISS
2026-09-12T23:34:02+00:00,MLB,KXMLBGAME-26SEP121605LAAWSH-LAA,Los Angeles A,no,1760.21,NO,HIT
2026-09-12T23:34:02+00:00,MLB,KXMLBGAME-26SEP121605LAAWSH-LAA,Los Angeles A,no,2874.22,NO,HIT
2026-09-12T23:34:02+00:00,MLB,KXMLBGAME-26SEP121605LAAWSH-LAA,Los Angeles A,no,1825.17,NO,HIT
2026-09-12T23:34:02+00:00,MLB,KXMLBGAME-26SEP121605LAAWSH-LAA,Los Angeles A,no,2374.51,NO,HIT
2026-09-12T23:34:02+00:00,MLB,KXMLBGAME-26SEP121605LAAWSH-LAA,Los Angeles A,no,15498.57,NO,HIT
2026-09-12T23:34:02+00:00,MLB,KXMLBGAME-26SEP121605LAAWSH-LAA,Los Angeles A,no,1548.79,NO,HIT
2026-09-12T23:34:02+00:00,MLB,KXMLBGAME-26SEP121605LAAWSH-LAA,Los Angeles A,no,3230.32,NO,HIT
2026-09-12T23:34:02+00:00,MLB,KXMLBGAME-26SEP121605LAAWSH-LAA,Los Angeles A,no,1246.69,NO,HIT
2026-09-12T23:34:02+00:00,MLB,KXMLBGAME-26SEP121605LAAWSH-LAA,Los Angeles A,yes,9553.75,NO,MISS
2026-09-12T23:34:02+00:00,MLB,KXMLBGAME-26SEP121605LAAWSH-LAA,Los Angeles A,yes,26729.82,NO,MISS
2026-09-12T23:34:02+00:00,MLB,KXMLBGAME-26SEP121605LAAWSH-LAA,Los Angeles A,no,1760.21,NO,HIT
2026-09-12T23:34:02+00:00,MLB,KXMLBGAME-26SEP121605LAAWSH-LAA,Los Angeles A,no,2874.22,NO,HIT
2026-09-12T23:34:02+00:00,MLB,KXMLBGAME-26SEP121605LAAWSH-LAA,Los Angeles A,no,1825.17,NO,HIT
2026-09-12T23:34:02+00:00,MLB,KXMLBGAME-26SEP121605LAAWSH-LAA,Los Angeles A,no,2374.51,NO,HIT
2026-09-12T23:34:02+00:00,MLB,KXMLBGAME-26SEP121605LAAWSH-LAA,Los Angeles A,no,15498.57,NO,HIT
2026-09-12T23:34:02+00:00,MLB,KXMLBGAME-26SEP121605LAAWSH-LAA,Los Angeles A,no,1548.79,NO,HIT
2026-09-12T23:34:02+00:00,MLB,KXMLBGAME-26SEP121605LAAWSH-LAA,Los Angeles A,no,3230.32,NO,HIT
2026-09-12T23:34:02+00:00,MLB,KXMLBGAME-26SEP121605LAAWSH-LAA,Los Angeles A,no,1246.69,NO,HIT
2026-09-12T23:34:02+00:00,MLB,KXMLBGAME-26SEP121605LAAWSH-LAA,Los Angeles A,no,13224.93,NO,HIT
2026-09-12T23:34:02+00:00,MLB,KXMLBGAME-26SEP121507BALTOR-TOR,Toronto,yes,1003.13,YES,HIT
2026-09-12T23:34:02+00:00,MLB,KXMLBGAME-26SEP121507BALTOR-TOR,Toronto,yes,15550.92,YES,HIT
2026-09-12T23:34:02+00:00,MLB,KXMLBGAME-26SEP121507BALTOR-TOR,Toronto,yes,5884.54,YES,HIT
2026-09-12T23:34:02+00:00,MLB,KXMLBGAME-26SEP121507BALTOR-TOR,Toronto,yes,2343.08,YES,HIT
2026-09-12T23:34:02+00:00,MLB,KXMLBGAME-26SEP121507BALTOR-TOR,Toronto,yes,1941.16,YES,HIT
2026-09-12T23:34:02+00:00,MLB,KXMLBGAME-26SEP121507BALTOR-TOR,Toronto,yes,3583.97,YES,HIT
2026-09-12T23:34:02+00:00,MLB,KXMLBGAME-26SEP121507BALTOR-TOR,Toronto,yes,39144.8,YES,HIT
2026-09-12T23:34:02+00:00,MLB,KXMLBGAME-26SEP121507BALTOR-TOR,Toronto,no,1453.47,YES,MISS
2026-09-12T23:34:02+00:00,MLB,KXMLBGAME-26SEP121507BALTOR-TOR,Toronto,no,3144.23,YES,MISS
2026-09-12T23:34:02+00:00,MLB,KXMLBGAME-26SEP121507BALTOR-TOR,Toronto,no,1978.47,YES,MISS
2026-09-12T23:34:02+00:00,MLB,KXMLBGAME-26SEP121507BALTOR-TOR,Toronto,yes,1941.16,YES,HIT
2026-09-12T23:34:02+00:00,MLB,KXMLBGAME-26SEP121507BALTOR-TOR,Toronto,yes,3583.97,YES,HIT
2026-09-12T23:34:02+00:00,MLB,KXMLBGAME-26SEP121507BALTOR-TOR,Toronto,yes,39215.43,YES,HIT
2026-09-12T23:34:02+00:00,MLB,KXMLBGAME-26SEP121507BALTOR-TOR,Toronto,no,1453.47,YES,MISS
2026-09-12T23:34:02+00:00,MLB,KXMLBGAME-26SEP121507BALTOR-TOR,Toronto,no,3144.23,YES,MISS
2026-09-12T23:34:02+00:00,MLB,KXMLBGAME-26SEP121507BALTOR-TOR,Toronto,no,2097.4,YES,MISS
2026-09-12T23:34:02+00:00,MLB,KXMLBGAME-26SEP121507BALTOR-TOR,Toronto,no,1863.22,YES,MISS
2026-09-12T23:34:02+00:00,MLB,KXMLBGAME-26SEP121507BALTOR-TOR,Toronto,yes,103520.88,YES,HIT
2026-09-12T23:34:02+00:00,MLB,KXMLBGAME-26SEP121507BALTOR-TOR,Toronto,yes,38354.4,YES,HIT
2026-09-12T23:34:02+00:00,MLB,KXMLBGAME-26SEP121507BALTOR-TOR,Toronto,no,1863.22,YES,MISS
2026-09-12T23:34:02+00:00,MLB,KXMLBGAME-26SEP121507BALTOR-TOR,Toronto,yes,103520.88,YES,HIT
2026-09-12T23:34:02+00:00,MLB,KXMLBGAME-26SEP121507BALTOR-TOR,Toronto,yes,44751.12,YES,HIT
2026-09-12T23:34:02+00:00,CFB,KXNCAAFGAME-26SEP12BUCKVMI-VMI,VMI,no,1558.0,NO,HIT
2026-09-12T23:34:02+00:00,CFB,KXNCAAFGAME-26SEP12BUCKVMI-VMI,VMI,yes,1123.8,NO,MISS
2026-09-12T23:34:02+00:00,CFB,KXNCAAFGAME-26SEP12BUCKVMI-VMI,VMI,no,1444.14,NO,HIT
2026-09-12T23:34:02+00:00,CFB,KXNCAAFGAME-26SEP12BUCKVMI-VMI,VMI,no,10385.25,NO,HIT
2026-09-12T23:34:02+00:00,CFB,KXNCAAFGAME-26SEP12BUCKVMI-VMI,VMI,yes,1123.8,NO,MISS
2026-09-12T23:34:02+00:00,CFB,KXNCAAFGAME-26SEP12BUCKVMI-VMI,VMI,no,1444.14,NO,HIT
2026-09-12T23:34:02+00:00,CFB,KXNCAAFGAME-26SEP12BUCKVMI-VMI,VMI,no,10385.25,NO,HIT
2026-09-12T23:34:02+00:00,CFB,KXNCAAFGAME-26SEP12DUKEILL-ILL,Illinois,no,3072.0,NO,HIT
2026-09-12T23:34:02+00:00,CFB,KXNCAAFGAME-26SEP12DUKEILL-ILL,Illinois,yes,5823.88,NO,MISS
2026-09-12T23:34:02+00:00,CFB,KXNCAAFGAME-26SEP12DUKEILL-ILL,Illinois,yes,1809.96,NO,MISS
2026-09-12T23:34:02+00:00,CFB,KXNCAAFGAME-26SEP12DUKEILL-ILL,Illinois,yes,5823.88,NO,MISS
2026-09-12T23:34:02+00:00,CFB,KXNCAAFGAME-26SEP12DUKEILL-ILL,Illinois,yes,2545.69,NO,MISS
2026-09-12T23:34:02+00:00,CFB,KXNCAAFGAME-26SEP12DUKEILL-ILL,Illinois,yes,33315.91,NO,MISS
2026-09-12T23:34:02+00:00,CFB,KXNCAAFGAME-26SEP12DUKEILL-ILL,Illinois,yes,2500.03,NO,MISS
2026-09-12T23:34:02+00:00,CFB,KXNCAAFGAME-26SEP12DUKEILL-ILL,Illinois,yes,21371.31,NO,MISS
2026-09-12T23:34:02+00:00,CFB,KXNCAAFGAME-26SEP12DUKEILL-ILL,Illinois,no,1897.79,NO,HIT
2026-09-12T23:34:02+00:00,CFB,KXNCAAFGAME-26SEP12DUKEILL-ILL,Illinois,yes,33315.91,NO,MISS
2026-09-12T23:34:02+00:00,CFB,KXNCAAFGAME-26SEP12DUKEILL-ILL,Illinois,yes,2500.03,NO,MISS
2026-09-12T23:34:02+00:00,CFB,KXNCAAFGAME-26SEP12DUKEILL-ILL,Illinois,yes,21484.43,NO,MISS
2026-09-12T23:34:02+00:00,CFB,KXNCAAFGAME-26SEP12DUKEILL-ILL,Illinois,no,1897.79,NO,HIT
2026-09-12T23:34:02+00:00,MLB,KXMLBGAME-26SEP121610LADMIA-MIA,Miami,yes,5861.96,YES,HIT
2026-09-12T23:34:02+00:00,MLB,KXMLBGAME-26SEP121610LADMIA-MIA,Miami,no,4270.0,YES,MISS
2026-09-12T23:34:02+00:00,MLB,KXMLBGAME-26SEP121610LADMIA-MIA,Miami,yes,123633.65,YES,HIT
2026-09-12T23:34:02+00:00,MLB,KXMLBGAME-26SEP121610LADMIA-MIA,Miami,no,14156.11,YES,MISS
2026-09-12T23:34:02+00:00,MLB,KXMLBGAME-26SEP121610LADMIA-MIA,Miami,no,3555.61,YES,MISS
2026-09-12T23:34:02+00:00,MLB,KXMLBGAME-26SEP121610LADMIA-MIA,Miami,no,3102.98,YES,MISS
2026-09-12T23:34:02+00:00,MLB,KXMLBGAME-26SEP121610LADMIA-MIA,Miami,no,17664.1,YES,MISS
2026-09-12T23:34:02+00:00,MLB,KXMLBGAME-26SEP121610LADMIA-MIA,Miami,no,20598.13,YES,MISS
2026-09-12T23:34:02+00:00,MLB,KXMLBGAME-26SEP121610LADMIA-MIA,Miami,yes,133033.17,YES,HIT
2026-09-12T23:34:02+00:00,MLB,KXMLBGAME-26SEP121610LADMIA-MIA,Miami,no,14156.11,YES,MISS
2026-09-12T23:34:02+00:00,MLB,KXMLBGAME-26SEP121610LADMIA-MIA,Miami,no,3555.61,YES,MISS
2026-09-12T23:34:02+00:00,MLB,KXMLBGAME-26SEP121610LADMIA-MIA,Miami,no,3102.98,YES,MISS
2026-09-12T23:34:02+00:00,MLB,KXMLBGAME-26SEP121610LADMIA-MIA,Miami,no,17664.1,YES,MISS
2026-09-12T23:34:02+00:00,MLB,KXMLBGAME-26SEP121610LADMIA-MIA,Miami,no,20598.13,YES,MISS
2026-09-12T23:34:02+00:00,MLB,KXMLBGAME-26SEP121610LADMIA-MIA,Miami,no,2633.74,YES,MISS
2026-09-12T23:34:02+00:00,CFB,KXNCAAFGAME-26SEP12UNLVUNT-UNT,North Texas,yes,1441.47,YES,HIT
2026-09-12T23:34:02+00:00,CFB,KXNCAAFGAME-26SEP12UNLVUNT-UNT,North Texas,yes,1008.52,YES,HIT
2026-09-12T23:34:02+00:00,CFB,KXNCAAFGAME-26SEP12UNLVUNT-UNT,North Texas,yes,1058.89,YES,HIT
2026-09-12T23:34:02+00:00,CFB,KXNCAAFGAME-26SEP12UNLVUNT-UNT,North Texas,yes,1441.47,YES,HIT
2026-09-12T23:34:02+00:00,CFB,KXNCAAFGAME-26SEP12UNLVUNT-UNT,North Texas,yes,1008.52,YES,HIT
2026-09-12T23:34:02+00:00,CFB,KXNCAAFGAME-26SEP12UNLVUNT-UNT,North Texas,yes,1089.68,YES,HIT
2026-09-12T23:34:02+00:00,CFB,KXNCAAFGAME-26SEP12UNLVUNT-UNT,North Texas,yes,112920.15,YES,HIT
2026-09-12T23:34:02+00:00,CFB,KXNCAAFGAME-26SEP12UNLVUNT-UNT,North Texas,no,1057.26,YES,MISS
2026-09-12T23:34:02+00:00,CFB,KXNCAAFGAME-26SEP12UNLVUNT-UNT,North Texas,no,1979.45,YES,MISS
2026-09-12T23:34:02+00:00,CFB,KXNCAAFGAME-26SEP12UNLVUNT-UNT,North Texas,no,1449.7,YES,MISS
2026-09-12T23:34:02+00:00,CFB,KXNCAAFGAME-26SEP12UNLVUNT-UNT,North Texas,no,2881.17,YES,MISS
2026-09-12T23:34:02+00:00,CFB,KXNCAAFGAME-26SEP12UNLVUNT-UNT,North Texas,yes,113890.66,YES,HIT
2026-09-12T23:34:02+00:00,CFB,KXNCAAFGAME-26SEP12UNLVUNT-UNT,North Texas,no,1057.26,YES,MISS
2026-09-12T23:34:02+00:00,CFB,KXNCAAFGAME-26SEP12UNLVUNT-UNT,North Texas,no,1979.45,YES,MISS
2026-09-12T23:34:02+00:00,CFB,KXNCAAFGAME-26SEP12UNLVUNT-UNT,North Texas,no,1449.7,YES,MISS
2026-09-12T23:34:02+00:00,CFB,KXNCAAFGAME-26SEP12UNLVUNT-UNT,North Texas,no,2881.17,YES,MISS
2026-09-12T23:34:02+00:00,CFB,KXNCAAFGAME-26SEP12UNLVUNT-UNLV,UNLV,yes,1142.58,NO,MISS
2026-09-12T23:34:02+00:00,CFB,KXNCAAFGAME-26SEP12UNLVUNT-UNLV,UNLV,yes,1142.58,NO,MISS
2026-09-12T23:34:02+00:00,CFB,KXNCAAFGAME-26SEP12UNLVUNT-UNLV,UNLV,yes,1047.96,NO,MISS
2026-09-12T23:34:02+00:00,CFB,KXNCAAFGAME-26SEP12UNLVUNT-UNLV,UNLV,no,3212.05,NO,HIT
2026-09-12T23:34:02+00:00,CFB,KXNCAAFGAME-26SEP12UNLVUNT-UNLV,UNLV,no,2341.34,NO,HIT
2026-09-12T23:34:02+00:00,CFB,KXNCAAFGAME-26SEP12UNLVUNT-UNLV,UNLV,no,10390.92,NO,HIT
2026-09-12T23:34:02+00:00,CFB,KXNCAAFGAME-26SEP12UNLVUNT-UNLV,UNLV,no,1078.89,NO,HIT
2026-09-12T23:34:02+00:00,CFB,KXNCAAFGAME-26SEP12UNLVUNT-UNLV,UNLV,no,2183.73,NO,HIT
2026-09-12T23:34:02+00:00,CFB,KXNCAAFGAME-26SEP12UNLVUNT-UNLV,UNLV,no,8511.6,NO,HIT
2026-09-12T23:34:02+00:00,CFB,KXNCAAFGAME-26SEP12UNLVUNT-UNLV,UNLV,no,1982.9,NO,HIT
2026-09-12T23:34:02+00:00,CFB,KXNCAAFGAME-26SEP12UNLVUNT-UNLV,UNLV,no,2427.92,NO,HIT
2026-09-12T23:34:02+00:00,CFB,KXNCAAFGAME-26SEP12UNLVUNT-UNLV,UNLV,no,10279.04,NO,HIT
2026-09-12T23:34:02+00:00,CFB,KXNCAAFGAME-26SEP12UNLVUNT-UNLV,UNLV,no,2401.3,NO,HIT
2026-09-12T23:34:02+00:00,CFB,KXNCAAFGAME-26SEP12UNLVUNT-UNLV,UNLV,no,3212.05,NO,HIT
2026-09-12T23:34:02+00:00,CFB,KXNCAAFGAME-26SEP12UNLVUNT-UNLV,UNLV,no,2341.34,NO,HIT
2026-09-12T23:34:02+00:00,CFB,KXNCAAFGAME-26SEP12UNLVUNT-UNLV,UNLV,no,10390.92,NO,HIT
2026-09-12T23:34:02+00:00,CFB,KXNCAAFGAME-26SEP12UNLVUNT-UNLV,UNLV,no,1078.89,NO,HIT
2026-09-12T23:34:02+00:00,CFB,KXNCAAFGAME-26SEP12UNLVUNT-UNLV,UNLV,no,2183.73,NO,HIT
2026-09-12T23:34:02+00:00,CFB,KXNCAAFGAME-26SEP12UNLVUNT-UNLV,UNLV,no,8511.6,NO,HIT
2026-09-12T23:34:02+00:00,CFB,KXNCAAFGAME-26SEP12UNLVUNT-UNLV,UNLV,no,1982.9,NO,HIT
2026-09-12T23:34:02+00:00,CFB,KXNCAAFGAME-26SEP12UNLVUNT-UNLV,UNLV,no,2427.92,NO,HIT
2026-09-12T23:34:02+00:00,CFB,KXNCAAFGAME-26SEP12UNLVUNT-UNLV,UNLV,no,10279.04,NO,HIT
2026-09-12T23:34:02+00:00,CFB,KXNCAAFGAME-26SEP12UNLVUNT-UNLV,UNLV,no,2401.3,NO,HIT
2026-09-12T23:34:02+00:00,CFB,KXNCAAFGAME-26SEP12UNLVUNT-UNLV,UNLV,no,2575.26,NO,HIT
2026-09-12T23:34:02+00:00,CFB,KXNCAAFGAME-26SEP12ULMUAB-ULM,Louisiana-Monroe,yes,1666.66,NO,MISS
2026-09-12T23:34:02+00:00,CFB,KXNCAAFGAME-26SEP12ULMUAB-ULM,Louisiana-Monroe,yes,1666.66,NO,MISS
2026-09-12T23:34:02+00:00,CFB,KXNCAAFGAME-26SEP12ULMUAB-ULM,Louisiana-Monroe,yes,1602.98,NO,MISS
2026-09-12T23:34:02+00:00,CFB,KXNCAAFGAME-26SEP12ULMUAB-ULM,Louisiana-Monroe,yes,10618.81,NO,MISS
2026-09-12T23:34:02+00:00,CFB,KXNCAAFGAME-26SEP12ULMUAB-ULM,Louisiana-Monroe,yes,5876.48,NO,MISS
2026-09-12T23:34:02+00:00,CFB,KXNCAAFGAME-26SEP12ULMUAB-ULM,Louisiana-Monroe,yes,6846.1,NO,MISS
2026-09-12T23:34:02+00:00,CFB,KXNCAAFGAME-26SEP12ULMUAB-ULM,Louisiana-Monroe,yes,5115.55,NO,MISS
2026-09-12T23:34:02+00:00,CFB,KXNCAAFGAME-26SEP12ULMUAB-ULM,Louisiana-Monroe,yes,15763.59,NO,MISS
2026-09-12T23:34:02+00:00,CFB,KXNCAAFGAME-26SEP12ULMUAB-ULM,Louisiana-Monroe,no,1918.52,NO,HIT
2026-09-12T23:34:02+00:00,CFB,KXNCAAFGAME-26SEP12ULMUAB-ULM,Louisiana-Monroe,no,1423.56,NO,HIT
2026-09-12T23:34:02+00:00,CFB,KXNCAAFGAME-26SEP12ULMUAB-ULM,Louisiana-Monroe,no,4338.87,NO,HIT
2026-09-12T23:34:02+00:00,CFB,KXNCAAFGAME-26SEP12ULMUAB-ULM,Louisiana-Monroe,no,1232.48,NO,HIT
2026-09-12T23:34:02+00:00,CFB,KXNCAAFGAME-26SEP12ULMUAB-ULM,Louisiana-Monroe,no,6577.15,NO,HIT
2026-09-12T23:34:02+00:00,CFB,KXNCAAFGAME-26SEP12ULMUAB-ULM,Louisiana-Monroe,no,1043.78,NO,HIT
2026-09-12T23:34:02+00:00,CFB,KXNCAAFGAME-26SEP12ULMUAB-ULM,Louisiana-Monroe,yes,1602.98,NO,MISS
2026-09-12T23:34:02+00:00,CFB,KXNCAAFGAME-26SEP12ULMUAB-ULM,Louisiana-Monroe,yes,10618.81,NO,MISS
2026-09-12T23:34:02+00:00,CFB,KXNCAAFGAME-26SEP12ULMUAB-ULM,Louisiana-Monroe,yes,5876.48,NO,MISS
2026-09-12T23:34:02+00:00,CFB,KXNCAAFGAME-26SEP12ULMUAB-ULM,Louisiana-Monroe,yes,6846.1,NO,MISS
2026-09-12T23:34:02+00:00,CFB,KXNCAAFGAME-26SEP12ULMUAB-ULM,Louisiana-Monroe,yes,5115.55,NO,MISS
2026-09-12T23:34:02+00:00,CFB,KXNCAAFGAME-26SEP12ULMUAB-ULM,Louisiana-Monroe,yes,16406.89,NO,MISS
2026-09-12T23:34:02+00:00,CFB,KXNCAAFGAME-26SEP12ULMUAB-ULM,Louisiana-Monroe,no,1918.52,NO,HIT
2026-09-12T23:34:02+00:00,CFB,KXNCAAFGAME-26SEP12ULMUAB-ULM,Louisiana-Monroe,no,1423.56,NO,HIT
2026-09-12T23:34:02+00:00,CFB,KXNCAAFGAME-26SEP12ULMUAB-ULM,Louisiana-Monroe,no,4338.87,NO,HIT
2026-09-12T23:34:02+00:00,CFB,KXNCAAFGAME-26SEP12ULMUAB-ULM,Louisiana-Monroe,no,1232.48,NO,HIT
2026-09-12T23:34:02+00:00,CFB,KXNCAAFGAME-26SEP12ULMUAB-ULM,Louisiana-Monroe,no,6577.15,NO,HIT
2026-09-12T23:34:02+00:00,CFB,KXNCAAFGAME-26SEP12ULMUAB-ULM,Louisiana-Monroe,no,1043.78,NO,HIT
2026-09-12T23:34:02+00:00,CFB,KXNCAAFGAME-26SEP12RMUAKR-AKR,Akron,yes,1172.61,YES,HIT
2026-09-12T23:34:02+00:00,CFB,KXNCAAFGAME-26SEP12RMUAKR-AKR,Akron,yes,25006.06,YES,HIT
2026-09-12T23:34:02+00:00,CFB,KXNCAAFGAME-26SEP12RMUAKR-AKR,Akron,yes,14504.78,YES,HIT
2026-09-12T23:34:02+00:00,CFB,KXNCAAFGAME-26SEP12RMUAKR-AKR,Akron,yes,20602.97,YES,HIT
2026-09-12T23:34:02+00:00,CFB,KXNCAAFGAME-26SEP12RMUAKR-AKR,Akron,yes,10449.69,YES,HIT
2026-09-12T23:34:02+00:00,CFB,KXNCAAFGAME-26SEP12RMUAKR-AKR,Akron,yes,4596.03,YES,HIT
2026-09-12T23:34:02+00:00,CFB,KXNCAAFGAME-26SEP12RMUAKR-AKR,Akron,yes,10765.82,YES,HIT
2026-09-12T23:34:02+00:00,CFB,KXNCAAFGAME-26SEP12RMUAKR-AKR,Akron,yes,1237.5,YES,HIT
2026-09-12T23:34:02+00:00,CFB,KXNCAAFGAME-26SEP12RMUAKR-AKR,Akron,yes,55911.31,YES,HIT
2026-09-12T23:34:02+00:00,CFB,KXNCAAFGAME-26SEP12RMUAKR-AKR,Akron,yes,1941.99,YES,HIT
2026-09-12T23:34:02+00:00,CFB,KXNCAAFGAME-26SEP12RMUAKR-AKR,Akron,yes,14504.78,YES,HIT
2026-09-12T23:34:02+00:00,CFB,KXNCAAFGAME-26SEP12RMUAKR-AKR,Akron,yes,20602.97,YES,HIT
2026-09-12T23:34:02+00:00,CFB,KXNCAAFGAME-26SEP12RMUAKR-AKR,Akron,yes,10449.69,YES,HIT
2026-09-12T23:34:02+00:00,CFB,KXNCAAFGAME-26SEP12RMUAKR-AKR,Akron,yes,4596.03,YES,HIT
2026-09-12T23:34:02+00:00,CFB,KXNCAAFGAME-26SEP12RMUAKR-AKR,Akron,yes,10765.82,YES,HIT
2026-09-12T23:34:02+00:00,CFB,KXNCAAFGAME-26SEP12RMUAKR-AKR,Akron,yes,1237.5,YES,HIT
2026-09-12T23:34:02+00:00,CFB,KXNCAAFGAME-26SEP12RMUAKR-AKR,Akron,yes,55911.31,YES,HIT
2026-09-12T23:34:02+00:00,CFB,KXNCAAFGAME-26SEP12RMUAKR-AKR,Akron,yes,1941.99,YES,HIT
2026-09-12T23:34:02+00:00,CFB,KXNCAAFGAME-26SEP12ARIZBYU-ARIZ,Arizona,yes,2539.55,NO,MISS
2026-09-12T23:34:02+00:00,CFB,KXNCAAFGAME-26SEP12ARIZBYU-ARIZ,Arizona,yes,5027.71,NO,MISS
2026-09-12T23:34:02+00:00,CFB,KXNCAAFGAME-26SEP12ARIZBYU-ARIZ,Arizona,yes,4710.64,NO,MISS
2026-09-12T23:34:02+00:00,CFB,KXNCAAFGAME-26SEP12ARIZBYU-ARIZ,Arizona,yes,2539.55,NO,MISS
2026-09-12T23:34:02+00:00,CFB,KXNCAAFGAME-26SEP12ARIZBYU-ARIZ,Arizona,yes,5027.71,NO,MISS
2026-09-12T23:34:02+00:00,CFB,KXNCAAFGAME-26SEP12ARIZBYU-ARIZ,Arizona,yes,5698.07,NO,MISS
2026-09-12T23:34:02+00:00,CFB,KXNCAAFGAME-26SEP12ARIZBYU-ARIZ,Arizona,no,2657.69,NO,HIT
2026-09-12T23:34:02+00:00,CFB,KXNCAAFGAME-26SEP12ARIZBYU-ARIZ,Arizona,no,24035.22,NO,HIT
2026-09-12T23:34:02+00:00,CFB,KXNCAAFGAME-26SEP12ARIZBYU-ARIZ,Arizona,no,1003.88,NO,HIT
2026-09-12T23:34:02+00:00,CFB,KXNCAAFGAME-26SEP12ARIZBYU-ARIZ,Arizona,no,23822.01,NO,HIT
2026-09-12T23:34:02+00:00,CFB,KXNCAAFGAME-26SEP12ARIZBYU-ARIZ,Arizona,no,32106.63,NO,HIT
2026-09-12T23:34:02+00:00,CFB,KXNCAAFGAME-26SEP12ARIZBYU-ARIZ,Arizona,no,2657.69,NO,HIT
2026-09-12T23:34:02+00:00,CFB,KXNCAAFGAME-26SEP12ARIZBYU-ARIZ,Arizona,no,24035.22,NO,HIT
2026-09-12T23:34:02+00:00,CFB,KXNCAAFGAME-26SEP12ARIZBYU-ARIZ,Arizona,no,1003.88,NO,HIT
2026-09-12T23:34:02+00:00,CFB,KXNCAAFGAME-26SEP12ARIZBYU-ARIZ,Arizona,no,23822.01,NO,HIT
2026-09-12T23:34:02+00:00,CFB,KXNCAAFGAME-26SEP12ARIZBYU-ARIZ,Arizona,no,33702.56,NO,HIT
2026-09-12T23:34:02+00:00,CFB,KXNCAAFGAME-26SEP12MDCONN-CONN,UConn,yes,3819.74,NO,MISS
2026-09-12T23:34:02+00:00,CFB,KXNCAAFGAME-26SEP12MDCONN-CONN,UConn,yes,10978.98,NO,MISS
2026-09-12T23:34:02+00:00,CFB,KXNCAAFGAME-26SEP12MDCONN-CONN,UConn,yes,5418.09,NO,MISS
2026-09-12T23:34:02+00:00,CFB,KXNCAAFGAME-26SEP12MDCONN-CONN,UConn,no,3959.18,NO,HIT
2026-09-12T23:34:02+00:00,CFB,KXNCAAFGAME-26SEP12MDCONN-CONN,UConn,no,6489.06,NO,HIT
2026-09-12T23:34:02+00:00,CFB,KXNCAAFGAME-26SEP12MDCONN-CONN,UConn,no,5163.96,NO,HIT
2026-09-12T23:34:02+00:00,CFB,KXNCAAFGAME-26SEP12MDCONN-CONN,UConn,no,12123.86,NO,HIT
2026-09-12T23:34:02+00:00,CFB,KXNCAAFGAME-26SEP12MDCONN-CONN,UConn,no,2081.46,NO,HIT
2026-09-12T23:34:02+00:00,CFB,KXNCAAFGAME-26SEP12MDCONN-CONN,UConn,no,8214.59,NO,HIT
2026-09-12T23:34:02+00:00,CFB,KXNCAAFGAME-26SEP12MDCONN-CONN,UConn,yes,5528.65,NO,MISS
2026-09-12T23:34:02+00:00,CFB,KXNCAAFGAME-26SEP12MDCONN-CONN,UConn,no,3959.18,NO,HIT
2026-09-12T23:34:02+00:00,CFB,KXNCAAFGAME-26SEP12MDCONN-CONN,UConn,no,6489.06,NO,HIT
2026-09-12T23:34:02+00:00,CFB,KXNCAAFGAME-26SEP12MDCONN-CONN,UConn,no,5163.96,NO,HIT
2026-09-12T23:34:02+00:00,CFB,KXNCAAFGAME-26SEP12MDCONN-CONN,UConn,no,12123.86,NO,HIT
2026-09-12T23:34:02+00:00,CFB,KXNCAAFGAME-26SEP12MDCONN-CONN,UConn,no,2081.46,NO,HIT
2026-09-12T23:34:02+00:00,CFB,KXNCAAFGAME-26SEP12MDCONN-CONN,UConn,no,8214.59,NO,HIT
2026-09-12T23:34:02+00:00,CFB,KXNCAAFGAME-26SEP12MDCONN-CONN,UConn,no,1097.51,NO,HIT
2026-09-12T23:34:02+00:00,CFB,KXNCAAFGAME-26SEP12WEBCOLO-COLO,Colorado,yes,1004.29,YES,HIT
2026-09-12T23:34:02+00:00,CFB,KXNCAAFGAME-26SEP12WEBCOLO-COLO,Colorado,yes,1004.29,YES,HIT
2026-09-12T23:34:02+00:00,CFB,KXNCAAFGAME-26SEP12WEBCOLO-COLO,Colorado,yes,9741.59,YES,HIT
2026-09-12T23:34:02+00:00,CFB,KXNCAAFGAME-26SEP12RICEND-RICE,Rice,yes,2667.1,NO,MISS
2026-09-12T23:34:02+00:00,CFB,KXNCAAFGAME-26SEP12RICEND-RICE,Rice,yes,3043.23,NO,MISS
2026-09-12T23:34:02+00:00,CFB,KXNCAAFGAME-26SEP12MHUUNM-MHU,Mercyhurst,yes,3669.22,NO,MISS
2026-09-12T23:34:02+00:00,CFB,KXNCAAFGAME-26SEP12MHUUNM-MHU,Mercyhurst,yes,3669.22,NO,MISS
2026-09-12T23:34:02+00:00,CFB,KXNCAAFGAME-26SEP12UCDSMU-SMU,SMU,yes,11698.61,YES,HIT
2026-09-12T23:34:02+00:00,CFB,KXNCAAFGAME-26SEP12UCDSMU-SMU,SMU,yes,22148.0,YES,HIT
2026-09-12T23:34:02+00:00,CFB,KXNCAAFGAME-26SEP12UCDSMU-SMU,SMU,yes,8073.55,YES,HIT
2026-09-12T23:34:02+00:00,CFB,KXNCAAFGAME-26SEP12UCDSMU-SMU,SMU,yes,4180.97,YES,HIT
2026-09-12T23:34:02+00:00,CFB,KXNCAAFGAME-26SEP12UCDSMU-SMU,SMU,yes,45370.86,YES,HIT
2026-09-12T23:34:02+00:00,CFB,KXNCAAFGAME-26SEP12UCDSMU-SMU,SMU,yes,11698.61,YES,HIT
2026-09-12T23:34:02+00:00,CFB,KXNCAAFGAME-26SEP12UCDSMU-SMU,SMU,yes,22148.0,YES,HIT
2026-09-12T23:34:02+00:00,CFB,KXNCAAFGAME-26SEP12UCDSMU-SMU,SMU,yes,8073.55,YES,HIT
2026-09-12T23:34:02+00:00,CFB,KXNCAAFGAME-26SEP12UCDSMU-SMU,SMU,yes,4180.97,YES,HIT
2026-09-12T23:34:02+00:00,CFB,KXNCAAFGAME-26SEP12UCDSMU-SMU,SMU,yes,45370.86,YES,HIT
2026-09-12T23:34:02+00:00,CFB,KXNCAAFGAME-26SEP12USUWASH-USU,Utah St.,yes,29829.65,NO,MISS
2026-09-12T23:34:02+00:00,CFB,KXNCAAFGAME-26SEP12USUWASH-USU,Utah St.,no,5998.86,NO,HIT
2026-09-12T23:34:02+00:00,CFB,KXNCAAFGAME-26SEP12USUWASH-USU,Utah St.,no,10741.28,NO,HIT
2026-09-12T23:34:02+00:00,CFB,KXNCAAFGAME-26SEP12USUWASH-USU,Utah St.,no,14133.96,NO,HIT
2026-09-12T23:34:02+00:00,CFB,KXNCAAFGAME-26SEP12USUWASH-USU,Utah St.,no,3414.42,NO,HIT
2026-09-12T23:34:02+00:00,CFB,KXNCAAFGAME-26SEP12USUWASH-USU,Utah St.,no,2718.21,NO,HIT
2026-09-12T23:34:02+00:00,CFB,KXNCAAFGAME-26SEP12USUWASH-USU,Utah St.,no,10230.69,NO,HIT
2026-09-12T23:34:02+00:00,CFB,KXNCAAFGAME-26SEP12USUWASH-USU,Utah St.,yes,35016.4,NO,MISS
2026-09-12T23:34:02+00:00,CFB,KXNCAAFGAME-26SEP12USUWASH-USU,Utah St.,no,5998.86,NO,HIT
2026-09-12T23:34:02+00:00,CFB,KXNCAAFGAME-26SEP12USUWASH-USU,Utah St.,no,10741.28,NO,HIT
2026-09-12T23:34:02+00:00,CFB,KXNCAAFGAME-26SEP12USUWASH-USU,Utah St.,no,14133.96,NO,HIT
2026-09-12T23:34:02+00:00,CFB,KXNCAAFGAME-26SEP12USUWASH-USU,Utah St.,no,3414.42,NO,HIT
2026-09-12T23:34:02+00:00,CFB,KXNCAAFGAME-26SEP12USUWASH-USU,Utah St.,no,2718.21,NO,HIT
2026-09-12T23:34:02+00:00,CFB,KXNCAAFGAME-26SEP12USUWASH-USU,Utah St.,no,13699.14,NO,HIT
2026-09-12T23:34:02+00:00,CFB,KXNCAAFGAME-26SEP12SHUMASS-SHU,Sacred Heart,no,4545.15,NO,HIT
2026-09-12T23:34:02+00:00,CFB,KXNCAAFGAME-26SEP12SHUMASS-SHU,Sacred Heart,no,2994.81,NO,HIT
2026-09-12T23:34:02+00:00,CFB,KXNCAAFGAME-26SEP12SHUMASS-SHU,Sacred Heart,no,2575.32,NO,HIT
2026-09-12T23:34:02+00:00,CFB,KXNCAAFGAME-26SEP12SHUMASS-SHU,Sacred Heart,no,4545.15,NO,HIT
2026-09-12T23:34:02+00:00,CFB,KXNCAAFGAME-26SEP12SHUMASS-SHU,Sacred Heart,no,2994.81,NO,HIT
2026-09-12T23:34:02+00:00,CFB,KXNCAAFGAME-26SEP12SHUMASS-SHU,Sacred Heart,no,2575.32,NO,HIT
2026-09-12T23:34:02+00:00,CFB,KXNCAAFGAME-26SEP12SHUMASS-MASS,UMass,yes,6430.73,YES,HIT
2026-09-12T23:34:02+00:00,CFB,KXNCAAFGAME-26SEP12SHUMASS-MASS,UMass,yes,1471.1,YES,HIT
2026-09-12T23:34:02+00:00,CFB,KXNCAAFGAME-26SEP12SHUMASS-MASS,UMass,yes,2645.54,YES,HIT
2026-09-12T23:34:02+00:00,CFB,KXNCAAFGAME-26SEP12SHUMASS-MASS,UMass,yes,1218.04,YES,HIT
2026-09-12T23:34:02+00:00,CFB,KXNCAAFGAME-26SEP12SHUMASS-MASS,UMass,yes,3992.32,YES,HIT
2026-09-12T23:34:02+00:00,CFB,KXNCAAFGAME-26SEP12SHUMASS-MASS,UMass,yes,6430.73,YES,HIT
2026-09-12T23:34:02+00:00,CFB,KXNCAAFGAME-26SEP12SHUMASS-MASS,UMass,yes,1471.1,YES,HIT
2026-09-12T23:34:02+00:00,CFB,KXNCAAFGAME-26SEP12SHUMASS-MASS,UMass,yes,2645.54,YES,HIT
2026-09-12T23:34:02+00:00,CFB,KXNCAAFGAME-26SEP12SHUMASS-MASS,UMass,yes,1218.04,YES,HIT
2026-09-12T23:34:02+00:00,CFB,KXNCAAFGAME-26SEP12SHUMASS-MASS,UMass,yes,3992.32,YES,HIT
2026-09-12T23:34:02+00:00,CFB,KXNCAAFGAME-26SEP12EMUMSU-EMU,Eastern Michigan,yes,2427.72,NO,MISS
2026-09-12T23:34:02+00:00,CFB,KXNCAAFGAME-26SEP12EMUMSU-EMU,Eastern Michigan,yes,2285.22,NO,MISS
2026-09-12T23:34:02+00:00,CFB,KXNCAAFGAME-26SEP12EMUMSU-EMU,Eastern Michigan,yes,5583.96,NO,MISS
2026-09-12T23:34:02+00:00,CFB,KXNCAAFGAME-26SEP12EMUMSU-EMU,Eastern Michigan,no,1689.79,NO,HIT
2026-09-12T23:34:02+00:00,CFB,KXNCAAFGAME-26SEP12EMUMSU-EMU,Eastern Michigan,no,4530.38,NO,HIT
2026-09-12T23:34:02+00:00,CFB,KXNCAAFGAME-26SEP12EMUMSU-EMU,Eastern Michigan,no,2682.57,NO,HIT
2026-09-12T23:34:02+00:00,CFB,KXNCAAFGAME-26SEP12EMUMSU-EMU,Eastern Michigan,no,1199.88,NO,HIT
2026-09-12T23:34:02+00:00,CFB,KXNCAAFGAME-26SEP12EMUMSU-EMU,Eastern Michigan,no,1127.16,NO,HIT
2026-09-12T23:34:02+00:00,CFB,KXNCAAFGAME-26SEP12EMUMSU-EMU,Eastern Michigan,no,2033.22,NO,HIT
2026-09-12T23:34:02+00:00,CFB,KXNCAAFGAME-26SEP12EMUMSU-EMU,Eastern Michigan,no,6371.33,NO,HIT
2026-09-12T23:34:02+00:00,CFB,KXNCAAFGAME-26SEP12EMUMSU-EMU,Eastern Michigan,yes,2427.72,NO,MISS
2026-09-12T23:34:02+00:00,CFB,KXNCAAFGAME-26SEP12EMUMSU-EMU,Eastern Michigan,yes,2285.22,NO,MISS
2026-09-12T23:34:02+00:00,CFB,KXNCAAFGAME-26SEP12EMUMSU-EMU,Eastern Michigan,yes,5709.35,NO,MISS
2026-09-12T23:34:02+00:00,CFB,KXNCAAFGAME-26SEP12EMUMSU-EMU,Eastern Michigan,no,1689.79,NO,HIT
2026-09-12T23:34:02+00:00,CFB,KXNCAAFGAME-26SEP12EMUMSU-EMU,Eastern Michigan,no,4530.38,NO,HIT
2026-09-12T23:34:02+00:00,CFB,KXNCAAFGAME-26SEP12EMUMSU-EMU,Eastern Michigan,no,2682.57,NO,HIT
2026-09-12T23:34:02+00:00,CFB,KXNCAAFGAME-26SEP12EMUMSU-EMU,Eastern Michigan,no,1199.88,NO,HIT
2026-09-12T23:34:02+00:00,CFB,KXNCAAFGAME-26SEP12EMUMSU-EMU,Eastern Michigan,no,1127.16,NO,HIT
2026-09-12T23:34:02+00:00,CFB,KXNCAAFGAME-26SEP12EMUMSU-EMU,Eastern Michigan,no,2033.22,NO,HIT
2026-09-12T23:34:02+00:00,CFB,KXNCAAFGAME-26SEP12EMUMSU-EMU,Eastern Michigan,no,9489.44,NO,HIT
2026-09-12T23:34:02+00:00,TENNIS,KXWTAMATCH-26SEP12CANBRA-CAN,Ana Candiotto,yes,9895.02,NO,MISS
2026-09-12T23:34:02+00:00,TENNIS,KXWTAMATCH-26SEP12CANBRA-CAN,Ana Candiotto,no,1039.11,NO,HIT
2026-09-12T23:34:02+00:00,TENNIS,KXWTAMATCH-26SEP12CANBRA-CAN,Ana Candiotto,no,1154.18,NO,HIT
2026-09-12T23:34:02+00:00,TENNIS,KXWTAMATCH-26SEP12CANBRA-CAN,Ana Candiotto,no,1272.16,NO,HIT
2026-09-12T23:34:02+00:00,TENNIS,KXWTAMATCH-26SEP12CANBRA-CAN,Ana Candiotto,no,7992.14,NO,HIT
2026-09-12T23:34:02+00:00,TENNIS,KXWTAMATCH-26SEP12CANBRA-CAN,Ana Candiotto,yes,10858.78,NO,MISS
2026-09-12T23:34:02+00:00,TENNIS,KXWTAMATCH-26SEP12CANBRA-CAN,Ana Candiotto,no,1039.11,NO,HIT
2026-09-12T23:34:02+00:00,TENNIS,KXWTAMATCH-26SEP12CANBRA-CAN,Ana Candiotto,no,1154.18,NO,HIT
2026-09-12T23:34:02+00:00,TENNIS,KXWTAMATCH-26SEP12CANBRA-CAN,Ana Candiotto,no,1272.16,NO,HIT
2026-09-12T23:34:02+00:00,TENNIS,KXWTAMATCH-26SEP12CANBRA-CAN,Ana Candiotto,no,18011.35,NO,HIT
2026-09-12T23:34:02+00:00,TENNIS,KXWTAMATCH-26SEP12BOSCAB-CAB,Lizette Cabrera,yes,83397.5,NO,MISS
2026-09-12T23:34:02+00:00,TENNIS,KXWTAMATCH-26SEP12BOSCAB-CAB,Lizette Cabrera,no,1216.71,NO,HIT
2026-09-12T23:34:02+00:00,TENNIS,KXWTAMATCH-26SEP12BOSCAB-CAB,Lizette Cabrera,no,29955.52,NO,HIT
2026-09-12T23:34:02+00:00,TENNIS,KXWTAMATCH-26SEP12BOSCAB-CAB,Lizette Cabrera,no,6697.59,NO,HIT
2026-09-12T23:34:02+00:00,TENNIS,KXWTAMATCH-26SEP12BOSCAB-CAB,Lizette Cabrera,no,9261.96,NO,HIT
2026-09-12T23:34:02+00:00,TENNIS,KXWTAMATCH-26SEP12BOSCAB-CAB,Lizette Cabrera,yes,88915.76,NO,MISS
2026-09-12T23:34:02+00:00,TENNIS,KXWTAMATCH-26SEP12BOSCAB-CAB,Lizette Cabrera,no,1216.71,NO,HIT
2026-09-12T23:34:02+00:00,TENNIS,KXWTAMATCH-26SEP12BOSCAB-CAB,Lizette Cabrera,no,29955.52,NO,HIT
2026-09-12T23:34:02+00:00,TENNIS,KXWTAMATCH-26SEP12BOSCAB-CAB,Lizette Cabrera,no,6697.59,NO,HIT
2026-09-12T23:34:02+00:00,TENNIS,KXWTAMATCH-26SEP12BOSCAB-CAB,Lizette Cabrera,no,11275.19,NO,HIT
2026-09-12T23:34:02+00:00,TENNIS,KXWTAMATCH-26SEP12BOSCAB-BOS,Victoria Bosio,yes,135462.9,YES,HIT
2026-09-12T23:34:02+00:00,TENNIS,KXWTAMATCH-26SEP12BOSCAB-BOS,Victoria Bosio,no,1135.36,YES,MISS
2026-09-12T23:34:02+00:00,TENNIS,KXWTAMATCH-26SEP12BOSCAB-BOS,Victoria Bosio,no,15311.59,YES,MISS
2026-09-12T23:34:02+00:00,TENNIS,KXWTAMATCH-26SEP12BOSCAB-BOS,Victoria Bosio,no,7931.04,YES,MISS
2026-09-12T23:34:02+00:00,TENNIS,KXWTAMATCH-26SEP12BOSCAB-BOS,Victoria Bosio,no,3226.45,YES,MISS
2026-09-12T23:34:02+00:00,TENNIS,KXWTAMATCH-26SEP12BOSCAB-BOS,Victoria Bosio,no,3361.64,YES,MISS
2026-09-12T23:34:02+00:00,TENNIS,KXWTAMATCH-26SEP12BOSCAB-BOS,Victoria Bosio,no,11855.63,YES,MISS
2026-09-12T23:34:02+00:00,TENNIS,KXWTAMATCH-26SEP12BOSCAB-BOS,Victoria Bosio,yes,142057.14,YES,HIT
2026-09-12T23:34:02+00:00,TENNIS,KXWTAMATCH-26SEP12BOSCAB-BOS,Victoria Bosio,no,1135.36,YES,MISS
2026-09-12T23:34:02+00:00,TENNIS,KXWTAMATCH-26SEP12BOSCAB-BOS,Victoria Bosio,no,15311.59,YES,MISS
2026-09-12T23:34:02+00:00,TENNIS,KXWTAMATCH-26SEP12BOSCAB-BOS,Victoria Bosio,no,7931.04,YES,MISS
2026-09-12T23:34:02+00:00,TENNIS,KXWTAMATCH-26SEP12BOSCAB-BOS,Victoria Bosio,no,3226.45,YES,MISS
2026-09-12T23:34:02+00:00,TENNIS,KXWTAMATCH-26SEP12BOSCAB-BOS,Victoria Bosio,no,3361.64,YES,MISS
2026-09-12T23:34:02+00:00,TENNIS,KXWTAMATCH-26SEP12BOSCAB-BOS,Victoria Bosio,no,14160.73,YES,MISS
2026-09-13T01:21:59+00:00,CFB,KXNCAAFGAME-26SEP12NCATNCCU-NCCU,North Carolina Central,yes,1097.61,YES,HIT
2026-09-13T01:21:59+00:00,CFB,KXNCAAFGAME-26SEP12NCATNCCU-NCCU,North Carolina Central,yes,1919.48,YES,HIT
2026-09-13T01:21:59+00:00,CFB,KXNCAAFGAME-26SEP12NCATNCCU-NCCU,North Carolina Central,yes,6184.17,YES,HIT
2026-09-13T01:21:59+00:00,CFB,KXNCAAFGAME-26SEP12NCATNCCU-NCCU,North Carolina Central,yes,18226.25,YES,HIT
2026-09-13T01:21:59+00:00,CFB,KXNCAAFGAME-26SEP12NCATNCCU-NCCU,North Carolina Central,yes,6184.17,YES,HIT
2026-09-13T01:21:59+00:00,CFB,KXNCAAFGAME-26SEP12NCATNCCU-NCCU,North Carolina Central,yes,18226.25,YES,HIT
2026-09-13T01:21:59+00:00,CFB,KXNCAAFGAME-26SEP12DELVAN-DEL,Delaware,no,1380.0,NO,HIT
2026-09-13T01:21:59+00:00,CFB,KXNCAAFGAME-26SEP12DELVAN-DEL,Delaware,yes,1087.3,NO,MISS
2026-09-13T01:21:59+00:00,CFB,KXNCAAFGAME-26SEP12DELVAN-DEL,Delaware,yes,5293.55,NO,MISS
2026-09-13T01:21:59+00:00,CFB,KXNCAAFGAME-26SEP12DELVAN-DEL,Delaware,no,1210.03,NO,HIT
2026-09-13T01:21:59+00:00,CFB,KXNCAAFGAME-26SEP12DELVAN-DEL,Delaware,no,3598.92,NO,HIT
2026-09-13T01:21:59+00:00,CFB,KXNCAAFGAME-26SEP12DELVAN-DEL,Delaware,no,3312.0,NO,HIT
2026-09-13T01:21:59+00:00,CFB,KXNCAAFGAME-26SEP12DELVAN-DEL,Delaware,no,2586.95,NO,HIT
2026-09-13T01:21:59+00:00,CFB,KXNCAAFGAME-26SEP12DELVAN-DEL,Delaware,no,1536.0,NO,HIT
2026-09-13T01:21:59+00:00,CFB,KXNCAAFGAME-26SEP12DELVAN-DEL,Delaware,no,4265.8,NO,HIT
2026-09-13T01:21:59+00:00,CFB,KXNCAAFGAME-26SEP12DELVAN-DEL,Delaware,yes,1087.3,NO,MISS
2026-09-13T01:21:59+00:00,CFB,KXNCAAFGAME-26SEP12DELVAN-DEL,Delaware,yes,5293.55,NO,MISS
2026-09-13T01:21:59+00:00,CFB,KXNCAAFGAME-26SEP12DELVAN-DEL,Delaware,yes,10055.93,NO,MISS
2026-09-13T01:21:59+00:00,CFB,KXNCAAFGAME-26SEP12DELVAN-DEL,Delaware,no,1210.03,NO,HIT
2026-09-13T01:21:59+00:00,CFB,KXNCAAFGAME-26SEP12DELVAN-DEL,Delaware,no,3598.92,NO,HIT
2026-09-13T01:21:59+00:00,CFB,KXNCAAFGAME-26SEP12DELVAN-DEL,Delaware,no,3312.0,NO,HIT
2026-09-13T01:21:59+00:00,CFB,KXNCAAFGAME-26SEP12DELVAN-DEL,Delaware,no,2586.95,NO,HIT
2026-09-13T01:21:59+00:00,CFB,KXNCAAFGAME-26SEP12DELVAN-DEL,Delaware,no,1536.0,NO,HIT
2026-09-13T01:21:59+00:00,CFB,KXNCAAFGAME-26SEP12DELVAN-DEL,Delaware,no,4265.8,NO,HIT
2026-09-13T01:21:59+00:00,CFB,KXNCAAFGAME-26SEP12DELVAN-DEL,Delaware,no,5718.59,NO,HIT
2026-09-13T01:21:59+00:00,CFB,KXNCAAFGAME-26SEP12DELVAN-DEL,Delaware,yes,2630.53,NO,MISS
2026-09-13T01:21:59+00:00,CFB,KXNCAAFGAME-26SEP12DELVAN-DEL,Delaware,no,13252.32,NO,HIT
2026-09-13T01:21:59+00:00,CFB,KXNCAAFGAME-26SEP12DELVAN-DEL,Delaware,no,5088.06,NO,HIT
2026-09-13T01:21:59+00:00,CFB,KXNCAAFGAME-26SEP12DELVAN-DEL,Delaware,no,8673.67,NO,HIT
2026-09-13T01:21:59+00:00,CFB,KXNCAAFGAME-26SEP12DELVAN-DEL,Delaware,no,12752.35,NO,HIT
2026-09-13T01:21:59+00:00,CFB,KXNCAAFGAME-26SEP12DELVAN-DEL,Delaware,no,41289.77,NO,HIT
2026-09-13T01:21:59+00:00,CFB,KXNCAAFGAME-26SEP12DELVAN-DEL,Delaware,no,15353.87,NO,HIT
2026-09-13T01:21:59+00:00,CFB,KXNCAAFGAME-26SEP12DELVAN-DEL,Delaware,no,8871.07,NO,HIT
2026-09-13T01:21:59+00:00,CFB,KXNCAAFGAME-26SEP12DELVAN-DEL,Delaware,no,2088.61,NO,HIT
2026-09-13T01:21:59+00:00,CFB,KXNCAAFGAME-26SEP12DELVAN-DEL,Delaware,no,41550.14,NO,HIT
2026-09-13T01:21:59+00:00,CFB,KXNCAAFGAME-26SEP12CALSYR-CAL,California,yes,1826.98,YES,HIT
2026-09-13T01:21:59+00:00,CFB,KXNCAAFGAME-26SEP12CALSYR-CAL,California,no,1563.55,YES,MISS
2026-09-13T01:21:59+00:00,CFB,KXNCAAFGAME-26SEP12CALSYR-CAL,California,yes,1263.92,YES,HIT
2026-09-13T01:21:59+00:00,CFB,KXNCAAFGAME-26SEP12CALSYR-CAL,California,yes,19817.41,YES,HIT
2026-09-13T01:21:59+00:00,CFB,KXNCAAFGAME-26SEP12CALSYR-CAL,California,yes,1263.92,YES,HIT
2026-09-13T01:21:59+00:00,CFB,KXNCAAFGAME-26SEP12CALSYR-CAL,California,yes,21624.31,YES,HIT
2026-09-13T01:21:59+00:00,CFB,KXNCAAFGAME-26SEP12CALSYR-CAL,California,no,6688.58,YES,MISS
2026-09-13T01:21:59+00:00,CFB,KXNCAAFGAME-26SEP12CALSYR-CAL,California,no,21440.24,YES,MISS
2026-09-13T01:21:59+00:00,CFB,KXNCAAFGAME-26SEP12CALSYR-CAL,California,no,7136.14,YES,MISS
2026-09-13T01:21:59+00:00,CFB,KXNCAAFGAME-26SEP12CALSYR-CAL,California,no,21061.65,YES,MISS
2026-09-13T01:21:59+00:00,CFB,KXNCAAFGAME-26SEP12CALSYR-CAL,California,no,11110.0,YES,MISS
2026-09-13T01:21:59+00:00,CFB,KXNCAAFGAME-26SEP12CALSYR-CAL,California,no,6688.58,YES,MISS
2026-09-13T01:21:59+00:00,CFB,KXNCAAFGAME-26SEP12CALSYR-CAL,California,no,21440.24,YES,MISS
2026-09-13T01:21:59+00:00,CFB,KXNCAAFGAME-26SEP12CALSYR-CAL,California,no,7136.14,YES,MISS
2026-09-13T01:21:59+00:00,CFB,KXNCAAFGAME-26SEP12CALSYR-CAL,California,no,21061.65,YES,MISS
2026-09-13T01:21:59+00:00,CFB,KXNCAAFGAME-26SEP12CALSYR-CAL,California,no,11110.0,YES,MISS
2026-09-13T01:21:59+00:00,CFB,KXNCAAFGAME-26SEP12CALSYR-CAL,California,no,92177.77,YES,MISS
2026-09-13T01:21:59+00:00,CFB,KXNCAAFGAME-26SEP12CALSYR-CAL,California,yes,593239.76,YES,HIT
2026-09-13T01:21:59+00:00,CFB,KXNCAAFGAME-26SEP12UTUMONT-UTU,Utah Tech,no,8298.61,NO,HIT
2026-09-13T01:21:59+00:00,CFB,KXNCAAFGAME-26SEP12UTUMONT-UTU,Utah Tech,no,2461.21,NO,HIT
2026-09-13T01:21:59+00:00,CFB,KXNCAAFGAME-26SEP12UTUMONT-UTU,Utah Tech,yes,1824.82,NO,MISS
2026-09-13T01:21:59+00:00,CFB,KXNCAAFGAME-26SEP12UTUMONT-UTU,Utah Tech,no,2313.48,NO,HIT
2026-09-13T01:21:59+00:00,CFB,KXNCAAFGAME-26SEP12UTUMONT-UTU,Utah Tech,no,2568.95,NO,HIT
2026-09-13T01:21:59+00:00,CFB,KXNCAAFGAME-26SEP12UTUMONT-UTU,Utah Tech,no,2065.77,NO,HIT
2026-09-13T01:21:59+00:00,CFB,KXNCAAFGAME-26SEP12UTUMONT-UTU,Utah Tech,no,2234.53,NO,HIT
2026-09-13T01:21:59+00:00,CFB,KXNCAAFGAME-26SEP12UTUMONT-UTU,Utah Tech,no,2065.05,NO,HIT
2026-09-13T01:21:59+00:00,CFB,KXNCAAFGAME-26SEP12UTUMONT-UTU,Utah Tech,no,2068.61,NO,HIT
2026-09-13T01:21:59+00:00,CFB,KXNCAAFGAME-26SEP12UTUMONT-UTU,Utah Tech,yes,1868.12,NO,MISS
2026-09-13T01:21:59+00:00,CFB,KXNCAAFGAME-26SEP12UTUMONT-UTU,Utah Tech,no,2313.48,NO,HIT
2026-09-13T01:21:59+00:00,CFB,KXNCAAFGAME-26SEP12UTUMONT-UTU,Utah Tech,no,2568.95,NO,HIT
2026-09-13T01:21:59+00:00,CFB,KXNCAAFGAME-26SEP12UTUMONT-UTU,Utah Tech,no,2065.77,NO,HIT
2026-09-13T01:21:59+00:00,CFB,KXNCAAFGAME-26SEP12UTUMONT-UTU,Utah Tech,no,2234.53,NO,HIT
2026-09-13T01:21:59+00:00,CFB,KXNCAAFGAME-26SEP12UTUMONT-UTU,Utah Tech,no,2065.05,NO,HIT
2026-09-13T01:21:59+00:00,CFB,KXNCAAFGAME-26SEP12UTUMONT-UTU,Utah Tech,no,2068.61,NO,HIT
2026-09-13T01:21:59+00:00,CFB,KXNCAAFGAME-26SEP12UTUMONT-MONT,Montana,yes,1279.58,YES,HIT
2026-09-13T01:21:59+00:00,CFB,KXNCAAFGAME-26SEP12UTUMONT-MONT,Montana,yes,5995.8,YES,HIT
2026-09-13T01:21:59+00:00,CFB,KXNCAAFGAME-26SEP12UTUMONT-MONT,Montana,yes,2460.15,YES,HIT
2026-09-13T01:21:59+00:00,CFB,KXNCAAFGAME-26SEP12UTUMONT-MONT,Montana,yes,4195.03,YES,HIT
2026-09-13T01:21:59+00:00,CFB,KXNCAAFGAME-26SEP12UTUMONT-MONT,Montana,yes,4195.03,YES,HIT
2026-09-13T01:21:59+00:00,CFB,KXNCAAFGAME-26SEP12DRKEUNI-UNI,Northern Iowa,yes,3913.92,YES,HIT
2026-09-13T01:21:59+00:00,CFB,KXNCAAFGAME-26SEP12DRKEUNI-UNI,Northern Iowa,yes,2460.0,YES,HIT
2026-09-13T01:21:59+00:00,CFB,KXNCAAFGAME-26SEP12DRKEUNI-UNI,Northern Iowa,yes,2259.73,YES,HIT
2026-09-13T01:21:59+00:00,CFB,KXNCAAFGAME-26SEP12DRKEUNI-UNI,Northern Iowa,yes,2465.56,YES,HIT
2026-09-13T01:21:59+00:00,CFB,KXNCAAFGAME-26SEP12DRKEUNI-UNI,Northern Iowa,yes,1542.79,YES,HIT
2026-09-13T01:21:59+00:00,CFB,KXNCAAFGAME-26SEP12DRKEUNI-UNI,Northern Iowa,yes,1202.61,YES,HIT
2026-09-13T01:21:59+00:00,CFB,KXNCAAFGAME-26SEP12DRKEUNI-UNI,Northern Iowa,yes,2259.73,YES,HIT
2026-09-13T01:21:59+00:00,CFB,KXNCAAFGAME-26SEP12DRKEUNI-UNI,Northern Iowa,yes,2465.56,YES,HIT
2026-09-13T01:21:59+00:00,CFB,KXNCAAFGAME-26SEP12DRKEUNI-UNI,Northern Iowa,yes,1542.79,YES,HIT
2026-09-13T01:21:59+00:00,CFB,KXNCAAFGAME-26SEP12DRKEUNI-UNI,Northern Iowa,yes,1202.61,YES,HIT
2026-09-13T01:21:59+00:00,CFB,KXNCAAFGAME-26SEP12DRKEUNI-UNI,Northern Iowa,yes,1360.18,YES,HIT
2026-09-13T01:21:59+00:00,CFB,KXNCAAFGAME-26SEP12DRKEUNI-UNI,Northern Iowa,yes,11857.92,YES,HIT
2026-09-13T01:21:59+00:00,CFB,KXNCAAFGAME-26SEP12DRKEUNI-UNI,Northern Iowa,yes,3770.75,YES,HIT
2026-09-13T01:21:59+00:00,CFB,KXNCAAFGAME-26SEP12DRKEUNI-UNI,Northern Iowa,yes,1360.18,YES,HIT
2026-09-13T01:21:59+00:00,CFB,KXNCAAFGAME-26SEP12DRKEUNI-UNI,Northern Iowa,yes,11857.92,YES,HIT
2026-09-13T01:21:59+00:00,CFB,KXNCAAFGAME-26SEP12DRKEUNI-UNI,Northern Iowa,yes,3770.75,YES,HIT
2026-09-13T01:21:59+00:00,CFB,KXNCAAFGAME-26SEP12UNCOWYO-WYO,Wyoming,yes,1880.0,YES,HIT
2026-09-13T01:21:59+00:00,CFB,KXNCAAFGAME-26SEP12UNCOWYO-WYO,Wyoming,yes,1075.8,YES,HIT
2026-09-13T01:21:59+00:00,CFB,KXNCAAFGAME-26SEP12UNCOWYO-WYO,Wyoming,yes,1861.57,YES,HIT
2026-09-13T01:21:59+00:00,CFB,KXNCAAFGAME-26SEP12UNCOWYO-WYO,Wyoming,yes,42617.52,YES,HIT
2026-09-13T01:21:59+00:00,CFB,KXNCAAFGAME-26SEP12UNCOWYO-WYO,Wyoming,yes,28862.38,YES,HIT
2026-09-13T01:21:59+00:00,CFB,KXNCAAFGAME-26SEP12UNCOWYO-WYO,Wyoming,yes,1075.8,YES,HIT
2026-09-13T01:21:59+00:00,CFB,KXNCAAFGAME-26SEP12UNCOWYO-WYO,Wyoming,yes,1861.57,YES,HIT
2026-09-13T01:21:59+00:00,CFB,KXNCAAFGAME-26SEP12UNCOWYO-WYO,Wyoming,yes,42617.52,YES,HIT
2026-09-13T01:21:59+00:00,CFB,KXNCAAFGAME-26SEP12UNCOWYO-WYO,Wyoming,yes,28862.38,YES,HIT
2026-09-13T01:21:59+00:00,CFB,KXNCAAFGAME-26SEP12UNCOWYO-WYO,Wyoming,yes,35050.63,YES,HIT
2026-09-13T01:21:59+00:00,CFB,KXNCAAFGAME-26SEP12UNCOWYO-WYO,Wyoming,yes,184885.11,YES,HIT
2026-09-13T01:21:59+00:00,CFB,KXNCAAFGAME-26SEP12UNCOWYO-WYO,Wyoming,no,1270.96,YES,MISS
2026-09-13T01:21:59+00:00,CFB,KXNCAAFGAME-26SEP12UNCOWYO-WYO,Wyoming,no,10484.34,YES,MISS
2026-09-13T01:21:59+00:00,CFB,KXNCAAFGAME-26SEP12UNCOWYO-WYO,Wyoming,no,1890.69,YES,MISS
2026-09-13T01:21:59+00:00,CFB,KXNCAAFGAME-26SEP12UNCOWYO-WYO,Wyoming,no,2902.98,YES,MISS
2026-09-13T01:21:59+00:00,CFB,KXNCAAFGAME-26SEP12UNCOWYO-WYO,Wyoming,no,2841.37,YES,MISS
2026-09-13T01:21:59+00:00,CFB,KXNCAAFGAME-26SEP12UNCOWYO-WYO,Wyoming,no,3191.37,YES,MISS
2026-09-13T01:21:59+00:00,CFB,KXNCAAFGAME-26SEP12UNCOWYO-WYO,Wyoming,no,14657.03,YES,MISS
2026-09-13T01:21:59+00:00,MLB,KXMLBGAME-26SEP121810HOUTB-HOU,Houston,yes,4831.64,NO,MISS
2026-09-13T01:21:59+00:00,MLB,KXMLBGAME-26SEP121810HOUTB-HOU,Houston,yes,1344.43,NO,MISS
2026-09-13T01:21:59+00:00,MLB,KXMLBGAME-26SEP121810HOUTB-HOU,Houston,yes,2719.92,NO,MISS
2026-09-13T01:21:59+00:00,MLB,KXMLBGAME-26SEP121810HOUTB-HOU,Houston,yes,1067.79,NO,MISS
2026-09-13T01:21:59+00:00,MLB,KXMLBGAME-26SEP121810HOUTB-HOU,Houston,yes,7629.73,NO,MISS
2026-09-13T01:21:59+00:00,MLB,KXMLBGAME-26SEP121810HOUTB-HOU,Houston,yes,1344.43,NO,MISS
2026-09-13T01:21:59+00:00,MLB,KXMLBGAME-26SEP121810HOUTB-HOU,Houston,yes,2719.92,NO,MISS
2026-09-13T01:21:59+00:00,MLB,KXMLBGAME-26SEP121810HOUTB-HOU,Houston,yes,1067.79,NO,MISS
2026-09-13T01:21:59+00:00,MLB,KXMLBGAME-26SEP121810HOUTB-HOU,Houston,yes,8826.47,NO,MISS
2026-09-13T01:21:59+00:00,MLB,KXMLBGAME-26SEP121810HOUTB-HOU,Houston,yes,128236.82,NO,MISS
2026-09-13T01:21:59+00:00,MLB,KXMLBGAME-26SEP121810HOUTB-HOU,Houston,no,3844.34,NO,HIT
2026-09-13T01:21:59+00:00,MLB,KXMLBGAME-26SEP121810HOUTB-HOU,Houston,no,2398.64,NO,HIT
2026-09-13T01:21:59+00:00,MLB,KXMLBGAME-26SEP121810HOUTB-HOU,Houston,no,1291.23,NO,HIT
2026-09-13T01:21:59+00:00,MLB,KXMLBGAME-26SEP121810HOUTB-HOU,Houston,no,1745.86,NO,HIT
2026-09-13T01:21:59+00:00,MLB,KXMLBGAME-26SEP121810HOUTB-HOU,Houston,no,2683.42,NO,HIT
2026-09-13T01:21:59+00:00,MLB,KXMLBGAME-26SEP121810HOUTB-HOU,Houston,no,2400.67,NO,HIT
2026-09-13T01:21:59+00:00,MLB,KXMLBGAME-26SEP121810HOUTB-HOU,Houston,no,48744.09,NO,HIT
2026-09-13T01:21:59+00:00,CFB,KXNCAAFGAME-26SEP12UTSATXST-TXST,Texas St.,yes,5078.95,NO,MISS
2026-09-13T01:21:59+00:00,CFB,KXNCAAFGAME-26SEP12UTSATXST-TXST,Texas St.,yes,1045.2,NO,MISS
2026-09-13T01:21:59+00:00,CFB,KXNCAAFGAME-26SEP12UTSATXST-TXST,Texas St.,yes,1558.79,NO,MISS
2026-09-13T01:21:59+00:00,CFB,KXNCAAFGAME-26SEP12UTSATXST-TXST,Texas St.,yes,2194.35,NO,MISS
2026-09-13T01:21:59+00:00,CFB,KXNCAAFGAME-26SEP12UTSATXST-TXST,Texas St.,yes,3157.64,NO,MISS
2026-09-13T01:21:59+00:00,CFB,KXNCAAFGAME-26SEP12UTSATXST-TXST,Texas St.,yes,2194.35,NO,MISS
2026-09-13T01:21:59+00:00,CFB,KXNCAAFGAME-26SEP12UTSATXST-TXST,Texas St.,yes,5404.21,NO,MISS
2026-09-13T01:21:59+00:00,CFB,KXNCAAFGAME-26SEP12UTSATXST-TXST,Texas St.,no,1139.8,NO,HIT
2026-09-13T01:21:59+00:00,CFB,KXNCAAFGAME-26SEP12UTSATXST-TXST,Texas St.,no,1238.08,NO,HIT
2026-09-13T01:21:59+00:00,CFB,KXNCAAFGAME-26SEP12UTSATXST-TXST,Texas St.,no,2367.49,NO,HIT
2026-09-13T01:21:59+00:00,CFB,KXNCAAFGAME-26SEP12UTSATXST-TXST,Texas St.,no,4651.35,NO,HIT
2026-09-13T01:21:59+00:00,CFB,KXNCAAFGAME-26SEP12UTSATXST-TXST,Texas St.,no,5238.1,NO,HIT
2026-09-13T01:21:59+00:00,CFB,KXNCAAFGAME-26SEP12UTSATXST-TXST,Texas St.,no,2379.4,NO,HIT
2026-09-13T01:21:59+00:00,CFB,KXNCAAFGAME-26SEP12UTSATXST-TXST,Texas St.,no,2582.71,NO,HIT
2026-09-13T01:21:59+00:00,CFB,KXNCAAFGAME-26SEP12UTSATXST-TXST,Texas St.,no,1295.91,NO,HIT
2026-09-13T01:21:59+00:00,CFB,KXNCAAFGAME-26SEP12UTSATXST-TXST,Texas St.,no,1139.8,NO,HIT
2026-09-13T01:21:59+00:00,CFB,KXNCAAFGAME-26SEP12UTSATXST-TXST,Texas St.,no,1238.08,NO,HIT
2026-09-13T01:21:59+00:00,CFB,KXNCAAFGAME-26SEP12UTSATXST-TXST,Texas St.,no,2367.49,NO,HIT
2026-09-13T01:21:59+00:00,CFB,KXNCAAFGAME-26SEP12UTSATXST-TXST,Texas St.,no,4651.35,NO,HIT
2026-09-13T01:21:59+00:00,CFB,KXNCAAFGAME-26SEP12UTSATXST-TXST,Texas St.,no,5238.1,NO,HIT
2026-09-13T01:21:59+00:00,CFB,KXNCAAFGAME-26SEP12UTSATXST-TXST,Texas St.,no,2379.4,NO,HIT
2026-09-13T01:21:59+00:00,CFB,KXNCAAFGAME-26SEP12UTSATXST-TXST,Texas St.,no,2582.71,NO,HIT
2026-09-13T01:21:59+00:00,CFB,KXNCAAFGAME-26SEP12UTSATXST-TXST,Texas St.,no,1295.91,NO,HIT
2026-09-13T01:21:59+00:00,CFB,KXNCAAFGAME-26SEP12UTSATXST-TXST,Texas St.,no,2189.4,NO,HIT
2026-09-13T01:21:59+00:00,CFB,KXNCAAFGAME-26SEP12UTSATXST-TXST,Texas St.,no,1615.52,NO,HIT
2026-09-13T01:21:59+00:00,CFB,KXNCAAFGAME-26SEP12UTSATXST-TXST,Texas St.,no,1596.55,NO,HIT
2026-09-13T01:21:59+00:00,CFB,KXNCAAFGAME-26SEP12UTSATXST-TXST,Texas St.,no,9387.14,NO,HIT
2026-09-13T01:21:59+00:00,CFB,KXNCAAFGAME-26SEP12UTSATXST-TXST,Texas St.,no,107168.22,NO,HIT
2026-09-13T01:21:59+00:00,CFB,KXNCAAFGAME-26SEP12ALBYLIU-LIU,LIU,yes,3011.11,NO,MISS
2026-09-13T01:21:59+00:00,CFB,KXNCAAFGAME-26SEP12ALBYLIU-LIU,LIU,yes,4252.04,NO,MISS
2026-09-13T01:21:59+00:00,CFB,KXNCAAFGAME-26SEP12ALBYLIU-LIU,LIU,no,1099.24,NO,HIT
2026-09-13T01:21:59+00:00,CFB,KXNCAAFGAME-26SEP12ALBYLIU-LIU,LIU,no,1066.07,NO,HIT
2026-09-13T01:21:59+00:00,CFB,KXNCAAFGAME-26SEP12ALBYLIU-LIU,LIU,no,1426.17,NO,HIT
2026-09-13T01:21:59+00:00,CFB,KXNCAAFGAME-26SEP12ALBYLIU-LIU,LIU,no,1430.38,NO,HIT
2026-09-13T01:21:59+00:00,CFB,KXNCAAFGAME-26SEP12ALBYLIU-LIU,LIU,no,1921.73,NO,HIT
2026-09-13T01:21:59+00:00,CFB,KXNCAAFGAME-26SEP12ALBYLIU-LIU,LIU,no,6671.64,NO,HIT
2026-09-13T01:21:59+00:00,CFB,KXNCAAFGAME-26SEP12ALBYLIU-LIU,LIU,no,1455.3,NO,HIT
2026-09-13T01:21:59+00:00,CFB,KXNCAAFGAME-26SEP12ALBYLIU-LIU,LIU,no,1430.38,NO,HIT
2026-09-13T01:21:59+00:00,CFB,KXNCAAFGAME-26SEP12ALBYLIU-LIU,LIU,no,1921.73,NO,HIT
2026-09-13T01:21:59+00:00,CFB,KXNCAAFGAME-26SEP12ALBYLIU-LIU,LIU,no,6671.64,NO,HIT
2026-09-13T01:21:59+00:00,CFB,KXNCAAFGAME-26SEP12ALBYLIU-LIU,LIU,no,1455.3,NO,HIT
2026-09-13T01:21:59+00:00,CFB,KXNCAAFGAME-26SEP12ALBYLIU-ALBY,University at Albany,yes,2001.23,YES,HIT
2026-09-13T01:21:59+00:00,CFB,KXNCAAFGAME-26SEP12ALBYLIU-ALBY,University at Albany,yes,1159.38,YES,HIT
2026-09-13T01:21:59+00:00,CFB,KXNCAAFGAME-26SEP12ALBYLIU-ALBY,University at Albany,yes,1705.19,YES,HIT
2026-09-13T01:21:59+00:00,CFB,KXNCAAFGAME-26SEP12ALBYLIU-ALBY,University at Albany,no,1461.77,YES,MISS
2026-09-13T01:21:59+00:00,CFB,KXNCAAFGAME-26SEP12ALBYLIU-ALBY,University at Albany,no,16852.74,YES,MISS
2026-09-13T01:21:59+00:00,CFB,KXNCAAFGAME-26SEP12ALBYLIU-ALBY,University at Albany,yes,1272.36,YES,HIT
2026-09-13T01:21:59+00:00,CFB,KXNCAAFGAME-26SEP12ALBYLIU-ALBY,University at Albany,yes,1444.51,YES,HIT
2026-09-13T01:21:59+00:00,CFB,KXNCAAFGAME-26SEP12ALBYLIU-ALBY,University at Albany,yes,5353.67,YES,HIT
2026-09-13T01:21:59+00:00,CFB,KXNCAAFGAME-26SEP12ALBYLIU-ALBY,University at Albany,yes,7330.12,YES,HIT
2026-09-13T01:21:59+00:00,CFB,KXNCAAFGAME-26SEP12ALBYLIU-ALBY,University at Albany,yes,6269.06,YES,HIT
2026-09-13T01:21:59+00:00,CFB,KXNCAAFGAME-26SEP12ALBYLIU-ALBY,University at Albany,yes,1154.97,YES,HIT
2026-09-13T01:21:59+00:00,CFB,KXNCAAFGAME-26SEP12ALBYLIU-ALBY,University at Albany,yes,4179.95,YES,HIT
2026-09-13T01:21:59+00:00,CFB,KXNCAAFGAME-26SEP12ALBYLIU-ALBY,University at Albany,yes,6823.28,YES,HIT
2026-09-13T01:21:59+00:00,CFB,KXNCAAFGAME-26SEP12ALBYLIU-ALBY,University at Albany,yes,6269.06,YES,HIT
2026-09-13T01:21:59+00:00,CFB,KXNCAAFGAME-26SEP12ALBYLIU-ALBY,University at Albany,yes,1154.97,YES,HIT
2026-09-13T01:21:59+00:00,CFB,KXNCAAFGAME-26SEP12ALBYLIU-ALBY,University at Albany,yes,4179.95,YES,HIT
2026-09-13T01:21:59+00:00,CFB,KXNCAAFGAME-26SEP12ALBYLIU-ALBY,University at Albany,yes,6823.28,YES,HIT
2026-09-13T01:21:59+00:00,MLB,KXMLBGAME-26SEP121810HOUTB-TB,Tampa Bay,yes,13259.24,YES,HIT
2026-09-13T01:21:59+00:00,MLB,KXMLBGAME-26SEP121810HOUTB-TB,Tampa Bay,yes,2025.51,YES,HIT
2026-09-13T01:21:59+00:00,MLB,KXMLBGAME-26SEP121810HOUTB-TB,Tampa Bay,no,2200.0,YES,MISS
2026-09-13T01:21:59+00:00,MLB,KXMLBGAME-26SEP121810HOUTB-TB,Tampa Bay,yes,1405.88,YES,HIT
2026-09-13T01:21:59+00:00,MLB,KXMLBGAME-26SEP121810HOUTB-TB,Tampa Bay,yes,1405.88,YES,HIT
2026-09-13T01:21:59+00:00,MLB,KXMLBGAME-26SEP121810HOUTB-TB,Tampa Bay,yes,2817.58,YES,HIT
2026-09-13T01:21:59+00:00,MLB,KXMLBGAME-26SEP121810HOUTB-TB,Tampa Bay,yes,1460.19,YES,HIT
2026-09-13T01:21:59+00:00,MLB,KXMLBGAME-26SEP121810HOUTB-TB,Tampa Bay,yes,3924.94,YES,HIT
2026-09-13T01:21:59+00:00,MLB,KXMLBGAME-26SEP121810HOUTB-TB,Tampa Bay,yes,6723.14,YES,HIT
2026-09-13T01:21:59+00:00,MLB,KXMLBGAME-26SEP121810HOUTB-TB,Tampa Bay,yes,3824.51,YES,HIT
2026-09-13T01:21:59+00:00,MLB,KXMLBGAME-26SEP121810HOUTB-TB,Tampa Bay,yes,2817.58,YES,HIT
2026-09-13T01:21:59+00:00,MLB,KXMLBGAME-26SEP121810HOUTB-TB,Tampa Bay,yes,1460.19,YES,HIT
2026-09-13T01:21:59+00:00,MLB,KXMLBGAME-26SEP121810HOUTB-TB,Tampa Bay,yes,3924.94,YES,HIT
2026-09-13T01:21:59+00:00,MLB,KXMLBGAME-26SEP121810HOUTB-TB,Tampa Bay,yes,6723.14,YES,HIT
2026-09-13T01:21:59+00:00,MLB,KXMLBGAME-26SEP121810HOUTB-TB,Tampa Bay,yes,6690.68,YES,HIT
2026-09-13T01:21:59+00:00,MLB,KXMLBGAME-26SEP121810HOUTB-TB,Tampa Bay,no,1479.32,YES,MISS
2026-09-13T01:21:59+00:00,MLB,KXMLBGAME-26SEP121810HOUTB-TB,Tampa Bay,no,2204.84,YES,MISS
2026-09-13T01:21:59+00:00,MLB,KXMLBGAME-26SEP121810HOUTB-TB,Tampa Bay,no,2700.29,YES,MISS
2026-09-13T01:21:59+00:00,MLB,KXMLBGAME-26SEP121810HOUTB-TB,Tampa Bay,no,3096.49,YES,MISS
2026-09-13T01:21:59+00:00,MLB,KXMLBGAME-26SEP121810HOUTB-TB,Tampa Bay,no,8574.79,YES,MISS
2026-09-13T01:21:59+00:00,MLB,KXMLBGAME-26SEP121810HOUTB-TB,Tampa Bay,no,6445.17,YES,MISS
2026-09-13T01:21:59+00:00,MLB,KXMLBGAME-26SEP121810HOUTB-TB,Tampa Bay,no,23595.86,YES,MISS
2026-09-13T01:21:59+00:00,CFB,KXNCAAFGAME-26SEP12ALSTTROY-TROY,Troy,yes,1487.7,YES,HIT
2026-09-13T01:21:59+00:00,CFB,KXNCAAFGAME-26SEP12ALSTTROY-TROY,Troy,yes,1000.6,YES,HIT
2026-09-13T01:21:59+00:00,CFB,KXNCAAFGAME-26SEP12ALSTTROY-TROY,Troy,yes,1159.88,YES,HIT
2026-09-13T01:21:59+00:00,CFB,KXNCAAFGAME-26SEP12ALSTTROY-TROY,Troy,yes,1399.43,YES,HIT
2026-09-13T01:21:59+00:00,CFB,KXNCAAFGAME-26SEP12ALSTTROY-TROY,Troy,yes,23781.58,YES,HIT
2026-09-13T01:21:59+00:00,CFB,KXNCAAFGAME-26SEP12ALSTTROY-TROY,Troy,yes,5246.07,YES,HIT
2026-09-13T01:21:59+00:00,CFB,KXNCAAFGAME-26SEP12ALSTTROY-TROY,Troy,yes,1690.71,YES,HIT
2026-09-13T01:21:59+00:00,CFB,KXNCAAFGAME-26SEP12ALSTTROY-TROY,Troy,yes,5036.19,YES,HIT
2026-09-13T01:21:59+00:00,CFB,KXNCAAFGAME-26SEP12ALSTTROY-TROY,Troy,yes,1000.6,YES,HIT
2026-09-13T01:21:59+00:00,CFB,KXNCAAFGAME-26SEP12ALSTTROY-TROY,Troy,yes,1159.88,YES,HIT
2026-09-13T01:21:59+00:00,CFB,KXNCAAFGAME-26SEP12ALSTTROY-TROY,Troy,yes,1399.43,YES,HIT
2026-09-13T01:21:59+00:00,CFB,KXNCAAFGAME-26SEP12ALSTTROY-TROY,Troy,yes,23781.58,YES,HIT
2026-09-13T01:21:59+00:00,CFB,KXNCAAFGAME-26SEP12ALSTTROY-TROY,Troy,yes,5246.07,YES,HIT
2026-09-13T01:21:59+00:00,CFB,KXNCAAFGAME-26SEP12ALSTTROY-TROY,Troy,yes,1690.71,YES,HIT
2026-09-13T01:21:59+00:00,CFB,KXNCAAFGAME-26SEP12ALSTTROY-TROY,Troy,yes,5036.19,YES,HIT
2026-09-13T01:21:59+00:00,CFB,KXNCAAFGAME-26SEP12ALSTTROY-TROY,Troy,yes,4929.58,YES,HIT
2026-09-13T01:21:59+00:00,CFB,KXNCAAFGAME-26SEP12ALSTTROY-TROY,Troy,yes,8288.55,YES,HIT
2026-09-13T01:21:59+00:00,CFB,KXNCAAFGAME-26SEP12ALSTTROY-TROY,Troy,yes,64942.02,YES,HIT
2026-09-13T01:21:59+00:00,CFB,KXNCAAFGAME-26SEP12ALSTTROY-TROY,Troy,yes,15064.33,YES,HIT
2026-09-13T01:21:59+00:00,CFB,KXNCAAFGAME-26SEP12ALSTTROY-TROY,Troy,yes,43443.99,YES,HIT
2026-09-13T01:21:59+00:00,CFB,KXNCAAFGAME-26SEP12UTSATXST-UTSA,UTSA,yes,1128.32,YES,HIT
2026-09-13T01:21:59+00:00,CFB,KXNCAAFGAME-26SEP12UTSATXST-UTSA,UTSA,yes,5898.48,YES,HIT
2026-09-13T01:21:59+00:00,CFB,KXNCAAFGAME-26SEP12UTSATXST-UTSA,UTSA,yes,7131.6,YES,HIT
2026-09-13T01:21:59+00:00,CFB,KXNCAAFGAME-26SEP12UTSATXST-UTSA,UTSA,yes,30407.43,YES,HIT
2026-09-13T01:21:59+00:00,CFB,KXNCAAFGAME-26SEP12UTSATXST-UTSA,UTSA,no,3288.44,YES,MISS
2026-09-13T01:21:59+00:00,CFB,KXNCAAFGAME-26SEP12UTSATXST-UTSA,UTSA,no,1848.55,YES,MISS
2026-09-13T01:21:59+00:00,CFB,KXNCAAFGAME-26SEP12UTSATXST-UTSA,UTSA,no,4114.37,YES,MISS
2026-09-13T01:21:59+00:00,CFB,KXNCAAFGAME-26SEP12UTSATXST-UTSA,UTSA,no,6996.22,YES,MISS
2026-09-13T01:21:59+00:00,CFB,KXNCAAFGAME-26SEP12UTSATXST-UTSA,UTSA,yes,30477.38,YES,HIT
2026-09-13T01:21:59+00:00,CFB,KXNCAAFGAME-26SEP12UTSATXST-UTSA,UTSA,no,3288.44,YES,MISS
2026-09-13T01:21:59+00:00,CFB,KXNCAAFGAME-26SEP12UTSATXST-UTSA,UTSA,no,1848.55,YES,MISS
2026-09-13T01:21:59+00:00,CFB,KXNCAAFGAME-26SEP12UTSATXST-UTSA,UTSA,no,4114.37,YES,MISS
2026-09-13T01:21:59+00:00,CFB,KXNCAAFGAME-26SEP12UTSATXST-UTSA,UTSA,no,6996.22,YES,MISS
2026-09-13T01:21:59+00:00,CFB,KXNCAAFGAME-26SEP12UTSATXST-UTSA,UTSA,yes,279755.95,YES,HIT
2026-09-13T01:21:59+00:00,CFB,KXNCAAFGAME-26SEP12UTSATXST-UTSA,UTSA,no,4914.38,YES,MISS
2026-09-13T01:21:59+00:00,CFB,KXNCAAFGAME-26SEP12UTSATXST-UTSA,UTSA,no,63920.71,YES,MISS
2026-09-13T01:21:59+00:00,TENNIS,KXWTAMATCH-26SEP12KINROD-KIN,Hayu Kinoshita,yes,4150.0,YES,HIT
2026-09-13T01:21:59+00:00,TENNIS,KXWTAMATCH-26SEP12KINROD-KIN,Hayu Kinoshita,yes,35323.26,YES,HIT
2026-09-13T01:21:59+00:00,TENNIS,KXWTAMATCH-26SEP12KINROD-KIN,Hayu Kinoshita,no,1923.43,YES,MISS
2026-09-13T01:21:59+00:00,TENNIS,KXWTAMATCH-26SEP12KINROD-KIN,Hayu Kinoshita,no,1790.71,YES,MISS
2026-09-13T01:21:59+00:00,CFB,KXNCAAFGAME-26SEP12ALSTTROY-ALST,Alabama St.,no,1558.57,NO,HIT
2026-09-13T01:21:59+00:00,CFB,KXNCAAFGAME-26SEP12ALSTTROY-ALST,Alabama St.,yes,2483.83,NO,MISS
2026-09-13T01:21:59+00:00,CFB,KXNCAAFGAME-26SEP12ALSTTROY-ALST,Alabama St.,no,4789.2,NO,HIT
2026-09-13T01:21:59+00:00,CFB,KXNCAAFGAME-26SEP12ALSTTROY-ALST,Alabama St.,no,1509.96,NO,HIT
2026-09-13T01:21:59+00:00,CFB,KXNCAAFGAME-26SEP12ALSTTROY-ALST,Alabama St.,no,2039.73,NO,HIT
2026-09-13T01:21:59+00:00,CFB,KXNCAAFGAME-26SEP12ALSTTROY-ALST,Alabama St.,no,1392.51,NO,HIT
2026-09-13T01:21:59+00:00,CFB,KXNCAAFGAME-26SEP12ALSTTROY-ALST,Alabama St.,no,1792.04,NO,HIT
2026-09-13T01:21:59+00:00,CFB,KXNCAAFGAME-26SEP12ALSTTROY-ALST,Alabama St.,no,1268.55,NO,HIT
2026-09-13T01:21:59+00:00,CFB,KXNCAAFGAME-26SEP12ALSTTROY-ALST,Alabama St.,no,1143.48,NO,HIT
2026-09-13T01:21:59+00:00,CFB,KXNCAAFGAME-26SEP12ALSTTROY-ALST,Alabama St.,no,1553.76,NO,HIT
2026-09-13T01:21:59+00:00,CFB,KXNCAAFGAME-26SEP12ALSTTROY-ALST,Alabama St.,no,1161.81,NO,HIT
2026-09-13T01:21:59+00:00,CFB,KXNCAAFGAME-26SEP12ALSTTROY-ALST,Alabama St.,yes,2483.83,NO,MISS
2026-09-13T01:21:59+00:00,CFB,KXNCAAFGAME-26SEP12ALSTTROY-ALST,Alabama St.,no,4789.2,NO,HIT
2026-09-13T01:21:59+00:00,CFB,KXNCAAFGAME-26SEP12ALSTTROY-ALST,Alabama St.,no,1509.96,NO,HIT
2026-09-13T01:21:59+00:00,CFB,KXNCAAFGAME-26SEP12ALSTTROY-ALST,Alabama St.,no,2039.73,NO,HIT
2026-09-13T01:21:59+00:00,CFB,KXNCAAFGAME-26SEP12ALSTTROY-ALST,Alabama St.,no,1392.51,NO,HIT
2026-09-13T01:21:59+00:00,CFB,KXNCAAFGAME-26SEP12ALSTTROY-ALST,Alabama St.,no,1792.04,NO,HIT
2026-09-13T01:21:59+00:00,CFB,KXNCAAFGAME-26SEP12ALSTTROY-ALST,Alabama St.,no,1268.55,NO,HIT
2026-09-13T01:21:59+00:00,CFB,KXNCAAFGAME-26SEP12ALSTTROY-ALST,Alabama St.,no,1143.48,NO,HIT
2026-09-13T01:21:59+00:00,CFB,KXNCAAFGAME-26SEP12ALSTTROY-ALST,Alabama St.,no,1553.76,NO,HIT
2026-09-13T01:21:59+00:00,CFB,KXNCAAFGAME-26SEP12ALSTTROY-ALST,Alabama St.,no,9134.35,NO,HIT
2026-09-13T01:21:59+00:00,CFB,KXNCAAFGAME-26SEP12ALSTTROY-ALST,Alabama St.,yes,1567.11,NO,MISS
2026-09-13T01:21:59+00:00,CFB,KXNCAAFGAME-26SEP12ALSTTROY-ALST,Alabama St.,no,1982.97,NO,HIT
2026-09-13T01:21:59+00:00,CFB,KXNCAAFGAME-26SEP12ALSTTROY-ALST,Alabama St.,no,2253.49,NO,HIT
2026-09-13T01:21:59+00:00,CFB,KXNCAAFGAME-26SEP12ALSTTROY-ALST,Alabama St.,no,10866.17,NO,HIT
2026-09-13T01:21:59+00:00,CFB,KXNCAAFGAME-26SEP12ALSTTROY-ALST,Alabama St.,no,3429.63,NO,HIT
2026-09-13T01:21:59+00:00,CFB,KXNCAAFGAME-26SEP12ALSTTROY-ALST,Alabama St.,no,2383.18,NO,HIT
2026-09-13T01:21:59+00:00,CFB,KXNCAAFGAME-26SEP12ALSTTROY-ALST,Alabama St.,no,1989.55,NO,HIT
2026-09-13T01:21:59+00:00,CFB,KXNCAAFGAME-26SEP12CALSYR-SYR,Syracuse,yes,15946.25,NO,MISS
2026-09-13T01:21:59+00:00,CFB,KXNCAAFGAME-26SEP12CALSYR-SYR,Syracuse,yes,10998.24,NO,MISS
2026-09-13T01:21:59+00:00,CFB,KXNCAAFGAME-26SEP12CALSYR-SYR,Syracuse,yes,15946.25,NO,MISS
2026-09-13T01:21:59+00:00,CFB,KXNCAAFGAME-26SEP12CALSYR-SYR,Syracuse,yes,12279.15,NO,MISS
2026-09-13T01:21:59+00:00,CFB,KXNCAAFGAME-26SEP12CALSYR-SYR,Syracuse,no,2706.32,NO,HIT
2026-09-13T01:21:59+00:00,CFB,KXNCAAFGAME-26SEP12CALSYR-SYR,Syracuse,no,1444.05,NO,HIT
2026-09-13T01:21:59+00:00,CFB,KXNCAAFGAME-26SEP12CALSYR-SYR,Syracuse,no,1451.17,NO,HIT
2026-09-13T01:21:59+00:00,CFB,KXNCAAFGAME-26SEP12CALSYR-SYR,Syracuse,no,3288.66,NO,HIT
2026-09-13T01:21:59+00:00,CFB,KXNCAAFGAME-26SEP12CALSYR-SYR,Syracuse,no,1075.39,NO,HIT
2026-09-13T01:21:59+00:00,CFB,KXNCAAFGAME-26SEP12CALSYR-SYR,Syracuse,no,2706.32,NO,HIT
2026-09-13T01:21:59+00:00,CFB,KXNCAAFGAME-26SEP12CALSYR-SYR,Syracuse,no,1444.05,NO,HIT
2026-09-13T01:21:59+00:00,CFB,KXNCAAFGAME-26SEP12CALSYR-SYR,Syracuse,no,1451.17,NO,HIT
2026-09-13T01:21:59+00:00,CFB,KXNCAAFGAME-26SEP12CALSYR-SYR,Syracuse,no,3288.66,NO,HIT
2026-09-13T01:21:59+00:00,CFB,KXNCAAFGAME-26SEP12CALSYR-SYR,Syracuse,no,1075.39,NO,HIT
2026-09-13T01:21:59+00:00,CFB,KXNCAAFGAME-26SEP12CALSYR-SYR,Syracuse,yes,151718.08,NO,MISS
2026-09-13T01:21:59+00:00,CFB,KXNCAAFGAME-26SEP12CALSYR-SYR,Syracuse,no,388256.23,NO,HIT
2026-09-13T01:21:59+00:00,CFB,KXNCAAFGAME-26SEP12UCFPITT-UCF,UCF,yes,1406.25,NO,MISS
2026-09-13T01:21:59+00:00,CFB,KXNCAAFGAME-26SEP12UCFPITT-UCF,UCF,yes,1026.91,NO,MISS
2026-09-13T01:21:59+00:00,CFB,KXNCAAFGAME-26SEP12UCFPITT-UCF,UCF,yes,1406.25,NO,MISS
2026-09-13T01:21:59+00:00,CFB,KXNCAAFGAME-26SEP12UCFPITT-UCF,UCF,yes,1208.59,NO,MISS
2026-09-13T01:21:59+00:00,CFB,KXNCAAFGAME-26SEP12UCFPITT-UCF,UCF,yes,8182.47,NO,MISS
2026-09-13T01:21:59+00:00,CFB,KXNCAAFGAME-26SEP12UCFPITT-UCF,UCF,yes,7798.42,NO,MISS
2026-09-13T01:21:59+00:00,CFB,KXNCAAFGAME-26SEP12UCFPITT-UCF,UCF,no,4315.58,NO,HIT
2026-09-13T01:21:59+00:00,CFB,KXNCAAFGAME-26SEP12UCFPITT-UCF,UCF,no,1848.0,NO,HIT
2026-09-13T01:21:59+00:00,CFB,KXNCAAFGAME-26SEP12UCFPITT-UCF,UCF,no,1374.77,NO,HIT
2026-09-13T01:21:59+00:00,CFB,KXNCAAFGAME-26SEP12UCFPITT-UCF,UCF,no,10399.04,NO,HIT
2026-09-13T01:21:59+00:00,CFB,KXNCAAFGAME-26SEP12UCFPITT-UCF,UCF,no,3905.37,NO,HIT
2026-09-13T01:21:59+00:00,CFB,KXNCAAFGAME-26SEP12UCFPITT-UCF,UCF,yes,8182.47,NO,MISS
2026-09-13T01:21:59+00:00,CFB,KXNCAAFGAME-26SEP12UCFPITT-UCF,UCF,yes,8974.35,NO,MISS
2026-09-13T01:21:59+00:00,CFB,KXNCAAFGAME-26SEP12UCFPITT-UCF,UCF,no,4315.58,NO,HIT
2026-09-13T01:21:59+00:00,CFB,KXNCAAFGAME-26SEP12UCFPITT-UCF,UCF,no,1848.0,NO,HIT
2026-09-13T01:21:59+00:00,CFB,KXNCAAFGAME-26SEP12UCFPITT-UCF,UCF,no,1374.77,NO,HIT
2026-09-13T01:21:59+00:00,CFB,KXNCAAFGAME-26SEP12UCFPITT-UCF,UCF,no,10399.04,NO,HIT
2026-09-13T01:21:59+00:00,CFB,KXNCAAFGAME-26SEP12UCFPITT-UCF,UCF,no,5174.66,NO,HIT
2026-09-13T01:21:59+00:00,CFB,KXNCAAFGAME-26SEP12UCFPITT-UCF,UCF,yes,12904.44,NO,MISS
2026-09-13T01:21:59+00:00,CFB,KXNCAAFGAME-26SEP12UCFPITT-UCF,UCF,no,4124.81,NO,HIT
2026-09-13T01:21:59+00:00,CFB,KXNCAAFGAME-26SEP12UCFPITT-UCF,UCF,no,2721.14,NO,HIT
2026-09-13T01:21:59+00:00,CFB,KXNCAAFGAME-26SEP12UCFPITT-UCF,UCF,no,8990.56,NO,HIT
2026-09-13T01:21:59+00:00,CFB,KXNCAAFGAME-26SEP12UCFPITT-UCF,UCF,no,3578.6,NO,HIT
2026-09-13T01:21:59+00:00,CFB,KXNCAAFGAME-26SEP12UCFPITT-UCF,UCF,no,2726.82,NO,HIT
2026-09-13T01:21:59+00:00,CFB,KXNCAAFGAME-26SEP12UCFPITT-UCF,UCF,no,1431.91,NO,HIT
2026-09-13T01:21:59+00:00,CFB,KXNCAAFGAME-26SEP12UCFPITT-UCF,UCF,no,29995.58,NO,HIT
2026-09-13T01:21:59+00:00,CFB,KXNCAAFGAME-26SEP12DUQYSU-YSU,Youngstown St.,yes,5626.07,YES,HIT
2026-09-13T01:21:59+00:00,CFB,KXNCAAFGAME-26SEP12DUQYSU-YSU,Youngstown St.,yes,5626.07,YES,HIT
2026-09-13T01:21:59+00:00,CFB,KXNCAAFGAME-26SEP12DUQYSU-YSU,Youngstown St.,yes,1070.26,YES,HIT
2026-09-13T01:21:59+00:00,CFB,KXNCAAFGAME-26SEP12DUQYSU-YSU,Youngstown St.,yes,3301.87,YES,HIT
2026-09-13T01:21:59+00:00,CFB,KXNCAAFGAME-26SEP12DUQYSU-YSU,Youngstown St.,yes,1070.26,YES,HIT
2026-09-13T01:21:59+00:00,CFB,KXNCAAFGAME-26SEP12DUQYSU-YSU,Youngstown St.,yes,3301.87,YES,HIT
2026-09-13T01:21:59+00:00,CFB,KXNCAAFGAME-26SEP12DUQYSU-DUQ,Duquesne,no,4793.09,NO,HIT
2026-09-13T01:21:59+00:00,CFB,KXNCAAFGAME-26SEP12DUQYSU-DUQ,Duquesne,no,1030.5,NO,HIT
2026-09-13T01:21:59+00:00,CFB,KXNCAAFGAME-26SEP12DUQYSU-DUQ,Duquesne,no,4793.09,NO,HIT
2026-09-13T01:21:59+00:00,CFB,KXNCAAFGAME-26SEP12DUQYSU-DUQ,Duquesne,no,1030.5,NO,HIT
2026-09-13T01:21:59+00:00,CFB,KXNCAAFGAME-26SEP12DUQYSU-DUQ,Duquesne,no,3083.71,NO,HIT
2026-09-13T01:21:59+00:00,CFB,KXNCAAFGAME-26SEP12DUQYSU-DUQ,Duquesne,no,3083.71,NO,HIT
2026-09-13T01:21:59+00:00,CFB,KXNCAAFGAME-26SEP12WMLEH-WM,William & Mary,no,1289.7,NO,HIT
2026-09-13T01:21:59+00:00,CFB,KXNCAAFGAME-26SEP12WMLEH-WM,William & Mary,no,1289.7,NO,HIT
2026-09-13T01:21:59+00:00,CFB,KXNCAAFGAME-26SEP12WMLEH-WM,William & Mary,no,3774.31,NO,HIT
2026-09-13T01:21:59+00:00,CFB,KXNCAAFGAME-26SEP12WMLEH-LEH,Lehigh,yes,1057.73,YES,HIT
2026-09-13T01:21:59+00:00,CFB,KXNCAAFGAME-26SEP12WMLEH-LEH,Lehigh,yes,1687.66,YES,HIT
2026-09-13T01:21:59+00:00,CFB,KXNCAAFGAME-26SEP12WMLEH-LEH,Lehigh,yes,1779.24,YES,HIT
2026-09-13T01:21:59+00:00,CFB,KXNCAAFGAME-26SEP12WMLEH-LEH,Lehigh,yes,1057.73,YES,HIT
2026-09-13T01:21:59+00:00,CFB,KXNCAAFGAME-26SEP12WMLEH-LEH,Lehigh,yes,1687.66,YES,HIT
2026-09-13T01:21:59+00:00,CFB,KXNCAAFGAME-26SEP12WMLEH-LEH,Lehigh,yes,1779.24,YES,HIT
2026-09-13T01:21:59+00:00,CFB,KXNCAAFGAME-26SEP12WMLEH-LEH,Lehigh,yes,1535.95,YES,HIT
2026-09-13T01:21:59+00:00,CFB,KXNCAAFGAME-26SEP12WMLEH-LEH,Lehigh,yes,4813.26,YES,HIT
2026-09-13T01:21:59+00:00,CFB,KXNCAAFGAME-26SEP12DRKEUNI-DRKE,Drake,no,1130.66,NO,HIT
2026-09-13T01:21:59+00:00,CFB,KXNCAAFGAME-26SEP12DRKEUNI-DRKE,Drake,no,1130.66,NO,HIT
2026-09-13T01:21:59+00:00,CFB,KXNCAAFGAME-26SEP12DRKEUNI-DRKE,Drake,no,1680.7,NO,HIT
2026-09-13T01:21:59+00:00,CFB,KXNCAAFGAME-26SEP12DRKEUNI-DRKE,Drake,no,4309.47,NO,HIT
2026-09-13T01:21:59+00:00,CFB,KXNCAAFGAME-26SEP12DRKEUNI-DRKE,Drake,no,2122.56,NO,HIT
2026-09-13T01:21:59+00:00,CFB,KXNCAAFGAME-26SEP12DRKEUNI-DRKE,Drake,no,1680.7,NO,HIT
2026-09-13T01:21:59+00:00,CFB,KXNCAAFGAME-26SEP12DRKEUNI-DRKE,Drake,no,4309.47,NO,HIT
2026-09-13T01:21:59+00:00,CFB,KXNCAAFGAME-26SEP12DRKEUNI-DRKE,Drake,no,2122.56,NO,HIT
2026-09-13T01:21:59+00:00,TENNIS,KXWTAMATCH-26SEP12KINROD-ROD,Victoria Rodriguez,no,10321.56,NO,HIT
2026-09-13T01:21:59+00:00,TENNIS,KXWTAMATCH-26SEP12KINROD-ROD,Victoria Rodriguez,no,10321.56,NO,HIT
2026-09-13T01:21:59+00:00,TENNIS,KXWTAMATCH-26SEP12KINROD-ROD,Victoria Rodriguez,yes,28927.22,NO,MISS
2026-09-13T01:21:59+00:00,TENNIS,KXWTAMATCH-26SEP12KINROD-ROD,Victoria Rodriguez,no,1574.22,NO,HIT
2026-09-13T01:21:59+00:00,TENNIS,KXWTAMATCH-26SEP12KINROD-ROD,Victoria Rodriguez,no,3833.78,NO,HIT
2026-09-13T01:21:59+00:00,TENNIS,KXWTAMATCH-26SEP12KINROD-ROD,Victoria Rodriguez,no,17830.22,NO,HIT
2026-09-13T01:21:59+00:00,TENNIS,KXWTAMATCH-26SEP12KINROD-ROD,Victoria Rodriguez,no,4144.32,NO,HIT
2026-09-13T01:21:59+00:00,CFB,KXNCAAFGAME-26SEP12NCATNCCU-NCAT,North Carolina A&T,yes,3830.5,NO,MISS
2026-09-13T01:21:59+00:00,CFB,KXNCAAFGAME-26SEP12NCATNCCU-NCAT,North Carolina A&T,no,1106.15,NO,HIT
2026-09-13T01:21:59+00:00,CFB,KXNCAAFGAME-26SEP12NCATNCCU-NCAT,North Carolina A&T,no,15909.94,NO,HIT
2026-09-13T01:21:59+00:00,CFB,KXNCAAFGAME-26SEP12NCATNCCU-NCAT,North Carolina A&T,no,1338.76,NO,HIT
2026-09-13T01:21:59+00:00,CFB,KXNCAAFGAME-26SEP12NCATNCCU-NCAT,North Carolina A&T,yes,3830.5,NO,MISS
2026-09-13T01:21:59+00:00,CFB,KXNCAAFGAME-26SEP12NCATNCCU-NCAT,North Carolina A&T,no,1106.15,NO,HIT
2026-09-13T01:21:59+00:00,CFB,KXNCAAFGAME-26SEP12NCATNCCU-NCAT,North Carolina A&T,no,15909.94,NO,HIT
2026-09-13T01:21:59+00:00,CFB,KXNCAAFGAME-26SEP12NCATNCCU-NCAT,North Carolina A&T,no,1338.76,NO,HIT
2026-09-13T01:21:59+00:00,CFB,KXNCAAFGAME-26SEP12NCATNCCU-NCAT,North Carolina A&T,no,1703.46,NO,HIT
2026-09-13T01:21:59+00:00,CFB,KXNCAAFGAME-26SEP12DELVAN-VAN,Vanderbilt,yes,4925.42,YES,HIT
2026-09-13T01:21:59+00:00,CFB,KXNCAAFGAME-26SEP12DELVAN-VAN,Vanderbilt,yes,9967.74,YES,HIT
2026-09-13T01:21:59+00:00,CFB,KXNCAAFGAME-26SEP12DELVAN-VAN,Vanderbilt,yes,14017.43,YES,HIT
2026-09-13T01:21:59+00:00,CFB,KXNCAAFGAME-26SEP12DELVAN-VAN,Vanderbilt,yes,6260.73,YES,HIT
2026-09-13T01:21:59+00:00,CFB,KXNCAAFGAME-26SEP12DELVAN-VAN,Vanderbilt,yes,1126.23,YES,HIT
2026-09-13T01:21:59+00:00,CFB,KXNCAAFGAME-26SEP12DELVAN-VAN,Vanderbilt,yes,1097.22,YES,HIT
2026-09-13T01:21:59+00:00,CFB,KXNCAAFGAME-26SEP12DELVAN-VAN,Vanderbilt,yes,6641.39,YES,HIT
2026-09-13T01:21:59+00:00,CFB,KXNCAAFGAME-26SEP12DELVAN-VAN,Vanderbilt,yes,1051.43,YES,HIT
2026-09-13T01:21:59+00:00,CFB,KXNCAAFGAME-26SEP12DELVAN-VAN,Vanderbilt,yes,4925.42,YES,HIT
2026-09-13T01:21:59+00:00,CFB,KXNCAAFGAME-26SEP12DELVAN-VAN,Vanderbilt,yes,9967.74,YES,HIT
2026-09-13T01:21:59+00:00,CFB,KXNCAAFGAME-26SEP12DELVAN-VAN,Vanderbilt,yes,14017.43,YES,HIT
2026-09-13T01:21:59+00:00,CFB,KXNCAAFGAME-26SEP12DELVAN-VAN,Vanderbilt,yes,6260.73,YES,HIT
2026-09-13T01:21:59+00:00,CFB,KXNCAAFGAME-26SEP12DELVAN-VAN,Vanderbilt,yes,1126.23,YES,HIT
2026-09-13T01:21:59+00:00,CFB,KXNCAAFGAME-26SEP12DELVAN-VAN,Vanderbilt,yes,1097.22,YES,HIT
2026-09-13T01:21:59+00:00,CFB,KXNCAAFGAME-26SEP12DELVAN-VAN,Vanderbilt,yes,6641.39,YES,HIT
2026-09-13T01:21:59+00:00,CFB,KXNCAAFGAME-26SEP12DELVAN-VAN,Vanderbilt,yes,1051.43,YES,HIT
2026-09-13T01:21:59+00:00,CFB,KXNCAAFGAME-26SEP12DELVAN-VAN,Vanderbilt,yes,69879.27,YES,HIT
2026-09-13T01:21:59+00:00,CFB,KXNCAAFGAME-26SEP12DELVAN-VAN,Vanderbilt,yes,5210.0,YES,HIT
2026-09-13T01:21:59+00:00,CFB,KXNCAAFGAME-26SEP12DELVAN-VAN,Vanderbilt,yes,34367.84,YES,HIT
2026-09-13T01:21:59+00:00,CFB,KXNCAAFGAME-26SEP12DELVAN-VAN,Vanderbilt,yes,41561.82,YES,HIT
2026-09-13T01:21:59+00:00,CFB,KXNCAAFGAME-26SEP12DELVAN-VAN,Vanderbilt,yes,40616.61,YES,HIT
2026-09-13T01:21:59+00:00,CFB,KXNCAAFGAME-26SEP12DELVAN-VAN,Vanderbilt,yes,25030.84,YES,HIT
2026-09-13T01:21:59+00:00,CFB,KXNCAAFGAME-26SEP12DELVAN-VAN,Vanderbilt,yes,46717.39,YES,HIT
2026-09-13T01:21:59+00:00,CFB,KXNCAAFGAME-26SEP12DELVAN-VAN,Vanderbilt,yes,8627.85,YES,HIT
2026-09-13T01:21:59+00:00,CFB,KXNCAAFGAME-26SEP12LAMIDHO-LAM,Lamar,yes,1107.49,YES,HIT
2026-09-13T01:21:59+00:00,CFB,KXNCAAFGAME-26SEP12LAMIDHO-LAM,Lamar,yes,5815.35,YES,HIT
2026-09-13T01:21:59+00:00,CFB,KXNCAAFGAME-26SEP12LAMIDHO-LAM,Lamar,yes,1107.49,YES,HIT
2026-09-13T01:21:59+00:00,CFB,KXNCAAFGAME-26SEP12LAMIDHO-LAM,Lamar,yes,5815.35,YES,HIT
2026-09-13T01:21:59+00:00,CFB,KXNCAAFGAME-26SEP12LAMIDHO-LAM,Lamar,yes,3185.27,YES,HIT
2026-09-13T01:21:59+00:00,CFB,KXNCAAFGAME-26SEP12LAMIDHO-LAM,Lamar,yes,4002.76,YES,HIT
2026-09-13T01:21:59+00:00,CFB,KXNCAAFGAME-26SEP12LAMIDHO-LAM,Lamar,yes,1102.03,YES,HIT
2026-09-13T01:21:59+00:00,CFB,KXNCAAFGAME-26SEP12LAMIDHO-LAM,Lamar,yes,1034.28,YES,HIT
2026-09-13T01:21:59+00:00,CFB,KXNCAAFGAME-26SEP12LAMIDHO-LAM,Lamar,yes,5283.17,YES,HIT
2026-09-13T01:21:59+00:00,CFB,KXNCAAFGAME-26SEP12LAMIDHO-LAM,Lamar,yes,8913.62,YES,HIT
2026-09-13T01:21:59+00:00,CFB,KXNCAAFGAME-26SEP12LAMIDHO-LAM,Lamar,yes,5993.12,YES,HIT
2026-09-13T01:21:59+00:00,CFB,KXNCAAFGAME-26SEP12LAMIDHO-LAM,Lamar,yes,2893.87,YES,HIT
2026-09-13T01:21:59+00:00,CFB,KXNCAAFGAME-26SEP12LAMIDHO-LAM,Lamar,yes,2259.91,YES,HIT
2026-09-13T01:21:59+00:00,CFB,KXNCAAFGAME-26SEP12LAMIDHO-IDHO,Idaho,yes,1196.93,NO,MISS
2026-09-13T01:21:59+00:00,CFB,KXNCAAFGAME-26SEP12LAMIDHO-IDHO,Idaho,yes,1423.12,NO,MISS
2026-09-13T01:21:59+00:00,CFB,KXNCAAFGAME-26SEP12LAMIDHO-IDHO,Idaho,no,1061.19,NO,HIT
2026-09-13T01:21:59+00:00,CFB,KXNCAAFGAME-26SEP12LAMIDHO-IDHO,Idaho,yes,1196.93,NO,MISS
2026-09-13T01:21:59+00:00,CFB,KXNCAAFGAME-26SEP12LAMIDHO-IDHO,Idaho,yes,1423.12,NO,MISS
2026-09-13T01:21:59+00:00,CFB,KXNCAAFGAME-26SEP12LAMIDHO-IDHO,Idaho,no,1120.11,NO,HIT
2026-09-13T01:21:59+00:00,CFB,KXNCAAFGAME-26SEP12LAMIDHO-IDHO,Idaho,no,1452.06,NO,HIT
2026-09-13T01:21:59+00:00,CFB,KXNCAAFGAME-26SEP12LAMIDHO-IDHO,Idaho,no,4520.94,NO,HIT
2026-09-13T01:21:59+00:00,CFB,KXNCAAFGAME-26SEP12LAMIDHO-IDHO,Idaho,no,2211.11,NO,HIT
2026-09-13T01:21:59+00:00,CFB,KXNCAAFGAME-26SEP12UNCOWYO-UNCO,Northern Colorado,yes,1971.61,NO,MISS
2026-09-13T01:21:59+00:00,CFB,KXNCAAFGAME-26SEP12UNCOWYO-UNCO,Northern Colorado,yes,1029.05,NO,MISS
2026-09-13T01:21:59+00:00,CFB,KXNCAAFGAME-26SEP12UNCOWYO-UNCO,Northern Colorado,yes,7656.12,NO,MISS
2026-09-13T01:21:59+00:00,CFB,KXNCAAFGAME-26SEP12UNCOWYO-UNCO,Northern Colorado,yes,14198.7,NO,MISS
2026-09-13T01:21:59+00:00,CFB,KXNCAAFGAME-26SEP12UNCOWYO-UNCO,Northern Colorado,no,3005.05,NO,HIT
2026-09-13T01:21:59+00:00,CFB,KXNCAAFGAME-26SEP12UNCOWYO-UNCO,Northern Colorado,no,1670.49,NO,HIT
2026-09-13T01:21:59+00:00,CFB,KXNCAAFGAME-26SEP12UNCOWYO-UNCO,Northern Colorado,no,12058.93,NO,HIT
2026-09-13T01:21:59+00:00,CFB,KXNCAAFGAME-26SEP12UNCOWYO-UNCO,Northern Colorado,no,11402.33,NO,HIT
2026-09-13T01:21:59+00:00,CFB,KXNCAAFGAME-26SEP12UNCOWYO-UNCO,Northern Colorado,no,7209.01,NO,HIT
2026-09-13T01:21:59+00:00,CFB,KXNCAAFGAME-26SEP12UNCOWYO-UNCO,Northern Colorado,yes,1971.61,NO,MISS
2026-09-13T01:21:59+00:00,CFB,KXNCAAFGAME-26SEP12UNCOWYO-UNCO,Northern Colorado,yes,1029.05,NO,MISS
2026-09-13T01:21:59+00:00,CFB,KXNCAAFGAME-26SEP12UNCOWYO-UNCO,Northern Colorado,yes,7656.12,NO,MISS
2026-09-13T01:21:59+00:00,CFB,KXNCAAFGAME-26SEP12UNCOWYO-UNCO,Northern Colorado,yes,16469.21,NO,MISS
2026-09-13T01:21:59+00:00,CFB,KXNCAAFGAME-26SEP12UNCOWYO-UNCO,Northern Colorado,no,3005.05,NO,HIT
2026-09-13T01:21:59+00:00,CFB,KXNCAAFGAME-26SEP12UNCOWYO-UNCO,Northern Colorado,no,1670.49,NO,HIT
2026-09-13T01:21:59+00:00,CFB,KXNCAAFGAME-26SEP12UNCOWYO-UNCO,Northern Colorado,no,12058.93,NO,HIT
2026-09-13T01:21:59+00:00,CFB,KXNCAAFGAME-26SEP12UNCOWYO-UNCO,Northern Colorado,no,11402.33,NO,HIT
2026-09-13T01:21:59+00:00,CFB,KXNCAAFGAME-26SEP12UNCOWYO-UNCO,Northern Colorado,no,7209.01,NO,HIT
2026-09-13T01:21:59+00:00,CFB,KXNCAAFGAME-26SEP12UNCOWYO-UNCO,Northern Colorado,no,1840.7,NO,HIT
2026-09-13T01:21:59+00:00,CFB,KXNCAAFGAME-26SEP12UNCOWYO-UNCO,Northern Colorado,no,1814.41,NO,HIT
2026-09-13T01:21:59+00:00,CFB,KXNCAAFGAME-26SEP12UNCOWYO-UNCO,Northern Colorado,no,8138.47,NO,HIT
2026-09-13T01:21:59+00:00,CFB,KXNCAAFGAME-26SEP12UNCOWYO-UNCO,Northern Colorado,no,11920.68,NO,HIT
2026-09-13T01:21:59+00:00,CFB,KXNCAAFGAME-26SEP12UNCOWYO-UNCO,Northern Colorado,no,69725.47,NO,HIT
2026-09-13T01:21:59+00:00,CFB,KXNCAAFGAME-26SEP12UCFPITT-PITT,Pittsburgh,yes,2114.15,YES,HIT
2026-09-13T01:21:59+00:00,CFB,KXNCAAFGAME-26SEP12UCFPITT-PITT,Pittsburgh,yes,36730.33,YES,HIT
2026-09-13T01:21:59+00:00,CFB,KXNCAAFGAME-26SEP12UCFPITT-PITT,Pittsburgh,yes,1396.1,YES,HIT
2026-09-13T01:21:59+00:00,CFB,KXNCAAFGAME-26SEP12UCFPITT-PITT,Pittsburgh,yes,2933.27,YES,HIT
2026-09-13T01:21:59+00:00,CFB,KXNCAAFGAME-26SEP12UCFPITT-PITT,Pittsburgh,yes,23266.12,YES,HIT
2026-09-13T01:21:59+00:00,CFB,KXNCAAFGAME-26SEP12UCFPITT-PITT,Pittsburgh,no,2855.55,YES,MISS
2026-09-13T01:21:59+00:00,CFB,KXNCAAFGAME-26SEP12UCFPITT-PITT,Pittsburgh,no,1009.92,YES,MISS
2026-09-13T01:21:59+00:00,CFB,KXNCAAFGAME-26SEP12UCFPITT-PITT,Pittsburgh,yes,2114.15,YES,HIT
2026-09-13T01:21:59+00:00,CFB,KXNCAAFGAME-26SEP12UCFPITT-PITT,Pittsburgh,yes,36730.33,YES,HIT
2026-09-13T01:21:59+00:00,CFB,KXNCAAFGAME-26SEP12UCFPITT-PITT,Pittsburgh,yes,1396.1,YES,HIT
2026-09-13T01:21:59+00:00,CFB,KXNCAAFGAME-26SEP12UCFPITT-PITT,Pittsburgh,yes,2933.27,YES,HIT
2026-09-13T01:21:59+00:00,CFB,KXNCAAFGAME-26SEP12UCFPITT-PITT,Pittsburgh,yes,23424.72,YES,HIT
2026-09-13T01:21:59+00:00,CFB,KXNCAAFGAME-26SEP12UCFPITT-PITT,Pittsburgh,no,2855.55,YES,MISS
2026-09-13T01:21:59+00:00,CFB,KXNCAAFGAME-26SEP12UCFPITT-PITT,Pittsburgh,no,1009.92,YES,MISS
2026-09-13T01:21:59+00:00,CFB,KXNCAAFGAME-26SEP12UCFPITT-PITT,Pittsburgh,yes,1473.55,YES,HIT
2026-09-13T01:21:59+00:00,CFB,KXNCAAFGAME-26SEP12UCFPITT-PITT,Pittsburgh,yes,3315.75,YES,HIT
2026-09-13T01:21:59+00:00,CFB,KXNCAAFGAME-26SEP12UCFPITT-PITT,Pittsburgh,yes,1041.31,YES,HIT
2026-09-13T01:21:59+00:00,CFB,KXNCAAFGAME-26SEP12UCFPITT-PITT,Pittsburgh,yes,119881.39,YES,HIT
2026-09-13T01:21:59+00:00,CFB,KXNCAAFGAME-26SEP12UCFPITT-PITT,Pittsburgh,yes,89530.54,YES,HIT
2026-09-13T01:21:59+00:00,CFB,KXNCAAFGAME-26SEP12UCFPITT-PITT,Pittsburgh,no,3987.24,YES,MISS
2026-09-13T01:21:59+00:00,CFB,KXNCAAFGAME-26SEP12EWUSDAK-SDAK,South Dakota,yes,1477.23,YES,HIT
2026-09-13T01:21:59+00:00,CFB,KXNCAAFGAME-26SEP12EWUSDAK-SDAK,South Dakota,yes,1900.16,YES,HIT
2026-09-13T01:21:59+00:00,CFB,KXNCAAFGAME-26SEP12EWUSDAK-SDAK,South Dakota,yes,3285.69,YES,HIT
2026-09-13T01:21:59+00:00,CFB,KXNCAAFGAME-26SEP12EWUSDAK-SDAK,South Dakota,yes,1477.23,YES,HIT
2026-09-13T01:21:59+00:00,CFB,KXNCAAFGAME-26SEP12EWUSDAK-SDAK,South Dakota,yes,1900.16,YES,HIT
2026-09-13T01:21:59+00:00,CFB,KXNCAAFGAME-26SEP12EWUSDAK-SDAK,South Dakota,yes,3285.69,YES,HIT
2026-09-13T01:21:59+00:00,CFB,KXNCAAFGAME-26SEP12EWUSDAK-EWU,Eastern Washington,no,1876.06,NO,HIT
2026-09-13T01:21:59+00:00,CFB,KXNCAAFGAME-26SEP12EWUSDAK-EWU,Eastern Washington,no,3150.67,NO,HIT
2026-09-13T01:21:59+00:00,CFB,KXNCAAFGAME-26SEP12EWUSDAK-EWU,Eastern Washington,no,1876.06,NO,HIT
2026-09-13T01:21:59+00:00,CFB,KXNCAAFGAME-26SEP12EWUSDAK-EWU,Eastern Washington,no,3150.67,NO,HIT
2026-09-13T01:21:59+00:00,CFB,KXNCAAFGAME-26SEP12CAMPFLA-CAMP,Campbell,yes,1723.87,NO,MISS
2026-09-13T01:21:59+00:00,CFB,KXNCAAFGAME-26SEP12STETCOOK-STET,Stetson,no,1033.31,NO,HIT
2026-09-13T01:21:59+00:00,CFB,KXNCAAFGAME-26SEP12STETCOOK-COOK,Bethune-Cookman,yes,1237.31,YES,HIT
2026-09-13T01:21:59+00:00,CFB,KXNCAAFGAME-26SEP12STETCOOK-COOK,Bethune-Cookman,yes,1505.54,YES,HIT
2026-09-13T01:21:59+00:00,TENNIS,KXWTAMATCH-26SEP12OSULAB-OSU,Whitney Osuigwe,yes,4017.7,YES,HIT
2026-09-13T01:21:59+00:00,TENNIS,KXWTAMATCH-26SEP12OSULAB-OSU,Whitney Osuigwe,yes,26498.62,YES,HIT
2026-09-13T01:21:59+00:00,TENNIS,KXWTAMATCH-26SEP12OSULAB-LAB,Fernanda Labrana,yes,3717.66,NO,MISS
2026-09-13T01:21:59+00:00,TENNIS,KXWTAMATCH-26SEP12OSULAB-LAB,Fernanda Labrana,yes,1493.34,NO,MISS
2026-09-13T01:21:59+00:00,TENNIS,KXWTAMATCH-26SEP12OSULAB-LAB,Fernanda Labrana,yes,10073.91,NO,MISS
2026-09-13T01:21:59+00:00,TENNIS,KXWTAMATCH-26SEP12OSULAB-LAB,Fernanda Labrana,no,10037.53,NO,HIT
2026-09-13T01:21:59+00:00,TENNIS,KXWTAMATCH-26SEP12OSULAB-LAB,Fernanda Labrana,no,1209.55,NO,HIT
2026-09-13T01:21:59+00:00,TENNIS,KXWTAMATCH-26SEP12PAQCAP-PAQ,Chloe Paquet,yes,5255.25,YES,HIT
2026-09-13T01:21:59+00:00,TENNIS,KXWTAMATCH-26SEP12PAQCAP-PAQ,Chloe Paquet,yes,5072.39,YES,HIT
2026-09-13T01:21:59+00:00,TENNIS,KXWTAMATCH-26SEP12PAQCAP-PAQ,Chloe Paquet,yes,102848.41,YES,HIT
2026-09-13T01:21:59+00:00,TENNIS,KXWTAMATCH-26SEP12PAQCAP-PAQ,Chloe Paquet,no,2587.44,YES,MISS
2026-09-13T01:21:59+00:00,TENNIS,KXWTAMATCH-26SEP12PAQCAP-PAQ,Chloe Paquet,no,2319.22,YES,MISS
2026-09-13T01:21:59+00:00,TENNIS,KXWTAMATCH-26SEP12PAQCAP-PAQ,Chloe Paquet,no,1263.73,YES,MISS
2026-09-13T01:21:59+00:00,TENNIS,KXWTAMATCH-26SEP12PAQCAP-PAQ,Chloe Paquet,no,1351.08,YES,MISS
2026-09-13T01:21:59+00:00,TENNIS,KXWTAMATCH-26SEP12PAQCAP-PAQ,Chloe Paquet,no,1875.11,YES,MISS
2026-09-13T01:21:59+00:00,TENNIS,KXWTAMATCH-26SEP12PAQCAP-PAQ,Chloe Paquet,no,8032.43,YES,MISS
2026-09-13T01:21:59+00:00,TENNIS,KXWTAMATCH-26SEP12PAQCAP-CAP,Martina Capurro Taborda,yes,15421.68,NO,MISS
2026-09-13T01:21:59+00:00,TENNIS,KXWTAMATCH-26SEP12PAQCAP-CAP,Martina Capurro Taborda,yes,130681.17,NO,MISS
2026-09-13T01:21:59+00:00,TENNIS,KXWTAMATCH-26SEP12PAQCAP-CAP,Martina Capurro Taborda,no,1106.62,NO,HIT
2026-09-13T01:21:59+00:00,TENNIS,KXWTAMATCH-26SEP12PAQCAP-CAP,Martina Capurro Taborda,no,61626.74,NO,HIT
2026-09-13T01:34:03+00:00,CFB,KXNCAAFGAME-26SEP12NCATNCCU-NCCU,North Carolina Central,yes,1097.61,YES,HIT
2026-09-13T01:34:03+00:00,CFB,KXNCAAFGAME-26SEP12NCATNCCU-NCCU,North Carolina Central,yes,1919.48,YES,HIT
2026-09-13T01:34:03+00:00,CFB,KXNCAAFGAME-26SEP12NCATNCCU-NCCU,North Carolina Central,yes,6184.17,YES,HIT
2026-09-13T01:34:03+00:00,CFB,KXNCAAFGAME-26SEP12NCATNCCU-NCCU,North Carolina Central,yes,18226.25,YES,HIT
2026-09-13T01:34:03+00:00,CFB,KXNCAAFGAME-26SEP12NCATNCCU-NCCU,North Carolina Central,yes,6184.17,YES,HIT
2026-09-13T01:34:03+00:00,CFB,KXNCAAFGAME-26SEP12NCATNCCU-NCCU,North Carolina Central,yes,18226.25,YES,HIT
2026-09-13T01:34:03+00:00,CFB,KXNCAAFGAME-26SEP12MOREPEAY-PEAY,Austin Peay,yes,1414.65,YES,HIT
2026-09-13T01:34:03+00:00,CFB,KXNCAAFGAME-26SEP12MOREPEAY-PEAY,Austin Peay,yes,1998.59,YES,HIT
2026-09-13T01:34:03+00:00,CFB,KXNCAAFGAME-26SEP12MOREPEAY-PEAY,Austin Peay,yes,1199.16,YES,HIT
2026-09-13T01:34:03+00:00,CFB,KXNCAAFGAME-26SEP12MOREPEAY-PEAY,Austin Peay,yes,1926.98,YES,HIT
2026-09-13T01:34:03+00:00,CFB,KXNCAAFGAME-26SEP12MOREPEAY-PEAY,Austin Peay,yes,1926.98,YES,HIT
2026-09-13T01:34:03+00:00,CFB,KXNCAAFGAME-26SEP12MOREPEAY-PEAY,Austin Peay,yes,2419.43,YES,HIT
2026-09-13T01:34:03+00:00,CFB,KXNCAAFGAME-26SEP12MOREPEAY-MORE,Morehead St.,no,1899.3,NO,HIT
2026-09-13T01:34:03+00:00,CFB,KXNCAAFGAME-26SEP12MOREPEAY-MORE,Morehead St.,yes,7578.96,NO,MISS
2026-09-13T01:34:03+00:00,CFB,KXNCAAFGAME-26SEP12MOREPEAY-MORE,Morehead St.,no,6933.86,NO,HIT
2026-09-13T01:34:03+00:00,CFB,KXNCAAFGAME-26SEP12MOREPEAY-MORE,Morehead St.,yes,7872.95,NO,MISS
2026-09-13T01:34:03+00:00,CFB,KXNCAAFGAME-26SEP12MOREPEAY-MORE,Morehead St.,no,6933.86,NO,HIT
2026-09-13T01:34:03+00:00,CFB,KXNCAAFGAME-26SEP12MOREPEAY-MORE,Morehead St.,no,2060.67,NO,HIT
2026-09-13T01:34:03+00:00,CFB,KXNCAAFGAME-26SEP12MOREPEAY-MORE,Morehead St.,no,9413.04,NO,HIT
2026-09-13T01:34:03+00:00,CFB,KXNCAAFGAME-26SEP12DELVAN-DEL,Delaware,no,1380.0,NO,HIT
2026-09-13T01:34:03+00:00,CFB,KXNCAAFGAME-26SEP12DELVAN-DEL,Delaware,yes,1087.3,NO,MISS
2026-09-13T01:34:03+00:00,CFB,KXNCAAFGAME-26SEP12DELVAN-DEL,Delaware,yes,5293.55,NO,MISS
2026-09-13T01:34:03+00:00,CFB,KXNCAAFGAME-26SEP12DELVAN-DEL,Delaware,no,1210.03,NO,HIT
2026-09-13T01:34:03+00:00,CFB,KXNCAAFGAME-26SEP12DELVAN-DEL,Delaware,no,3598.92,NO,HIT
2026-09-13T01:34:03+00:00,CFB,KXNCAAFGAME-26SEP12DELVAN-DEL,Delaware,no,3312.0,NO,HIT
2026-09-13T01:34:03+00:00,CFB,KXNCAAFGAME-26SEP12DELVAN-DEL,Delaware,no,2586.95,NO,HIT
2026-09-13T01:34:03+00:00,CFB,KXNCAAFGAME-26SEP12DELVAN-DEL,Delaware,no,1536.0,NO,HIT
2026-09-13T01:34:03+00:00,CFB,KXNCAAFGAME-26SEP12DELVAN-DEL,Delaware,no,4265.8,NO,HIT
2026-09-13T01:34:03+00:00,CFB,KXNCAAFGAME-26SEP12DELVAN-DEL,Delaware,yes,1087.3,NO,MISS
2026-09-13T01:34:03+00:00,CFB,KXNCAAFGAME-26SEP12DELVAN-DEL,Delaware,yes,5293.55,NO,MISS
2026-09-13T01:34:03+00:00,CFB,KXNCAAFGAME-26SEP12DELVAN-DEL,Delaware,yes,10055.93,NO,MISS
2026-09-13T01:34:03+00:00,CFB,KXNCAAFGAME-26SEP12DELVAN-DEL,Delaware,no,1210.03,NO,HIT
2026-09-13T01:34:03+00:00,CFB,KXNCAAFGAME-26SEP12DELVAN-DEL,Delaware,no,3598.92,NO,HIT
2026-09-13T01:34:03+00:00,CFB,KXNCAAFGAME-26SEP12DELVAN-DEL,Delaware,no,3312.0,NO,HIT
2026-09-13T01:34:03+00:00,CFB,KXNCAAFGAME-26SEP12DELVAN-DEL,Delaware,no,2586.95,NO,HIT
2026-09-13T01:34:03+00:00,CFB,KXNCAAFGAME-26SEP12DELVAN-DEL,Delaware,no,1536.0,NO,HIT
2026-09-13T01:34:03+00:00,CFB,KXNCAAFGAME-26SEP12DELVAN-DEL,Delaware,no,4265.8,NO,HIT
2026-09-13T01:34:03+00:00,CFB,KXNCAAFGAME-26SEP12DELVAN-DEL,Delaware,no,5718.59,NO,HIT
2026-09-13T01:34:03+00:00,CFB,KXNCAAFGAME-26SEP12DELVAN-DEL,Delaware,yes,2630.53,NO,MISS
2026-09-13T01:34:03+00:00,CFB,KXNCAAFGAME-26SEP12DELVAN-DEL,Delaware,no,13252.32,NO,HIT
2026-09-13T01:34:03+00:00,CFB,KXNCAAFGAME-26SEP12DELVAN-DEL,Delaware,no,5088.06,NO,HIT
2026-09-13T01:34:03+00:00,CFB,KXNCAAFGAME-26SEP12DELVAN-DEL,Delaware,no,8673.67,NO,HIT
2026-09-13T01:34:03+00:00,CFB,KXNCAAFGAME-26SEP12DELVAN-DEL,Delaware,no,12752.35,NO,HIT
2026-09-13T01:34:03+00:00,CFB,KXNCAAFGAME-26SEP12DELVAN-DEL,Delaware,no,41289.77,NO,HIT
2026-09-13T01:34:03+00:00,CFB,KXNCAAFGAME-26SEP12DELVAN-DEL,Delaware,no,15353.87,NO,HIT
2026-09-13T01:34:03+00:00,CFB,KXNCAAFGAME-26SEP12DELVAN-DEL,Delaware,no,8871.07,NO,HIT
2026-09-13T01:34:03+00:00,CFB,KXNCAAFGAME-26SEP12DELVAN-DEL,Delaware,no,2088.61,NO,HIT
2026-09-13T01:34:03+00:00,CFB,KXNCAAFGAME-26SEP12DELVAN-DEL,Delaware,no,41550.14,NO,HIT
2026-09-13T01:34:03+00:00,CFB,KXNCAAFGAME-26SEP12CALSYR-CAL,California,yes,1826.98,YES,HIT
2026-09-13T01:34:03+00:00,CFB,KXNCAAFGAME-26SEP12CALSYR-CAL,California,no,1563.55,YES,MISS
2026-09-13T01:34:03+00:00,CFB,KXNCAAFGAME-26SEP12CALSYR-CAL,California,yes,1263.92,YES,HIT
2026-09-13T01:34:03+00:00,CFB,KXNCAAFGAME-26SEP12CALSYR-CAL,California,yes,19817.41,YES,HIT
2026-09-13T01:34:03+00:00,CFB,KXNCAAFGAME-26SEP12CALSYR-CAL,California,yes,1263.92,YES,HIT
2026-09-13T01:34:03+00:00,CFB,KXNCAAFGAME-26SEP12CALSYR-CAL,California,yes,21624.31,YES,HIT
2026-09-13T01:34:03+00:00,CFB,KXNCAAFGAME-26SEP12CALSYR-CAL,California,no,6688.58,YES,MISS
2026-09-13T01:34:03+00:00,CFB,KXNCAAFGAME-26SEP12CALSYR-CAL,California,no,21440.24,YES,MISS
2026-09-13T01:34:03+00:00,CFB,KXNCAAFGAME-26SEP12CALSYR-CAL,California,no,7136.14,YES,MISS
2026-09-13T01:34:03+00:00,CFB,KXNCAAFGAME-26SEP12CALSYR-CAL,California,no,21061.65,YES,MISS
2026-09-13T01:34:03+00:00,CFB,KXNCAAFGAME-26SEP12CALSYR-CAL,California,no,11110.0,YES,MISS
2026-09-13T01:34:03+00:00,CFB,KXNCAAFGAME-26SEP12CALSYR-CAL,California,no,6688.58,YES,MISS
2026-09-13T01:34:03+00:00,CFB,KXNCAAFGAME-26SEP12CALSYR-CAL,California,no,21440.24,YES,MISS
2026-09-13T01:34:03+00:00,CFB,KXNCAAFGAME-26SEP12CALSYR-CAL,California,no,7136.14,YES,MISS
2026-09-13T01:34:03+00:00,CFB,KXNCAAFGAME-26SEP12CALSYR-CAL,California,no,21061.65,YES,MISS
2026-09-13T01:34:03+00:00,CFB,KXNCAAFGAME-26SEP12CALSYR-CAL,California,no,11110.0,YES,MISS
2026-09-13T01:34:03+00:00,CFB,KXNCAAFGAME-26SEP12CALSYR-CAL,California,no,92177.77,YES,MISS
2026-09-13T01:34:03+00:00,CFB,KXNCAAFGAME-26SEP12CALSYR-CAL,California,yes,593239.76,YES,HIT
2026-09-13T01:34:03+00:00,CFB,KXNCAAFGAME-26SEP12UTUMONT-UTU,Utah Tech,no,8298.61,NO,HIT
2026-09-13T01:34:03+00:00,CFB,KXNCAAFGAME-26SEP12UTUMONT-UTU,Utah Tech,no,2461.21,NO,HIT
2026-09-13T01:34:03+00:00,CFB,KXNCAAFGAME-26SEP12UTUMONT-UTU,Utah Tech,yes,1824.82,NO,MISS
2026-09-13T01:34:03+00:00,CFB,KXNCAAFGAME-26SEP12UTUMONT-UTU,Utah Tech,no,2313.48,NO,HIT
2026-09-13T01:34:03+00:00,CFB,KXNCAAFGAME-26SEP12UTUMONT-UTU,Utah Tech,no,2568.95,NO,HIT
2026-09-13T01:34:03+00:00,CFB,KXNCAAFGAME-26SEP12UTUMONT-UTU,Utah Tech,no,2065.77,NO,HIT
2026-09-13T01:34:03+00:00,CFB,KXNCAAFGAME-26SEP12UTUMONT-UTU,Utah Tech,no,2234.53,NO,HIT
2026-09-13T01:34:03+00:00,CFB,KXNCAAFGAME-26SEP12UTUMONT-UTU,Utah Tech,no,2065.05,NO,HIT
2026-09-13T01:34:03+00:00,CFB,KXNCAAFGAME-26SEP12UTUMONT-UTU,Utah Tech,no,2068.61,NO,HIT
2026-09-13T01:34:03+00:00,CFB,KXNCAAFGAME-26SEP12UTUMONT-UTU,Utah Tech,yes,1868.12,NO,MISS
2026-09-13T01:34:03+00:00,CFB,KXNCAAFGAME-26SEP12UTUMONT-UTU,Utah Tech,no,2313.48,NO,HIT
2026-09-13T01:34:03+00:00,CFB,KXNCAAFGAME-26SEP12UTUMONT-UTU,Utah Tech,no,2568.95,NO,HIT
2026-09-13T01:34:03+00:00,CFB,KXNCAAFGAME-26SEP12UTUMONT-UTU,Utah Tech,no,2065.77,NO,HIT
2026-09-13T01:34:03+00:00,CFB,KXNCAAFGAME-26SEP12UTUMONT-UTU,Utah Tech,no,2234.53,NO,HIT
2026-09-13T01:34:03+00:00,CFB,KXNCAAFGAME-26SEP12UTUMONT-UTU,Utah Tech,no,2065.05,NO,HIT
2026-09-13T01:34:03+00:00,CFB,KXNCAAFGAME-26SEP12UTUMONT-UTU,Utah Tech,no,2068.61,NO,HIT
2026-09-13T01:34:03+00:00,CFB,KXNCAAFGAME-26SEP12UTUMONT-MONT,Montana,yes,1279.58,YES,HIT
2026-09-13T01:34:03+00:00,CFB,KXNCAAFGAME-26SEP12UTUMONT-MONT,Montana,yes,5995.8,YES,HIT
2026-09-13T01:34:03+00:00,CFB,KXNCAAFGAME-26SEP12UTUMONT-MONT,Montana,yes,2460.15,YES,HIT
2026-09-13T01:34:03+00:00,CFB,KXNCAAFGAME-26SEP12UTUMONT-MONT,Montana,yes,4195.03,YES,HIT
2026-09-13T01:34:03+00:00,CFB,KXNCAAFGAME-26SEP12UTUMONT-MONT,Montana,yes,4195.03,YES,HIT
2026-09-13T01:34:03+00:00,CFB,KXNCAAFGAME-26SEP12DRKEUNI-UNI,Northern Iowa,yes,3913.92,YES,HIT
2026-09-13T01:34:03+00:00,CFB,KXNCAAFGAME-26SEP12DRKEUNI-UNI,Northern Iowa,yes,2460.0,YES,HIT
2026-09-13T01:34:03+00:00,CFB,KXNCAAFGAME-26SEP12DRKEUNI-UNI,Northern Iowa,yes,2259.73,YES,HIT
2026-09-13T01:34:03+00:00,CFB,KXNCAAFGAME-26SEP12DRKEUNI-UNI,Northern Iowa,yes,2465.56,YES,HIT
2026-09-13T01:34:03+00:00,CFB,KXNCAAFGAME-26SEP12DRKEUNI-UNI,Northern Iowa,yes,1542.79,YES,HIT
2026-09-13T01:34:03+00:00,CFB,KXNCAAFGAME-26SEP12DRKEUNI-UNI,Northern Iowa,yes,1202.61,YES,HIT
2026-09-13T01:34:03+00:00,CFB,KXNCAAFGAME-26SEP12DRKEUNI-UNI,Northern Iowa,yes,2259.73,YES,HIT
2026-09-13T01:34:03+00:00,CFB,KXNCAAFGAME-26SEP12DRKEUNI-UNI,Northern Iowa,yes,2465.56,YES,HIT
2026-09-13T01:34:03+00:00,CFB,KXNCAAFGAME-26SEP12DRKEUNI-UNI,Northern Iowa,yes,1542.79,YES,HIT
2026-09-13T01:34:03+00:00,CFB,KXNCAAFGAME-26SEP12DRKEUNI-UNI,Northern Iowa,yes,1202.61,YES,HIT
2026-09-13T01:34:03+00:00,CFB,KXNCAAFGAME-26SEP12DRKEUNI-UNI,Northern Iowa,yes,1360.18,YES,HIT
2026-09-13T01:34:03+00:00,CFB,KXNCAAFGAME-26SEP12DRKEUNI-UNI,Northern Iowa,yes,11857.92,YES,HIT
2026-09-13T01:34:03+00:00,CFB,KXNCAAFGAME-26SEP12DRKEUNI-UNI,Northern Iowa,yes,3770.75,YES,HIT
2026-09-13T01:34:03+00:00,CFB,KXNCAAFGAME-26SEP12DRKEUNI-UNI,Northern Iowa,yes,1360.18,YES,HIT
2026-09-13T01:34:03+00:00,CFB,KXNCAAFGAME-26SEP12DRKEUNI-UNI,Northern Iowa,yes,11857.92,YES,HIT
2026-09-13T01:34:03+00:00,CFB,KXNCAAFGAME-26SEP12DRKEUNI-UNI,Northern Iowa,yes,3770.75,YES,HIT
2026-09-13T01:34:03+00:00,CFB,KXNCAAFGAME-26SEP12UNCOWYO-WYO,Wyoming,yes,1880.0,YES,HIT
2026-09-13T01:34:03+00:00,CFB,KXNCAAFGAME-26SEP12UNCOWYO-WYO,Wyoming,yes,1075.8,YES,HIT
2026-09-13T01:34:03+00:00,CFB,KXNCAAFGAME-26SEP12UNCOWYO-WYO,Wyoming,yes,1861.57,YES,HIT
2026-09-13T01:34:03+00:00,CFB,KXNCAAFGAME-26SEP12UNCOWYO-WYO,Wyoming,yes,42617.52,YES,HIT
2026-09-13T01:34:03+00:00,CFB,KXNCAAFGAME-26SEP12UNCOWYO-WYO,Wyoming,yes,28862.38,YES,HIT
2026-09-13T01:34:03+00:00,CFB,KXNCAAFGAME-26SEP12UNCOWYO-WYO,Wyoming,yes,1075.8,YES,HIT
2026-09-13T01:34:03+00:00,CFB,KXNCAAFGAME-26SEP12UNCOWYO-WYO,Wyoming,yes,1861.57,YES,HIT
2026-09-13T01:34:03+00:00,CFB,KXNCAAFGAME-26SEP12UNCOWYO-WYO,Wyoming,yes,42617.52,YES,HIT
2026-09-13T01:34:03+00:00,CFB,KXNCAAFGAME-26SEP12UNCOWYO-WYO,Wyoming,yes,28862.38,YES,HIT
2026-09-13T01:34:03+00:00,CFB,KXNCAAFGAME-26SEP12UNCOWYO-WYO,Wyoming,yes,35050.63,YES,HIT
2026-09-13T01:34:03+00:00,CFB,KXNCAAFGAME-26SEP12UNCOWYO-WYO,Wyoming,yes,184885.11,YES,HIT
2026-09-13T01:34:03+00:00,CFB,KXNCAAFGAME-26SEP12UNCOWYO-WYO,Wyoming,no,1270.96,YES,MISS
2026-09-13T01:34:03+00:00,CFB,KXNCAAFGAME-26SEP12UNCOWYO-WYO,Wyoming,no,10484.34,YES,MISS
2026-09-13T01:34:03+00:00,CFB,KXNCAAFGAME-26SEP12UNCOWYO-WYO,Wyoming,no,1890.69,YES,MISS
2026-09-13T01:34:03+00:00,CFB,KXNCAAFGAME-26SEP12UNCOWYO-WYO,Wyoming,no,2902.98,YES,MISS
2026-09-13T01:34:03+00:00,CFB,KXNCAAFGAME-26SEP12UNCOWYO-WYO,Wyoming,no,2841.37,YES,MISS
2026-09-13T01:34:03+00:00,CFB,KXNCAAFGAME-26SEP12UNCOWYO-WYO,Wyoming,no,3191.37,YES,MISS
2026-09-13T01:34:03+00:00,CFB,KXNCAAFGAME-26SEP12UNCOWYO-WYO,Wyoming,no,14657.03,YES,MISS
2026-09-13T01:34:03+00:00,MLB,KXMLBGAME-26SEP121810HOUTB-HOU,Houston,yes,4831.64,NO,MISS
2026-09-13T01:34:03+00:00,MLB,KXMLBGAME-26SEP121810HOUTB-HOU,Houston,yes,1344.43,NO,MISS
2026-09-13T01:34:03+00:00,MLB,KXMLBGAME-26SEP121810HOUTB-HOU,Houston,yes,2719.92,NO,MISS
2026-09-13T01:34:03+00:00,MLB,KXMLBGAME-26SEP121810HOUTB-HOU,Houston,yes,1067.79,NO,MISS
2026-09-13T01:34:03+00:00,MLB,KXMLBGAME-26SEP121810HOUTB-HOU,Houston,yes,7629.73,NO,MISS
2026-09-13T01:34:03+00:00,MLB,KXMLBGAME-26SEP121810HOUTB-HOU,Houston,yes,1344.43,NO,MISS
2026-09-13T01:34:03+00:00,MLB,KXMLBGAME-26SEP121810HOUTB-HOU,Houston,yes,2719.92,NO,MISS
2026-09-13T01:34:03+00:00,MLB,KXMLBGAME-26SEP121810HOUTB-HOU,Houston,yes,1067.79,NO,MISS
2026-09-13T01:34:03+00:00,MLB,KXMLBGAME-26SEP121810HOUTB-HOU,Houston,yes,8826.47,NO,MISS
2026-09-13T01:34:03+00:00,MLB,KXMLBGAME-26SEP121810HOUTB-HOU,Houston,yes,128236.82,NO,MISS
2026-09-13T01:34:03+00:00,MLB,KXMLBGAME-26SEP121810HOUTB-HOU,Houston,no,3844.34,NO,HIT
2026-09-13T01:34:03+00:00,MLB,KXMLBGAME-26SEP121810HOUTB-HOU,Houston,no,2398.64,NO,HIT
2026-09-13T01:34:03+00:00,MLB,KXMLBGAME-26SEP121810HOUTB-HOU,Houston,no,1291.23,NO,HIT
2026-09-13T01:34:03+00:00,MLB,KXMLBGAME-26SEP121810HOUTB-HOU,Houston,no,1745.86,NO,HIT
2026-09-13T01:34:03+00:00,MLB,KXMLBGAME-26SEP121810HOUTB-HOU,Houston,no,2683.42,NO,HIT
2026-09-13T01:34:03+00:00,MLB,KXMLBGAME-26SEP121810HOUTB-HOU,Houston,no,2400.67,NO,HIT
2026-09-13T01:34:03+00:00,MLB,KXMLBGAME-26SEP121810HOUTB-HOU,Houston,no,48744.09,NO,HIT
2026-09-13T01:34:03+00:00,CFB,KXNCAAFGAME-26SEP12UTSATXST-TXST,Texas St.,yes,5078.95,NO,MISS
2026-09-13T01:34:03+00:00,CFB,KXNCAAFGAME-26SEP12UTSATXST-TXST,Texas St.,yes,1045.2,NO,MISS
2026-09-13T01:34:03+00:00,CFB,KXNCAAFGAME-26SEP12UTSATXST-TXST,Texas St.,yes,1558.79,NO,MISS
2026-09-13T01:34:03+00:00,CFB,KXNCAAFGAME-26SEP12UTSATXST-TXST,Texas St.,yes,2194.35,NO,MISS
2026-09-13T01:34:03+00:00,CFB,KXNCAAFGAME-26SEP12UTSATXST-TXST,Texas St.,yes,3157.64,NO,MISS
2026-09-13T01:34:03+00:00,CFB,KXNCAAFGAME-26SEP12UTSATXST-TXST,Texas St.,yes,2194.35,NO,MISS
2026-09-13T01:34:03+00:00,CFB,KXNCAAFGAME-26SEP12UTSATXST-TXST,Texas St.,yes,5404.21,NO,MISS
2026-09-13T01:34:03+00:00,CFB,KXNCAAFGAME-26SEP12UTSATXST-TXST,Texas St.,no,1139.8,NO,HIT
2026-09-13T01:34:03+00:00,CFB,KXNCAAFGAME-26SEP12UTSATXST-TXST,Texas St.,no,1238.08,NO,HIT
2026-09-13T01:34:03+00:00,CFB,KXNCAAFGAME-26SEP12UTSATXST-TXST,Texas St.,no,2367.49,NO,HIT
2026-09-13T01:34:03+00:00,CFB,KXNCAAFGAME-26SEP12UTSATXST-TXST,Texas St.,no,4651.35,NO,HIT
2026-09-13T01:34:03+00:00,CFB,KXNCAAFGAME-26SEP12UTSATXST-TXST,Texas St.,no,5238.1,NO,HIT
2026-09-13T01:34:03+00:00,CFB,KXNCAAFGAME-26SEP12UTSATXST-TXST,Texas St.,no,2379.4,NO,HIT
2026-09-13T01:34:03+00:00,CFB,KXNCAAFGAME-26SEP12UTSATXST-TXST,Texas St.,no,2582.71,NO,HIT
2026-09-13T01:34:03+00:00,CFB,KXNCAAFGAME-26SEP12UTSATXST-TXST,Texas St.,no,1295.91,NO,HIT
2026-09-13T01:34:03+00:00,CFB,KXNCAAFGAME-26SEP12UTSATXST-TXST,Texas St.,no,1139.8,NO,HIT
2026-09-13T01:34:03+00:00,CFB,KXNCAAFGAME-26SEP12UTSATXST-TXST,Texas St.,no,1238.08,NO,HIT
2026-09-13T01:34:03+00:00,CFB,KXNCAAFGAME-26SEP12UTSATXST-TXST,Texas St.,no,2367.49,NO,HIT
2026-09-13T01:34:03+00:00,CFB,KXNCAAFGAME-26SEP12UTSATXST-TXST,Texas St.,no,4651.35,NO,HIT
2026-09-13T01:34:03+00:00,CFB,KXNCAAFGAME-26SEP12UTSATXST-TXST,Texas St.,no,5238.1,NO,HIT
2026-09-13T01:34:03+00:00,CFB,KXNCAAFGAME-26SEP12UTSATXST-TXST,Texas St.,no,2379.4,NO,HIT
2026-09-13T01:34:03+00:00,CFB,KXNCAAFGAME-26SEP12UTSATXST-TXST,Texas St.,no,2582.71,NO,HIT
2026-09-13T01:34:03+00:00,CFB,KXNCAAFGAME-26SEP12UTSATXST-TXST,Texas St.,no,1295.91,NO,HIT
2026-09-13T01:34:03+00:00,CFB,KXNCAAFGAME-26SEP12UTSATXST-TXST,Texas St.,no,2189.4,NO,HIT
2026-09-13T01:34:03+00:00,CFB,KXNCAAFGAME-26SEP12UTSATXST-TXST,Texas St.,no,1615.52,NO,HIT
2026-09-13T01:34:03+00:00,CFB,KXNCAAFGAME-26SEP12UTSATXST-TXST,Texas St.,no,1596.55,NO,HIT
2026-09-13T01:34:03+00:00,CFB,KXNCAAFGAME-26SEP12UTSATXST-TXST,Texas St.,no,9387.14,NO,HIT
2026-09-13T01:34:03+00:00,CFB,KXNCAAFGAME-26SEP12UTSATXST-TXST,Texas St.,no,107168.22,NO,HIT
2026-09-13T01:34:03+00:00,CFB,KXNCAAFGAME-26SEP12ALBYLIU-LIU,LIU,yes,3011.11,NO,MISS
2026-09-13T01:34:03+00:00,CFB,KXNCAAFGAME-26SEP12ALBYLIU-LIU,LIU,yes,4252.04,NO,MISS
2026-09-13T01:34:03+00:00,CFB,KXNCAAFGAME-26SEP12ALBYLIU-LIU,LIU,no,1099.24,NO,HIT
2026-09-13T01:34:03+00:00,CFB,KXNCAAFGAME-26SEP12ALBYLIU-LIU,LIU,no,1066.07,NO,HIT
2026-09-13T01:34:03+00:00,CFB,KXNCAAFGAME-26SEP12ALBYLIU-LIU,LIU,no,1426.17,NO,HIT
2026-09-13T01:34:03+00:00,CFB,KXNCAAFGAME-26SEP12ALBYLIU-LIU,LIU,no,1430.38,NO,HIT
2026-09-13T01:34:03+00:00,CFB,KXNCAAFGAME-26SEP12ALBYLIU-LIU,LIU,no,1921.73,NO,HIT
2026-09-13T01:34:03+00:00,CFB,KXNCAAFGAME-26SEP12ALBYLIU-LIU,LIU,no,6671.64,NO,HIT
2026-09-13T01:34:03+00:00,CFB,KXNCAAFGAME-26SEP12ALBYLIU-LIU,LIU,no,1455.3,NO,HIT
2026-09-13T01:34:03+00:00,CFB,KXNCAAFGAME-26SEP12ALBYLIU-LIU,LIU,no,1430.38,NO,HIT
2026-09-13T01:34:03+00:00,CFB,KXNCAAFGAME-26SEP12ALBYLIU-LIU,LIU,no,1921.73,NO,HIT
2026-09-13T01:34:03+00:00,CFB,KXNCAAFGAME-26SEP12ALBYLIU-LIU,LIU,no,6671.64,NO,HIT
2026-09-13T01:34:03+00:00,CFB,KXNCAAFGAME-26SEP12ALBYLIU-LIU,LIU,no,1455.3,NO,HIT
2026-09-13T01:34:03+00:00,CFB,KXNCAAFGAME-26SEP12ALBYLIU-ALBY,University at Albany,yes,2001.23,YES,HIT
2026-09-13T01:34:03+00:00,CFB,KXNCAAFGAME-26SEP12ALBYLIU-ALBY,University at Albany,yes,1159.38,YES,HIT
2026-09-13T01:34:03+00:00,CFB,KXNCAAFGAME-26SEP12ALBYLIU-ALBY,University at Albany,yes,1705.19,YES,HIT
2026-09-13T01:34:03+00:00,CFB,KXNCAAFGAME-26SEP12ALBYLIU-ALBY,University at Albany,no,1461.77,YES,MISS
2026-09-13T01:34:03+00:00,CFB,KXNCAAFGAME-26SEP12ALBYLIU-ALBY,University at Albany,no,16852.74,YES,MISS
2026-09-13T01:34:03+00:00,CFB,KXNCAAFGAME-26SEP12ALBYLIU-ALBY,University at Albany,yes,1272.36,YES,HIT
2026-09-13T01:34:03+00:00,CFB,KXNCAAFGAME-26SEP12ALBYLIU-ALBY,University at Albany,yes,1444.51,YES,HIT
2026-09-13T01:34:03+00:00,CFB,KXNCAAFGAME-26SEP12ALBYLIU-ALBY,University at Albany,yes,5353.67,YES,HIT
2026-09-13T01:34:03+00:00,CFB,KXNCAAFGAME-26SEP12ALBYLIU-ALBY,University at Albany,yes,7330.12,YES,HIT
2026-09-13T01:34:03+00:00,CFB,KXNCAAFGAME-26SEP12ALBYLIU-ALBY,University at Albany,yes,6269.06,YES,HIT
2026-09-13T01:34:03+00:00,CFB,KXNCAAFGAME-26SEP12ALBYLIU-ALBY,University at Albany,yes,1154.97,YES,HIT
2026-09-13T01:34:03+00:00,CFB,KXNCAAFGAME-26SEP12ALBYLIU-ALBY,University at Albany,yes,4179.95,YES,HIT
2026-09-13T01:34:03+00:00,CFB,KXNCAAFGAME-26SEP12ALBYLIU-ALBY,University at Albany,yes,6823.28,YES,HIT
2026-09-13T01:34:03+00:00,CFB,KXNCAAFGAME-26SEP12ALBYLIU-ALBY,University at Albany,yes,6269.06,YES,HIT
2026-09-13T01:34:03+00:00,CFB,KXNCAAFGAME-26SEP12ALBYLIU-ALBY,University at Albany,yes,1154.97,YES,HIT
2026-09-13T01:34:03+00:00,CFB,KXNCAAFGAME-26SEP12ALBYLIU-ALBY,University at Albany,yes,4179.95,YES,HIT
2026-09-13T01:34:03+00:00,CFB,KXNCAAFGAME-26SEP12ALBYLIU-ALBY,University at Albany,yes,6823.28,YES,HIT
2026-09-13T01:34:03+00:00,MLB,KXMLBGAME-26SEP121810HOUTB-TB,Tampa Bay,yes,13259.24,YES,HIT
2026-09-13T01:34:03+00:00,MLB,KXMLBGAME-26SEP121810HOUTB-TB,Tampa Bay,yes,2025.51,YES,HIT
2026-09-13T01:34:03+00:00,MLB,KXMLBGAME-26SEP121810HOUTB-TB,Tampa Bay,no,2200.0,YES,MISS
2026-09-13T01:34:03+00:00,MLB,KXMLBGAME-26SEP121810HOUTB-TB,Tampa Bay,yes,1405.88,YES,HIT
2026-09-13T01:34:03+00:00,MLB,KXMLBGAME-26SEP121810HOUTB-TB,Tampa Bay,yes,1405.88,YES,HIT
2026-09-13T01:34:03+00:00,MLB,KXMLBGAME-26SEP121810HOUTB-TB,Tampa Bay,yes,2817.58,YES,HIT
2026-09-13T01:34:03+00:00,MLB,KXMLBGAME-26SEP121810HOUTB-TB,Tampa Bay,yes,1460.19,YES,HIT
2026-09-13T01:34:03+00:00,MLB,KXMLBGAME-26SEP121810HOUTB-TB,Tampa Bay,yes,3924.94,YES,HIT
2026-09-13T01:34:03+00:00,MLB,KXMLBGAME-26SEP121810HOUTB-TB,Tampa Bay,yes,6723.14,YES,HIT
2026-09-13T01:34:03+00:00,MLB,KXMLBGAME-26SEP121810HOUTB-TB,Tampa Bay,yes,3824.51,YES,HIT
2026-09-13T01:34:03+00:00,MLB,KXMLBGAME-26SEP121810HOUTB-TB,Tampa Bay,yes,2817.58,YES,HIT
2026-09-13T01:34:03+00:00,MLB,KXMLBGAME-26SEP121810HOUTB-TB,Tampa Bay,yes,1460.19,YES,HIT
2026-09-13T01:34:03+00:00,MLB,KXMLBGAME-26SEP121810HOUTB-TB,Tampa Bay,yes,3924.94,YES,HIT
2026-09-13T01:34:03+00:00,MLB,KXMLBGAME-26SEP121810HOUTB-TB,Tampa Bay,yes,6723.14,YES,HIT
2026-09-13T01:34:03+00:00,MLB,KXMLBGAME-26SEP121810HOUTB-TB,Tampa Bay,yes,6690.68,YES,HIT
2026-09-13T01:34:03+00:00,MLB,KXMLBGAME-26SEP121810HOUTB-TB,Tampa Bay,no,1479.32,YES,MISS
2026-09-13T01:34:03+00:00,MLB,KXMLBGAME-26SEP121810HOUTB-TB,Tampa Bay,no,2204.84,YES,MISS
2026-09-13T01:34:03+00:00,MLB,KXMLBGAME-26SEP121810HOUTB-TB,Tampa Bay,no,2700.29,YES,MISS
2026-09-13T01:34:03+00:00,MLB,KXMLBGAME-26SEP121810HOUTB-TB,Tampa Bay,no,3096.49,YES,MISS
2026-09-13T01:34:03+00:00,MLB,KXMLBGAME-26SEP121810HOUTB-TB,Tampa Bay,no,8574.79,YES,MISS
2026-09-13T01:34:03+00:00,MLB,KXMLBGAME-26SEP121810HOUTB-TB,Tampa Bay,no,6445.17,YES,MISS
2026-09-13T01:34:03+00:00,MLB,KXMLBGAME-26SEP121810HOUTB-TB,Tampa Bay,no,23595.86,YES,MISS
2026-09-13T01:34:03+00:00,CFB,KXNCAAFGAME-26SEP12ALSTTROY-TROY,Troy,yes,1487.7,YES,HIT
2026-09-13T01:34:03+00:00,CFB,KXNCAAFGAME-26SEP12ALSTTROY-TROY,Troy,yes,1000.6,YES,HIT
2026-09-13T01:34:03+00:00,CFB,KXNCAAFGAME-26SEP12ALSTTROY-TROY,Troy,yes,1159.88,YES,HIT
2026-09-13T01:34:03+00:00,CFB,KXNCAAFGAME-26SEP12ALSTTROY-TROY,Troy,yes,1399.43,YES,HIT
2026-09-13T01:34:03+00:00,CFB,KXNCAAFGAME-26SEP12ALSTTROY-TROY,Troy,yes,23781.58,YES,HIT
2026-09-13T01:34:03+00:00,CFB,KXNCAAFGAME-26SEP12ALSTTROY-TROY,Troy,yes,5246.07,YES,HIT
2026-09-13T01:34:03+00:00,CFB,KXNCAAFGAME-26SEP12ALSTTROY-TROY,Troy,yes,1690.71,YES,HIT
2026-09-13T01:34:03+00:00,CFB,KXNCAAFGAME-26SEP12ALSTTROY-TROY,Troy,yes,5036.19,YES,HIT
2026-09-13T01:34:03+00:00,CFB,KXNCAAFGAME-26SEP12ALSTTROY-TROY,Troy,yes,1000.6,YES,HIT
2026-09-13T01:34:03+00:00,CFB,KXNCAAFGAME-26SEP12ALSTTROY-TROY,Troy,yes,1159.88,YES,HIT
2026-09-13T01:34:03+00:00,CFB,KXNCAAFGAME-26SEP12ALSTTROY-TROY,Troy,yes,1399.43,YES,HIT
2026-09-13T01:34:03+00:00,CFB,KXNCAAFGAME-26SEP12ALSTTROY-TROY,Troy,yes,23781.58,YES,HIT
2026-09-13T01:34:03+00:00,CFB,KXNCAAFGAME-26SEP12ALSTTROY-TROY,Troy,yes,5246.07,YES,HIT
2026-09-13T01:34:03+00:00,CFB,KXNCAAFGAME-26SEP12ALSTTROY-TROY,Troy,yes,1690.71,YES,HIT
2026-09-13T01:34:03+00:00,CFB,KXNCAAFGAME-26SEP12ALSTTROY-TROY,Troy,yes,5036.19,YES,HIT
2026-09-13T01:34:03+00:00,CFB,KXNCAAFGAME-26SEP12ALSTTROY-TROY,Troy,yes,4929.58,YES,HIT
2026-09-13T01:34:03+00:00,CFB,KXNCAAFGAME-26SEP12ALSTTROY-TROY,Troy,yes,8288.55,YES,HIT
2026-09-13T01:34:03+00:00,CFB,KXNCAAFGAME-26SEP12ALSTTROY-TROY,Troy,yes,64942.02,YES,HIT
2026-09-13T01:34:03+00:00,CFB,KXNCAAFGAME-26SEP12ALSTTROY-TROY,Troy,yes,15064.33,YES,HIT
2026-09-13T01:34:03+00:00,CFB,KXNCAAFGAME-26SEP12ALSTTROY-TROY,Troy,yes,43443.99,YES,HIT
2026-09-13T01:34:03+00:00,CFB,KXNCAAFGAME-26SEP12UTSATXST-UTSA,UTSA,yes,1128.32,YES,HIT
2026-09-13T01:34:03+00:00,CFB,KXNCAAFGAME-26SEP12UTSATXST-UTSA,UTSA,yes,5898.48,YES,HIT
2026-09-13T01:34:03+00:00,CFB,KXNCAAFGAME-26SEP12UTSATXST-UTSA,UTSA,yes,7131.6,YES,HIT
2026-09-13T01:34:03+00:00,CFB,KXNCAAFGAME-26SEP12UTSATXST-UTSA,UTSA,yes,30407.43,YES,HIT
2026-09-13T01:34:03+00:00,CFB,KXNCAAFGAME-26SEP12UTSATXST-UTSA,UTSA,no,3288.44,YES,MISS
2026-09-13T01:34:03+00:00,CFB,KXNCAAFGAME-26SEP12UTSATXST-UTSA,UTSA,no,1848.55,YES,MISS
2026-09-13T01:34:03+00:00,CFB,KXNCAAFGAME-26SEP12UTSATXST-UTSA,UTSA,no,4114.37,YES,MISS
2026-09-13T01:34:03+00:00,CFB,KXNCAAFGAME-26SEP12UTSATXST-UTSA,UTSA,no,6996.22,YES,MISS
2026-09-13T01:34:03+00:00,CFB,KXNCAAFGAME-26SEP12UTSATXST-UTSA,UTSA,yes,30477.38,YES,HIT
2026-09-13T01:34:03+00:00,CFB,KXNCAAFGAME-26SEP12UTSATXST-UTSA,UTSA,no,3288.44,YES,MISS
2026-09-13T01:34:03+00:00,CFB,KXNCAAFGAME-26SEP12UTSATXST-UTSA,UTSA,no,1848.55,YES,MISS
2026-09-13T01:34:03+00:00,CFB,KXNCAAFGAME-26SEP12UTSATXST-UTSA,UTSA,no,4114.37,YES,MISS
2026-09-13T01:34:03+00:00,CFB,KXNCAAFGAME-26SEP12UTSATXST-UTSA,UTSA,no,6996.22,YES,MISS
2026-09-13T01:34:03+00:00,CFB,KXNCAAFGAME-26SEP12UTSATXST-UTSA,UTSA,yes,279755.95,YES,HIT
2026-09-13T01:34:03+00:00,CFB,KXNCAAFGAME-26SEP12UTSATXST-UTSA,UTSA,no,4914.38,YES,MISS
2026-09-13T01:34:03+00:00,CFB,KXNCAAFGAME-26SEP12UTSATXST-UTSA,UTSA,no,63920.71,YES,MISS
2026-09-13T01:34:03+00:00,TENNIS,KXWTAMATCH-26SEP12KINROD-KIN,Hayu Kinoshita,yes,4150.0,YES,HIT
2026-09-13T01:34:03+00:00,TENNIS,KXWTAMATCH-26SEP12KINROD-KIN,Hayu Kinoshita,yes,35323.26,YES,HIT
2026-09-13T01:34:03+00:00,TENNIS,KXWTAMATCH-26SEP12KINROD-KIN,Hayu Kinoshita,no,1923.43,YES,MISS
2026-09-13T01:34:03+00:00,TENNIS,KXWTAMATCH-26SEP12KINROD-KIN,Hayu Kinoshita,no,1790.71,YES,MISS
2026-09-13T01:34:03+00:00,CFB,KXNCAAFGAME-26SEP12ALSTTROY-ALST,Alabama St.,no,1558.57,NO,HIT
2026-09-13T01:34:03+00:00,CFB,KXNCAAFGAME-26SEP12ALSTTROY-ALST,Alabama St.,yes,2483.83,NO,MISS
2026-09-13T01:34:03+00:00,CFB,KXNCAAFGAME-26SEP12ALSTTROY-ALST,Alabama St.,no,4789.2,NO,HIT
2026-09-13T01:34:03+00:00,CFB,KXNCAAFGAME-26SEP12ALSTTROY-ALST,Alabama St.,no,1509.96,NO,HIT
2026-09-13T01:34:03+00:00,CFB,KXNCAAFGAME-26SEP12ALSTTROY-ALST,Alabama St.,no,2039.73,NO,HIT
2026-09-13T01:34:03+00:00,CFB,KXNCAAFGAME-26SEP12ALSTTROY-ALST,Alabama St.,no,1392.51,NO,HIT
2026-09-13T01:34:03+00:00,CFB,KXNCAAFGAME-26SEP12ALSTTROY-ALST,Alabama St.,no,1792.04,NO,HIT
2026-09-13T01:34:03+00:00,CFB,KXNCAAFGAME-26SEP12ALSTTROY-ALST,Alabama St.,no,1268.55,NO,HIT
2026-09-13T01:34:03+00:00,CFB,KXNCAAFGAME-26SEP12ALSTTROY-ALST,Alabama St.,no,1143.48,NO,HIT
2026-09-13T01:34:03+00:00,CFB,KXNCAAFGAME-26SEP12ALSTTROY-ALST,Alabama St.,no,1553.76,NO,HIT
2026-09-13T01:34:03+00:00,CFB,KXNCAAFGAME-26SEP12ALSTTROY-ALST,Alabama St.,no,1161.81,NO,HIT
2026-09-13T01:34:03+00:00,CFB,KXNCAAFGAME-26SEP12ALSTTROY-ALST,Alabama St.,yes,2483.83,NO,MISS
2026-09-13T01:34:03+00:00,CFB,KXNCAAFGAME-26SEP12ALSTTROY-ALST,Alabama St.,no,4789.2,NO,HIT
2026-09-13T01:34:03+00:00,CFB,KXNCAAFGAME-26SEP12ALSTTROY-ALST,Alabama St.,no,1509.96,NO,HIT
2026-09-13T01:34:03+00:00,CFB,KXNCAAFGAME-26SEP12ALSTTROY-ALST,Alabama St.,no,2039.73,NO,HIT
2026-09-13T01:34:03+00:00,CFB,KXNCAAFGAME-26SEP12ALSTTROY-ALST,Alabama St.,no,1392.51,NO,HIT
2026-09-13T01:34:03+00:00,CFB,KXNCAAFGAME-26SEP12ALSTTROY-ALST,Alabama St.,no,1792.04,NO,HIT
2026-09-13T01:34:03+00:00,CFB,KXNCAAFGAME-26SEP12ALSTTROY-ALST,Alabama St.,no,1268.55,NO,HIT
2026-09-13T01:34:03+00:00,CFB,KXNCAAFGAME-26SEP12ALSTTROY-ALST,Alabama St.,no,1143.48,NO,HIT
2026-09-13T01:34:03+00:00,CFB,KXNCAAFGAME-26SEP12ALSTTROY-ALST,Alabama St.,no,1553.76,NO,HIT
2026-09-13T01:34:03+00:00,CFB,KXNCAAFGAME-26SEP12ALSTTROY-ALST,Alabama St.,no,9134.35,NO,HIT
2026-09-13T01:34:03+00:00,CFB,KXNCAAFGAME-26SEP12ALSTTROY-ALST,Alabama St.,yes,1567.11,NO,MISS
2026-09-13T01:34:03+00:00,CFB,KXNCAAFGAME-26SEP12ALSTTROY-ALST,Alabama St.,no,1982.97,NO,HIT
2026-09-13T01:34:03+00:00,CFB,KXNCAAFGAME-26SEP12ALSTTROY-ALST,Alabama St.,no,2253.49,NO,HIT
2026-09-13T01:34:03+00:00,CFB,KXNCAAFGAME-26SEP12ALSTTROY-ALST,Alabama St.,no,10866.17,NO,HIT
2026-09-13T01:34:03+00:00,CFB,KXNCAAFGAME-26SEP12ALSTTROY-ALST,Alabama St.,no,3429.63,NO,HIT
2026-09-13T01:34:03+00:00,CFB,KXNCAAFGAME-26SEP12ALSTTROY-ALST,Alabama St.,no,2383.18,NO,HIT
2026-09-13T01:34:03+00:00,CFB,KXNCAAFGAME-26SEP12ALSTTROY-ALST,Alabama St.,no,1989.55,NO,HIT
2026-09-13T01:34:03+00:00,CFB,KXNCAAFGAME-26SEP12CALSYR-SYR,Syracuse,yes,15946.25,NO,MISS
2026-09-13T01:34:03+00:00,CFB,KXNCAAFGAME-26SEP12CALSYR-SYR,Syracuse,yes,10998.24,NO,MISS
2026-09-13T01:34:03+00:00,CFB,KXNCAAFGAME-26SEP12CALSYR-SYR,Syracuse,yes,15946.25,NO,MISS
2026-09-13T01:34:03+00:00,CFB,KXNCAAFGAME-26SEP12CALSYR-SYR,Syracuse,yes,12279.15,NO,MISS
2026-09-13T01:34:03+00:00,CFB,KXNCAAFGAME-26SEP12CALSYR-SYR,Syracuse,no,2706.32,NO,HIT
2026-09-13T01:34:03+00:00,CFB,KXNCAAFGAME-26SEP12CALSYR-SYR,Syracuse,no,1444.05,NO,HIT
2026-09-13T01:34:03+00:00,CFB,KXNCAAFGAME-26SEP12CALSYR-SYR,Syracuse,no,1451.17,NO,HIT
2026-09-13T01:34:03+00:00,CFB,KXNCAAFGAME-26SEP12CALSYR-SYR,Syracuse,no,3288.66,NO,HIT
2026-09-13T01:34:03+00:00,CFB,KXNCAAFGAME-26SEP12CALSYR-SYR,Syracuse,no,1075.39,NO,HIT
2026-09-13T01:34:03+00:00,CFB,KXNCAAFGAME-26SEP12CALSYR-SYR,Syracuse,no,2706.32,NO,HIT
2026-09-13T01:34:03+00:00,CFB,KXNCAAFGAME-26SEP12CALSYR-SYR,Syracuse,no,1444.05,NO,HIT
2026-09-13T01:34:03+00:00,CFB,KXNCAAFGAME-26SEP12CALSYR-SYR,Syracuse,no,1451.17,NO,HIT
2026-09-13T01:34:03+00:00,CFB,KXNCAAFGAME-26SEP12CALSYR-SYR,Syracuse,no,3288.66,NO,HIT
2026-09-13T01:34:03+00:00,CFB,KXNCAAFGAME-26SEP12CALSYR-SYR,Syracuse,no,1075.39,NO,HIT
2026-09-13T01:34:03+00:00,CFB,KXNCAAFGAME-26SEP12CALSYR-SYR,Syracuse,yes,151718.08,NO,MISS
2026-09-13T01:34:03+00:00,CFB,KXNCAAFGAME-26SEP12CALSYR-SYR,Syracuse,no,388256.23,NO,HIT
2026-09-13T01:34:03+00:00,CFB,KXNCAAFGAME-26SEP12UCFPITT-UCF,UCF,yes,1406.25,NO,MISS
2026-09-13T01:34:03+00:00,CFB,KXNCAAFGAME-26SEP12UCFPITT-UCF,UCF,yes,1026.91,NO,MISS
2026-09-13T01:34:03+00:00,CFB,KXNCAAFGAME-26SEP12UCFPITT-UCF,UCF,yes,1406.25,NO,MISS
2026-09-13T01:34:03+00:00,CFB,KXNCAAFGAME-26SEP12UCFPITT-UCF,UCF,yes,1208.59,NO,MISS
2026-09-13T01:34:03+00:00,CFB,KXNCAAFGAME-26SEP12UCFPITT-UCF,UCF,yes,8182.47,NO,MISS
2026-09-13T01:34:03+00:00,CFB,KXNCAAFGAME-26SEP12UCFPITT-UCF,UCF,yes,7798.42,NO,MISS
2026-09-13T01:34:03+00:00,CFB,KXNCAAFGAME-26SEP12UCFPITT-UCF,UCF,no,4315.58,NO,HIT
2026-09-13T01:34:03+00:00,CFB,KXNCAAFGAME-26SEP12UCFPITT-UCF,UCF,no,1848.0,NO,HIT
2026-09-13T01:34:03+00:00,CFB,KXNCAAFGAME-26SEP12UCFPITT-UCF,UCF,no,1374.77,NO,HIT
2026-09-13T01:34:03+00:00,CFB,KXNCAAFGAME-26SEP12UCFPITT-UCF,UCF,no,10399.04,NO,HIT
2026-09-13T01:34:03+00:00,CFB,KXNCAAFGAME-26SEP12UCFPITT-UCF,UCF,no,3905.37,NO,HIT
2026-09-13T01:34:03+00:00,CFB,KXNCAAFGAME-26SEP12UCFPITT-UCF,UCF,yes,8182.47,NO,MISS
2026-09-13T01:34:03+00:00,CFB,KXNCAAFGAME-26SEP12UCFPITT-UCF,UCF,yes,8974.35,NO,MISS
2026-09-13T01:34:03+00:00,CFB,KXNCAAFGAME-26SEP12UCFPITT-UCF,UCF,no,4315.58,NO,HIT
2026-09-13T01:34:03+00:00,CFB,KXNCAAFGAME-26SEP12UCFPITT-UCF,UCF,no,1848.0,NO,HIT
2026-09-13T01:34:03+00:00,CFB,KXNCAAFGAME-26SEP12UCFPITT-UCF,UCF,no,1374.77,NO,HIT
2026-09-13T01:34:03+00:00,CFB,KXNCAAFGAME-26SEP12UCFPITT-UCF,UCF,no,10399.04,NO,HIT
2026-09-13T01:34:03+00:00,CFB,KXNCAAFGAME-26SEP12UCFPITT-UCF,UCF,no,5174.66,NO,HIT
2026-09-13T01:34:03+00:00,CFB,KXNCAAFGAME-26SEP12UCFPITT-UCF,UCF,yes,12904.44,NO,MISS
2026-09-13T01:34:03+00:00,CFB,KXNCAAFGAME-26SEP12UCFPITT-UCF,UCF,no,4124.81,NO,HIT
2026-09-13T01:34:03+00:00,CFB,KXNCAAFGAME-26SEP12UCFPITT-UCF,UCF,no,2721.14,NO,HIT
2026-09-13T01:34:03+00:00,CFB,KXNCAAFGAME-26SEP12UCFPITT-UCF,UCF,no,8990.56,NO,HIT
2026-09-13T01:34:03+00:00,CFB,KXNCAAFGAME-26SEP12UCFPITT-UCF,UCF,no,3578.6,NO,HIT
2026-09-13T01:34:03+00:00,CFB,KXNCAAFGAME-26SEP12UCFPITT-UCF,UCF,no,2726.82,NO,HIT
2026-09-13T01:34:03+00:00,CFB,KXNCAAFGAME-26SEP12UCFPITT-UCF,UCF,no,1431.91,NO,HIT
2026-09-13T01:34:03+00:00,CFB,KXNCAAFGAME-26SEP12UCFPITT-UCF,UCF,no,29995.58,NO,HIT
2026-09-13T01:34:03+00:00,CFB,KXNCAAFGAME-26SEP12DUQYSU-YSU,Youngstown St.,yes,5626.07,YES,HIT
2026-09-13T01:34:03+00:00,CFB,KXNCAAFGAME-26SEP12DUQYSU-YSU,Youngstown St.,yes,5626.07,YES,HIT
2026-09-13T01:34:03+00:00,CFB,KXNCAAFGAME-26SEP12DUQYSU-YSU,Youngstown St.,yes,1070.26,YES,HIT
2026-09-13T01:34:03+00:00,CFB,KXNCAAFGAME-26SEP12DUQYSU-YSU,Youngstown St.,yes,3301.87,YES,HIT
2026-09-13T01:34:03+00:00,CFB,KXNCAAFGAME-26SEP12DUQYSU-YSU,Youngstown St.,yes,1070.26,YES,HIT
2026-09-13T01:34:03+00:00,CFB,KXNCAAFGAME-26SEP12DUQYSU-YSU,Youngstown St.,yes,3301.87,YES,HIT
2026-09-13T01:34:03+00:00,CFB,KXNCAAFGAME-26SEP12DUQYSU-DUQ,Duquesne,no,4793.09,NO,HIT
2026-09-13T01:34:03+00:00,CFB,KXNCAAFGAME-26SEP12DUQYSU-DUQ,Duquesne,no,1030.5,NO,HIT
2026-09-13T01:34:03+00:00,CFB,KXNCAAFGAME-26SEP12DUQYSU-DUQ,Duquesne,no,4793.09,NO,HIT
2026-09-13T01:34:03+00:00,CFB,KXNCAAFGAME-26SEP12DUQYSU-DUQ,Duquesne,no,1030.5,NO,HIT
2026-09-13T01:34:03+00:00,CFB,KXNCAAFGAME-26SEP12DUQYSU-DUQ,Duquesne,no,3083.71,NO,HIT
2026-09-13T01:34:03+00:00,CFB,KXNCAAFGAME-26SEP12DUQYSU-DUQ,Duquesne,no,3083.71,NO,HIT
2026-09-13T01:34:03+00:00,CFB,KXNCAAFGAME-26SEP12WMLEH-WM,William & Mary,no,1289.7,NO,HIT
2026-09-13T01:34:03+00:00,CFB,KXNCAAFGAME-26SEP12WMLEH-WM,William & Mary,no,1289.7,NO,HIT
2026-09-13T01:34:03+00:00,CFB,KXNCAAFGAME-26SEP12WMLEH-WM,William & Mary,no,3774.31,NO,HIT
2026-09-13T01:34:03+00:00,CFB,KXNCAAFGAME-26SEP12WMLEH-LEH,Lehigh,yes,1057.73,YES,HIT
2026-09-13T01:34:03+00:00,CFB,KXNCAAFGAME-26SEP12WMLEH-LEH,Lehigh,yes,1687.66,YES,HIT
2026-09-13T01:34:03+00:00,CFB,KXNCAAFGAME-26SEP12WMLEH-LEH,Lehigh,yes,1779.24,YES,HIT
2026-09-13T01:34:03+00:00,CFB,KXNCAAFGAME-26SEP12WMLEH-LEH,Lehigh,yes,1057.73,YES,HIT
2026-09-13T01:34:03+00:00,CFB,KXNCAAFGAME-26SEP12WMLEH-LEH,Lehigh,yes,1687.66,YES,HIT
2026-09-13T01:34:03+00:00,CFB,KXNCAAFGAME-26SEP12WMLEH-LEH,Lehigh,yes,1779.24,YES,HIT
2026-09-13T01:34:03+00:00,CFB,KXNCAAFGAME-26SEP12WMLEH-LEH,Lehigh,yes,1535.95,YES,HIT
2026-09-13T01:34:03+00:00,CFB,KXNCAAFGAME-26SEP12WMLEH-LEH,Lehigh,yes,4813.26,YES,HIT
2026-09-13T01:34:03+00:00,CFB,KXNCAAFGAME-26SEP12DRKEUNI-DRKE,Drake,no,1130.66,NO,HIT
2026-09-13T01:34:03+00:00,CFB,KXNCAAFGAME-26SEP12DRKEUNI-DRKE,Drake,no,1130.66,NO,HIT
2026-09-13T01:34:03+00:00,CFB,KXNCAAFGAME-26SEP12DRKEUNI-DRKE,Drake,no,1680.7,NO,HIT
2026-09-13T01:34:03+00:00,CFB,KXNCAAFGAME-26SEP12DRKEUNI-DRKE,Drake,no,4309.47,NO,HIT
2026-09-13T01:34:03+00:00,CFB,KXNCAAFGAME-26SEP12DRKEUNI-DRKE,Drake,no,2122.56,NO,HIT
2026-09-13T01:34:03+00:00,CFB,KXNCAAFGAME-26SEP12DRKEUNI-DRKE,Drake,no,1680.7,NO,HIT
2026-09-13T01:34:03+00:00,CFB,KXNCAAFGAME-26SEP12DRKEUNI-DRKE,Drake,no,4309.47,NO,HIT
2026-09-13T01:34:03+00:00,CFB,KXNCAAFGAME-26SEP12DRKEUNI-DRKE,Drake,no,2122.56,NO,HIT
2026-09-13T01:34:03+00:00,TENNIS,KXWTAMATCH-26SEP12KINROD-ROD,Victoria Rodriguez,no,10321.56,NO,HIT
2026-09-13T01:34:03+00:00,TENNIS,KXWTAMATCH-26SEP12KINROD-ROD,Victoria Rodriguez,no,10321.56,NO,HIT
2026-09-13T01:34:03+00:00,TENNIS,KXWTAMATCH-26SEP12KINROD-ROD,Victoria Rodriguez,yes,28927.22,NO,MISS
2026-09-13T01:34:03+00:00,TENNIS,KXWTAMATCH-26SEP12KINROD-ROD,Victoria Rodriguez,no,1574.22,NO,HIT
2026-09-13T01:34:03+00:00,TENNIS,KXWTAMATCH-26SEP12KINROD-ROD,Victoria Rodriguez,no,3833.78,NO,HIT
2026-09-13T01:34:03+00:00,TENNIS,KXWTAMATCH-26SEP12KINROD-ROD,Victoria Rodriguez,no,17830.22,NO,HIT
2026-09-13T01:34:03+00:00,TENNIS,KXWTAMATCH-26SEP12KINROD-ROD,Victoria Rodriguez,no,4144.32,NO,HIT
2026-09-13T01:34:03+00:00,CFB,KXNCAAFGAME-26SEP12NCATNCCU-NCAT,North Carolina A&T,yes,3830.5,NO,MISS
2026-09-13T01:34:03+00:00,CFB,KXNCAAFGAME-26SEP12NCATNCCU-NCAT,North Carolina A&T,no,1106.15,NO,HIT
2026-09-13T01:34:03+00:00,CFB,KXNCAAFGAME-26SEP12NCATNCCU-NCAT,North Carolina A&T,no,15909.94,NO,HIT
2026-09-13T01:34:03+00:00,CFB,KXNCAAFGAME-26SEP12NCATNCCU-NCAT,North Carolina A&T,no,1338.76,NO,HIT
2026-09-13T01:34:03+00:00,CFB,KXNCAAFGAME-26SEP12NCATNCCU-NCAT,North Carolina A&T,yes,3830.5,NO,MISS
2026-09-13T01:34:03+00:00,CFB,KXNCAAFGAME-26SEP12NCATNCCU-NCAT,North Carolina A&T,no,1106.15,NO,HIT
2026-09-13T01:34:03+00:00,CFB,KXNCAAFGAME-26SEP12NCATNCCU-NCAT,North Carolina A&T,no,15909.94,NO,HIT
2026-09-13T01:34:03+00:00,CFB,KXNCAAFGAME-26SEP12NCATNCCU-NCAT,North Carolina A&T,no,1338.76,NO,HIT
2026-09-13T01:34:03+00:00,CFB,KXNCAAFGAME-26SEP12NCATNCCU-NCAT,North Carolina A&T,no,1703.46,NO,HIT
2026-09-13T01:34:03+00:00,CFB,KXNCAAFGAME-26SEP12MRMKME-ME,Maine,yes,3701.23,NO,MISS
2026-09-13T01:34:03+00:00,CFB,KXNCAAFGAME-26SEP12MRMKME-ME,Maine,yes,3701.23,NO,MISS
2026-09-13T01:34:03+00:00,CFB,KXNCAAFGAME-26SEP12MRMKME-ME,Maine,yes,1245.67,NO,MISS
2026-09-13T01:34:03+00:00,CFB,KXNCAAFGAME-26SEP12MRMKME-ME,Maine,yes,5983.8,NO,MISS
2026-09-13T01:34:03+00:00,CFB,KXNCAAFGAME-26SEP12MRMKME-ME,Maine,no,1109.45,NO,HIT
2026-09-13T01:34:03+00:00,CFB,KXNCAAFGAME-26SEP12DELVAN-VAN,Vanderbilt,yes,4925.42,YES,HIT
2026-09-13T01:34:03+00:00,CFB,KXNCAAFGAME-26SEP12DELVAN-VAN,Vanderbilt,yes,9967.74,YES,HIT
2026-09-13T01:34:03+00:00,CFB,KXNCAAFGAME-26SEP12DELVAN-VAN,Vanderbilt,yes,14017.43,YES,HIT
2026-09-13T01:34:03+00:00,CFB,KXNCAAFGAME-26SEP12DELVAN-VAN,Vanderbilt,yes,6260.73,YES,HIT
2026-09-13T01:34:03+00:00,CFB,KXNCAAFGAME-26SEP12DELVAN-VAN,Vanderbilt,yes,1126.23,YES,HIT
2026-09-13T01:34:03+00:00,CFB,KXNCAAFGAME-26SEP12DELVAN-VAN,Vanderbilt,yes,1097.22,YES,HIT
2026-09-13T01:34:03+00:00,CFB,KXNCAAFGAME-26SEP12DELVAN-VAN,Vanderbilt,yes,6641.39,YES,HIT
2026-09-13T01:34:03+00:00,CFB,KXNCAAFGAME-26SEP12DELVAN-VAN,Vanderbilt,yes,1051.43,YES,HIT
2026-09-13T01:34:03+00:00,CFB,KXNCAAFGAME-26SEP12DELVAN-VAN,Vanderbilt,yes,4925.42,YES,HIT
2026-09-13T01:34:03+00:00,CFB,KXNCAAFGAME-26SEP12DELVAN-VAN,Vanderbilt,yes,9967.74,YES,HIT
2026-09-13T01:34:03+00:00,CFB,KXNCAAFGAME-26SEP12DELVAN-VAN,Vanderbilt,yes,14017.43,YES,HIT
2026-09-13T01:34:03+00:00,CFB,KXNCAAFGAME-26SEP12DELVAN-VAN,Vanderbilt,yes,6260.73,YES,HIT
2026-09-13T01:34:03+00:00,CFB,KXNCAAFGAME-26SEP12DELVAN-VAN,Vanderbilt,yes,1126.23,YES,HIT
2026-09-13T01:34:03+00:00,CFB,KXNCAAFGAME-26SEP12DELVAN-VAN,Vanderbilt,yes,1097.22,YES,HIT
2026-09-13T01:34:03+00:00,CFB,KXNCAAFGAME-26SEP12DELVAN-VAN,Vanderbilt,yes,6641.39,YES,HIT
2026-09-13T01:34:03+00:00,CFB,KXNCAAFGAME-26SEP12DELVAN-VAN,Vanderbilt,yes,1051.43,YES,HIT
2026-09-13T01:34:03+00:00,CFB,KXNCAAFGAME-26SEP12DELVAN-VAN,Vanderbilt,yes,69879.27,YES,HIT
2026-09-13T01:34:03+00:00,CFB,KXNCAAFGAME-26SEP12DELVAN-VAN,Vanderbilt,yes,5210.0,YES,HIT
2026-09-13T01:34:03+00:00,CFB,KXNCAAFGAME-26SEP12DELVAN-VAN,Vanderbilt,yes,34367.84,YES,HIT
2026-09-13T01:34:03+00:00,CFB,KXNCAAFGAME-26SEP12DELVAN-VAN,Vanderbilt,yes,41561.82,YES,HIT
2026-09-13T01:34:03+00:00,CFB,KXNCAAFGAME-26SEP12DELVAN-VAN,Vanderbilt,yes,40616.61,YES,HIT
2026-09-13T01:34:03+00:00,CFB,KXNCAAFGAME-26SEP12DELVAN-VAN,Vanderbilt,yes,25030.84,YES,HIT
2026-09-13T01:34:03+00:00,CFB,KXNCAAFGAME-26SEP12DELVAN-VAN,Vanderbilt,yes,46717.39,YES,HIT
2026-09-13T01:34:03+00:00,CFB,KXNCAAFGAME-26SEP12DELVAN-VAN,Vanderbilt,yes,8627.85,YES,HIT
2026-09-13T01:34:03+00:00,CFB,KXNCAAFGAME-26SEP12LAMIDHO-LAM,Lamar,yes,1107.49,YES,HIT
2026-09-13T01:34:03+00:00,CFB,KXNCAAFGAME-26SEP12LAMIDHO-LAM,Lamar,yes,5815.35,YES,HIT
2026-09-13T01:34:03+00:00,CFB,KXNCAAFGAME-26SEP12LAMIDHO-LAM,Lamar,yes,1107.49,YES,HIT
2026-09-13T01:34:03+00:00,CFB,KXNCAAFGAME-26SEP12LAMIDHO-LAM,Lamar,yes,5815.35,YES,HIT
2026-09-13T01:34:03+00:00,CFB,KXNCAAFGAME-26SEP12LAMIDHO-LAM,Lamar,yes,3185.27,YES,HIT
2026-09-13T01:34:03+00:00,CFB,KXNCAAFGAME-26SEP12LAMIDHO-LAM,Lamar,yes,4002.76,YES,HIT
2026-09-13T01:34:03+00:00,CFB,KXNCAAFGAME-26SEP12LAMIDHO-LAM,Lamar,yes,1102.03,YES,HIT
2026-09-13T01:34:03+00:00,CFB,KXNCAAFGAME-26SEP12LAMIDHO-LAM,Lamar,yes,1034.28,YES,HIT
2026-09-13T01:34:03+00:00,CFB,KXNCAAFGAME-26SEP12LAMIDHO-LAM,Lamar,yes,5283.17,YES,HIT
2026-09-13T01:34:03+00:00,CFB,KXNCAAFGAME-26SEP12LAMIDHO-LAM,Lamar,yes,8913.62,YES,HIT
2026-09-13T01:34:03+00:00,CFB,KXNCAAFGAME-26SEP12LAMIDHO-LAM,Lamar,yes,5993.12,YES,HIT
2026-09-13T01:34:03+00:00,CFB,KXNCAAFGAME-26SEP12LAMIDHO-LAM,Lamar,yes,2893.87,YES,HIT
2026-09-13T01:34:03+00:00,CFB,KXNCAAFGAME-26SEP12LAMIDHO-LAM,Lamar,yes,2259.91,YES,HIT
2026-09-13T01:34:03+00:00,CFB,KXNCAAFGAME-26SEP12LAMIDHO-IDHO,Idaho,yes,1196.93,NO,MISS
2026-09-13T01:34:03+00:00,CFB,KXNCAAFGAME-26SEP12LAMIDHO-IDHO,Idaho,yes,1423.12,NO,MISS
2026-09-13T01:34:03+00:00,CFB,KXNCAAFGAME-26SEP12LAMIDHO-IDHO,Idaho,no,1061.19,NO,HIT
2026-09-13T01:34:03+00:00,CFB,KXNCAAFGAME-26SEP12LAMIDHO-IDHO,Idaho,yes,1196.93,NO,MISS
2026-09-13T01:34:03+00:00,CFB,KXNCAAFGAME-26SEP12LAMIDHO-IDHO,Idaho,yes,1423.12,NO,MISS
2026-09-13T01:34:03+00:00,CFB,KXNCAAFGAME-26SEP12LAMIDHO-IDHO,Idaho,no,1120.11,NO,HIT
2026-09-13T01:34:03+00:00,CFB,KXNCAAFGAME-26SEP12LAMIDHO-IDHO,Idaho,no,1452.06,NO,HIT
2026-09-13T01:34:03+00:00,CFB,KXNCAAFGAME-26SEP12LAMIDHO-IDHO,Idaho,no,4520.94,NO,HIT
2026-09-13T01:34:03+00:00,CFB,KXNCAAFGAME-26SEP12LAMIDHO-IDHO,Idaho,no,2211.11,NO,HIT
2026-09-13T01:34:03+00:00,CFB,KXNCAAFGAME-26SEP12UNCOWYO-UNCO,Northern Colorado,yes,1971.61,NO,MISS
2026-09-13T01:34:03+00:00,CFB,KXNCAAFGAME-26SEP12UNCOWYO-UNCO,Northern Colorado,yes,1029.05,NO,MISS
2026-09-13T01:34:03+00:00,CFB,KXNCAAFGAME-26SEP12UNCOWYO-UNCO,Northern Colorado,yes,7656.12,NO,MISS
2026-09-13T01:34:03+00:00,CFB,KXNCAAFGAME-26SEP12UNCOWYO-UNCO,Northern Colorado,yes,14198.7,NO,MISS
2026-09-13T01:34:03+00:00,CFB,KXNCAAFGAME-26SEP12UNCOWYO-UNCO,Northern Colorado,no,3005.05,NO,HIT
2026-09-13T01:34:03+00:00,CFB,KXNCAAFGAME-26SEP12UNCOWYO-UNCO,Northern Colorado,no,1670.49,NO,HIT
2026-09-13T01:34:03+00:00,CFB,KXNCAAFGAME-26SEP12UNCOWYO-UNCO,Northern Colorado,no,12058.93,NO,HIT
2026-09-13T01:34:03+00:00,CFB,KXNCAAFGAME-26SEP12UNCOWYO-UNCO,Northern Colorado,no,11402.33,NO,HIT
2026-09-13T01:34:03+00:00,CFB,KXNCAAFGAME-26SEP12UNCOWYO-UNCO,Northern Colorado,no,7209.01,NO,HIT
2026-09-13T01:34:03+00:00,CFB,KXNCAAFGAME-26SEP12UNCOWYO-UNCO,Northern Colorado,yes,1971.61,NO,MISS
2026-09-13T01:34:03+00:00,CFB,KXNCAAFGAME-26SEP12UNCOWYO-UNCO,Northern Colorado,yes,1029.05,NO,MISS
2026-09-13T01:34:03+00:00,CFB,KXNCAAFGAME-26SEP12UNCOWYO-UNCO,Northern Colorado,yes,7656.12,NO,MISS
2026-09-13T01:34:03+00:00,CFB,KXNCAAFGAME-26SEP12UNCOWYO-UNCO,Northern Colorado,yes,16469.21,NO,MISS
2026-09-13T01:34:03+00:00,CFB,KXNCAAFGAME-26SEP12UNCOWYO-UNCO,Northern Colorado,no,3005.05,NO,HIT
2026-09-13T01:34:03+00:00,CFB,KXNCAAFGAME-26SEP12UNCOWYO-UNCO,Northern Colorado,no,1670.49,NO,HIT
2026-09-13T01:34:03+00:00,CFB,KXNCAAFGAME-26SEP12UNCOWYO-UNCO,Northern Colorado,no,12058.93,NO,HIT
2026-09-13T01:34:03+00:00,CFB,KXNCAAFGAME-26SEP12UNCOWYO-UNCO,Northern Colorado,no,11402.33,NO,HIT
2026-09-13T01:34:03+00:00,CFB,KXNCAAFGAME-26SEP12UNCOWYO-UNCO,Northern Colorado,no,7209.01,NO,HIT
2026-09-13T01:34:03+00:00,CFB,KXNCAAFGAME-26SEP12UNCOWYO-UNCO,Northern Colorado,no,1840.7,NO,HIT
2026-09-13T01:34:03+00:00,CFB,KXNCAAFGAME-26SEP12UNCOWYO-UNCO,Northern Colorado,no,1814.41,NO,HIT
2026-09-13T01:34:03+00:00,CFB,KXNCAAFGAME-26SEP12UNCOWYO-UNCO,Northern Colorado,no,8138.47,NO,HIT
2026-09-13T01:34:03+00:00,CFB,KXNCAAFGAME-26SEP12UNCOWYO-UNCO,Northern Colorado,no,11920.68,NO,HIT
2026-09-13T01:34:03+00:00,CFB,KXNCAAFGAME-26SEP12UNCOWYO-UNCO,Northern Colorado,no,69725.47,NO,HIT
2026-09-13T01:34:03+00:00,CFB,KXNCAAFGAME-26SEP12UCFPITT-PITT,Pittsburgh,yes,2114.15,YES,HIT
2026-09-13T01:34:03+00:00,CFB,KXNCAAFGAME-26SEP12UCFPITT-PITT,Pittsburgh,yes,36730.33,YES,HIT
2026-09-13T01:34:03+00:00,CFB,KXNCAAFGAME-26SEP12UCFPITT-PITT,Pittsburgh,yes,1396.1,YES,HIT
2026-09-13T01:34:03+00:00,CFB,KXNCAAFGAME-26SEP12UCFPITT-PITT,Pittsburgh,yes,2933.27,YES,HIT
2026-09-13T01:34:03+00:00,CFB,KXNCAAFGAME-26SEP12UCFPITT-PITT,Pittsburgh,yes,23266.12,YES,HIT
2026-09-13T01:34:03+00:00,CFB,KXNCAAFGAME-26SEP12UCFPITT-PITT,Pittsburgh,no,2855.55,YES,MISS
2026-09-13T01:34:03+00:00,CFB,KXNCAAFGAME-26SEP12UCFPITT-PITT,Pittsburgh,no,1009.92,YES,MISS
2026-09-13T01:34:03+00:00,CFB,KXNCAAFGAME-26SEP12UCFPITT-PITT,Pittsburgh,yes,2114.15,YES,HIT
2026-09-13T01:34:03+00:00,CFB,KXNCAAFGAME-26SEP12UCFPITT-PITT,Pittsburgh,yes,36730.33,YES,HIT
2026-09-13T01:34:03+00:00,CFB,KXNCAAFGAME-26SEP12UCFPITT-PITT,Pittsburgh,yes,1396.1,YES,HIT
2026-09-13T01:34:03+00:00,CFB,KXNCAAFGAME-26SEP12UCFPITT-PITT,Pittsburgh,yes,2933.27,YES,HIT
2026-09-13T01:34:03+00:00,CFB,KXNCAAFGAME-26SEP12UCFPITT-PITT,Pittsburgh,yes,23424.72,YES,HIT
2026-09-13T01:34:03+00:00,CFB,KXNCAAFGAME-26SEP12UCFPITT-PITT,Pittsburgh,no,2855.55,YES,MISS
2026-09-13T01:34:03+00:00,CFB,KXNCAAFGAME-26SEP12UCFPITT-PITT,Pittsburgh,no,1009.92,YES,MISS
2026-09-13T01:34:03+00:00,CFB,KXNCAAFGAME-26SEP12UCFPITT-PITT,Pittsburgh,yes,1473.55,YES,HIT
2026-09-13T01:34:03+00:00,CFB,KXNCAAFGAME-26SEP12UCFPITT-PITT,Pittsburgh,yes,3315.75,YES,HIT
2026-09-13T01:34:03+00:00,CFB,KXNCAAFGAME-26SEP12UCFPITT-PITT,Pittsburgh,yes,1041.31,YES,HIT
2026-09-13T01:34:03+00:00,CFB,KXNCAAFGAME-26SEP12UCFPITT-PITT,Pittsburgh,yes,119881.39,YES,HIT
2026-09-13T01:34:03+00:00,CFB,KXNCAAFGAME-26SEP12UCFPITT-PITT,Pittsburgh,yes,89530.54,YES,HIT
2026-09-13T01:34:03+00:00,CFB,KXNCAAFGAME-26SEP12UCFPITT-PITT,Pittsburgh,no,3987.24,YES,MISS
2026-09-13T01:34:03+00:00,CFB,KXNCAAFGAME-26SEP12EWUSDAK-SDAK,South Dakota,yes,1477.23,YES,HIT
2026-09-13T01:34:03+00:00,CFB,KXNCAAFGAME-26SEP12EWUSDAK-SDAK,South Dakota,yes,1900.16,YES,HIT
2026-09-13T01:34:03+00:00,CFB,KXNCAAFGAME-26SEP12EWUSDAK-SDAK,South Dakota,yes,3285.69,YES,HIT
2026-09-13T01:34:03+00:00,CFB,KXNCAAFGAME-26SEP12EWUSDAK-SDAK,South Dakota,yes,1477.23,YES,HIT
2026-09-13T01:34:03+00:00,CFB,KXNCAAFGAME-26SEP12EWUSDAK-SDAK,South Dakota,yes,1900.16,YES,HIT
2026-09-13T01:34:03+00:00,CFB,KXNCAAFGAME-26SEP12EWUSDAK-SDAK,South Dakota,yes,3285.69,YES,HIT
2026-09-13T01:34:03+00:00,CFB,KXNCAAFGAME-26SEP12EWUSDAK-EWU,Eastern Washington,no,1876.06,NO,HIT
2026-09-13T01:34:03+00:00,CFB,KXNCAAFGAME-26SEP12EWUSDAK-EWU,Eastern Washington,no,3150.67,NO,HIT
2026-09-13T01:34:03+00:00,CFB,KXNCAAFGAME-26SEP12EWUSDAK-EWU,Eastern Washington,no,1876.06,NO,HIT
2026-09-13T01:34:03+00:00,CFB,KXNCAAFGAME-26SEP12EWUSDAK-EWU,Eastern Washington,no,3150.67,NO,HIT
2026-09-13T01:34:03+00:00,CFB,KXNCAAFGAME-26SEP12CAMPFLA-CAMP,Campbell,yes,1723.87,NO,MISS
2026-09-13T01:34:03+00:00,CFB,KXNCAAFGAME-26SEP12IWNAU-NAU,Northern Arizona,yes,2157.87,YES,HIT
2026-09-13T01:34:03+00:00,CFB,KXNCAAFGAME-26SEP12IWNAU-NAU,Northern Arizona,yes,1522.58,YES,HIT
2026-09-13T01:34:03+00:00,CFB,KXNCAAFGAME-26SEP12IWNAU-NAU,Northern Arizona,yes,1072.59,YES,HIT
2026-09-13T01:34:03+00:00,CFB,KXNCAAFGAME-26SEP12IWNAU-NAU,Northern Arizona,yes,1655.66,YES,HIT
2026-09-13T01:34:03+00:00,CFB,KXNCAAFGAME-26SEP12IWNAU-IW,Incarnate Word,yes,1187.23,NO,MISS
2026-09-13T01:34:03+00:00,CFB,KXNCAAFGAME-26SEP12IWNAU-IW,Incarnate Word,no,1116.26,NO,HIT
2026-09-13T01:34:03+00:00,CFB,KXNCAAFGAME-26SEP12MRMKME-MRMK,Merrimack,yes,7434.31,YES,HIT
2026-09-13T01:34:03+00:00,CFB,KXNCAAFGAME-26SEP12MRMKME-MRMK,Merrimack,yes,1959.48,YES,HIT
2026-09-13T01:34:03+00:00,CFB,KXNCAAFGAME-26SEP12STETCOOK-STET,Stetson,no,1033.31,NO,HIT
2026-09-13T01:34:03+00:00,CFB,KXNCAAFGAME-26SEP12STETCOOK-COOK,Bethune-Cookman,yes,1237.31,YES,HIT
2026-09-13T01:34:03+00:00,CFB,KXNCAAFGAME-26SEP12STETCOOK-COOK,Bethune-Cookman,yes,1505.54,YES,HIT
2026-09-13T01:34:03+00:00,TENNIS,KXWTAMATCH-26SEP12OSULAB-OSU,Whitney Osuigwe,yes,4017.7,YES,HIT
2026-09-13T01:34:03+00:00,TENNIS,KXWTAMATCH-26SEP12OSULAB-OSU,Whitney Osuigwe,yes,26498.62,YES,HIT
2026-09-13T01:34:03+00:00,TENNIS,KXWTAMATCH-26SEP12OSULAB-LAB,Fernanda Labrana,yes,3717.66,NO,MISS
2026-09-13T01:34:03+00:00,TENNIS,KXWTAMATCH-26SEP12OSULAB-LAB,Fernanda Labrana,yes,1493.34,NO,MISS
2026-09-13T01:34:03+00:00,TENNIS,KXWTAMATCH-26SEP12OSULAB-LAB,Fernanda Labrana,yes,10073.91,NO,MISS
2026-09-13T01:34:03+00:00,TENNIS,KXWTAMATCH-26SEP12OSULAB-LAB,Fernanda Labrana,no,10037.53,NO,HIT
2026-09-13T01:34:03+00:00,TENNIS,KXWTAMATCH-26SEP12OSULAB-LAB,Fernanda Labrana,no,1209.55,NO,HIT
2026-09-13T01:34:03+00:00,TENNIS,KXWTAMATCH-26SEP12PAQCAP-PAQ,Chloe Paquet,yes,5255.25,YES,HIT
2026-09-13T01:34:03+00:00,TENNIS,KXWTAMATCH-26SEP12PAQCAP-PAQ,Chloe Paquet,yes,5072.39,YES,HIT
2026-09-13T01:34:03+00:00,TENNIS,KXWTAMATCH-26SEP12PAQCAP-PAQ,Chloe Paquet,yes,102848.41,YES,HIT
2026-09-13T01:34:03+00:00,TENNIS,KXWTAMATCH-26SEP12PAQCAP-PAQ,Chloe Paquet,no,2587.44,YES,MISS
2026-09-13T01:34:03+00:00,TENNIS,KXWTAMATCH-26SEP12PAQCAP-PAQ,Chloe Paquet,no,2319.22,YES,MISS
2026-09-13T01:34:03+00:00,TENNIS,KXWTAMATCH-26SEP12PAQCAP-PAQ,Chloe Paquet,no,1263.73,YES,MISS
2026-09-13T01:34:03+00:00,TENNIS,KXWTAMATCH-26SEP12PAQCAP-PAQ,Chloe Paquet,no,1351.08,YES,MISS
2026-09-13T01:34:03+00:00,TENNIS,KXWTAMATCH-26SEP12PAQCAP-PAQ,Chloe Paquet,no,1875.11,YES,MISS
2026-09-13T01:34:03+00:00,TENNIS,KXWTAMATCH-26SEP12PAQCAP-PAQ,Chloe Paquet,no,8032.43,YES,MISS
2026-09-13T01:34:03+00:00,TENNIS,KXWTAMATCH-26SEP12PAQCAP-CAP,Martina Capurro Taborda,yes,15421.68,NO,MISS
2026-09-13T01:34:03+00:00,TENNIS,KXWTAMATCH-26SEP12PAQCAP-CAP,Martina Capurro Taborda,yes,130681.17,NO,MISS
2026-09-13T01:34:03+00:00,TENNIS,KXWTAMATCH-26SEP12PAQCAP-CAP,Martina Capurro Taborda,no,1106.62,NO,HIT
2026-09-13T01:34:03+00:00,TENNIS,KXWTAMATCH-26SEP12PAQCAP-CAP,Martina Capurro Taborda,no,61626.74,NO,HIT
2026-09-13T03:34:01+00:00,CFB,KXNCAAFGAME-26SEP12FORCCAR-CCAR,Coastal Carolina,yes,1198.31,YES,HIT
2026-09-13T03:34:01+00:00,CFB,KXNCAAFGAME-26SEP12FORCCAR-CCAR,Coastal Carolina,yes,27026.96,YES,HIT
2026-09-13T03:34:01+00:00,CFB,KXNCAAFGAME-26SEP12FORCCAR-CCAR,Coastal Carolina,yes,21307.17,YES,HIT
2026-09-13T03:34:01+00:00,CFB,KXNCAAFGAME-26SEP12FORCCAR-CCAR,Coastal Carolina,yes,7897.23,YES,HIT
2026-09-13T03:34:01+00:00,CFB,KXNCAAFGAME-26SEP12FORCCAR-CCAR,Coastal Carolina,yes,27026.96,YES,HIT
2026-09-13T03:34:01+00:00,CFB,KXNCAAFGAME-26SEP12FORCCAR-CCAR,Coastal Carolina,yes,21307.17,YES,HIT
2026-09-13T03:34:01+00:00,CFB,KXNCAAFGAME-26SEP12FORCCAR-CCAR,Coastal Carolina,yes,7897.23,YES,HIT
2026-09-13T03:34:01+00:00,CFB,KXNCAAFGAME-26SEP12LTLSU-LT,Louisiana Tech,no,1323.56,NO,HIT
2026-09-13T03:34:01+00:00,CFB,KXNCAAFGAME-26SEP12LTLSU-LT,Louisiana Tech,no,1498.95,NO,HIT
2026-09-13T03:34:01+00:00,CFB,KXNCAAFGAME-26SEP12LTLSU-LT,Louisiana Tech,no,2699.31,NO,HIT
2026-09-13T03:34:01+00:00,CFB,KXNCAAFGAME-26SEP12LTLSU-LT,Louisiana Tech,no,1890.31,NO,HIT
2026-09-13T03:34:01+00:00,CFB,KXNCAAFGAME-26SEP12LTLSU-LT,Louisiana Tech,no,1138.5,NO,HIT
2026-09-13T03:34:01+00:00,CFB,KXNCAAFGAME-26SEP12LTLSU-LT,Louisiana Tech,no,1138.5,NO,HIT
2026-09-13T03:34:01+00:00,CFB,KXNCAAFGAME-26SEP12LTLSU-LT,Louisiana Tech,no,1106.46,NO,HIT
2026-09-13T03:34:01+00:00,CFB,KXNCAAFGAME-26SEP12LTLSU-LT,Louisiana Tech,no,1106.46,NO,HIT
2026-09-13T03:34:01+00:00,CFB,KXNCAAFGAME-26SEP12LTLSU-LT,Louisiana Tech,no,1970.62,NO,HIT
2026-09-13T03:34:01+00:00,CFB,KXNCAAFGAME-26SEP12LTLSU-LT,Louisiana Tech,no,1098.99,NO,HIT
2026-09-13T03:34:01+00:00,CFB,KXNCAAFGAME-26SEP12LTLSU-LT,Louisiana Tech,yes,4338.82,NO,MISS
2026-09-13T03:34:01+00:00,CFB,KXNCAAFGAME-26SEP12LTLSU-LT,Louisiana Tech,yes,37003.64,NO,MISS
2026-09-13T03:34:01+00:00,CFB,KXNCAAFGAME-26SEP12LTLSU-LT,Louisiana Tech,no,5426.54,NO,HIT
2026-09-13T03:34:01+00:00,CFB,KXNCAAFGAME-26SEP12LTLSU-LT,Louisiana Tech,no,4950.0,NO,HIT
2026-09-13T03:34:01+00:00,CFB,KXNCAAFGAME-26SEP12LTLSU-LT,Louisiana Tech,no,6275.42,NO,HIT
2026-09-13T03:34:01+00:00,CFB,KXNCAAFGAME-26SEP12LTLSU-LT,Louisiana Tech,no,133203.62,NO,HIT
2026-09-13T03:34:01+00:00,CFB,KXNCAAFGAME-26SEP12LTLSU-LT,Louisiana Tech,no,5956.01,NO,HIT
2026-09-13T03:34:01+00:00,CFB,KXNCAAFGAME-26SEP12LTLSU-LT,Louisiana Tech,no,5426.54,NO,HIT
2026-09-13T03:34:01+00:00,CFB,KXNCAAFGAME-26SEP12LTLSU-LT,Louisiana Tech,no,4950.0,NO,HIT
2026-09-13T03:34:01+00:00,CFB,KXNCAAFGAME-26SEP12LTLSU-LT,Louisiana Tech,no,6275.42,NO,HIT
2026-09-13T03:34:01+00:00,CFB,KXNCAAFGAME-26SEP12LTLSU-LT,Louisiana Tech,no,133203.62,NO,HIT
2026-09-13T03:34:01+00:00,CFB,KXNCAAFGAME-26SEP12LTLSU-LT,Louisiana Tech,no,88624.57,NO,HIT
2026-09-13T03:34:01+00:00,CFB,KXNCAAFGAME-26SEP12LTLSU-LT,Louisiana Tech,yes,4338.82,NO,MISS
2026-09-13T03:34:01+00:00,CFB,KXNCAAFGAME-26SEP12LTLSU-LT,Louisiana Tech,yes,48510.9,NO,MISS
2026-09-13T03:34:01+00:00,CFB,KXNCAAFGAME-26SEP12SDSUUCLA-UCLA,UCLA,yes,1007.07,YES,HIT
2026-09-13T03:34:01+00:00,CFB,KXNCAAFGAME-26SEP12SDSUUCLA-UCLA,UCLA,yes,1085.46,YES,HIT
2026-09-13T03:34:01+00:00,CFB,KXNCAAFGAME-26SEP12SDSUUCLA-UCLA,UCLA,yes,1085.46,YES,HIT
2026-09-13T03:34:01+00:00,CFB,KXNCAAFGAME-26SEP12SDSUUCLA-UCLA,UCLA,yes,1978.06,YES,HIT
2026-09-13T03:34:01+00:00,CFB,KXNCAAFGAME-26SEP12SDSUUCLA-UCLA,UCLA,yes,1978.06,YES,HIT
2026-09-13T03:34:01+00:00,CFB,KXNCAAFGAME-26SEP12SDSUUCLA-UCLA,UCLA,yes,9722.59,YES,HIT
2026-09-13T03:34:01+00:00,CFB,KXNCAAFGAME-26SEP12SDSUUCLA-UCLA,UCLA,yes,2781.33,YES,HIT
2026-09-13T03:34:01+00:00,CFB,KXNCAAFGAME-26SEP12SDSUUCLA-UCLA,UCLA,yes,6588.09,YES,HIT
2026-09-13T03:34:01+00:00,CFB,KXNCAAFGAME-26SEP12SDSUUCLA-UCLA,UCLA,yes,3144.45,YES,HIT
2026-09-13T03:34:01+00:00,CFB,KXNCAAFGAME-26SEP12SDSUUCLA-UCLA,UCLA,yes,2537.14,YES,HIT
2026-09-13T03:34:01+00:00,CFB,KXNCAAFGAME-26SEP12SDSUUCLA-UCLA,UCLA,yes,73014.72,YES,HIT
2026-09-13T03:34:01+00:00,CFB,KXNCAAFGAME-26SEP12SDSUUCLA-UCLA,UCLA,no,5709.8,YES,MISS
2026-09-13T03:34:01+00:00,CFB,KXNCAAFGAME-26SEP12SDSUUCLA-UCLA,UCLA,no,1004.29,YES,MISS
2026-09-13T03:34:01+00:00,CFB,KXNCAAFGAME-26SEP12SDSUUCLA-UCLA,UCLA,no,3955.99,YES,MISS
2026-09-13T03:34:01+00:00,CFB,KXNCAAFGAME-26SEP12SDSUUCLA-UCLA,UCLA,no,4957.84,YES,MISS
2026-09-13T03:34:01+00:00,CFB,KXNCAAFGAME-26SEP12SDSUUCLA-UCLA,UCLA,no,1978.44,YES,MISS
2026-09-13T03:34:01+00:00,CFB,KXNCAAFGAME-26SEP12SDSUUCLA-UCLA,UCLA,no,2644.98,YES,MISS
2026-09-13T03:34:01+00:00,CFB,KXNCAAFGAME-26SEP12SDSUUCLA-UCLA,UCLA,no,1595.58,YES,MISS
2026-09-13T03:34:01+00:00,CFB,KXNCAAFGAME-26SEP12SDSUUCLA-UCLA,UCLA,no,1587.38,YES,MISS
2026-09-13T03:34:01+00:00,CFB,KXNCAAFGAME-26SEP12SDSUUCLA-UCLA,UCLA,no,1121.8,YES,MISS
2026-09-13T03:34:01+00:00,CFB,KXNCAAFGAME-26SEP12SDSUUCLA-UCLA,UCLA,no,3955.99,YES,MISS
2026-09-13T03:34:01+00:00,CFB,KXNCAAFGAME-26SEP12SDSUUCLA-UCLA,UCLA,no,4957.84,YES,MISS
2026-09-13T03:34:01+00:00,CFB,KXNCAAFGAME-26SEP12SDSUUCLA-UCLA,UCLA,no,1978.44,YES,MISS
2026-09-13T03:34:01+00:00,CFB,KXNCAAFGAME-26SEP12SDSUUCLA-UCLA,UCLA,no,2644.98,YES,MISS
2026-09-13T03:34:01+00:00,CFB,KXNCAAFGAME-26SEP12SDSUUCLA-UCLA,UCLA,no,1595.58,YES,MISS
2026-09-13T03:34:01+00:00,CFB,KXNCAAFGAME-26SEP12SDSUUCLA-UCLA,UCLA,no,1587.38,YES,MISS
2026-09-13T03:34:01+00:00,CFB,KXNCAAFGAME-26SEP12SDSUUCLA-UCLA,UCLA,no,3324.12,YES,MISS
2026-09-13T03:34:01+00:00,CFB,KXNCAAFGAME-26SEP12SDSUUCLA-UCLA,UCLA,no,1175.47,YES,MISS
2026-09-13T03:34:01+00:00,CFB,KXNCAAFGAME-26SEP12WIUWIS-WIU,Western Illinois,no,2528.97,NO,HIT
2026-09-13T03:34:01+00:00,CFB,KXNCAAFGAME-26SEP12WIUWIS-WIU,Western Illinois,no,4113.35,NO,HIT
2026-09-13T03:34:01+00:00,CFB,KXNCAAFGAME-26SEP12WIUWIS-WIS,Wisconsin,yes,12093.53,YES,HIT
2026-09-13T03:34:01+00:00,CFB,KXNCAAFGAME-26SEP12LINWMOSU-MOSU,Missouri St.,yes,1026.31,YES,HIT
2026-09-13T03:34:01+00:00,CFB,KXNCAAFGAME-26SEP12LINWMOSU-MOSU,Missouri St.,yes,2995.74,YES,HIT
2026-09-13T03:34:01+00:00,CFB,KXNCAAFGAME-26SEP12LINWMOSU-MOSU,Missouri St.,yes,3188.83,YES,HIT
2026-09-13T03:34:01+00:00,CFB,KXNCAAFGAME-26SEP12LINWMOSU-MOSU,Missouri St.,yes,26473.88,YES,HIT
2026-09-13T03:34:01+00:00,CFB,KXNCAAFGAME-26SEP12LINWMOSU-MOSU,Missouri St.,yes,34961.76,YES,HIT
2026-09-13T03:34:01+00:00,CFB,KXNCAAFGAME-26SEP12LINWMOSU-MOSU,Missouri St.,yes,9993.0,YES,HIT
2026-09-13T03:34:01+00:00,CFB,KXNCAAFGAME-26SEP12LINWMOSU-MOSU,Missouri St.,yes,4521.6,YES,HIT
2026-09-13T03:34:01+00:00,CFB,KXNCAAFGAME-26SEP12LINWMOSU-MOSU,Missouri St.,yes,26473.88,YES,HIT
2026-09-13T03:34:01+00:00,CFB,KXNCAAFGAME-26SEP12LINWMOSU-MOSU,Missouri St.,yes,34961.76,YES,HIT
2026-09-13T03:34:01+00:00,CFB,KXNCAAFGAME-26SEP12LINWMOSU-MOSU,Missouri St.,yes,9993.0,YES,HIT
2026-09-13T03:34:01+00:00,CFB,KXNCAAFGAME-26SEP12LINWMOSU-MOSU,Missouri St.,yes,4521.6,YES,HIT
2026-09-13T03:34:01+00:00,CFB,KXNCAAFGAME-26SEP12WCUCIN-CIN,Cincinnati,yes,1583.29,YES,HIT
2026-09-13T03:34:01+00:00,CFB,KXNCAAFGAME-26SEP12WCUCIN-CIN,Cincinnati,yes,1299.36,YES,HIT
2026-09-13T03:34:01+00:00,CFB,KXNCAAFGAME-26SEP12WCUCIN-CIN,Cincinnati,yes,2055.56,YES,HIT
2026-09-13T03:34:01+00:00,CFB,KXNCAAFGAME-26SEP12WCUCIN-CIN,Cincinnati,yes,37070.53,YES,HIT
2026-09-13T03:34:01+00:00,CFB,KXNCAAFGAME-26SEP12MEMBSU-BSU,Boise St.,yes,2307.23,YES,HIT
2026-09-13T03:34:01+00:00,CFB,KXNCAAFGAME-26SEP12MEMBSU-BSU,Boise St.,yes,1573.56,YES,HIT
2026-09-13T03:34:01+00:00,CFB,KXNCAAFGAME-26SEP12MEMBSU-BSU,Boise St.,yes,2085.34,YES,HIT
2026-09-13T03:34:01+00:00,CFB,KXNCAAFGAME-26SEP12MEMBSU-BSU,Boise St.,yes,3950.23,YES,HIT
2026-09-13T03:34:01+00:00,CFB,KXNCAAFGAME-26SEP12MEMBSU-BSU,Boise St.,yes,4197.17,YES,HIT
2026-09-13T03:34:01+00:00,CFB,KXNCAAFGAME-26SEP12MEMBSU-BSU,Boise St.,yes,4197.17,YES,HIT
2026-09-13T03:34:01+00:00,CFB,KXNCAAFGAME-26SEP12MEMBSU-BSU,Boise St.,yes,1914.56,YES,HIT
2026-09-13T03:34:01+00:00,CFB,KXNCAAFGAME-26SEP12MEMBSU-BSU,Boise St.,yes,1633.63,YES,HIT
2026-09-13T03:34:01+00:00,CFB,KXNCAAFGAME-26SEP12MEMBSU-BSU,Boise St.,yes,5985.9,YES,HIT
2026-09-13T03:34:01+00:00,CFB,KXNCAAFGAME-26SEP12MEMBSU-BSU,Boise St.,yes,1972.23,YES,HIT
2026-09-13T03:34:01+00:00,CFB,KXNCAAFGAME-26SEP12MEMBSU-BSU,Boise St.,yes,1914.56,YES,HIT
2026-09-13T03:34:01+00:00,CFB,KXNCAAFGAME-26SEP12MEMBSU-BSU,Boise St.,yes,1633.63,YES,HIT
2026-09-13T03:34:01+00:00,CFB,KXNCAAFGAME-26SEP12MEMBSU-BSU,Boise St.,yes,5985.9,YES,HIT
2026-09-13T03:34:01+00:00,CFB,KXNCAAFGAME-26SEP12MEMBSU-BSU,Boise St.,yes,2226.99,YES,HIT
2026-09-13T03:34:01+00:00,CFB,KXNCAAFGAME-26SEP12MEMBSU-BSU,Boise St.,yes,339094.58,YES,HIT
2026-09-13T03:34:01+00:00,CFB,KXNCAAFGAME-26SEP12MEMBSU-BSU,Boise St.,no,1853.95,YES,MISS
2026-09-13T03:34:01+00:00,CFB,KXNCAAFGAME-26SEP12MEMBSU-BSU,Boise St.,no,55634.85,YES,MISS
2026-09-13T03:34:01+00:00,CFB,KXNCAAFGAME-26SEP12OSUTEX-TEX,Texas,yes,1620.54,YES,HIT
2026-09-13T03:34:01+00:00,CFB,KXNCAAFGAME-26SEP12OSUTEX-TEX,Texas,yes,1411.59,YES,HIT
2026-09-13T03:34:01+00:00,CFB,KXNCAAFGAME-26SEP12OSUTEX-TEX,Texas,yes,1458.43,YES,HIT
2026-09-13T03:34:01+00:00,CFB,KXNCAAFGAME-26SEP12OSUTEX-TEX,Texas,yes,1581.82,YES,HIT
2026-09-13T03:34:01+00:00,CFB,KXNCAAFGAME-26SEP12OSUTEX-TEX,Texas,yes,1463.46,YES,HIT
2026-09-13T03:34:01+00:00,CFB,KXNCAAFGAME-26SEP12OSUTEX-TEX,Texas,yes,5213.05,YES,HIT
2026-09-13T03:34:01+00:00,CFB,KXNCAAFGAME-26SEP12OSUTEX-TEX,Texas,yes,1010.09,YES,HIT
2026-09-13T03:34:01+00:00,CFB,KXNCAAFGAME-26SEP12OSUTEX-TEX,Texas,yes,2037.94,YES,HIT
2026-09-13T03:34:01+00:00,CFB,KXNCAAFGAME-26SEP12OSUTEX-TEX,Texas,yes,1233.47,YES,HIT
2026-09-13T03:34:01+00:00,CFB,KXNCAAFGAME-26SEP12OSUTEX-TEX,Texas,yes,2462.07,YES,HIT
2026-09-13T03:34:01+00:00,CFB,KXNCAAFGAME-26SEP12OSUTEX-TEX,Texas,yes,1633.31,YES,HIT
2026-09-13T03:34:01+00:00,CFB,KXNCAAFGAME-26SEP12OSUTEX-TEX,Texas,yes,1164.81,YES,HIT
2026-09-13T03:34:01+00:00,CFB,KXNCAAFGAME-26SEP12OSUTEX-TEX,Texas,yes,2688.72,YES,HIT
2026-09-13T03:34:01+00:00,CFB,KXNCAAFGAME-26SEP12OSUTEX-TEX,Texas,yes,1484.25,YES,HIT
2026-09-13T03:34:01+00:00,CFB,KXNCAAFGAME-26SEP12OSUTEX-TEX,Texas,yes,3661.62,YES,HIT
2026-09-13T03:34:01+00:00,CFB,KXNCAAFGAME-26SEP12OSUTEX-TEX,Texas,yes,2381.22,YES,HIT
2026-09-13T03:34:01+00:00,CFB,KXNCAAFGAME-26SEP12OSUTEX-TEX,Texas,yes,1831.07,YES,HIT
2026-09-13T03:34:01+00:00,CFB,KXNCAAFGAME-26SEP12OSUTEX-TEX,Texas,yes,4548.21,YES,HIT
2026-09-13T03:34:01+00:00,CFB,KXNCAAFGAME-26SEP12OSUTEX-TEX,Texas,yes,1192.26,YES,HIT
2026-09-13T03:34:01+00:00,CFB,KXNCAAFGAME-26SEP12OSUTEX-TEX,Texas,yes,3671.94,YES,HIT
2026-09-13T03:34:01+00:00,CFB,KXNCAAFGAME-26SEP12OSUTEX-TEX,Texas,yes,1758.22,YES,HIT
2026-09-13T03:34:01+00:00,CFB,KXNCAAFGAME-26SEP12OSUTEX-TEX,Texas,yes,15645.4,YES,HIT
2026-09-13T03:34:01+00:00,CFB,KXNCAAFGAME-26SEP12OSUTEX-TEX,Texas,yes,25479.62,YES,HIT
2026-09-13T03:34:01+00:00,CFB,KXNCAAFGAME-26SEP12OSUTEX-TEX,Texas,yes,42972.61,YES,HIT
2026-09-13T03:34:01+00:00,CFB,KXNCAAFGAME-26SEP12OSUTEX-TEX,Texas,yes,3720.3,YES,HIT
2026-09-13T03:34:01+00:00,CFB,KXNCAAFGAME-26SEP12OSUTEX-TEX,Texas,yes,4553.02,YES,HIT
2026-09-13T03:34:01+00:00,CFB,KXNCAAFGAME-26SEP12OSUTEX-TEX,Texas,yes,2992.61,YES,HIT
2026-09-13T03:34:01+00:00,CFB,KXNCAAFGAME-26SEP12OSUTEX-TEX,Texas,yes,2956.9,YES,HIT
2026-09-13T03:34:01+00:00,CFB,KXNCAAFGAME-26SEP12OSUTEX-TEX,Texas,yes,2890.97,YES,HIT
2026-09-13T03:34:01+00:00,CFB,KXNCAAFGAME-26SEP12OSUTEX-TEX,Texas,yes,5173.06,YES,HIT
2026-09-13T03:34:01+00:00,CFB,KXNCAAFGAME-26SEP12OSUTEX-TEX,Texas,yes,1894.74,YES,HIT
2026-09-13T03:34:01+00:00,CFB,KXNCAAFGAME-26SEP12OSUTEX-TEX,Texas,yes,1187.06,YES,HIT
2026-09-13T03:34:01+00:00,CFB,KXNCAAFGAME-26SEP12OSUTEX-TEX,Texas,yes,1953.6,YES,HIT
2026-09-13T03:34:01+00:00,CFB,KXNCAAFGAME-26SEP12OSUTEX-TEX,Texas,yes,1277.74,YES,HIT
2026-09-13T03:34:01+00:00,CFB,KXNCAAFGAME-26SEP12OSUTEX-TEX,Texas,yes,1768.48,YES,HIT
2026-09-13T03:34:01+00:00,CFB,KXNCAAFGAME-26SEP12OSUTEX-TEX,Texas,yes,1240.49,YES,HIT
2026-09-13T03:34:01+00:00,CFB,KXNCAAFGAME-26SEP12OSUTEX-TEX,Texas,yes,5134.78,YES,HIT
2026-09-13T03:34:01+00:00,CFB,KXNCAAFGAME-26SEP12OSUTEX-TEX,Texas,yes,1951.08,YES,HIT
2026-09-13T03:34:01+00:00,CFB,KXNCAAFGAME-26SEP12OSUTEX-TEX,Texas,yes,1130.32,YES,HIT
2026-09-13T03:34:01+00:00,CFB,KXNCAAFGAME-26SEP12OSUTEX-TEX,Texas,yes,5355.14,YES,HIT
2026-09-13T03:34:01+00:00,CFB,KXNCAAFGAME-26SEP12OSUTEX-TEX,Texas,no,3372.87,YES,MISS
2026-09-13T03:34:01+00:00,CFB,KXNCAAFGAME-26SEP12OSUTEX-TEX,Texas,no,4122.37,YES,MISS
2026-09-13T03:34:01+00:00,CFB,KXNCAAFGAME-26SEP12OSUTEX-TEX,Texas,no,4277.22,YES,MISS
2026-09-13T03:34:01+00:00,CFB,KXNCAAFGAME-26SEP12OSUTEX-TEX,Texas,no,6028.12,YES,MISS
2026-09-13T03:34:01+00:00,CFB,KXNCAAFGAME-26SEP12OSUTEX-TEX,Texas,no,1888.3,YES,MISS
2026-09-13T03:34:01+00:00,CFB,KXNCAAFGAME-26SEP12OSUTEX-TEX,Texas,no,1888.3,YES,MISS
2026-09-13T03:34:01+00:00,CFB,KXNCAAFGAME-26SEP12OSUTEX-TEX,Texas,yes,730590.41,YES,HIT
2026-09-13T03:34:01+00:00,CFB,KXNCAAFGAME-26SEP12OSUTEX-TEX,Texas,no,1479.24,YES,MISS
2026-09-13T03:34:01+00:00,CFB,KXNCAAFGAME-26SEP12OSUTEX-TEX,Texas,no,1117.47,YES,MISS
2026-09-13T03:34:01+00:00,CFB,KXNCAAFGAME-26SEP12OSUTEX-TEX,Texas,no,1937.26,YES,MISS
2026-09-13T03:34:01+00:00,CFB,KXNCAAFGAME-26SEP12OSUTEX-TEX,Texas,yes,734511.41,YES,HIT
2026-09-13T03:34:01+00:00,CFB,KXNCAAFGAME-26SEP12OSUTEX-TEX,Texas,no,1479.24,YES,MISS
2026-09-13T03:34:01+00:00,CFB,KXNCAAFGAME-26SEP12OSUTEX-TEX,Texas,no,1117.47,YES,MISS
2026-09-13T03:34:01+00:00,CFB,KXNCAAFGAME-26SEP12OSUTEX-TEX,Texas,no,1937.26,YES,MISS
2026-09-13T03:34:01+00:00,CFB,KXNCAAFGAME-26SEP12OSUTEX-TEX,Texas,yes,1480757.95,YES,HIT
2026-09-13T03:34:01+00:00,CFB,KXNCAAFGAME-26SEP12OSUTEX-TEX,Texas,no,2775.79,YES,MISS
2026-09-13T03:34:01+00:00,CFB,KXNCAAFGAME-26SEP12OSUTEX-TEX,Texas,no,15807.59,YES,MISS
2026-09-13T03:34:01+00:00,CFB,KXNCAAFGAME-26SEP12OSUTEX-TEX,Texas,no,544069.91,YES,MISS
2026-09-13T03:34:01+00:00,CFB,KXNCAAFGAME-26SEP12OSUTEX-TEX,Texas,yes,390589.02,YES,HIT
2026-09-13T03:34:01+00:00,CFB,KXNCAAFGAME-26SEP12OSUTEX-TEX,Texas,yes,379800.26,YES,HIT
2026-09-13T03:34:01+00:00,CFB,KXNCAAFGAME-26SEP12OSUTEX-TEX,Texas,no,562840.41,YES,MISS
2026-09-13T03:34:01+00:00,CFB,KXNCAAFGAME-26SEP12OSUTEX-OSU,Ohio St.,yes,1245.27,NO,MISS
2026-09-13T03:34:01+00:00,CFB,KXNCAAFGAME-26SEP12OSUTEX-OSU,Ohio St.,yes,1720.89,NO,MISS
2026-09-13T03:34:01+00:00,CFB,KXNCAAFGAME-26SEP12OSUTEX-OSU,Ohio St.,yes,2364.96,NO,MISS
2026-09-13T03:34:01+00:00,CFB,KXNCAAFGAME-26SEP12OSUTEX-OSU,Ohio St.,yes,2444.52,NO,MISS
2026-09-13T03:34:01+00:00,CFB,KXNCAAFGAME-26SEP12OSUTEX-OSU,Ohio St.,yes,2150.17,NO,MISS
2026-09-13T03:34:01+00:00,CFB,KXNCAAFGAME-26SEP12OSUTEX-OSU,Ohio St.,yes,1514.82,NO,MISS
2026-09-13T03:34:01+00:00,CFB,KXNCAAFGAME-26SEP12OSUTEX-OSU,Ohio St.,yes,2078.14,NO,MISS
2026-09-13T03:34:01+00:00,CFB,KXNCAAFGAME-26SEP12OSUTEX-OSU,Ohio St.,yes,1238.85,NO,MISS
2026-09-13T03:34:01+00:00,CFB,KXNCAAFGAME-26SEP12OSUTEX-OSU,Ohio St.,yes,1203.27,NO,MISS
2026-09-13T03:34:01+00:00,CFB,KXNCAAFGAME-26SEP12OSUTEX-OSU,Ohio St.,yes,1013.96,NO,MISS
2026-09-13T03:34:01+00:00,CFB,KXNCAAFGAME-26SEP12OSUTEX-OSU,Ohio St.,yes,1690.6,NO,MISS
2026-09-13T03:34:01+00:00,CFB,KXNCAAFGAME-26SEP12OSUTEX-OSU,Ohio St.,yes,1379.73,NO,MISS
2026-09-13T03:34:01+00:00,CFB,KXNCAAFGAME-26SEP12OSUTEX-OSU,Ohio St.,yes,2722.0,NO,MISS
2026-09-13T03:34:01+00:00,CFB,KXNCAAFGAME-26SEP12OSUTEX-OSU,Ohio St.,yes,2779.32,NO,MISS
2026-09-13T03:34:01+00:00,CFB,KXNCAAFGAME-26SEP12OSUTEX-OSU,Ohio St.,yes,2920.21,NO,MISS
2026-09-13T03:34:01+00:00,CFB,KXNCAAFGAME-26SEP12OSUTEX-OSU,Ohio St.,yes,1058.47,NO,MISS
2026-09-13T03:34:01+00:00,CFB,KXNCAAFGAME-26SEP12OSUTEX-OSU,Ohio St.,yes,1325.54,NO,MISS
2026-09-13T03:34:01+00:00,CFB,KXNCAAFGAME-26SEP12OSUTEX-OSU,Ohio St.,yes,4352.04,NO,MISS
2026-09-13T03:34:01+00:00,CFB,KXNCAAFGAME-26SEP12OSUTEX-OSU,Ohio St.,yes,3704.84,NO,MISS
2026-09-13T03:34:01+00:00,CFB,KXNCAAFGAME-26SEP12OSUTEX-OSU,Ohio St.,yes,8683.84,NO,MISS
2026-09-13T03:34:01+00:00,CFB,KXNCAAFGAME-26SEP12OSUTEX-OSU,Ohio St.,yes,7798.12,NO,MISS
2026-09-13T03:34:01+00:00,CFB,KXNCAAFGAME-26SEP12OSUTEX-OSU,Ohio St.,yes,72183.98,NO,MISS
2026-09-13T03:34:01+00:00,CFB,KXNCAAFGAME-26SEP12OSUTEX-OSU,Ohio St.,yes,2459.27,NO,MISS
2026-09-13T03:34:01+00:00,CFB,KXNCAAFGAME-26SEP12OSUTEX-OSU,Ohio St.,yes,1758.65,NO,MISS
2026-09-13T03:34:01+00:00,CFB,KXNCAAFGAME-26SEP12OSUTEX-OSU,Ohio St.,yes,4567.11,NO,MISS
2026-09-13T03:34:01+00:00,CFB,KXNCAAFGAME-26SEP12OSUTEX-OSU,Ohio St.,yes,1018.38,NO,MISS
2026-09-13T03:34:01+00:00,CFB,KXNCAAFGAME-26SEP12OSUTEX-OSU,Ohio St.,yes,1302.76,NO,MISS
2026-09-13T03:34:01+00:00,CFB,KXNCAAFGAME-26SEP12OSUTEX-OSU,Ohio St.,yes,1738.74,NO,MISS
2026-09-13T03:34:01+00:00,CFB,KXNCAAFGAME-26SEP12OSUTEX-OSU,Ohio St.,yes,1531.9,NO,MISS
2026-09-13T03:34:01+00:00,CFB,KXNCAAFGAME-26SEP12OSUTEX-OSU,Ohio St.,yes,8752.76,NO,MISS
2026-09-13T03:34:01+00:00,CFB,KXNCAAFGAME-26SEP12OSUTEX-OSU,Ohio St.,no,4840.74,NO,HIT
2026-09-13T03:34:01+00:00,CFB,KXNCAAFGAME-26SEP12OSUTEX-OSU,Ohio St.,no,1258.08,NO,HIT
2026-09-13T03:34:01+00:00,CFB,KXNCAAFGAME-26SEP12OSUTEX-OSU,Ohio St.,no,2634.7,NO,HIT
2026-09-13T03:34:01+00:00,CFB,KXNCAAFGAME-26SEP12OSUTEX-OSU,Ohio St.,no,1574.43,NO,HIT
2026-09-13T03:34:01+00:00,CFB,KXNCAAFGAME-26SEP12OSUTEX-OSU,Ohio St.,yes,461339.27,NO,MISS
2026-09-13T03:34:01+00:00,CFB,KXNCAAFGAME-26SEP12OSUTEX-OSU,Ohio St.,no,2717.87,NO,HIT
2026-09-13T03:34:01+00:00,CFB,KXNCAAFGAME-26SEP12OSUTEX-OSU,Ohio St.,no,1982.81,NO,HIT
2026-09-13T03:34:01+00:00,CFB,KXNCAAFGAME-26SEP12OSUTEX-OSU,Ohio St.,no,1342.07,NO,HIT
2026-09-13T03:34:01+00:00,CFB,KXNCAAFGAME-26SEP12OSUTEX-OSU,Ohio St.,yes,468467.24,NO,MISS
2026-09-13T03:34:01+00:00,CFB,KXNCAAFGAME-26SEP12OSUTEX-OSU,Ohio St.,no,2717.87,NO,HIT
2026-09-13T03:34:01+00:00,CFB,KXNCAAFGAME-26SEP12OSUTEX-OSU,Ohio St.,no,1982.81,NO,HIT
2026-09-13T03:34:01+00:00,CFB,KXNCAAFGAME-26SEP12OSUTEX-OSU,Ohio St.,no,1342.07,NO,HIT
2026-09-13T03:34:01+00:00,CFB,KXNCAAFGAME-26SEP12OSUTEX-OSU,Ohio St.,yes,845480.57,NO,MISS
2026-09-13T03:34:01+00:00,CFB,KXNCAAFGAME-26SEP12OSUTEX-OSU,Ohio St.,no,63055.11,NO,HIT
2026-09-13T03:34:01+00:00,CFB,KXNCAAFGAME-26SEP12OSUTEX-OSU,Ohio St.,yes,872521.44,NO,MISS
2026-09-13T03:34:01+00:00,CFB,KXNCAAFGAME-26SEP12OSUTEX-OSU,Ohio St.,no,110788.1,NO,HIT
2026-09-13T03:34:01+00:00,CFB,KXNCAAFGAME-26SEP12OSUTEX-OSU,Ohio St.,yes,843790.06,NO,MISS
2026-09-13T03:34:01+00:00,CFB,KXNCAAFGAME-26SEP12OSUTEX-OSU,Ohio St.,no,92602.4,NO,HIT
2026-09-13T03:34:01+00:00,MLB,KXMLBGAME-26SEP121915CWSSTL-STL,St. Louis,yes,1073.31,NO,MISS
2026-09-13T03:34:01+00:00,MLB,KXMLBGAME-26SEP121915CWSSTL-STL,St. Louis,yes,2458.35,NO,MISS
2026-09-13T03:34:01+00:00,MLB,KXMLBGAME-26SEP121915CWSSTL-STL,St. Louis,yes,1081.45,NO,MISS
2026-09-13T03:34:01+00:00,MLB,KXMLBGAME-26SEP121915CWSSTL-STL,St. Louis,yes,2458.35,NO,MISS
2026-09-13T03:34:01+00:00,MLB,KXMLBGAME-26SEP121915CWSSTL-STL,St. Louis,yes,1081.45,NO,MISS
2026-09-13T03:34:01+00:00,MLB,KXMLBGAME-26SEP121915CWSSTL-STL,St. Louis,yes,2762.24,NO,MISS
2026-09-13T03:34:01+00:00,MLB,KXMLBGAME-26SEP121915CWSSTL-STL,St. Louis,yes,1351.17,NO,MISS
2026-09-13T03:34:01+00:00,MLB,KXMLBGAME-26SEP121915CWSSTL-STL,St. Louis,yes,1057.74,NO,MISS
2026-09-13T03:34:01+00:00,MLB,KXMLBGAME-26SEP121915CWSSTL-STL,St. Louis,yes,2762.24,NO,MISS
2026-09-13T03:34:01+00:00,MLB,KXMLBGAME-26SEP121915CWSSTL-STL,St. Louis,yes,1351.17,NO,MISS
2026-09-13T03:34:01+00:00,MLB,KXMLBGAME-26SEP121915CWSSTL-STL,St. Louis,yes,1057.74,NO,MISS
2026-09-13T03:34:01+00:00,MLB,KXMLBGAME-26SEP121915CWSSTL-STL,St. Louis,yes,3032.66,NO,MISS
2026-09-13T03:34:01+00:00,MLB,KXMLBGAME-26SEP121915CWSSTL-STL,St. Louis,yes,24262.18,NO,MISS
2026-09-13T03:34:01+00:00,MLB,KXMLBGAME-26SEP121915CWSSTL-STL,St. Louis,no,5100.0,NO,HIT
2026-09-13T03:34:01+00:00,MLB,KXMLBGAME-26SEP121915CWSSTL-STL,St. Louis,no,1549.85,NO,HIT
2026-09-13T03:34:01+00:00,MLB,KXMLBGAME-26SEP121915CWSSTL-STL,St. Louis,no,3360.2,NO,HIT
2026-09-13T03:34:01+00:00,MLB,KXMLBGAME-26SEP121915CWSSTL-STL,St. Louis,no,1023.22,NO,HIT
2026-09-13T03:34:01+00:00,MLB,KXMLBGAME-26SEP121915CWSSTL-STL,St. Louis,no,9161.5,NO,HIT
2026-09-13T03:34:01+00:00,MLB,KXMLBGAME-26SEP121915CWSSTL-STL,St. Louis,no,2720.55,NO,HIT
2026-09-13T03:34:01+00:00,MLB,KXMLBGAME-26SEP121915CWSSTL-STL,St. Louis,no,16290.28,NO,HIT
2026-09-13T03:34:01+00:00,MLB,KXMLBGAME-26SEP121915CWSSTL-STL,St. Louis,no,1549.85,NO,HIT
2026-09-13T03:34:01+00:00,MLB,KXMLBGAME-26SEP121915CWSSTL-STL,St. Louis,no,3360.2,NO,HIT
2026-09-13T03:34:01+00:00,MLB,KXMLBGAME-26SEP121915CWSSTL-STL,St. Louis,no,1023.22,NO,HIT
2026-09-13T03:34:01+00:00,MLB,KXMLBGAME-26SEP121915CWSSTL-STL,St. Louis,no,9161.5,NO,HIT
2026-09-13T03:34:01+00:00,MLB,KXMLBGAME-26SEP121915CWSSTL-STL,St. Louis,no,2720.55,NO,HIT
2026-09-13T03:34:01+00:00,MLB,KXMLBGAME-26SEP121915CWSSTL-STL,St. Louis,no,17207.48,NO,HIT
2026-09-13T03:34:01+00:00,MLB,KXMLBGAME-26SEP121915CWSSTL-STL,St. Louis,no,3185.48,NO,HIT
2026-09-13T03:34:01+00:00,MLB,KXMLBGAME-26SEP121915CWSSTL-CWS,Chicago WS,yes,1065.91,YES,HIT
2026-09-13T03:34:01+00:00,MLB,KXMLBGAME-26SEP121915CWSSTL-CWS,Chicago WS,no,1081.09,YES,MISS
2026-09-13T03:34:01+00:00,MLB,KXMLBGAME-26SEP121915CWSSTL-CWS,Chicago WS,yes,3429.0,YES,HIT
2026-09-13T03:34:01+00:00,MLB,KXMLBGAME-26SEP121915CWSSTL-CWS,Chicago WS,yes,1096.82,YES,HIT
2026-09-13T03:34:01+00:00,MLB,KXMLBGAME-26SEP121915CWSSTL-CWS,Chicago WS,yes,1096.82,YES,HIT
2026-09-13T03:34:01+00:00,MLB,KXMLBGAME-26SEP121915CWSSTL-CWS,Chicago WS,yes,1252.62,YES,HIT
2026-09-13T03:34:01+00:00,MLB,KXMLBGAME-26SEP121915CWSSTL-CWS,Chicago WS,yes,1087.31,YES,HIT
2026-09-13T03:34:01+00:00,MLB,KXMLBGAME-26SEP121915CWSSTL-CWS,Chicago WS,yes,3656.66,YES,HIT
2026-09-13T03:34:01+00:00,MLB,KXMLBGAME-26SEP121915CWSSTL-CWS,Chicago WS,yes,8554.27,YES,HIT
2026-09-13T03:34:01+00:00,MLB,KXMLBGAME-26SEP121915CWSSTL-CWS,Chicago WS,yes,38617.14,YES,HIT
2026-09-13T03:34:01+00:00,MLB,KXMLBGAME-26SEP121915CWSSTL-CWS,Chicago WS,no,18781.22,YES,MISS
2026-09-13T03:34:01+00:00,MLB,KXMLBGAME-26SEP121915CWSSTL-CWS,Chicago WS,no,2921.64,YES,MISS
2026-09-13T03:34:01+00:00,MLB,KXMLBGAME-26SEP121915CWSSTL-CWS,Chicago WS,no,1945.74,YES,MISS
2026-09-13T03:34:01+00:00,MLB,KXMLBGAME-26SEP121915CWSSTL-CWS,Chicago WS,no,3568.16,YES,MISS
2026-09-13T03:34:01+00:00,MLB,KXMLBGAME-26SEP121915CWSSTL-CWS,Chicago WS,no,2457.53,YES,MISS
2026-09-13T03:34:01+00:00,MLB,KXMLBGAME-26SEP121915CWSSTL-CWS,Chicago WS,no,21571.39,YES,MISS
2026-09-13T03:34:01+00:00,MLB,KXMLBGAME-26SEP121915CWSSTL-CWS,Chicago WS,no,63480.05,YES,MISS
2026-09-13T03:34:01+00:00,MLB,KXMLBGAME-26SEP121915CWSSTL-CWS,Chicago WS,no,18781.22,YES,MISS
2026-09-13T03:34:01+00:00,MLB,KXMLBGAME-26SEP121915CWSSTL-CWS,Chicago WS,no,2921.64,YES,MISS
2026-09-13T03:34:01+00:00,MLB,KXMLBGAME-26SEP121915CWSSTL-CWS,Chicago WS,no,1945.74,YES,MISS
2026-09-13T03:34:01+00:00,MLB,KXMLBGAME-26SEP121915CWSSTL-CWS,Chicago WS,no,3568.16,YES,MISS
2026-09-13T03:34:01+00:00,MLB,KXMLBGAME-26SEP121915CWSSTL-CWS,Chicago WS,no,2457.53,YES,MISS
2026-09-13T03:34:01+00:00,MLB,KXMLBGAME-26SEP121915CWSSTL-CWS,Chicago WS,no,21571.39,YES,MISS
2026-09-13T03:34:01+00:00,MLB,KXMLBGAME-26SEP121915CWSSTL-CWS,Chicago WS,no,93461.1,YES,MISS
2026-09-13T03:34:01+00:00,MLB,KXMLBGAME-26SEP121910CINMIL-MIL,Milwaukee,yes,1005.4,YES,HIT
2026-09-13T03:34:01+00:00,MLB,KXMLBGAME-26SEP121910CINMIL-MIL,Milwaukee,yes,2099.0,YES,HIT
2026-09-13T03:34:01+00:00,MLB,KXMLBGAME-26SEP121910CINMIL-MIL,Milwaukee,yes,1542.88,YES,HIT
2026-09-13T03:34:01+00:00,MLB,KXMLBGAME-26SEP121910CINMIL-MIL,Milwaukee,yes,1258.4,YES,HIT
2026-09-13T03:34:01+00:00,MLB,KXMLBGAME-26SEP121910CINMIL-MIL,Milwaukee,yes,2001.45,YES,HIT
2026-09-13T03:34:01+00:00,MLB,KXMLBGAME-26SEP121910CINMIL-MIL,Milwaukee,yes,1185.11,YES,HIT
2026-09-13T03:34:01+00:00,MLB,KXMLBGAME-26SEP121910CINMIL-MIL,Milwaukee,yes,3378.74,YES,HIT
2026-09-13T03:34:01+00:00,MLB,KXMLBGAME-26SEP121910CINMIL-MIL,Milwaukee,yes,1020.58,YES,HIT
2026-09-13T03:34:01+00:00,MLB,KXMLBGAME-26SEP121910CINMIL-MIL,Milwaukee,yes,1520.52,YES,HIT
2026-09-13T03:34:01+00:00,MLB,KXMLBGAME-26SEP121910CINMIL-MIL,Milwaukee,yes,2102.87,YES,HIT
2026-09-13T03:34:01+00:00,MLB,KXMLBGAME-26SEP121910CINMIL-MIL,Milwaukee,yes,3874.87,YES,HIT
2026-09-13T03:34:01+00:00,MLB,KXMLBGAME-26SEP121910CINMIL-MIL,Milwaukee,yes,1156.6,YES,HIT
2026-09-13T03:34:01+00:00,MLB,KXMLBGAME-26SEP121910CINMIL-MIL,Milwaukee,yes,1532.56,YES,HIT
2026-09-13T03:34:01+00:00,MLB,KXMLBGAME-26SEP121910CINMIL-MIL,Milwaukee,yes,1860.72,YES,HIT
2026-09-13T03:34:01+00:00,MLB,KXMLBGAME-26SEP121910CINMIL-MIL,Milwaukee,yes,2178.39,YES,HIT
2026-09-13T03:34:01+00:00,MLB,KXMLBGAME-26SEP121910CINMIL-MIL,Milwaukee,yes,2451.43,YES,HIT
2026-09-13T03:34:01+00:00,MLB,KXMLBGAME-26SEP121910CINMIL-MIL,Milwaukee,yes,1532.56,YES,HIT
2026-09-13T03:34:01+00:00,MLB,KXMLBGAME-26SEP121910CINMIL-MIL,Milwaukee,yes,1860.72,YES,HIT
2026-09-13T03:34:01+00:00,MLB,KXMLBGAME-26SEP121910CINMIL-MIL,Milwaukee,yes,2178.39,YES,HIT
2026-09-13T03:34:01+00:00,MLB,KXMLBGAME-26SEP121910CINMIL-MIL,Milwaukee,yes,2451.43,YES,HIT
2026-09-13T03:34:01+00:00,MLB,KXMLBGAME-26SEP121910CINMIL-MIL,Milwaukee,yes,3019.2,YES,HIT
2026-09-13T03:34:01+00:00,MLB,KXMLBGAME-26SEP121910CINMIL-MIL,Milwaukee,yes,21979.06,YES,HIT
2026-09-13T03:34:01+00:00,MLB,KXMLBGAME-26SEP121910CINMIL-MIL,Milwaukee,yes,3019.2,YES,HIT
2026-09-13T03:34:01+00:00,MLB,KXMLBGAME-26SEP121910CINMIL-MIL,Milwaukee,yes,22123.66,YES,HIT
2026-09-13T03:34:01+00:00,MLB,KXMLBGAME-26SEP121910CINMIL-MIL,Milwaukee,no,3104.85,YES,MISS
2026-09-13T03:34:01+00:00,MLB,KXMLBGAME-26SEP121910CINMIL-MIL,Milwaukee,no,7005.97,YES,MISS
2026-09-13T03:34:01+00:00,MLB,KXMLBGAME-26SEP121910CINMIL-MIL,Milwaukee,no,7005.97,YES,MISS
2026-09-13T03:34:01+00:00,MLB,KXMLBGAME-26SEP121910CINMIL-MIL,Milwaukee,yes,11669.3,YES,HIT
2026-09-13T03:34:01+00:00,MLB,KXMLBGAME-26SEP121915PHIATL-PHI,Philadelphia,no,7841.15,NO,HIT
2026-09-13T03:34:01+00:00,MLB,KXMLBGAME-26SEP121915PHIATL-PHI,Philadelphia,no,1412.13,NO,HIT
2026-09-13T03:34:01+00:00,MLB,KXMLBGAME-26SEP121915PHIATL-PHI,Philadelphia,no,3141.29,NO,HIT
2026-09-13T03:34:01+00:00,MLB,KXMLBGAME-26SEP121915PHIATL-PHI,Philadelphia,no,1396.11,NO,HIT
2026-09-13T03:34:01+00:00,MLB,KXMLBGAME-26SEP121915PHIATL-PHI,Philadelphia,yes,1586.11,NO,MISS
2026-09-13T03:34:01+00:00,MLB,KXMLBGAME-26SEP121915PHIATL-PHI,Philadelphia,yes,2612.52,NO,MISS
2026-09-13T03:34:01+00:00,MLB,KXMLBGAME-26SEP121915PHIATL-PHI,Philadelphia,no,14503.02,NO,HIT
2026-09-13T03:34:01+00:00,MLB,KXMLBGAME-26SEP121915PHIATL-PHI,Philadelphia,yes,1586.11,NO,MISS
2026-09-13T03:34:01+00:00,MLB,KXMLBGAME-26SEP121915PHIATL-PHI,Philadelphia,yes,3193.64,NO,MISS
2026-09-13T03:34:01+00:00,MLB,KXMLBGAME-26SEP121915PHIATL-PHI,Philadelphia,no,14503.02,NO,HIT
2026-09-13T03:34:01+00:00,MLB,KXMLBGAME-26SEP121915PHIATL-PHI,Philadelphia,yes,1086.14,NO,MISS
2026-09-13T03:34:01+00:00,MLB,KXMLBGAME-26SEP121915PHIATL-PHI,Philadelphia,yes,100367.96,NO,MISS
2026-09-13T03:34:01+00:00,MLB,KXMLBGAME-26SEP121915PHIATL-PHI,Philadelphia,no,4365.19,NO,HIT
2026-09-13T03:34:01+00:00,MLB,KXMLBGAME-26SEP121915PHIATL-PHI,Philadelphia,no,1630.96,NO,HIT
2026-09-13T03:34:01+00:00,MLB,KXMLBGAME-26SEP121915PHIATL-PHI,Philadelphia,no,6391.63,NO,HIT
2026-09-13T03:34:01+00:00,MLB,KXMLBGAME-26SEP121915PHIATL-PHI,Philadelphia,no,184541.91,NO,HIT
2026-09-13T03:34:01+00:00,MLB,KXMLBGAME-26SEP121915PHIATL-PHI,Philadelphia,no,6391.63,NO,HIT
2026-09-13T03:34:01+00:00,MLB,KXMLBGAME-26SEP121915PHIATL-PHI,Philadelphia,no,184541.91,NO,HIT
2026-09-13T03:34:01+00:00,MLB,KXMLBGAME-26SEP121915PHIATL-ATL,Atlanta,yes,23012.6,YES,HIT
2026-09-13T03:34:01+00:00,MLB,KXMLBGAME-26SEP121915PHIATL-ATL,Atlanta,yes,141279.94,YES,HIT
2026-09-13T03:34:01+00:00,MLB,KXMLBGAME-26SEP121915PHIATL-ATL,Atlanta,yes,163344.9,YES,HIT
2026-09-13T03:34:01+00:00,MLB,KXMLBGAME-26SEP121915PHIATL-ATL,Atlanta,yes,1158.53,YES,HIT
2026-09-13T03:34:01+00:00,MLB,KXMLBGAME-26SEP121915PHIATL-ATL,Atlanta,yes,33805.27,YES,HIT
2026-09-13T03:34:01+00:00,MLB,KXMLBGAME-26SEP121915PHIATL-ATL,Atlanta,yes,1476.74,YES,HIT
2026-09-13T03:34:01+00:00,MLB,KXMLBGAME-26SEP121915PHIATL-ATL,Atlanta,yes,5966.26,YES,HIT
2026-09-13T03:34:01+00:00,MLB,KXMLBGAME-26SEP121915PHIATL-ATL,Atlanta,yes,1066.26,YES,HIT
2026-09-13T03:34:01+00:00,MLB,KXMLBGAME-26SEP121915PHIATL-ATL,Atlanta,yes,1527.89,YES,HIT
2026-09-13T03:34:01+00:00,MLB,KXMLBGAME-26SEP121915PHIATL-ATL,Atlanta,yes,4044.96,YES,HIT
2026-09-13T03:34:01+00:00,MLB,KXMLBGAME-26SEP121915PHIATL-ATL,Atlanta,yes,3701.18,YES,HIT
2026-09-13T03:34:01+00:00,MLB,KXMLBGAME-26SEP121915PHIATL-ATL,Atlanta,yes,1406.78,YES,HIT
2026-09-13T03:34:01+00:00,MLB,KXMLBGAME-26SEP121915PHIATL-ATL,Atlanta,yes,1043.04,YES,HIT
2026-09-13T03:34:01+00:00,MLB,KXMLBGAME-26SEP121915PHIATL-ATL,Atlanta,yes,4044.96,YES,HIT
2026-09-13T03:34:01+00:00,MLB,KXMLBGAME-26SEP121915PHIATL-ATL,Atlanta,yes,3701.18,YES,HIT
2026-09-13T03:34:01+00:00,MLB,KXMLBGAME-26SEP121915PHIATL-ATL,Atlanta,yes,1406.78,YES,HIT
2026-09-13T03:34:01+00:00,MLB,KXMLBGAME-26SEP121915PHIATL-ATL,Atlanta,yes,1084.66,YES,HIT
2026-09-13T03:34:01+00:00,MLB,KXMLBGAME-26SEP121915PHIATL-ATL,Atlanta,yes,1473.58,YES,HIT
2026-09-13T03:34:01+00:00,MLB,KXMLBGAME-26SEP121915PHIATL-ATL,Atlanta,yes,78086.25,YES,HIT
2026-09-13T03:34:01+00:00,MLB,KXMLBGAME-26SEP121915PHIATL-ATL,Atlanta,no,5955.31,YES,MISS
2026-09-13T03:34:01+00:00,MLB,KXMLBGAME-26SEP121915PHIATL-ATL,Atlanta,no,6027.82,YES,MISS
2026-09-13T03:34:01+00:00,MLB,KXMLBGAME-26SEP121915PHIATL-ATL,Atlanta,no,3214.35,YES,MISS
2026-09-13T03:34:01+00:00,MLB,KXMLBGAME-26SEP121915PHIATL-ATL,Atlanta,no,10513.91,YES,MISS
2026-09-13T03:34:01+00:00,MLB,KXMLBGAME-26SEP121915PHIATL-ATL,Atlanta,no,6027.82,YES,MISS
2026-09-13T03:34:01+00:00,MLB,KXMLBGAME-26SEP121915PHIATL-ATL,Atlanta,no,3214.35,YES,MISS
2026-09-13T03:34:01+00:00,MLB,KXMLBGAME-26SEP121915PHIATL-ATL,Atlanta,no,10544.47,YES,MISS
2026-09-13T03:34:01+00:00,MLB,KXMLBGAME-26SEP122010TEXAZ-AZ,Arizona,yes,4857.09,NO,MISS
2026-09-13T03:34:01+00:00,MLB,KXMLBGAME-26SEP122010TEXAZ-AZ,Arizona,no,2210.4,NO,HIT
2026-09-13T03:34:01+00:00,MLB,KXMLBGAME-26SEP122010TEXAZ-AZ,Arizona,yes,3962.55,NO,MISS
2026-09-13T03:34:01+00:00,MLB,KXMLBGAME-26SEP122010TEXAZ-AZ,Arizona,yes,1039.16,NO,MISS
2026-09-13T03:34:01+00:00,MLB,KXMLBGAME-26SEP122010TEXAZ-AZ,Arizona,yes,1120.15,NO,MISS
2026-09-13T03:34:01+00:00,MLB,KXMLBGAME-26SEP122010TEXAZ-AZ,Arizona,yes,1120.15,NO,MISS
2026-09-13T03:34:01+00:00,MLB,KXMLBGAME-26SEP122010TEXAZ-AZ,Arizona,yes,1930.04,NO,MISS
2026-09-13T03:34:01+00:00,MLB,KXMLBGAME-26SEP122010TEXAZ-AZ,Arizona,yes,1228.12,NO,MISS
2026-09-13T03:34:01+00:00,MLB,KXMLBGAME-26SEP122010TEXAZ-AZ,Arizona,yes,4661.17,NO,MISS
2026-09-13T03:34:01+00:00,MLB,KXMLBGAME-26SEP122010TEXAZ-AZ,Arizona,yes,1930.04,NO,MISS
2026-09-13T03:34:01+00:00,MLB,KXMLBGAME-26SEP122010TEXAZ-AZ,Arizona,yes,1228.12,NO,MISS
2026-09-13T03:34:01+00:00,MLB,KXMLBGAME-26SEP122010TEXAZ-AZ,Arizona,yes,4661.17,NO,MISS
2026-09-13T03:34:01+00:00,MLB,KXMLBGAME-26SEP122010TEXAZ-AZ,Arizona,yes,1014.57,NO,MISS
2026-09-13T03:34:01+00:00,MLB,KXMLBGAME-26SEP122010TEXAZ-AZ,Arizona,yes,1752.63,NO,MISS
2026-09-13T03:34:01+00:00,MLB,KXMLBGAME-26SEP122010TEXAZ-AZ,Arizona,yes,36755.97,NO,MISS
2026-09-13T03:34:01+00:00,MLB,KXMLBGAME-26SEP122010TEXAZ-AZ,Arizona,no,1019.96,NO,HIT
2026-09-13T03:34:01+00:00,MLB,KXMLBGAME-26SEP122010TEXAZ-AZ,Arizona,no,52598.62,NO,HIT
2026-09-13T03:34:01+00:00,MLB,KXMLBGAME-26SEP122010TEXAZ-AZ,Arizona,no,1019.96,NO,HIT
2026-09-13T03:34:01+00:00,MLB,KXMLBGAME-26SEP122010TEXAZ-AZ,Arizona,no,96162.77,NO,HIT
2026-09-13T03:34:01+00:00,CFB,KXNCAAFGAME-26SEP12LTLSU-LSU,LSU,yes,3801.6,YES,HIT
2026-09-13T03:34:01+00:00,CFB,KXNCAAFGAME-26SEP12LTLSU-LSU,LSU,yes,1033.26,YES,HIT
2026-09-13T03:34:01+00:00,CFB,KXNCAAFGAME-26SEP12LTLSU-LSU,LSU,yes,4496.85,YES,HIT
2026-09-13T03:34:01+00:00,CFB,KXNCAAFGAME-26SEP12LTLSU-LSU,LSU,yes,4496.85,YES,HIT
2026-09-13T03:34:01+00:00,CFB,KXNCAAFGAME-26SEP12LTLSU-LSU,LSU,yes,2687.76,YES,HIT
2026-09-13T03:34:01+00:00,CFB,KXNCAAFGAME-26SEP12LTLSU-LSU,LSU,yes,1720.62,YES,HIT
2026-09-13T03:34:01+00:00,CFB,KXNCAAFGAME-26SEP12LTLSU-LSU,LSU,yes,4978.44,YES,HIT
2026-09-13T03:34:01+00:00,CFB,KXNCAAFGAME-26SEP12LTLSU-LSU,LSU,yes,2687.76,YES,HIT
2026-09-13T03:34:01+00:00,CFB,KXNCAAFGAME-26SEP12LTLSU-LSU,LSU,yes,1720.62,YES,HIT
2026-09-13T03:34:01+00:00,CFB,KXNCAAFGAME-26SEP12LTLSU-LSU,LSU,yes,4978.44,YES,HIT
2026-09-13T03:34:01+00:00,CFB,KXNCAAFGAME-26SEP12LTLSU-LSU,LSU,yes,6009.85,YES,HIT
2026-09-13T03:34:01+00:00,CFB,KXNCAAFGAME-26SEP12LTLSU-LSU,LSU,yes,31675.59,YES,HIT
2026-09-13T03:34:01+00:00,CFB,KXNCAAFGAME-26SEP12LTLSU-LSU,LSU,yes,16187.83,YES,HIT
2026-09-13T03:34:01+00:00,CFB,KXNCAAFGAME-26SEP12LTLSU-LSU,LSU,yes,6485.12,YES,HIT
2026-09-13T03:34:01+00:00,CFB,KXNCAAFGAME-26SEP12LTLSU-LSU,LSU,yes,126938.83,YES,HIT
2026-09-13T03:34:01+00:00,CFB,KXNCAAFGAME-26SEP12LTLSU-LSU,LSU,no,2624.03,YES,MISS
2026-09-13T03:34:01+00:00,CFB,KXNCAAFGAME-26SEP12LTLSU-LSU,LSU,yes,16187.83,YES,HIT
2026-09-13T03:34:01+00:00,CFB,KXNCAAFGAME-26SEP12LTLSU-LSU,LSU,yes,6485.12,YES,HIT
2026-09-13T03:34:01+00:00,CFB,KXNCAAFGAME-26SEP12LTLSU-LSU,LSU,yes,169559.48,YES,HIT
2026-09-13T03:34:01+00:00,MLB,KXMLBGAME-26SEP122010TEXAZ-TEX,Texas,yes,1322.64,YES,HIT
2026-09-13T03:34:01+00:00,MLB,KXMLBGAME-26SEP122010TEXAZ-TEX,Texas,yes,4041.39,YES,HIT
2026-09-13T03:34:01+00:00,MLB,KXMLBGAME-26SEP122010TEXAZ-TEX,Texas,no,1525.19,YES,MISS
2026-09-13T03:34:01+00:00,MLB,KXMLBGAME-26SEP122010TEXAZ-TEX,Texas,no,2653.68,YES,MISS
2026-09-13T03:34:01+00:00,MLB,KXMLBGAME-26SEP122010TEXAZ-TEX,Texas,no,2328.65,YES,MISS
2026-09-13T03:34:01+00:00,MLB,KXMLBGAME-26SEP122010TEXAZ-TEX,Texas,no,6176.62,YES,MISS
2026-09-13T03:34:01+00:00,MLB,KXMLBGAME-26SEP122010TEXAZ-TEX,Texas,no,6294.56,YES,MISS
2026-09-13T03:34:01+00:00,MLB,KXMLBGAME-26SEP122010TEXAZ-TEX,Texas,no,15617.67,YES,MISS
2026-09-13T03:34:01+00:00,MLB,KXMLBGAME-26SEP122010TEXAZ-TEX,Texas,yes,144538.09,YES,HIT
2026-09-13T03:34:01+00:00,MLB,KXMLBGAME-26SEP122010TEXAZ-TEX,Texas,no,1525.19,YES,MISS
2026-09-13T03:34:01+00:00,MLB,KXMLBGAME-26SEP122010TEXAZ-TEX,Texas,no,2653.68,YES,MISS
2026-09-13T03:34:01+00:00,MLB,KXMLBGAME-26SEP122010TEXAZ-TEX,Texas,no,2328.65,YES,MISS
2026-09-13T03:34:01+00:00,MLB,KXMLBGAME-26SEP122010TEXAZ-TEX,Texas,no,6176.62,YES,MISS
2026-09-13T03:34:01+00:00,MLB,KXMLBGAME-26SEP122010TEXAZ-TEX,Texas,no,6294.56,YES,MISS
2026-09-13T03:34:01+00:00,MLB,KXMLBGAME-26SEP122010TEXAZ-TEX,Texas,no,19742.03,YES,MISS
2026-09-13T03:34:01+00:00,MLB,KXMLBGAME-26SEP122010TEXAZ-TEX,Texas,yes,159371.01,YES,HIT
2026-09-13T03:34:01+00:00,CFB,KXNCAAFGAME-26SEP12TENNGT-TENN,Tennessee,yes,2597.34,YES,HIT
2026-09-13T03:34:01+00:00,CFB,KXNCAAFGAME-26SEP12TENNGT-TENN,Tennessee,yes,2282.74,YES,HIT
2026-09-13T03:34:01+00:00,CFB,KXNCAAFGAME-26SEP12TENNGT-TENN,Tennessee,yes,2282.74,YES,HIT
2026-09-13T03:34:01+00:00,CFB,KXNCAAFGAME-26SEP12TENNGT-TENN,Tennessee,yes,2196.67,YES,HIT
2026-09-13T03:34:01+00:00,CFB,KXNCAAFGAME-26SEP12TENNGT-TENN,Tennessee,yes,4406.89,YES,HIT
2026-09-13T03:34:01+00:00,CFB,KXNCAAFGAME-26SEP12TENNGT-TENN,Tennessee,yes,2196.67,YES,HIT
2026-09-13T03:34:01+00:00,CFB,KXNCAAFGAME-26SEP12TENNGT-TENN,Tennessee,yes,4406.89,YES,HIT
2026-09-13T03:34:01+00:00,CFB,KXNCAAFGAME-26SEP12TENNGT-TENN,Tennessee,yes,1333.43,YES,HIT
2026-09-13T03:34:01+00:00,CFB,KXNCAAFGAME-26SEP12TENNGT-TENN,Tennessee,yes,199044.39,YES,HIT
2026-09-13T03:34:01+00:00,CFB,KXNCAAFGAME-26SEP12TENNGT-TENN,Tennessee,no,2543.02,YES,MISS
2026-09-13T03:34:01+00:00,CFB,KXNCAAFGAME-26SEP12TENNGT-TENN,Tennessee,no,1325.95,YES,MISS
2026-09-13T03:34:01+00:00,CFB,KXNCAAFGAME-26SEP12TENNGT-TENN,Tennessee,no,10753.77,YES,MISS
2026-09-13T03:34:01+00:00,CFB,KXNCAAFGAME-26SEP12TENNGT-TENN,Tennessee,no,2617.21,YES,MISS
2026-09-13T03:34:01+00:00,CFB,KXNCAAFGAME-26SEP12TENNGT-TENN,Tennessee,no,1649.54,YES,MISS
2026-09-13T03:34:01+00:00,CFB,KXNCAAFGAME-26SEP12TENNGT-TENN,Tennessee,no,10753.77,YES,MISS
2026-09-13T03:34:01+00:00,CFB,KXNCAAFGAME-26SEP12TENNGT-TENN,Tennessee,no,2617.21,YES,MISS
2026-09-13T03:34:01+00:00,CFB,KXNCAAFGAME-26SEP12TENNGT-TENN,Tennessee,no,1649.54,YES,MISS
2026-09-13T03:34:01+00:00,CFB,KXNCAAFGAME-26SEP12TENNGT-GT,Georgia Tech,yes,1297.11,NO,MISS
2026-09-13T03:34:01+00:00,CFB,KXNCAAFGAME-26SEP12TENNGT-GT,Georgia Tech,yes,1559.96,NO,MISS
2026-09-13T03:34:01+00:00,CFB,KXNCAAFGAME-26SEP12TENNGT-GT,Georgia Tech,yes,11102.83,NO,MISS
2026-09-13T03:34:01+00:00,CFB,KXNCAAFGAME-26SEP12TENNGT-GT,Georgia Tech,yes,1559.96,NO,MISS
2026-09-13T03:34:01+00:00,CFB,KXNCAAFGAME-26SEP12TENNGT-GT,Georgia Tech,yes,11289.87,NO,MISS
2026-09-13T03:34:01+00:00,CFB,KXNCAAFGAME-26SEP12TENNGT-GT,Georgia Tech,no,16065.91,NO,HIT
2026-09-13T03:34:01+00:00,CFB,KXNCAAFGAME-26SEP12TENNGT-GT,Georgia Tech,no,26433.09,NO,HIT
2026-09-13T03:34:01+00:00,CFB,KXNCAAFGAME-26SEP12TENNGT-GT,Georgia Tech,no,202347.2,NO,HIT
2026-09-13T03:34:01+00:00,CFB,KXNCAAFGAME-26SEP12TENNGT-GT,Georgia Tech,no,13179.28,NO,HIT
2026-09-13T03:34:01+00:00,CFB,KXNCAAFGAME-26SEP12TENNGT-GT,Georgia Tech,no,202347.2,NO,HIT
2026-09-13T03:34:01+00:00,CFB,KXNCAAFGAME-26SEP12TENNGT-GT,Georgia Tech,no,49655.45,NO,HIT
2026-09-13T03:34:01+00:00,CFB,KXNCAAFGAME-26SEP12MEMBSU-MEM,Memphis,yes,1197.31,NO,MISS
2026-09-13T03:34:01+00:00,CFB,KXNCAAFGAME-26SEP12MEMBSU-MEM,Memphis,yes,1231.15,NO,MISS
2026-09-13T03:34:01+00:00,CFB,KXNCAAFGAME-26SEP12MEMBSU-MEM,Memphis,yes,1231.15,NO,MISS
2026-09-13T03:34:01+00:00,CFB,KXNCAAFGAME-26SEP12MEMBSU-MEM,Memphis,yes,1087.65,NO,MISS
2026-09-13T03:34:01+00:00,CFB,KXNCAAFGAME-26SEP12MEMBSU-MEM,Memphis,yes,1904.49,NO,MISS
2026-09-13T03:34:01+00:00,CFB,KXNCAAFGAME-26SEP12MEMBSU-MEM,Memphis,yes,11077.05,NO,MISS
2026-09-13T03:34:01+00:00,CFB,KXNCAAFGAME-26SEP12MEMBSU-MEM,Memphis,yes,1087.65,NO,MISS
2026-09-13T03:34:01+00:00,CFB,KXNCAAFGAME-26SEP12MEMBSU-MEM,Memphis,yes,1904.49,NO,MISS
2026-09-13T03:34:01+00:00,CFB,KXNCAAFGAME-26SEP12MEMBSU-MEM,Memphis,yes,11312.93,NO,MISS
2026-09-13T03:34:01+00:00,CFB,KXNCAAFGAME-26SEP12MEMBSU-MEM,Memphis,no,1243.54,NO,HIT
2026-09-13T03:34:01+00:00,CFB,KXNCAAFGAME-26SEP12MEMBSU-MEM,Memphis,no,2023.74,NO,HIT
2026-09-13T03:34:01+00:00,CFB,KXNCAAFGAME-26SEP12MEMBSU-MEM,Memphis,no,6135.03,NO,HIT
2026-09-13T03:34:01+00:00,CFB,KXNCAAFGAME-26SEP12MEMBSU-MEM,Memphis,no,38323.69,NO,HIT
2026-09-13T03:34:01+00:00,CFB,KXNCAAFGAME-26SEP12MEMBSU-MEM,Memphis,yes,444150.72,NO,MISS
2026-09-13T03:34:01+00:00,CFB,KXNCAAFGAME-26SEP12MEMBSU-MEM,Memphis,no,211456.21,NO,HIT
2026-09-13T03:34:01+00:00,CFB,KXNCAAFGAME-26SEP12MEMBSU-MEM,Memphis,yes,444101.99,NO,MISS
2026-09-13T03:34:01+00:00,CFB,KXNCAAFGAME-26SEP12MEMBSU-MEM,Memphis,no,211456.21,NO,HIT
2026-09-13T03:34:01+00:00,CFB,KXNCAAFGAME-26SEP12FORCCAR-FOR,Fordham,no,1721.86,NO,HIT
2026-09-13T03:34:01+00:00,CFB,KXNCAAFGAME-26SEP12FORCCAR-FOR,Fordham,yes,1571.08,NO,MISS
2026-09-13T03:34:01+00:00,CFB,KXNCAAFGAME-26SEP12FORCCAR-FOR,Fordham,no,3827.65,NO,HIT
2026-09-13T03:34:01+00:00,CFB,KXNCAAFGAME-26SEP12FORCCAR-FOR,Fordham,no,2083.63,NO,HIT
2026-09-13T03:34:01+00:00,CFB,KXNCAAFGAME-26SEP12FORCCAR-FOR,Fordham,no,2074.95,NO,HIT
2026-09-13T03:34:01+00:00,CFB,KXNCAAFGAME-26SEP12FORCCAR-FOR,Fordham,no,1989.12,NO,HIT
2026-09-13T03:34:01+00:00,CFB,KXNCAAFGAME-26SEP12FORCCAR-FOR,Fordham,no,1980.0,NO,HIT
2026-09-13T03:34:01+00:00,CFB,KXNCAAFGAME-26SEP12FORCCAR-FOR,Fordham,no,8208.06,NO,HIT
2026-09-13T03:34:01+00:00,CFB,KXNCAAFGAME-26SEP12FORCCAR-FOR,Fordham,no,2000.78,NO,HIT
2026-09-13T03:34:01+00:00,CFB,KXNCAAFGAME-26SEP12FORCCAR-FOR,Fordham,yes,1571.08,NO,MISS
2026-09-13T03:34:01+00:00,CFB,KXNCAAFGAME-26SEP12FORCCAR-FOR,Fordham,no,3827.65,NO,HIT
2026-09-13T03:34:01+00:00,CFB,KXNCAAFGAME-26SEP12FORCCAR-FOR,Fordham,no,2083.63,NO,HIT
2026-09-13T03:34:01+00:00,CFB,KXNCAAFGAME-26SEP12FORCCAR-FOR,Fordham,no,2074.95,NO,HIT
2026-09-13T03:34:01+00:00,CFB,KXNCAAFGAME-26SEP12FORCCAR-FOR,Fordham,no,1989.12,NO,HIT
2026-09-13T03:34:01+00:00,CFB,KXNCAAFGAME-26SEP12FORCCAR-FOR,Fordham,no,1980.0,NO,HIT
2026-09-13T03:34:01+00:00,CFB,KXNCAAFGAME-26SEP12FORCCAR-FOR,Fordham,no,8208.06,NO,HIT
2026-09-13T03:34:01+00:00,CFB,KXNCAAFGAME-26SEP12FORCCAR-FOR,Fordham,no,2000.78,NO,HIT
2026-09-13T03:34:01+00:00,CFB,KXNCAAFGAME-26SEP12ILSTNIU-NIU,Northern Illinois,no,1782.6,NO,HIT
2026-09-13T03:34:01+00:00,CFB,KXNCAAFGAME-26SEP12ILSTNIU-NIU,Northern Illinois,yes,1147.74,NO,MISS
2026-09-13T03:34:01+00:00,CFB,KXNCAAFGAME-26SEP12ILSTNIU-NIU,Northern Illinois,yes,2726.42,NO,MISS
2026-09-13T03:34:01+00:00,CFB,KXNCAAFGAME-26SEP12ILSTNIU-NIU,Northern Illinois,yes,1347.79,NO,MISS
2026-09-13T03:34:01+00:00,CFB,KXNCAAFGAME-26SEP12ILSTNIU-NIU,Northern Illinois,yes,1322.32,NO,MISS
2026-09-13T03:34:01+00:00,CFB,KXNCAAFGAME-26SEP12ILSTNIU-NIU,Northern Illinois,yes,3500.34,NO,MISS
2026-09-13T03:34:01+00:00,CFB,KXNCAAFGAME-26SEP12ILSTNIU-NIU,Northern Illinois,yes,10152.91,NO,MISS
2026-09-13T03:34:01+00:00,CFB,KXNCAAFGAME-26SEP12ILSTNIU-NIU,Northern Illinois,no,1251.82,NO,HIT
2026-09-13T03:34:01+00:00,CFB,KXNCAAFGAME-26SEP12ILSTNIU-NIU,Northern Illinois,no,1130.22,NO,HIT
2026-09-13T03:34:01+00:00,CFB,KXNCAAFGAME-26SEP12ILSTNIU-NIU,Northern Illinois,no,2278.63,NO,HIT
2026-09-13T03:34:01+00:00,CFB,KXNCAAFGAME-26SEP12ILSTNIU-NIU,Northern Illinois,no,12007.62,NO,HIT
2026-09-13T03:34:01+00:00,CFB,KXNCAAFGAME-26SEP12ILSTNIU-NIU,Northern Illinois,yes,2726.42,NO,MISS
2026-09-13T03:34:01+00:00,CFB,KXNCAAFGAME-26SEP12ILSTNIU-NIU,Northern Illinois,yes,1347.79,NO,MISS
2026-09-13T03:34:01+00:00,CFB,KXNCAAFGAME-26SEP12ILSTNIU-NIU,Northern Illinois,yes,1322.32,NO,MISS
2026-09-13T03:34:01+00:00,CFB,KXNCAAFGAME-26SEP12ILSTNIU-NIU,Northern Illinois,yes,3500.34,NO,MISS
2026-09-13T03:34:01+00:00,CFB,KXNCAAFGAME-26SEP12ILSTNIU-NIU,Northern Illinois,yes,15179.44,NO,MISS
2026-09-13T03:34:01+00:00,CFB,KXNCAAFGAME-26SEP12ILSTNIU-NIU,Northern Illinois,no,1251.82,NO,HIT
2026-09-13T03:34:01+00:00,CFB,KXNCAAFGAME-26SEP12ILSTNIU-NIU,Northern Illinois,no,1130.22,NO,HIT
2026-09-13T03:34:01+00:00,CFB,KXNCAAFGAME-26SEP12ILSTNIU-NIU,Northern Illinois,no,2278.63,NO,HIT
2026-09-13T03:34:01+00:00,CFB,KXNCAAFGAME-26SEP12ILSTNIU-NIU,Northern Illinois,no,14246.43,NO,HIT
2026-09-13T03:34:01+00:00,CFB,KXNCAAFGAME-26SEP12ILSTNIU-NIU,Northern Illinois,no,2013.46,NO,HIT
2026-09-13T03:34:01+00:00,CFB,KXNCAAFGAME-26SEP12BUFFFIU-FIU,Florida International,yes,1819.12,YES,HIT
2026-09-13T03:34:01+00:00,CFB,KXNCAAFGAME-26SEP12BUFFFIU-FIU,Florida International,no,1011.82,YES,MISS
2026-09-13T03:34:01+00:00,CFB,KXNCAAFGAME-26SEP12BUFFFIU-FIU,Florida International,yes,2340.0,YES,HIT
2026-09-13T03:34:01+00:00,CFB,KXNCAAFGAME-26SEP12BUFFFIU-FIU,Florida International,yes,2340.0,YES,HIT
2026-09-13T03:34:01+00:00,CFB,KXNCAAFGAME-26SEP12BUFFFIU-FIU,Florida International,yes,1059.0,YES,HIT
2026-09-13T03:34:01+00:00,CFB,KXNCAAFGAME-26SEP12BUFFFIU-FIU,Florida International,yes,19583.9,YES,HIT
2026-09-13T03:34:01+00:00,CFB,KXNCAAFGAME-26SEP12BUFFFIU-FIU,Florida International,yes,1878.88,YES,HIT
2026-09-13T03:34:01+00:00,CFB,KXNCAAFGAME-26SEP12BUFFFIU-FIU,Florida International,yes,1737.07,YES,HIT
2026-09-13T03:34:01+00:00,CFB,KXNCAAFGAME-26SEP12BUFFFIU-FIU,Florida International,yes,35162.93,YES,HIT
2026-09-13T03:34:01+00:00,CFB,KXNCAAFGAME-26SEP12BUFFFIU-FIU,Florida International,yes,1377.13,YES,HIT
2026-09-13T03:34:01+00:00,CFB,KXNCAAFGAME-26SEP12BUFFFIU-FIU,Florida International,yes,1337.59,YES,HIT
2026-09-13T03:34:01+00:00,CFB,KXNCAAFGAME-26SEP12BUFFFIU-FIU,Florida International,yes,1758.59,YES,HIT
2026-09-13T03:34:01+00:00,CFB,KXNCAAFGAME-26SEP12BUFFFIU-FIU,Florida International,yes,2409.39,YES,HIT
2026-09-13T03:34:01+00:00,CFB,KXNCAAFGAME-26SEP12BUFFFIU-FIU,Florida International,yes,5778.27,YES,HIT
2026-09-13T03:34:01+00:00,CFB,KXNCAAFGAME-26SEP12BUFFFIU-FIU,Florida International,yes,11770.3,YES,HIT
2026-09-13T03:34:01+00:00,CFB,KXNCAAFGAME-26SEP12BUFFFIU-FIU,Florida International,yes,7681.37,YES,HIT
2026-09-13T03:34:01+00:00,CFB,KXNCAAFGAME-26SEP12BUFFFIU-FIU,Florida International,yes,1758.59,YES,HIT
2026-09-13T03:34:01+00:00,CFB,KXNCAAFGAME-26SEP12BUFFFIU-FIU,Florida International,yes,2409.39,YES,HIT
2026-09-13T03:34:01+00:00,CFB,KXNCAAFGAME-26SEP12BUFFFIU-FIU,Florida International,yes,5778.27,YES,HIT
2026-09-13T03:34:01+00:00,CFB,KXNCAAFGAME-26SEP12BUFFFIU-FIU,Florida International,yes,11770.3,YES,HIT
2026-09-13T03:34:01+00:00,CFB,KXNCAAFGAME-26SEP12BUFFFIU-FIU,Florida International,yes,7681.37,YES,HIT
2026-09-13T03:34:01+00:00,CFB,KXNCAAFGAME-26SEP12NAVYFAU-NAVY,Navy,yes,2940.63,NO,MISS
2026-09-13T03:34:01+00:00,CFB,KXNCAAFGAME-26SEP12NAVYFAU-NAVY,Navy,yes,2733.03,NO,MISS
2026-09-13T03:34:01+00:00,CFB,KXNCAAFGAME-26SEP12NAVYFAU-NAVY,Navy,yes,1977.53,NO,MISS
2026-09-13T03:34:01+00:00,CFB,KXNCAAFGAME-26SEP12NAVYFAU-NAVY,Navy,yes,12263.83,NO,MISS
2026-09-13T03:34:01+00:00,CFB,KXNCAAFGAME-26SEP12NAVYFAU-NAVY,Navy,yes,2940.63,NO,MISS
2026-09-13T03:34:01+00:00,CFB,KXNCAAFGAME-26SEP12NAVYFAU-NAVY,Navy,yes,2733.03,NO,MISS
2026-09-13T03:34:01+00:00,CFB,KXNCAAFGAME-26SEP12NAVYFAU-NAVY,Navy,yes,1977.53,NO,MISS
2026-09-13T03:34:01+00:00,CFB,KXNCAAFGAME-26SEP12NAVYFAU-NAVY,Navy,yes,12263.83,NO,MISS
2026-09-13T03:34:01+00:00,CFB,KXNCAAFGAME-26SEP12NAVYFAU-NAVY,Navy,yes,3972.54,NO,MISS
2026-09-13T03:34:01+00:00,CFB,KXNCAAFGAME-26SEP12NAVYFAU-NAVY,Navy,yes,18138.36,NO,MISS
2026-09-13T03:34:01+00:00,CFB,KXNCAAFGAME-26SEP12NAVYFAU-NAVY,Navy,yes,4880.43,NO,MISS
2026-09-13T03:34:01+00:00,CFB,KXNCAAFGAME-26SEP12NAVYFAU-NAVY,Navy,yes,1044.15,NO,MISS
2026-09-13T03:34:01+00:00,CFB,KXNCAAFGAME-26SEP12NAVYFAU-NAVY,Navy,yes,5090.28,NO,MISS
2026-09-13T03:34:01+00:00,CFB,KXNCAAFGAME-26SEP12NAVYFAU-NAVY,Navy,yes,1517.18,NO,MISS
2026-09-13T03:34:01+00:00,CFB,KXNCAAFGAME-26SEP12NAVYFAU-NAVY,Navy,yes,12133.45,NO,MISS
2026-09-13T03:34:01+00:00,CFB,KXNCAAFGAME-26SEP12NAVYFAU-NAVY,Navy,yes,3972.54,NO,MISS
2026-09-13T03:34:01+00:00,CFB,KXNCAAFGAME-26SEP12NAVYFAU-NAVY,Navy,yes,18138.36,NO,MISS
2026-09-13T03:34:01+00:00,CFB,KXNCAAFGAME-26SEP12NAVYFAU-NAVY,Navy,yes,4880.43,NO,MISS
2026-09-13T03:34:01+00:00,CFB,KXNCAAFGAME-26SEP12NAVYFAU-NAVY,Navy,yes,1044.15,NO,MISS
2026-09-13T03:34:01+00:00,CFB,KXNCAAFGAME-26SEP12NAVYFAU-NAVY,Navy,yes,5090.28,NO,MISS
2026-09-13T03:34:01+00:00,CFB,KXNCAAFGAME-26SEP12NAVYFAU-NAVY,Navy,yes,1517.18,NO,MISS
2026-09-13T03:34:01+00:00,CFB,KXNCAAFGAME-26SEP12NAVYFAU-NAVY,Navy,yes,12133.45,NO,MISS
2026-09-13T03:34:01+00:00,CFB,KXNCAAFGAME-26SEP12NAVYFAU-NAVY,Navy,yes,5173.25,NO,MISS
2026-09-13T03:34:01+00:00,CFB,KXNCAAFGAME-26SEP12NAVYFAU-NAVY,Navy,yes,5644.52,NO,MISS
2026-09-13T03:34:01+00:00,CFB,KXNCAAFGAME-26SEP12NAVYFAU-NAVY,Navy,yes,2589.15,NO,MISS
2026-09-13T03:34:01+00:00,CFB,KXNCAAFGAME-26SEP12NAVYFAU-NAVY,Navy,yes,2383.37,NO,MISS
2026-09-13T03:34:01+00:00,CFB,KXNCAAFGAME-26SEP12NAVYFAU-NAVY,Navy,yes,182380.06,NO,MISS
2026-09-13T03:34:01+00:00,CFB,KXNCAAFGAME-26SEP12NAVYFAU-NAVY,Navy,no,4804.28,NO,HIT
2026-09-13T03:34:01+00:00,CFB,KXNCAAFGAME-26SEP12NAVYFAU-NAVY,Navy,no,1451.19,NO,HIT
2026-09-13T03:34:01+00:00,CFB,KXNCAAFGAME-26SEP12NAVYFAU-NAVY,Navy,no,4858.18,NO,HIT
2026-09-13T03:34:01+00:00,CFB,KXNCAAFGAME-26SEP12NAVYFAU-NAVY,Navy,no,1596.42,NO,HIT
2026-09-13T03:34:01+00:00,CFB,KXNCAAFGAME-26SEP12NAVYFAU-NAVY,Navy,no,1297.96,NO,HIT
2026-09-13T03:34:01+00:00,CFB,KXNCAAFGAME-26SEP12NAVYFAU-NAVY,Navy,no,1272.01,NO,HIT
2026-09-13T03:34:01+00:00,CFB,KXNCAAFGAME-26SEP12NAVYFAU-NAVY,Navy,no,43760.23,NO,HIT
2026-09-13T03:34:01+00:00,CFB,KXNCAAFGAME-26SEP12NAVYFAU-NAVY,Navy,no,4804.28,NO,HIT
2026-09-13T03:34:01+00:00,CFB,KXNCAAFGAME-26SEP12NAVYFAU-NAVY,Navy,no,1451.19,NO,HIT
2026-09-13T03:34:01+00:00,CFB,KXNCAAFGAME-26SEP12NAVYFAU-NAVY,Navy,no,4858.18,NO,HIT
2026-09-13T03:34:01+00:00,CFB,KXNCAAFGAME-26SEP12NAVYFAU-NAVY,Navy,no,1596.42,NO,HIT
2026-09-13T03:34:01+00:00,CFB,KXNCAAFGAME-26SEP12NAVYFAU-NAVY,Navy,no,1297.96,NO,HIT
2026-09-13T03:34:01+00:00,CFB,KXNCAAFGAME-26SEP12NAVYFAU-NAVY,Navy,no,1272.01,NO,HIT
2026-09-13T03:34:01+00:00,CFB,KXNCAAFGAME-26SEP12NAVYFAU-NAVY,Navy,no,44094.95,NO,HIT
2026-09-13T03:34:01+00:00,CFB,KXNCAAFGAME-26SEP12TLSASHSU-TLSA,Tulsa,yes,2468.89,YES,HIT
2026-09-13T03:34:01+00:00,CFB,KXNCAAFGAME-26SEP12TLSASHSU-TLSA,Tulsa,yes,2468.89,YES,HIT
2026-09-13T03:34:01+00:00,CFB,KXNCAAFGAME-26SEP12TLSASHSU-TLSA,Tulsa,yes,4937.78,YES,HIT
2026-09-13T03:34:01+00:00,CFB,KXNCAAFGAME-26SEP12TLSASHSU-TLSA,Tulsa,yes,4937.78,YES,HIT
2026-09-13T03:34:01+00:00,CFB,KXNCAAFGAME-26SEP12TLSASHSU-TLSA,Tulsa,yes,13309.09,YES,HIT
2026-09-13T03:34:01+00:00,CFB,KXNCAAFGAME-26SEP12TLSASHSU-TLSA,Tulsa,yes,1467.88,YES,HIT
2026-09-13T03:34:01+00:00,CFB,KXNCAAFGAME-26SEP12TLSASHSU-TLSA,Tulsa,yes,3550.96,YES,HIT
2026-09-13T03:34:01+00:00,CFB,KXNCAAFGAME-26SEP12TLSASHSU-TLSA,Tulsa,yes,26912.51,YES,HIT
2026-09-13T03:34:01+00:00,CFB,KXNCAAFGAME-26SEP12TLSASHSU-TLSA,Tulsa,yes,4782.98,YES,HIT
2026-09-13T03:34:01+00:00,CFB,KXNCAAFGAME-26SEP12TLSASHSU-TLSA,Tulsa,yes,13531.17,YES,HIT
2026-09-13T03:34:01+00:00,CFB,KXNCAAFGAME-26SEP12TLSASHSU-TLSA,Tulsa,yes,5213.69,YES,HIT
2026-09-13T03:34:01+00:00,CFB,KXNCAAFGAME-26SEP12TLSASHSU-TLSA,Tulsa,yes,22924.46,YES,HIT
2026-09-13T03:34:01+00:00,CFB,KXNCAAFGAME-26SEP12TLSASHSU-TLSA,Tulsa,no,1748.04,YES,MISS
2026-09-13T03:34:01+00:00,CFB,KXNCAAFGAME-26SEP12TLSASHSU-TLSA,Tulsa,no,1768.39,YES,MISS
2026-09-13T03:34:01+00:00,CFB,KXNCAAFGAME-26SEP12TLSASHSU-TLSA,Tulsa,no,1671.3,YES,MISS
2026-09-13T03:34:01+00:00,CFB,KXNCAAFGAME-26SEP12TLSASHSU-TLSA,Tulsa,yes,26912.51,YES,HIT
2026-09-13T03:34:01+00:00,CFB,KXNCAAFGAME-26SEP12TLSASHSU-TLSA,Tulsa,yes,4782.98,YES,HIT
2026-09-13T03:34:01+00:00,CFB,KXNCAAFGAME-26SEP12TLSASHSU-TLSA,Tulsa,yes,13531.17,YES,HIT
2026-09-13T03:34:01+00:00,CFB,KXNCAAFGAME-26SEP12TLSASHSU-TLSA,Tulsa,yes,5213.69,YES,HIT
2026-09-13T03:34:01+00:00,CFB,KXNCAAFGAME-26SEP12TLSASHSU-TLSA,Tulsa,yes,37806.44,YES,HIT
2026-09-13T03:34:01+00:00,CFB,KXNCAAFGAME-26SEP12TLSASHSU-TLSA,Tulsa,no,1748.04,YES,MISS
2026-09-13T03:34:01+00:00,CFB,KXNCAAFGAME-26SEP12TLSASHSU-TLSA,Tulsa,no,1768.39,YES,MISS
2026-09-13T03:34:01+00:00,CFB,KXNCAAFGAME-26SEP12TLSASHSU-TLSA,Tulsa,no,1671.3,YES,MISS
2026-09-13T03:34:01+00:00,CFB,KXNCAAFGAME-26SEP12TTUORST-ORST,Oregon St.,yes,1047.15,NO,MISS
2026-09-13T03:34:01+00:00,CFB,KXNCAAFGAME-26SEP12TTUORST-ORST,Oregon St.,yes,1171.18,NO,MISS
2026-09-13T03:34:01+00:00,CFB,KXNCAAFGAME-26SEP12TTUORST-ORST,Oregon St.,yes,1047.15,NO,MISS
2026-09-13T03:34:01+00:00,CFB,KXNCAAFGAME-26SEP12TTUORST-ORST,Oregon St.,yes,1171.18,NO,MISS
2026-09-13T03:34:01+00:00,CFB,KXNCAAFGAME-26SEP12TTUORST-ORST,Oregon St.,yes,1300.54,NO,MISS
2026-09-13T03:34:01+00:00,CFB,KXNCAAFGAME-26SEP12TTUORST-ORST,Oregon St.,yes,1119.06,NO,MISS
2026-09-13T03:34:01+00:00,CFB,KXNCAAFGAME-26SEP12TTUORST-ORST,Oregon St.,yes,5191.09,NO,MISS
2026-09-13T03:34:01+00:00,CFB,KXNCAAFGAME-26SEP12TTUORST-ORST,Oregon St.,no,3735.33,NO,HIT
2026-09-13T03:34:01+00:00,CFB,KXNCAAFGAME-26SEP12TTUORST-ORST,Oregon St.,no,32732.09,NO,HIT
2026-09-13T03:34:01+00:00,CFB,KXNCAAFGAME-26SEP12TTUORST-ORST,Oregon St.,no,3027.87,NO,HIT
2026-09-13T03:34:01+00:00,CFB,KXNCAAFGAME-26SEP12TTUORST-ORST,Oregon St.,no,2999.8,NO,HIT
2026-09-13T03:34:01+00:00,CFB,KXNCAAFGAME-26SEP12TTUORST-ORST,Oregon St.,no,21041.39,NO,HIT
2026-09-13T03:34:01+00:00,CFB,KXNCAAFGAME-26SEP12TTUORST-ORST,Oregon St.,no,28558.96,NO,HIT
2026-09-13T03:34:01+00:00,CFB,KXNCAAFGAME-26SEP12TTUORST-ORST,Oregon St.,no,34726.11,NO,HIT
2026-09-13T03:34:01+00:00,CFB,KXNCAAFGAME-26SEP12TTUORST-ORST,Oregon St.,no,3735.33,NO,HIT
2026-09-13T03:34:01+00:00,CFB,KXNCAAFGAME-26SEP12TTUORST-ORST,Oregon St.,no,32732.09,NO,HIT
2026-09-13T03:34:01+00:00,CFB,KXNCAAFGAME-26SEP12TTUORST-ORST,Oregon St.,no,3027.87,NO,HIT
2026-09-13T03:34:01+00:00,CFB,KXNCAAFGAME-26SEP12TTUORST-ORST,Oregon St.,no,2999.8,NO,HIT
2026-09-13T03:34:01+00:00,CFB,KXNCAAFGAME-26SEP12TTUORST-ORST,Oregon St.,no,21041.39,NO,HIT
2026-09-13T03:34:01+00:00,CFB,KXNCAAFGAME-26SEP12TTUORST-ORST,Oregon St.,no,28558.96,NO,HIT
2026-09-13T03:34:01+00:00,CFB,KXNCAAFGAME-26SEP12TTUORST-ORST,Oregon St.,no,34726.11,NO,HIT
2026-09-13T03:34:01+00:00,CFB,KXNCAAFGAME-26SEP12TTUORST-ORST,Oregon St.,no,1051.25,NO,HIT
2026-09-13T03:34:01+00:00,CFB,KXNCAAFGAME-26SEP12ISUIOWA-IOWA,Iowa,yes,5415.13,YES,HIT
2026-09-13T03:34:01+00:00,CFB,KXNCAAFGAME-26SEP12ISUIOWA-IOWA,Iowa,yes,5415.13,YES,HIT
2026-09-13T03:34:01+00:00,CFB,KXNCAAFGAME-26SEP12ISUIOWA-IOWA,Iowa,yes,4315.21,YES,HIT
2026-09-13T03:34:01+00:00,CFB,KXNCAAFGAME-26SEP12ISUIOWA-IOWA,Iowa,yes,14153.94,YES,HIT
2026-09-13T03:34:01+00:00,CFB,KXNCAAFGAME-26SEP12ISUIOWA-IOWA,Iowa,no,2412.77,YES,MISS
2026-09-13T03:34:01+00:00,CFB,KXNCAAFGAME-26SEP12ISUIOWA-IOWA,Iowa,no,1387.04,YES,MISS
2026-09-13T03:34:01+00:00,CFB,KXNCAAFGAME-26SEP12ISUIOWA-IOWA,Iowa,no,8484.79,YES,MISS
2026-09-13T03:34:01+00:00,CFB,KXNCAAFGAME-26SEP12ISUIOWA-IOWA,Iowa,no,1778.11,YES,MISS
2026-09-13T03:34:01+00:00,CFB,KXNCAAFGAME-26SEP12ISUIOWA-IOWA,Iowa,no,33890.24,YES,MISS
2026-09-13T03:34:01+00:00,CFB,KXNCAAFGAME-26SEP12ISUIOWA-IOWA,Iowa,no,2412.77,YES,MISS
2026-09-13T03:34:01+00:00,CFB,KXNCAAFGAME-26SEP12ISUIOWA-IOWA,Iowa,no,1387.04,YES,MISS
2026-09-13T03:34:01+00:00,CFB,KXNCAAFGAME-26SEP12ISUIOWA-IOWA,Iowa,no,8484.79,YES,MISS
2026-09-13T03:34:01+00:00,CFB,KXNCAAFGAME-26SEP12ISUIOWA-IOWA,Iowa,no,1778.11,YES,MISS
2026-09-13T03:34:01+00:00,CFB,KXNCAAFGAME-26SEP12ISUIOWA-IOWA,Iowa,no,33890.24,YES,MISS
2026-09-13T03:34:01+00:00,CFB,KXNCAAFGAME-26SEP12ISUIOWA-IOWA,Iowa,no,1363.4,YES,MISS
2026-09-13T03:34:01+00:00,CFB,KXNCAAFGAME-26SEP12TNSTAAMU-TNST,Tennessee St.,yes,1218.98,NO,MISS
2026-09-13T03:34:01+00:00,CFB,KXNCAAFGAME-26SEP12TNSTAAMU-TNST,Tennessee St.,yes,1218.98,NO,MISS
2026-09-13T03:34:01+00:00,CFB,KXNCAAFGAME-26SEP12GASTKENN-GAST,Georgia St.,yes,1105.06,YES,HIT
2026-09-13T03:34:01+00:00,CFB,KXNCAAFGAME-26SEP12GASTKENN-GAST,Georgia St.,yes,1105.06,YES,HIT
2026-09-13T03:34:01+00:00,CFB,KXNCAAFGAME-26SEP12GASTKENN-GAST,Georgia St.,yes,1545.66,YES,HIT
2026-09-13T03:34:01+00:00,CFB,KXNCAAFGAME-26SEP12GASTKENN-GAST,Georgia St.,yes,2672.69,YES,HIT
2026-09-13T03:34:01+00:00,CFB,KXNCAAFGAME-26SEP12GASTKENN-GAST,Georgia St.,yes,30361.18,YES,HIT
2026-09-13T03:34:01+00:00,CFB,KXNCAAFGAME-26SEP12GASTKENN-GAST,Georgia St.,yes,3266.58,YES,HIT
2026-09-13T03:34:01+00:00,CFB,KXNCAAFGAME-26SEP12GASTKENN-GAST,Georgia St.,no,1006.0,YES,MISS
2026-09-13T03:34:01+00:00,CFB,KXNCAAFGAME-26SEP12GASTKENN-GAST,Georgia St.,no,1193.4,YES,MISS
2026-09-13T03:34:01+00:00,CFB,KXNCAAFGAME-26SEP12GASTKENN-GAST,Georgia St.,no,1773.42,YES,MISS
2026-09-13T03:34:01+00:00,CFB,KXNCAAFGAME-26SEP12GASTKENN-GAST,Georgia St.,yes,30361.18,YES,HIT
2026-09-13T03:34:01+00:00,CFB,KXNCAAFGAME-26SEP12GASTKENN-GAST,Georgia St.,yes,3311.32,YES,HIT
2026-09-13T03:34:01+00:00,CFB,KXNCAAFGAME-26SEP12GASTKENN-GAST,Georgia St.,yes,2204.01,YES,HIT
2026-09-13T03:34:01+00:00,CFB,KXNCAAFGAME-26SEP12GASTKENN-GAST,Georgia St.,no,1006.0,YES,MISS
2026-09-13T03:34:01+00:00,CFB,KXNCAAFGAME-26SEP12GASTKENN-GAST,Georgia St.,no,1193.4,YES,MISS
2026-09-13T03:34:01+00:00,CFB,KXNCAAFGAME-26SEP12GASTKENN-GAST,Georgia St.,no,1773.42,YES,MISS
2026-09-13T03:34:01+00:00,CFB,KXNCAAFGAME-26SEP12FURMER-MER,Mercer,yes,5604.89,NO,MISS
2026-09-13T03:34:01+00:00,CFB,KXNCAAFGAME-26SEP12FURMER-MER,Mercer,yes,5894.57,NO,MISS
2026-09-13T03:34:01+00:00,CFB,KXNCAAFGAME-26SEP12FURMER-MER,Mercer,yes,5604.89,NO,MISS
2026-09-13T03:34:01+00:00,CFB,KXNCAAFGAME-26SEP12FURMER-MER,Mercer,yes,5894.57,NO,MISS
2026-09-13T03:34:01+00:00,CFB,KXNCAAFGAME-26SEP12FURMER-MER,Mercer,yes,1244.75,NO,MISS
2026-09-13T03:34:01+00:00,CFB,KXNCAAFGAME-26SEP12FURMER-MER,Mercer,yes,1181.6,NO,MISS
2026-09-13T03:34:01+00:00,CFB,KXNCAAFGAME-26SEP12FURMER-MER,Mercer,yes,1581.48,NO,MISS
2026-09-13T03:34:01+00:00,CFB,KXNCAAFGAME-26SEP12FURMER-MER,Mercer,yes,2024.63,NO,MISS
2026-09-13T03:34:01+00:00,CFB,KXNCAAFGAME-26SEP12FURMER-MER,Mercer,yes,2042.85,NO,MISS
2026-09-13T03:34:01+00:00,CFB,KXNCAAFGAME-26SEP12FURMER-MER,Mercer,yes,3220.08,NO,MISS
2026-09-13T03:34:01+00:00,CFB,KXNCAAFGAME-26SEP12FURMER-MER,Mercer,yes,2759.68,NO,MISS
2026-09-13T03:34:01+00:00,CFB,KXNCAAFGAME-26SEP12FURMER-MER,Mercer,yes,2042.85,NO,MISS
2026-09-13T03:34:01+00:00,CFB,KXNCAAFGAME-26SEP12FURMER-MER,Mercer,yes,3220.08,NO,MISS
2026-09-13T03:34:01+00:00,CFB,KXNCAAFGAME-26SEP12FURMER-MER,Mercer,yes,3581.86,NO,MISS
2026-09-13T03:34:01+00:00,CFB,KXNCAAFGAME-26SEP12FURMER-MER,Mercer,no,12918.94,NO,HIT
2026-09-13T03:34:01+00:00,CFB,KXNCAAFGAME-26SEP12BUFFFIU-BUFF,Buffalo,yes,16587.48,NO,MISS
2026-09-13T03:34:01+00:00,CFB,KXNCAAFGAME-26SEP12BUFFFIU-BUFF,Buffalo,yes,16587.48,NO,MISS
2026-09-13T03:34:01+00:00,CFB,KXNCAAFGAME-26SEP12BUFFFIU-BUFF,Buffalo,yes,1207.74,NO,MISS
2026-09-13T03:34:01+00:00,CFB,KXNCAAFGAME-26SEP12BUFFFIU-BUFF,Buffalo,yes,7901.06,NO,MISS
2026-09-13T03:34:01+00:00,CFB,KXNCAAFGAME-26SEP12BUFFFIU-BUFF,Buffalo,no,5183.73,NO,HIT
2026-09-13T03:34:01+00:00,CFB,KXNCAAFGAME-26SEP12BUFFFIU-BUFF,Buffalo,no,4421.53,NO,HIT
2026-09-13T03:34:01+00:00,CFB,KXNCAAFGAME-26SEP12BUFFFIU-BUFF,Buffalo,no,3356.44,NO,HIT
2026-09-13T03:34:01+00:00,CFB,KXNCAAFGAME-26SEP12BUFFFIU-BUFF,Buffalo,no,16881.09,NO,HIT
2026-09-13T03:34:01+00:00,CFB,KXNCAAFGAME-26SEP12BUFFFIU-BUFF,Buffalo,no,1591.28,NO,HIT
2026-09-13T03:34:01+00:00,CFB,KXNCAAFGAME-26SEP12BUFFFIU-BUFF,Buffalo,no,1804.01,NO,HIT
2026-09-13T03:34:01+00:00,CFB,KXNCAAFGAME-26SEP12BUFFFIU-BUFF,Buffalo,yes,3311.83,NO,MISS
2026-09-13T03:34:01+00:00,CFB,KXNCAAFGAME-26SEP12BUFFFIU-BUFF,Buffalo,no,3188.52,NO,HIT
2026-09-13T03:34:01+00:00,CFB,KXNCAAFGAME-26SEP12BUFFFIU-BUFF,Buffalo,no,3416.13,NO,HIT
2026-09-13T03:34:01+00:00,CFB,KXNCAAFGAME-26SEP12BUFFFIU-BUFF,Buffalo,yes,3311.83,NO,MISS
2026-09-13T03:34:01+00:00,CFB,KXNCAAFGAME-26SEP12BUFFFIU-BUFF,Buffalo,no,3188.52,NO,HIT
2026-09-13T03:34:01+00:00,CFB,KXNCAAFGAME-26SEP12BUFFFIU-BUFF,Buffalo,no,3416.13,NO,HIT
2026-09-13T03:34:01+00:00,CFB,KXNCAAFGAME-26SEP12JVSTOHIO-OHIO,Ohio,yes,7723.25,YES,HIT
2026-09-13T03:34:01+00:00,CFB,KXNCAAFGAME-26SEP12JVSTOHIO-OHIO,Ohio,yes,7723.25,YES,HIT
2026-09-13T03:34:01+00:00,CFB,KXNCAAFGAME-26SEP12JVSTOHIO-OHIO,Ohio,yes,8593.39,YES,HIT
2026-09-13T03:34:01+00:00,CFB,KXNCAAFGAME-26SEP12JVSTOHIO-OHIO,Ohio,yes,4020.74,YES,HIT
2026-09-13T03:34:01+00:00,CFB,KXNCAAFGAME-26SEP12JVSTOHIO-OHIO,Ohio,yes,28960.5,YES,HIT
2026-09-13T03:34:01+00:00,CFB,KXNCAAFGAME-26SEP12JVSTOHIO-OHIO,Ohio,no,1076.88,YES,MISS
2026-09-13T03:34:01+00:00,CFB,KXNCAAFGAME-26SEP12JVSTOHIO-OHIO,Ohio,no,1062.12,YES,MISS
2026-09-13T03:34:01+00:00,CFB,KXNCAAFGAME-26SEP12JVSTOHIO-OHIO,Ohio,no,6081.04,YES,MISS
2026-09-13T03:34:01+00:00,CFB,KXNCAAFGAME-26SEP12JVSTOHIO-OHIO,Ohio,no,1724.55,YES,MISS
2026-09-13T03:34:01+00:00,CFB,KXNCAAFGAME-26SEP12JVSTOHIO-OHIO,Ohio,no,11736.53,YES,MISS
2026-09-13T03:34:01+00:00,CFB,KXNCAAFGAME-26SEP12JVSTOHIO-OHIO,Ohio,no,11897.43,YES,MISS
2026-09-13T03:34:01+00:00,CFB,KXNCAAFGAME-26SEP12JVSTOHIO-OHIO,Ohio,yes,101288.71,YES,HIT
2026-09-13T03:34:01+00:00,CFB,KXNCAAFGAME-26SEP12JVSTOHIO-OHIO,Ohio,no,8420.9,YES,MISS
2026-09-13T03:34:01+00:00,CFB,KXNCAAFGAME-26SEP12JVSTOHIO-OHIO,Ohio,no,1544.78,YES,MISS
2026-09-13T03:34:01+00:00,CFB,KXNCAAFGAME-26SEP12JVSTOHIO-OHIO,Ohio,no,3081.32,YES,MISS
2026-09-13T03:34:01+00:00,CFB,KXNCAAFGAME-26SEP12JVSTOHIO-OHIO,Ohio,no,1510.45,YES,MISS
2026-09-13T03:34:01+00:00,CFB,KXNCAAFGAME-26SEP12JVSTOHIO-OHIO,Ohio,no,100516.74,YES,MISS
2026-09-13T03:34:01+00:00,CFB,KXNCAAFGAME-26SEP12JVSTOHIO-OHIO,Ohio,yes,147929.82,YES,HIT
2026-09-13T03:34:01+00:00,CFB,KXNCAAFGAME-26SEP12JVSTOHIO-OHIO,Ohio,no,8420.9,YES,MISS
2026-09-13T03:34:01+00:00,CFB,KXNCAAFGAME-26SEP12JVSTOHIO-OHIO,Ohio,no,1544.78,YES,MISS
2026-09-13T03:34:01+00:00,CFB,KXNCAAFGAME-26SEP12JVSTOHIO-OHIO,Ohio,no,3081.32,YES,MISS
2026-09-13T03:34:01+00:00,CFB,KXNCAAFGAME-26SEP12JVSTOHIO-OHIO,Ohio,no,1510.45,YES,MISS
2026-09-13T03:34:01+00:00,CFB,KXNCAAFGAME-26SEP12JVSTOHIO-OHIO,Ohio,no,120651.9,YES,MISS
2026-09-13T03:34:01+00:00,MLB,KXMLBGAME-26SEP121910CINMIL-CIN,Cincinnati,no,3328.63,NO,HIT
2026-09-13T03:34:01+00:00,MLB,KXMLBGAME-26SEP121910CINMIL-CIN,Cincinnati,no,3328.63,NO,HIT
2026-09-13T03:34:01+00:00,MLB,KXMLBGAME-26SEP121910CINMIL-CIN,Cincinnati,yes,25446.82,NO,MISS
2026-09-13T03:34:01+00:00,MLB,KXMLBGAME-26SEP121910CINMIL-CIN,Cincinnati,no,2663.45,NO,HIT
2026-09-13T03:34:01+00:00,MLB,KXMLBGAME-26SEP121910CINMIL-CIN,Cincinnati,no,6028.56,NO,HIT
2026-09-13T03:34:01+00:00,MLB,KXMLBGAME-26SEP121910CINMIL-CIN,Cincinnati,no,15487.79,NO,HIT
2026-09-13T03:34:01+00:00,MLB,KXMLBGAME-26SEP121910CINMIL-CIN,Cincinnati,no,17200.38,NO,HIT
2026-09-13T03:34:01+00:00,MLB,KXMLBGAME-26SEP121910CINMIL-CIN,Cincinnati,no,7194.84,NO,HIT
2026-09-13T03:34:01+00:00,MLB,KXMLBGAME-26SEP121910CINMIL-CIN,Cincinnati,no,55280.26,NO,HIT
2026-09-13T03:34:01+00:00,MLB,KXMLBGAME-26SEP121910CINMIL-CIN,Cincinnati,no,33891.67,NO,HIT
2026-09-13T03:34:01+00:00,MLB,KXMLBGAME-26SEP121910CINMIL-CIN,Cincinnati,no,17200.38,NO,HIT
2026-09-13T03:34:01+00:00,MLB,KXMLBGAME-26SEP121910CINMIL-CIN,Cincinnati,no,7194.84,NO,HIT
2026-09-13T03:34:01+00:00,MLB,KXMLBGAME-26SEP121910CINMIL-CIN,Cincinnati,no,55280.26,NO,HIT
2026-09-13T03:34:01+00:00,MLB,KXMLBGAME-26SEP121910CINMIL-CIN,Cincinnati,no,33891.67,NO,HIT
2026-09-13T03:34:01+00:00,MLB,KXMLBGAME-26SEP121910CINMIL-CIN,Cincinnati,no,13818.8,NO,HIT
2026-09-13T03:34:01+00:00,CFB,KXNCAAFGAME-26SEP12TTUORST-TTU,Texas Tech,yes,1015.59,YES,HIT
2026-09-13T03:34:01+00:00,CFB,KXNCAAFGAME-26SEP12TTUORST-TTU,Texas Tech,yes,1038.36,YES,HIT
2026-09-13T03:34:01+00:00,CFB,KXNCAAFGAME-26SEP12TTUORST-TTU,Texas Tech,yes,63729.69,YES,HIT
2026-09-13T03:34:01+00:00,CFB,KXNCAAFGAME-26SEP12TTUORST-TTU,Texas Tech,yes,1515.94,YES,HIT
2026-09-13T03:34:01+00:00,CFB,KXNCAAFGAME-26SEP12TTUORST-TTU,Texas Tech,yes,109616.99,YES,HIT
2026-09-13T03:34:01+00:00,CFB,KXNCAAFGAME-26SEP12TTUORST-TTU,Texas Tech,yes,63729.69,YES,HIT
2026-09-13T03:34:01+00:00,CFB,KXNCAAFGAME-26SEP12TTUORST-TTU,Texas Tech,yes,1515.94,YES,HIT
2026-09-13T03:34:01+00:00,CFB,KXNCAAFGAME-26SEP12TTUORST-TTU,Texas Tech,yes,111215.68,YES,HIT
2026-09-13T03:34:01+00:00,CFB,KXNCAAFGAME-26SEP12ISUIOWA-ISU,Iowa St.,yes,1041.06,NO,MISS
2026-09-13T03:34:01+00:00,CFB,KXNCAAFGAME-26SEP12ISUIOWA-ISU,Iowa St.,yes,1065.82,NO,MISS
2026-09-13T03:34:01+00:00,CFB,KXNCAAFGAME-26SEP12ISUIOWA-ISU,Iowa St.,yes,9274.49,NO,MISS
2026-09-13T03:34:01+00:00,CFB,KXNCAAFGAME-26SEP12ISUIOWA-ISU,Iowa St.,no,2281.11,NO,HIT
2026-09-13T03:34:01+00:00,CFB,KXNCAAFGAME-26SEP12ISUIOWA-ISU,Iowa St.,no,4881.16,NO,HIT
2026-09-13T03:34:01+00:00,CFB,KXNCAAFGAME-26SEP12ISUIOWA-ISU,Iowa St.,no,4956.35,NO,HIT
2026-09-13T03:34:01+00:00,CFB,KXNCAAFGAME-26SEP12ISUIOWA-ISU,Iowa St.,no,47479.78,NO,HIT
2026-09-13T03:34:01+00:00,CFB,KXNCAAFGAME-26SEP12ISUIOWA-ISU,Iowa St.,no,1139.91,NO,HIT
2026-09-13T03:34:01+00:00,CFB,KXNCAAFGAME-26SEP12ISUIOWA-ISU,Iowa St.,no,2281.11,NO,HIT
2026-09-13T03:34:01+00:00,CFB,KXNCAAFGAME-26SEP12ISUIOWA-ISU,Iowa St.,no,4881.16,NO,HIT
2026-09-13T03:34:01+00:00,CFB,KXNCAAFGAME-26SEP12ISUIOWA-ISU,Iowa St.,no,4956.35,NO,HIT
2026-09-13T03:34:01+00:00,CFB,KXNCAAFGAME-26SEP12ISUIOWA-ISU,Iowa St.,no,47479.78,NO,HIT
2026-09-13T03:34:01+00:00,CFB,KXNCAAFGAME-26SEP12ISUIOWA-ISU,Iowa St.,no,16651.73,NO,HIT
2026-09-13T03:34:01+00:00,CFB,KXNCAAFGAME-26SEP12NAVYFAU-FAU,Florida Atlantic,yes,1167.26,YES,HIT
2026-09-13T03:34:01+00:00,CFB,KXNCAAFGAME-26SEP12NAVYFAU-FAU,Florida Atlantic,no,44483.96,YES,MISS
2026-09-13T03:34:01+00:00,CFB,KXNCAAFGAME-26SEP12NAVYFAU-FAU,Florida Atlantic,no,2315.94,YES,MISS
2026-09-13T03:34:01+00:00,CFB,KXNCAAFGAME-26SEP12NAVYFAU-FAU,Florida Atlantic,yes,147150.79,YES,HIT
2026-09-13T03:34:01+00:00,CFB,KXNCAAFGAME-26SEP12NAVYFAU-FAU,Florida Atlantic,no,3416.96,YES,MISS
2026-09-13T03:34:01+00:00,CFB,KXNCAAFGAME-26SEP12NAVYFAU-FAU,Florida Atlantic,no,1339.89,YES,MISS
2026-09-13T03:34:01+00:00,CFB,KXNCAAFGAME-26SEP12NAVYFAU-FAU,Florida Atlantic,no,4001.6,YES,MISS
2026-09-13T03:34:01+00:00,CFB,KXNCAAFGAME-26SEP12NAVYFAU-FAU,Florida Atlantic,no,4402.39,YES,MISS
2026-09-13T03:34:01+00:00,CFB,KXNCAAFGAME-26SEP12NAVYFAU-FAU,Florida Atlantic,no,1580.5,YES,MISS
2026-09-13T03:34:01+00:00,CFB,KXNCAAFGAME-26SEP12NAVYFAU-FAU,Florida Atlantic,no,1424.13,YES,MISS
2026-09-13T03:34:01+00:00,CFB,KXNCAAFGAME-26SEP12NAVYFAU-FAU,Florida Atlantic,no,1062.31,YES,MISS
2026-09-13T03:34:01+00:00,CFB,KXNCAAFGAME-26SEP12NAVYFAU-FAU,Florida Atlantic,yes,148835.37,YES,HIT
2026-09-13T03:34:01+00:00,CFB,KXNCAAFGAME-26SEP12NAVYFAU-FAU,Florida Atlantic,no,3416.96,YES,MISS
2026-09-13T03:34:01+00:00,CFB,KXNCAAFGAME-26SEP12NAVYFAU-FAU,Florida Atlantic,no,1339.89,YES,MISS
2026-09-13T03:34:01+00:00,CFB,KXNCAAFGAME-26SEP12NAVYFAU-FAU,Florida Atlantic,no,4001.6,YES,MISS
2026-09-13T03:34:01+00:00,CFB,KXNCAAFGAME-26SEP12NAVYFAU-FAU,Florida Atlantic,no,4402.39,YES,MISS
2026-09-13T03:34:01+00:00,CFB,KXNCAAFGAME-26SEP12NAVYFAU-FAU,Florida Atlantic,no,1580.5,YES,MISS
2026-09-13T03:34:01+00:00,CFB,KXNCAAFGAME-26SEP12NAVYFAU-FAU,Florida Atlantic,no,1424.13,YES,MISS
2026-09-13T03:34:01+00:00,CFB,KXNCAAFGAME-26SEP12NAVYFAU-FAU,Florida Atlantic,no,1081.34,YES,MISS
2026-09-13T03:34:01+00:00,CFB,KXNCAAFGAME-26SEP12SDSUUCLA-SDSU,San Diego St.,yes,1160.21,NO,MISS
2026-09-13T03:34:01+00:00,CFB,KXNCAAFGAME-26SEP12SDSUUCLA-SDSU,San Diego St.,yes,43831.28,NO,MISS
2026-09-13T03:34:01+00:00,CFB,KXNCAAFGAME-26SEP12SDSUUCLA-SDSU,San Diego St.,no,1617.82,NO,HIT
2026-09-13T03:34:01+00:00,CFB,KXNCAAFGAME-26SEP12SDSUUCLA-SDSU,San Diego St.,no,29099.3,NO,HIT
2026-09-13T03:34:01+00:00,CFB,KXNCAAFGAME-26SEP12SDSUUCLA-SDSU,San Diego St.,no,11753.73,NO,HIT
2026-09-13T03:34:01+00:00,CFB,KXNCAAFGAME-26SEP12SDSUUCLA-SDSU,San Diego St.,no,1800.0,NO,HIT
2026-09-13T03:34:01+00:00,CFB,KXNCAAFGAME-26SEP12SDSUUCLA-SDSU,San Diego St.,no,24237.9,NO,HIT
2026-09-13T03:34:01+00:00,CFB,KXNCAAFGAME-26SEP12SDSUUCLA-SDSU,San Diego St.,no,1057.15,NO,HIT
2026-09-13T03:34:01+00:00,CFB,KXNCAAFGAME-26SEP12SDSUUCLA-SDSU,San Diego St.,no,2527.98,NO,HIT
2026-09-13T03:34:01+00:00,CFB,KXNCAAFGAME-26SEP12SDSUUCLA-SDSU,San Diego St.,no,20410.4,NO,HIT
2026-09-13T03:34:01+00:00,CFB,KXNCAAFGAME-26SEP12SDSUUCLA-SDSU,San Diego St.,no,20045.34,NO,HIT
2026-09-13T03:34:01+00:00,CFB,KXNCAAFGAME-26SEP12SDSUUCLA-SDSU,San Diego St.,no,25615.74,NO,HIT
2026-09-13T03:34:01+00:00,CFB,KXNCAAFGAME-26SEP12SDSUUCLA-SDSU,San Diego St.,no,16800.84,NO,HIT
2026-09-13T03:34:01+00:00,CFB,KXNCAAFGAME-26SEP12SDSUUCLA-SDSU,San Diego St.,no,11753.73,NO,HIT
2026-09-13T03:34:01+00:00,CFB,KXNCAAFGAME-26SEP12SDSUUCLA-SDSU,San Diego St.,no,1800.0,NO,HIT
2026-09-13T03:34:01+00:00,CFB,KXNCAAFGAME-26SEP12SDSUUCLA-SDSU,San Diego St.,no,24237.9,NO,HIT
2026-09-13T03:34:01+00:00,CFB,KXNCAAFGAME-26SEP12SDSUUCLA-SDSU,San Diego St.,no,1057.15,NO,HIT
2026-09-13T03:34:01+00:00,CFB,KXNCAAFGAME-26SEP12SDSUUCLA-SDSU,San Diego St.,no,2527.98,NO,HIT
2026-09-13T03:34:01+00:00,CFB,KXNCAAFGAME-26SEP12SDSUUCLA-SDSU,San Diego St.,no,20410.4,NO,HIT
2026-09-13T03:34:01+00:00,CFB,KXNCAAFGAME-26SEP12SDSUUCLA-SDSU,San Diego St.,no,20045.34,NO,HIT
2026-09-13T03:34:01+00:00,CFB,KXNCAAFGAME-26SEP12SDSUUCLA-SDSU,San Diego St.,no,25615.74,NO,HIT
2026-09-13T03:34:01+00:00,CFB,KXNCAAFGAME-26SEP12SDSUUCLA-SDSU,San Diego St.,no,31391.99,NO,HIT
2026-09-13T03:34:01+00:00,CFB,KXNCAAFGAME-26SEP12SDSUUCLA-SDSU,San Diego St.,no,16378.57,NO,HIT
2026-09-13T03:34:01+00:00,CFB,KXNCAAFGAME-26SEP12USATULN-USA,South Alabama,yes,7055.05,NO,MISS
2026-09-13T03:34:01+00:00,CFB,KXNCAAFGAME-26SEP12USATULN-USA,South Alabama,yes,30133.97,NO,MISS
2026-09-13T03:34:01+00:00,CFB,KXNCAAFGAME-26SEP12USATULN-USA,South Alabama,no,2586.37,NO,HIT
2026-09-13T03:34:01+00:00,CFB,KXNCAAFGAME-26SEP12USATULN-USA,South Alabama,no,2752.51,NO,HIT
2026-09-13T03:34:01+00:00,CFB,KXNCAAFGAME-26SEP12USATULN-USA,South Alabama,yes,33174.73,NO,MISS
2026-09-13T03:34:01+00:00,CFB,KXNCAAFGAME-26SEP12USATULN-USA,South Alabama,no,12076.65,NO,HIT
2026-09-13T03:34:01+00:00,CFB,KXNCAAFGAME-26SEP12USATULN-USA,South Alabama,no,5983.94,NO,HIT
2026-09-13T03:34:01+00:00,CFB,KXNCAAFGAME-26SEP12USATULN-USA,South Alabama,no,6570.95,NO,HIT
2026-09-13T03:34:01+00:00,CFB,KXNCAAFGAME-26SEP12USATULN-USA,South Alabama,no,23634.69,NO,HIT
2026-09-13T03:34:01+00:00,CFB,KXNCAAFGAME-26SEP12USATULN-USA,South Alabama,no,8000.1,NO,HIT
2026-09-13T03:34:01+00:00,CFB,KXNCAAFGAME-26SEP12USATULN-USA,South Alabama,no,7719.45,NO,HIT
2026-09-13T03:34:01+00:00,CFB,KXNCAAFGAME-26SEP12USATULN-USA,South Alabama,no,4408.69,NO,HIT
2026-09-13T03:34:01+00:00,CFB,KXNCAAFGAME-26SEP12USATULN-USA,South Alabama,no,7856.5,NO,HIT
2026-09-13T03:34:01+00:00,CFB,KXNCAAFGAME-26SEP12USATULN-USA,South Alabama,no,8951.86,NO,HIT
2026-09-13T03:34:01+00:00,CFB,KXNCAAFGAME-26SEP12USATULN-USA,South Alabama,no,1386.0,NO,HIT
2026-09-13T03:34:01+00:00,CFB,KXNCAAFGAME-26SEP12USATULN-USA,South Alabama,no,8201.46,NO,HIT
2026-09-13T03:34:01+00:00,CFB,KXNCAAFGAME-26SEP12USATULN-USA,South Alabama,yes,45573.18,NO,MISS
2026-09-13T03:34:01+00:00,CFB,KXNCAAFGAME-26SEP12USATULN-USA,South Alabama,no,12076.65,NO,HIT
2026-09-13T03:34:01+00:00,CFB,KXNCAAFGAME-26SEP12USATULN-USA,South Alabama,no,5983.94,NO,HIT
2026-09-13T03:34:01+00:00,CFB,KXNCAAFGAME-26SEP12USATULN-USA,South Alabama,no,6570.95,NO,HIT
2026-09-13T03:34:01+00:00,CFB,KXNCAAFGAME-26SEP12USATULN-USA,South Alabama,no,23634.69,NO,HIT
2026-09-13T03:34:01+00:00,CFB,KXNCAAFGAME-26SEP12USATULN-USA,South Alabama,no,8000.1,NO,HIT
2026-09-13T03:34:01+00:00,CFB,KXNCAAFGAME-26SEP12USATULN-USA,South Alabama,no,7719.45,NO,HIT
2026-09-13T03:34:01+00:00,CFB,KXNCAAFGAME-26SEP12USATULN-USA,South Alabama,no,4408.69,NO,HIT
2026-09-13T03:34:01+00:00,CFB,KXNCAAFGAME-26SEP12USATULN-USA,South Alabama,no,7856.5,NO,HIT
2026-09-13T03:34:01+00:00,CFB,KXNCAAFGAME-26SEP12USATULN-USA,South Alabama,no,8951.86,NO,HIT
2026-09-13T03:34:01+00:00,CFB,KXNCAAFGAME-26SEP12USATULN-USA,South Alabama,no,1386.0,NO,HIT
2026-09-13T03:34:01+00:00,CFB,KXNCAAFGAME-26SEP12USATULN-USA,South Alabama,no,8757.64,NO,HIT
2026-09-13T03:34:01+00:00,CFB,KXNCAAFGAME-26SEP12USATULN-USA,South Alabama,no,1570.04,NO,HIT
2026-09-13T03:34:01+00:00,CFB,KXNCAAFGAME-26SEP12USATULN-TULN,Tulane,yes,4917.38,YES,HIT
2026-09-13T03:34:01+00:00,CFB,KXNCAAFGAME-26SEP12USATULN-TULN,Tulane,yes,5941.82,YES,HIT
2026-09-13T03:34:01+00:00,CFB,KXNCAAFGAME-26SEP12USATULN-TULN,Tulane,no,2105.85,YES,MISS
2026-09-13T03:34:01+00:00,CFB,KXNCAAFGAME-26SEP12USATULN-TULN,Tulane,no,4590.32,YES,MISS
2026-09-13T03:34:01+00:00,CFB,KXNCAAFGAME-26SEP12USATULN-TULN,Tulane,no,5932.23,YES,MISS
2026-09-13T03:34:01+00:00,CFB,KXNCAAFGAME-26SEP12USATULN-TULN,Tulane,no,3914.89,YES,MISS
2026-09-13T03:34:01+00:00,CFB,KXNCAAFGAME-26SEP12USATULN-TULN,Tulane,yes,48722.29,YES,HIT
2026-09-13T03:34:01+00:00,CFB,KXNCAAFGAME-26SEP12USATULN-TULN,Tulane,yes,66105.51,YES,HIT
2026-09-13T03:34:01+00:00,CFB,KXNCAAFGAME-26SEP12USATULN-TULN,Tulane,no,1785.94,YES,MISS
2026-09-13T03:34:01+00:00,CFB,KXNCAAFGAME-26SEP12USATULN-TULN,Tulane,no,2095.07,YES,MISS
2026-09-13T03:34:01+00:00,CFB,KXNCAAFGAME-26SEP12USATULN-TULN,Tulane,no,2878.35,YES,MISS
2026-09-13T03:34:01+00:00,CFB,KXNCAAFGAME-26SEP12USATULN-TULN,Tulane,no,9622.33,YES,MISS
2026-09-13T03:34:01+00:00,CFB,KXNCAAFGAME-26SEP12USATULN-TULN,Tulane,no,1478.71,YES,MISS
2026-09-13T03:34:01+00:00,CFB,KXNCAAFGAME-26SEP12USATULN-TULN,Tulane,no,1813.51,YES,MISS
2026-09-13T03:34:01+00:00,CFB,KXNCAAFGAME-26SEP12USATULN-TULN,Tulane,no,1367.63,YES,MISS
2026-09-13T03:34:01+00:00,CFB,KXNCAAFGAME-26SEP12USATULN-TULN,Tulane,no,2483.57,YES,MISS
2026-09-13T03:34:01+00:00,CFB,KXNCAAFGAME-26SEP12USATULN-TULN,Tulane,no,3057.09,YES,MISS
2026-09-13T03:34:01+00:00,CFB,KXNCAAFGAME-26SEP12USATULN-TULN,Tulane,no,3675.71,YES,MISS
2026-09-13T03:34:01+00:00,CFB,KXNCAAFGAME-26SEP12USATULN-TULN,Tulane,yes,48722.29,YES,HIT
2026-09-13T03:34:01+00:00,CFB,KXNCAAFGAME-26SEP12USATULN-TULN,Tulane,yes,70337.13,YES,HIT
2026-09-13T03:34:01+00:00,CFB,KXNCAAFGAME-26SEP12USATULN-TULN,Tulane,no,1785.94,YES,MISS
2026-09-13T03:34:01+00:00,CFB,KXNCAAFGAME-26SEP12USATULN-TULN,Tulane,no,2095.07,YES,MISS
2026-09-13T03:34:01+00:00,CFB,KXNCAAFGAME-26SEP12USATULN-TULN,Tulane,no,2878.35,YES,MISS
2026-09-13T03:34:01+00:00,CFB,KXNCAAFGAME-26SEP12USATULN-TULN,Tulane,no,9622.33,YES,MISS
2026-09-13T03:34:01+00:00,CFB,KXNCAAFGAME-26SEP12USATULN-TULN,Tulane,no,1478.71,YES,MISS
2026-09-13T03:34:01+00:00,CFB,KXNCAAFGAME-26SEP12USATULN-TULN,Tulane,no,1813.51,YES,MISS
2026-09-13T03:34:01+00:00,CFB,KXNCAAFGAME-26SEP12USATULN-TULN,Tulane,no,1367.63,YES,MISS
2026-09-13T03:34:01+00:00,CFB,KXNCAAFGAME-26SEP12USATULN-TULN,Tulane,no,2483.57,YES,MISS
2026-09-13T03:34:01+00:00,CFB,KXNCAAFGAME-26SEP12USATULN-TULN,Tulane,no,3057.09,YES,MISS
2026-09-13T03:34:01+00:00,CFB,KXNCAAFGAME-26SEP12USATULN-TULN,Tulane,no,3699.1,YES,MISS
2026-09-13T03:34:01+00:00,CFB,KXNCAAFGAME-26SEP12USATULN-TULN,Tulane,no,1796.73,YES,MISS
2026-09-13T03:34:01+00:00,CFB,KXNCAAFGAME-26SEP12USATULN-TULN,Tulane,no,1259.88,YES,MISS
2026-09-13T03:34:01+00:00,CFB,KXNCAAFGAME-26SEP12WCUCIN-WCU,Western Carolina,yes,1501.16,NO,MISS
2026-09-13T03:34:01+00:00,CFB,KXNCAAFGAME-26SEP12WCUCIN-WCU,Western Carolina,no,1318.75,NO,HIT
2026-09-13T03:34:01+00:00,CFB,KXNCAAFGAME-26SEP12WCUCIN-WCU,Western Carolina,no,2721.45,NO,HIT
2026-09-13T03:34:01+00:00,CFB,KXNCAAFGAME-26SEP12WCUCIN-WCU,Western Carolina,no,3057.26,NO,HIT
2026-09-13T03:34:01+00:00,CFB,KXNCAAFGAME-26SEP12WCUCIN-WCU,Western Carolina,no,1667.03,NO,HIT
2026-09-13T03:34:01+00:00,CFB,KXNCAAFGAME-26SEP12WCUCIN-WCU,Western Carolina,no,3057.26,NO,HIT
2026-09-13T03:34:01+00:00,CFB,KXNCAAFGAME-26SEP12WCUCIN-WCU,Western Carolina,no,1667.03,NO,HIT
2026-09-13T03:34:01+00:00,CFB,KXNCAAFGAME-26SEP12TLSASHSU-SHSU,Sam Houston,yes,35088.17,NO,MISS
2026-09-13T03:34:01+00:00,CFB,KXNCAAFGAME-26SEP12TLSASHSU-SHSU,Sam Houston,no,1776.56,NO,HIT
2026-09-13T03:34:01+00:00,CFB,KXNCAAFGAME-26SEP12TLSASHSU-SHSU,Sam Houston,no,2699.27,NO,HIT
2026-09-13T03:34:01+00:00,CFB,KXNCAAFGAME-26SEP12TLSASHSU-SHSU,Sam Houston,yes,31763.11,NO,MISS
2026-09-13T03:34:01+00:00,CFB,KXNCAAFGAME-26SEP12TLSASHSU-SHSU,Sam Houston,no,20849.93,NO,HIT
2026-09-13T03:34:01+00:00,CFB,KXNCAAFGAME-26SEP12TLSASHSU-SHSU,Sam Houston,no,10406.01,NO,HIT
2026-09-13T03:34:01+00:00,CFB,KXNCAAFGAME-26SEP12TLSASHSU-SHSU,Sam Houston,no,1427.44,NO,HIT
2026-09-13T03:34:01+00:00,CFB,KXNCAAFGAME-26SEP12TLSASHSU-SHSU,Sam Houston,no,3186.83,NO,HIT
2026-09-13T03:34:01+00:00,CFB,KXNCAAFGAME-26SEP12TLSASHSU-SHSU,Sam Houston,no,1011.25,NO,HIT
2026-09-13T03:34:01+00:00,CFB,KXNCAAFGAME-26SEP12TLSASHSU-SHSU,Sam Houston,no,3573.43,NO,HIT
2026-09-13T03:34:01+00:00,CFB,KXNCAAFGAME-26SEP12TLSASHSU-SHSU,Sam Houston,yes,34242.41,NO,MISS
2026-09-13T03:34:01+00:00,CFB,KXNCAAFGAME-26SEP12TLSASHSU-SHSU,Sam Houston,no,20849.93,NO,HIT
2026-09-13T03:34:01+00:00,CFB,KXNCAAFGAME-26SEP12TLSASHSU-SHSU,Sam Houston,no,10406.01,NO,HIT
2026-09-13T03:34:01+00:00,CFB,KXNCAAFGAME-26SEP12TLSASHSU-SHSU,Sam Houston,no,1427.44,NO,HIT
2026-09-13T03:34:01+00:00,CFB,KXNCAAFGAME-26SEP12TLSASHSU-SHSU,Sam Houston,no,3186.83,NO,HIT
2026-09-13T03:34:01+00:00,CFB,KXNCAAFGAME-26SEP12TLSASHSU-SHSU,Sam Houston,no,1011.25,NO,HIT
2026-09-13T03:34:01+00:00,CFB,KXNCAAFGAME-26SEP12TLSASHSU-SHSU,Sam Houston,no,13151.48,NO,HIT
2026-09-13T03:34:01+00:00,CFB,KXNCAAFGAME-26SEP12UWGAARST-UWGA,West Georgia,yes,1498.66,NO,MISS
2026-09-13T03:34:01+00:00,CFB,KXNCAAFGAME-26SEP12UWGAARST-UWGA,West Georgia,no,1392.0,NO,HIT
2026-09-13T03:34:01+00:00,CFB,KXNCAAFGAME-26SEP12UWGAARST-UWGA,West Georgia,no,2354.6,NO,HIT
2026-09-13T03:34:01+00:00,CFB,KXNCAAFGAME-26SEP12UWGAARST-UWGA,West Georgia,no,3790.27,NO,HIT
2026-09-13T03:34:01+00:00,CFB,KXNCAAFGAME-26SEP12UWGAARST-UWGA,West Georgia,yes,1393.48,NO,MISS
2026-09-13T03:34:01+00:00,CFB,KXNCAAFGAME-26SEP12UWGAARST-UWGA,West Georgia,no,23065.11,NO,HIT
2026-09-13T03:34:01+00:00,CFB,KXNCAAFGAME-26SEP12UWGAARST-UWGA,West Georgia,no,8805.33,NO,HIT
2026-09-13T03:34:01+00:00,CFB,KXNCAAFGAME-26SEP12UWGAARST-UWGA,West Georgia,no,1947.26,NO,HIT
2026-09-13T03:34:01+00:00,CFB,KXNCAAFGAME-26SEP12UWGAARST-UWGA,West Georgia,no,1856.16,NO,HIT
2026-09-13T03:34:01+00:00,CFB,KXNCAAFGAME-26SEP12UWGAARST-UWGA,West Georgia,no,2420.34,NO,HIT
2026-09-13T03:34:01+00:00,CFB,KXNCAAFGAME-26SEP12UWGAARST-UWGA,West Georgia,no,1980.0,NO,HIT
2026-09-13T03:34:01+00:00,CFB,KXNCAAFGAME-26SEP12UWGAARST-UWGA,West Georgia,yes,1393.48,NO,MISS
2026-09-13T03:34:01+00:00,CFB,KXNCAAFGAME-26SEP12UWGAARST-UWGA,West Georgia,no,23065.11,NO,HIT
2026-09-13T03:34:01+00:00,CFB,KXNCAAFGAME-26SEP12UWGAARST-UWGA,West Georgia,no,8805.33,NO,HIT
2026-09-13T03:34:01+00:00,CFB,KXNCAAFGAME-26SEP12UWGAARST-UWGA,West Georgia,no,1947.26,NO,HIT
2026-09-13T03:34:01+00:00,CFB,KXNCAAFGAME-26SEP12UWGAARST-UWGA,West Georgia,no,1856.16,NO,HIT
2026-09-13T03:34:01+00:00,CFB,KXNCAAFGAME-26SEP12UWGAARST-UWGA,West Georgia,no,2420.34,NO,HIT
2026-09-13T03:34:01+00:00,CFB,KXNCAAFGAME-26SEP12UWGAARST-UWGA,West Georgia,no,1980.0,NO,HIT
2026-09-13T03:34:01+00:00,CFB,KXNCAAFGAME-26SEP12UWGAARST-ARST,Arkansas St.,yes,2251.42,YES,HIT
2026-09-13T03:34:01+00:00,CFB,KXNCAAFGAME-26SEP12UWGAARST-ARST,Arkansas St.,yes,1094.65,YES,HIT
2026-09-13T03:34:01+00:00,CFB,KXNCAAFGAME-26SEP12UWGAARST-ARST,Arkansas St.,yes,7679.18,YES,HIT
2026-09-13T03:34:01+00:00,CFB,KXNCAAFGAME-26SEP12UWGAARST-ARST,Arkansas St.,yes,10892.37,YES,HIT
2026-09-13T03:34:01+00:00,CFB,KXNCAAFGAME-26SEP12UWGAARST-ARST,Arkansas St.,yes,6068.7,YES,HIT
2026-09-13T03:34:01+00:00,CFB,KXNCAAFGAME-26SEP12UWGAARST-ARST,Arkansas St.,yes,4937.13,YES,HIT
2026-09-13T03:34:01+00:00,CFB,KXNCAAFGAME-26SEP12UWGAARST-ARST,Arkansas St.,yes,1094.65,YES,HIT
2026-09-13T03:34:01+00:00,CFB,KXNCAAFGAME-26SEP12UWGAARST-ARST,Arkansas St.,yes,7679.18,YES,HIT
2026-09-13T03:34:01+00:00,CFB,KXNCAAFGAME-26SEP12UWGAARST-ARST,Arkansas St.,yes,10892.37,YES,HIT
2026-09-13T03:34:01+00:00,CFB,KXNCAAFGAME-26SEP12UWGAARST-ARST,Arkansas St.,yes,6068.7,YES,HIT
2026-09-13T03:34:01+00:00,CFB,KXNCAAFGAME-26SEP12UWGAARST-ARST,Arkansas St.,yes,4937.13,YES,HIT
2026-09-13T03:34:01+00:00,CFB,KXNCAAFGAME-26SEP12BGSUNEB-NEB,Nebraska,yes,7492.49,YES,HIT
2026-09-13T03:34:01+00:00,CFB,KXNCAAFGAME-26SEP12BGSUNEB-NEB,Nebraska,yes,1020.24,YES,HIT
2026-09-13T03:34:01+00:00,CFB,KXNCAAFGAME-26SEP12BGSUNEB-NEB,Nebraska,yes,30596.26,YES,HIT
2026-09-13T03:34:01+00:00,CFB,KXNCAAFGAME-26SEP12BGSUNEB-NEB,Nebraska,yes,2289.33,YES,HIT
2026-09-13T03:34:01+00:00,CFB,KXNCAAFGAME-26SEP12BGSUNEB-NEB,Nebraska,yes,11699.32,YES,HIT
2026-09-13T03:34:01+00:00,CFB,KXNCAAFGAME-26SEP12BGSUNEB-NEB,Nebraska,yes,11699.32,YES,HIT
2026-09-13T03:34:01+00:00,CFB,KXNCAAFGAME-26SEP12BGSUNEB-BGSU,Bowling Green,yes,3531.02,NO,MISS
2026-09-13T03:34:01+00:00,CFB,KXNCAAFGAME-26SEP12BGSUNEB-BGSU,Bowling Green,no,3505.44,NO,HIT
2026-09-13T03:34:01+00:00,CFB,KXNCAAFGAME-26SEP12BGSUNEB-BGSU,Bowling Green,no,1799.51,NO,HIT
2026-09-13T03:34:01+00:00,CFB,KXNCAAFGAME-26SEP12BGSUNEB-BGSU,Bowling Green,no,2069.64,NO,HIT
2026-09-13T03:34:01+00:00,CFB,KXNCAAFGAME-26SEP12BGSUNEB-BGSU,Bowling Green,no,2315.78,NO,HIT
2026-09-13T03:34:01+00:00,CFB,KXNCAAFGAME-26SEP12BGSUNEB-BGSU,Bowling Green,no,2315.78,NO,HIT
2026-09-13T03:34:01+00:00,CFB,KXNCAAFGAME-26SEP12ILSTNIU-ILST,Illinois St.,yes,1193.9,YES,HIT
2026-09-13T03:34:01+00:00,CFB,KXNCAAFGAME-26SEP12ILSTNIU-ILST,Illinois St.,yes,2732.95,YES,HIT
2026-09-13T03:34:01+00:00,CFB,KXNCAAFGAME-26SEP12ILSTNIU-ILST,Illinois St.,yes,5011.09,YES,HIT
2026-09-13T03:34:01+00:00,CFB,KXNCAAFGAME-26SEP12ILSTNIU-ILST,Illinois St.,yes,1294.86,YES,HIT
2026-09-13T03:34:01+00:00,CFB,KXNCAAFGAME-26SEP12ILSTNIU-ILST,Illinois St.,yes,1192.0,YES,HIT
2026-09-13T03:34:01+00:00,CFB,KXNCAAFGAME-26SEP12ILSTNIU-ILST,Illinois St.,yes,4611.18,YES,HIT
2026-09-13T03:34:01+00:00,CFB,KXNCAAFGAME-26SEP12ILSTNIU-ILST,Illinois St.,yes,1608.17,YES,HIT
2026-09-13T03:34:01+00:00,CFB,KXNCAAFGAME-26SEP12ILSTNIU-ILST,Illinois St.,yes,12772.19,YES,HIT
2026-09-13T03:34:01+00:00,CFB,KXNCAAFGAME-26SEP12ILSTNIU-ILST,Illinois St.,yes,2504.6,YES,HIT
2026-09-13T03:34:01+00:00,CFB,KXNCAAFGAME-26SEP12ILSTNIU-ILST,Illinois St.,no,1008.93,YES,MISS
2026-09-13T03:34:01+00:00,CFB,KXNCAAFGAME-26SEP12ILSTNIU-ILST,Illinois St.,no,1403.14,YES,MISS
2026-09-13T03:34:01+00:00,CFB,KXNCAAFGAME-26SEP12ILSTNIU-ILST,Illinois St.,no,1550.73,YES,MISS
2026-09-13T03:34:01+00:00,CFB,KXNCAAFGAME-26SEP12ILSTNIU-ILST,Illinois St.,yes,5011.09,YES,HIT
2026-09-13T03:34:01+00:00,CFB,KXNCAAFGAME-26SEP12ILSTNIU-ILST,Illinois St.,yes,1294.86,YES,HIT
2026-09-13T03:34:01+00:00,CFB,KXNCAAFGAME-26SEP12ILSTNIU-ILST,Illinois St.,yes,1192.0,YES,HIT
2026-09-13T03:34:01+00:00,CFB,KXNCAAFGAME-26SEP12ILSTNIU-ILST,Illinois St.,yes,4611.18,YES,HIT
2026-09-13T03:34:01+00:00,CFB,KXNCAAFGAME-26SEP12ILSTNIU-ILST,Illinois St.,yes,1608.17,YES,HIT
2026-09-13T03:34:01+00:00,CFB,KXNCAAFGAME-26SEP12ILSTNIU-ILST,Illinois St.,yes,12772.19,YES,HIT
2026-09-13T03:34:01+00:00,CFB,KXNCAAFGAME-26SEP12ILSTNIU-ILST,Illinois St.,yes,4750.98,YES,HIT
2026-09-13T03:34:01+00:00,CFB,KXNCAAFGAME-26SEP12ILSTNIU-ILST,Illinois St.,no,1008.93,YES,MISS
2026-09-13T03:34:01+00:00,CFB,KXNCAAFGAME-26SEP12ILSTNIU-ILST,Illinois St.,no,1403.14,YES,MISS
2026-09-13T03:34:01+00:00,CFB,KXNCAAFGAME-26SEP12ILSTNIU-ILST,Illinois St.,no,1550.73,YES,MISS
2026-09-13T03:34:01+00:00,CFB,KXNCAAFGAME-26SEP12ILSTNIU-ILST,Illinois St.,no,5135.15,YES,MISS
2026-09-13T03:34:01+00:00,CFB,KXNCAAFGAME-26SEP12GASTKENN-KENN,Kennesaw St.,yes,1157.03,NO,MISS
2026-09-13T03:34:01+00:00,CFB,KXNCAAFGAME-26SEP12GASTKENN-KENN,Kennesaw St.,yes,2028.99,NO,MISS
2026-09-13T03:34:01+00:00,CFB,KXNCAAFGAME-26SEP12GASTKENN-KENN,Kennesaw St.,yes,4388.45,NO,MISS
2026-09-13T03:34:01+00:00,CFB,KXNCAAFGAME-26SEP12GASTKENN-KENN,Kennesaw St.,no,1893.99,NO,HIT
2026-09-13T03:34:01+00:00,CFB,KXNCAAFGAME-26SEP12GASTKENN-KENN,Kennesaw St.,no,1015.5,NO,HIT
2026-09-13T03:34:01+00:00,CFB,KXNCAAFGAME-26SEP12GASTKENN-KENN,Kennesaw St.,yes,1290.43,NO,MISS
2026-09-13T03:34:01+00:00,CFB,KXNCAAFGAME-26SEP12GASTKENN-KENN,Kennesaw St.,yes,1070.01,NO,MISS
2026-09-13T03:34:01+00:00,CFB,KXNCAAFGAME-26SEP12GASTKENN-KENN,Kennesaw St.,yes,9438.7,NO,MISS
2026-09-13T03:34:01+00:00,CFB,KXNCAAFGAME-26SEP12GASTKENN-KENN,Kennesaw St.,yes,2676.52,NO,MISS
2026-09-13T03:34:01+00:00,CFB,KXNCAAFGAME-26SEP12GASTKENN-KENN,Kennesaw St.,yes,3699.66,NO,MISS
2026-09-13T03:34:01+00:00,CFB,KXNCAAFGAME-26SEP12GASTKENN-KENN,Kennesaw St.,yes,1148.43,NO,MISS
2026-09-13T03:34:01+00:00,CFB,KXNCAAFGAME-26SEP12GASTKENN-KENN,Kennesaw St.,no,5508.77,NO,HIT
2026-09-13T03:34:01+00:00,CFB,KXNCAAFGAME-26SEP12GASTKENN-KENN,Kennesaw St.,no,1901.87,NO,HIT
2026-09-13T03:34:01+00:00,CFB,KXNCAAFGAME-26SEP12GASTKENN-KENN,Kennesaw St.,no,3240.36,NO,HIT
2026-09-13T03:34:01+00:00,CFB,KXNCAAFGAME-26SEP12GASTKENN-KENN,Kennesaw St.,no,6580.22,NO,HIT
2026-09-13T03:34:01+00:00,CFB,KXNCAAFGAME-26SEP12GASTKENN-KENN,Kennesaw St.,no,3492.4,NO,HIT
2026-09-13T03:34:01+00:00,CFB,KXNCAAFGAME-26SEP12GASTKENN-KENN,Kennesaw St.,no,15278.65,NO,HIT
2026-09-13T03:34:01+00:00,CFB,KXNCAAFGAME-26SEP12GASTKENN-KENN,Kennesaw St.,no,7052.0,NO,HIT
2026-09-13T03:34:01+00:00,CFB,KXNCAAFGAME-26SEP12GASTKENN-KENN,Kennesaw St.,no,1706.15,NO,HIT
2026-09-13T03:34:01+00:00,CFB,KXNCAAFGAME-26SEP12GASTKENN-KENN,Kennesaw St.,no,13633.2,NO,HIT
2026-09-13T03:34:01+00:00,CFB,KXNCAAFGAME-26SEP12GASTKENN-KENN,Kennesaw St.,no,5022.92,NO,HIT
2026-09-13T03:34:01+00:00,CFB,KXNCAAFGAME-26SEP12GASTKENN-KENN,Kennesaw St.,no,10027.78,NO,HIT
2026-09-13T03:34:01+00:00,CFB,KXNCAAFGAME-26SEP12GASTKENN-KENN,Kennesaw St.,no,1033.91,NO,HIT
2026-09-13T03:34:01+00:00,CFB,KXNCAAFGAME-26SEP12GASTKENN-KENN,Kennesaw St.,yes,1290.43,NO,MISS
2026-09-13T03:34:01+00:00,CFB,KXNCAAFGAME-26SEP12GASTKENN-KENN,Kennesaw St.,yes,1070.01,NO,MISS
2026-09-13T03:34:01+00:00,CFB,KXNCAAFGAME-26SEP12GASTKENN-KENN,Kennesaw St.,yes,9438.7,NO,MISS
2026-09-13T03:34:01+00:00,CFB,KXNCAAFGAME-26SEP12GASTKENN-KENN,Kennesaw St.,yes,2676.52,NO,MISS
2026-09-13T03:34:01+00:00,CFB,KXNCAAFGAME-26SEP12GASTKENN-KENN,Kennesaw St.,yes,3699.66,NO,MISS
2026-09-13T03:34:01+00:00,CFB,KXNCAAFGAME-26SEP12GASTKENN-KENN,Kennesaw St.,yes,1148.43,NO,MISS
2026-09-13T03:34:01+00:00,CFB,KXNCAAFGAME-26SEP12GASTKENN-KENN,Kennesaw St.,no,5508.77,NO,HIT
2026-09-13T03:34:01+00:00,CFB,KXNCAAFGAME-26SEP12GASTKENN-KENN,Kennesaw St.,no,1901.87,NO,HIT
2026-09-13T03:34:01+00:00,CFB,KXNCAAFGAME-26SEP12GASTKENN-KENN,Kennesaw St.,no,3240.36,NO,HIT
2026-09-13T03:34:01+00:00,CFB,KXNCAAFGAME-26SEP12GASTKENN-KENN,Kennesaw St.,no,6580.22,NO,HIT
2026-09-13T03:34:01+00:00,CFB,KXNCAAFGAME-26SEP12GASTKENN-KENN,Kennesaw St.,no,3492.4,NO,HIT
2026-09-13T03:34:01+00:00,CFB,KXNCAAFGAME-26SEP12GASTKENN-KENN,Kennesaw St.,no,15278.65,NO,HIT
2026-09-13T03:34:01+00:00,CFB,KXNCAAFGAME-26SEP12GASTKENN-KENN,Kennesaw St.,no,7052.0,NO,HIT
2026-09-13T03:34:01+00:00,CFB,KXNCAAFGAME-26SEP12GASTKENN-KENN,Kennesaw St.,no,1706.15,NO,HIT
2026-09-13T03:34:01+00:00,CFB,KXNCAAFGAME-26SEP12GASTKENN-KENN,Kennesaw St.,no,13633.2,NO,HIT
2026-09-13T03:34:01+00:00,CFB,KXNCAAFGAME-26SEP12GASTKENN-KENN,Kennesaw St.,no,5022.92,NO,HIT
2026-09-13T03:34:01+00:00,CFB,KXNCAAFGAME-26SEP12GASTKENN-KENN,Kennesaw St.,no,10027.78,NO,HIT
2026-09-13T03:34:01+00:00,CFB,KXNCAAFGAME-26SEP12GASTKENN-KENN,Kennesaw St.,no,1033.91,NO,HIT
2026-09-13T03:34:01+00:00,CFB,KXNCAAFGAME-26SEP12GASTKENN-KENN,Kennesaw St.,no,1028.07,NO,HIT
2026-09-13T03:34:01+00:00,CFB,KXNCAAFGAME-26SEP12MTUMRSH-MTU,Middle Tennessee,yes,5415.61,NO,MISS
2026-09-13T03:34:01+00:00,CFB,KXNCAAFGAME-26SEP12MTUMRSH-MTU,Middle Tennessee,yes,2164.67,NO,MISS
2026-09-13T03:34:01+00:00,CFB,KXNCAAFGAME-26SEP12MTUMRSH-MTU,Middle Tennessee,yes,4790.12,NO,MISS
2026-09-13T03:34:01+00:00,CFB,KXNCAAFGAME-26SEP12MTUMRSH-MTU,Middle Tennessee,yes,2032.02,NO,MISS
2026-09-13T03:34:01+00:00,CFB,KXNCAAFGAME-26SEP12MTUMRSH-MTU,Middle Tennessee,no,7578.03,NO,HIT
2026-09-13T03:34:01+00:00,CFB,KXNCAAFGAME-26SEP12MTUMRSH-MTU,Middle Tennessee,no,14702.37,NO,HIT
2026-09-13T03:34:01+00:00,CFB,KXNCAAFGAME-26SEP12MTUMRSH-MTU,Middle Tennessee,no,1470.63,NO,HIT
2026-09-13T03:34:01+00:00,CFB,KXNCAAFGAME-26SEP12MTUMRSH-MTU,Middle Tennessee,no,1491.38,NO,HIT
2026-09-13T03:34:01+00:00,CFB,KXNCAAFGAME-26SEP12MTUMRSH-MTU,Middle Tennessee,no,1685.96,NO,HIT
2026-09-13T03:34:01+00:00,CFB,KXNCAAFGAME-26SEP12MTUMRSH-MTU,Middle Tennessee,no,1479.39,NO,HIT
2026-09-13T03:34:01+00:00,CFB,KXNCAAFGAME-26SEP12MTUMRSH-MTU,Middle Tennessee,no,2408.02,NO,HIT
2026-09-13T03:34:01+00:00,CFB,KXNCAAFGAME-26SEP12MTUMRSH-MTU,Middle Tennessee,no,1394.71,NO,HIT
2026-09-13T03:34:01+00:00,CFB,KXNCAAFGAME-26SEP12MTUMRSH-MTU,Middle Tennessee,no,14702.37,NO,HIT
2026-09-13T03:34:01+00:00,CFB,KXNCAAFGAME-26SEP12MTUMRSH-MTU,Middle Tennessee,no,1470.63,NO,HIT
2026-09-13T03:34:01+00:00,CFB,KXNCAAFGAME-26SEP12MTUMRSH-MTU,Middle Tennessee,no,1491.38,NO,HIT
2026-09-13T03:34:01+00:00,CFB,KXNCAAFGAME-26SEP12MTUMRSH-MTU,Middle Tennessee,no,1685.96,NO,HIT
2026-09-13T03:34:01+00:00,CFB,KXNCAAFGAME-26SEP12MTUMRSH-MTU,Middle Tennessee,no,1479.39,NO,HIT
2026-09-13T03:34:01+00:00,CFB,KXNCAAFGAME-26SEP12MTUMRSH-MTU,Middle Tennessee,no,2408.02,NO,HIT
2026-09-13T03:34:01+00:00,CFB,KXNCAAFGAME-26SEP12MTUMRSH-MTU,Middle Tennessee,no,1394.71,NO,HIT
2026-09-13T03:34:01+00:00,CFB,KXNCAAFGAME-26SEP12MTUMRSH-MTU,Middle Tennessee,no,1177.32,NO,HIT
2026-09-13T03:34:01+00:00,CFB,KXNCAAFGAME-26SEP12MTUMRSH-MRSH,Marshall,yes,2562.42,YES,HIT
2026-09-13T03:34:01+00:00,CFB,KXNCAAFGAME-26SEP12MTUMRSH-MRSH,Marshall,yes,14609.35,YES,HIT
2026-09-13T03:34:01+00:00,CFB,KXNCAAFGAME-26SEP12MTUMRSH-MRSH,Marshall,yes,16477.38,YES,HIT
2026-09-13T03:34:01+00:00,CFB,KXNCAAFGAME-26SEP12MTUMRSH-MRSH,Marshall,no,1340.0,YES,MISS
2026-09-13T03:34:01+00:00,CFB,KXNCAAFGAME-26SEP12MTUMRSH-MRSH,Marshall,yes,15169.67,YES,HIT
2026-09-13T03:34:01+00:00,CFB,KXNCAAFGAME-26SEP12MTUMRSH-MRSH,Marshall,yes,8471.91,YES,HIT
2026-09-13T03:34:01+00:00,CFB,KXNCAAFGAME-26SEP12MTUMRSH-MRSH,Marshall,yes,2045.21,YES,HIT
2026-09-13T03:34:01+00:00,CFB,KXNCAAFGAME-26SEP12MTUMRSH-MRSH,Marshall,yes,2782.87,YES,HIT
2026-09-13T03:34:01+00:00,CFB,KXNCAAFGAME-26SEP12MTUMRSH-MRSH,Marshall,no,1459.36,YES,MISS
2026-09-13T03:34:01+00:00,CFB,KXNCAAFGAME-26SEP12MTUMRSH-MRSH,Marshall,no,1119.43,YES,MISS
2026-09-13T03:34:01+00:00,CFB,KXNCAAFGAME-26SEP12MTUMRSH-MRSH,Marshall,yes,15169.67,YES,HIT
2026-09-13T03:34:01+00:00,CFB,KXNCAAFGAME-26SEP12MTUMRSH-MRSH,Marshall,yes,8471.91,YES,HIT
2026-09-13T03:34:01+00:00,CFB,KXNCAAFGAME-26SEP12MTUMRSH-MRSH,Marshall,yes,2045.21,YES,HIT
2026-09-13T03:34:01+00:00,CFB,KXNCAAFGAME-26SEP12MTUMRSH-MRSH,Marshall,yes,6480.9,YES,HIT
2026-09-13T03:34:01+00:00,CFB,KXNCAAFGAME-26SEP12MTUMRSH-MRSH,Marshall,no,1459.36,YES,MISS
2026-09-13T03:34:01+00:00,CFB,KXNCAAFGAME-26SEP12MTUMRSH-MRSH,Marshall,no,1119.43,YES,MISS
2026-09-13T03:34:01+00:00,CFB,KXNCAAFGAME-26SEP12NWSTETAM-NWST,Northwestern St.,no,3330.46,NO,HIT
2026-09-13T03:34:01+00:00,CFB,KXNCAAFGAME-26SEP12NWSTETAM-NWST,Northwestern St.,yes,4244.24,NO,MISS
2026-09-13T03:34:01+00:00,CFB,KXNCAAFGAME-26SEP12NWSTETAM-NWST,Northwestern St.,yes,1704.29,NO,MISS
2026-09-13T03:34:01+00:00,CFB,KXNCAAFGAME-26SEP12NWSTETAM-NWST,Northwestern St.,yes,1710.32,NO,MISS
2026-09-13T03:34:01+00:00,CFB,KXNCAAFGAME-26SEP12NWSTETAM-NWST,Northwestern St.,yes,2277.01,NO,MISS
2026-09-13T03:34:01+00:00,CFB,KXNCAAFGAME-26SEP12NWSTETAM-NWST,Northwestern St.,yes,1021.5,NO,MISS
2026-09-13T03:34:01+00:00,CFB,KXNCAAFGAME-26SEP12NWSTETAM-NWST,Northwestern St.,yes,2277.01,NO,MISS
2026-09-13T03:34:01+00:00,CFB,KXNCAAFGAME-26SEP12NWSTETAM-NWST,Northwestern St.,yes,1021.5,NO,MISS
2026-09-13T03:34:01+00:00,CFB,KXNCAAFGAME-26SEP12NWSTETAM-ETAM,East Texas A&M,yes,5777.03,YES,HIT
2026-09-13T03:34:01+00:00,CFB,KXNCAAFGAME-26SEP12NWSTETAM-ETAM,East Texas A&M,yes,2632.26,YES,HIT
2026-09-13T03:34:01+00:00,CFB,KXNCAAFGAME-26SEP12NWSTETAM-ETAM,East Texas A&M,yes,2896.38,YES,HIT
2026-09-13T03:34:01+00:00,CFB,KXNCAAFGAME-26SEP12NWSTETAM-ETAM,East Texas A&M,yes,2632.26,YES,HIT
2026-09-13T03:34:01+00:00,CFB,KXNCAAFGAME-26SEP12NWSTETAM-ETAM,East Texas A&M,yes,2896.38,YES,HIT
2026-09-13T03:34:01+00:00,CFB,KXNCAAFGAME-26SEP12NWSTETAM-ETAM,East Texas A&M,yes,1185.68,YES,HIT
2026-09-13T03:34:01+00:00,CFB,KXNCAAFGAME-26SEP12SUUCSU-SUU,Southern Utah,no,1511.13,NO,HIT
2026-09-13T03:34:01+00:00,CFB,KXNCAAFGAME-26SEP12SUUCSU-SUU,Southern Utah,no,1738.03,NO,HIT
2026-09-13T03:34:01+00:00,CFB,KXNCAAFGAME-26SEP12SUUCSU-SUU,Southern Utah,no,1690.12,NO,HIT
2026-09-13T03:34:01+00:00,CFB,KXNCAAFGAME-26SEP12SUUCSU-SUU,Southern Utah,no,4338.68,NO,HIT
2026-09-13T03:34:01+00:00,CFB,KXNCAAFGAME-26SEP12SUUCSU-SUU,Southern Utah,no,1690.12,NO,HIT
2026-09-13T03:34:01+00:00,CFB,KXNCAAFGAME-26SEP12SUUCSU-SUU,Southern Utah,no,4338.68,NO,HIT
2026-09-13T03:34:01+00:00,CFB,KXNCAAFGAME-26SEP12SUUCSU-CSU,Colorado St.,yes,32709.02,YES,HIT
2026-09-13T03:34:01+00:00,CFB,KXNCAAFGAME-26SEP12SUUCSU-CSU,Colorado St.,yes,2907.98,YES,HIT
2026-09-13T03:34:01+00:00,CFB,KXNCAAFGAME-26SEP12SUUCSU-CSU,Colorado St.,yes,1098.45,YES,HIT
2026-09-13T03:34:01+00:00,CFB,KXNCAAFGAME-26SEP12SUUCSU-CSU,Colorado St.,yes,1102.04,YES,HIT
2026-09-13T03:34:01+00:00,CFB,KXNCAAFGAME-26SEP12SUUCSU-CSU,Colorado St.,yes,5280.0,YES,HIT
2026-09-13T03:34:01+00:00,CFB,KXNCAAFGAME-26SEP12SUUCSU-CSU,Colorado St.,yes,1600.32,YES,HIT
2026-09-13T03:34:01+00:00,CFB,KXNCAAFGAME-26SEP12SUUCSU-CSU,Colorado St.,yes,2560.26,YES,HIT
2026-09-13T03:34:01+00:00,CFB,KXNCAAFGAME-26SEP12SUUCSU-CSU,Colorado St.,yes,1543.37,YES,HIT
2026-09-13T03:34:01+00:00,CFB,KXNCAAFGAME-26SEP12SUUCSU-CSU,Colorado St.,yes,44150.76,YES,HIT
2026-09-13T03:34:01+00:00,CFB,KXNCAAFGAME-26SEP12SUUCSU-CSU,Colorado St.,yes,2907.98,YES,HIT
2026-09-13T03:34:01+00:00,CFB,KXNCAAFGAME-26SEP12SUUCSU-CSU,Colorado St.,yes,1098.45,YES,HIT
2026-09-13T03:34:01+00:00,CFB,KXNCAAFGAME-26SEP12SUUCSU-CSU,Colorado St.,yes,1102.04,YES,HIT
2026-09-13T03:34:01+00:00,CFB,KXNCAAFGAME-26SEP12SUUCSU-CSU,Colorado St.,yes,5280.0,YES,HIT
2026-09-13T03:34:01+00:00,CFB,KXNCAAFGAME-26SEP12SUUCSU-CSU,Colorado St.,yes,1600.32,YES,HIT
2026-09-13T03:34:01+00:00,CFB,KXNCAAFGAME-26SEP12SUUCSU-CSU,Colorado St.,yes,2560.26,YES,HIT
2026-09-13T03:34:01+00:00,CFB,KXNCAAFGAME-26SEP12SUUCSU-CSU,Colorado St.,yes,1543.37,YES,HIT
2026-09-13T03:34:01+00:00,CFB,KXNCAAFGAME-26SEP12SUUCSU-CSU,Colorado St.,yes,44150.76,YES,HIT
2026-09-13T03:34:01+00:00,CFB,KXNCAAFGAME-26SEP12MONMWMU-WMU,Western Michigan,yes,1851.45,YES,HIT
2026-09-13T03:34:01+00:00,CFB,KXNCAAFGAME-26SEP12MONMWMU-WMU,Western Michigan,yes,28547.35,YES,HIT
2026-09-13T03:34:01+00:00,CFB,KXNCAAFGAME-26SEP12MONMWMU-WMU,Western Michigan,yes,2230.43,YES,HIT
2026-09-13T03:34:01+00:00,CFB,KXNCAAFGAME-26SEP12MONMWMU-WMU,Western Michigan,yes,3456.38,YES,HIT
2026-09-13T03:34:01+00:00,CFB,KXNCAAFGAME-26SEP12MONMWMU-WMU,Western Michigan,yes,2230.43,YES,HIT
2026-09-13T03:34:01+00:00,CFB,KXNCAAFGAME-26SEP12MONMWMU-WMU,Western Michigan,yes,3456.38,YES,HIT
2026-09-13T03:34:01+00:00,CFB,KXNCAAFGAME-26SEP12MONMWMU-MONM,Monmouth,yes,5541.12,NO,MISS
2026-09-13T03:34:01+00:00,CFB,KXNCAAFGAME-26SEP12MONMWMU-MONM,Monmouth,no,11174.58,NO,HIT
2026-09-13T03:34:01+00:00,CFB,KXNCAAFGAME-26SEP12MONMWMU-MONM,Monmouth,no,1317.94,NO,HIT
2026-09-13T03:34:01+00:00,CFB,KXNCAAFGAME-26SEP12MONMWMU-MONM,Monmouth,no,2513.36,NO,HIT
2026-09-13T03:34:01+00:00,CFB,KXNCAAFGAME-26SEP12MONMWMU-MONM,Monmouth,no,2191.25,NO,HIT
2026-09-13T03:34:01+00:00,CFB,KXNCAAFGAME-26SEP12MONMWMU-MONM,Monmouth,no,15917.8,NO,HIT
2026-09-13T03:34:01+00:00,CFB,KXNCAAFGAME-26SEP12USDIDST-USD,San Diego,no,1568.66,NO,HIT
2026-09-13T03:34:01+00:00,CFB,KXNCAAFGAME-26SEP12USDIDST-USD,San Diego,no,2218.77,NO,HIT
2026-09-13T03:34:01+00:00,CFB,KXNCAAFGAME-26SEP12USDIDST-USD,San Diego,no,2289.76,NO,HIT
2026-09-13T03:34:01+00:00,CFB,KXNCAAFGAME-26SEP12USDIDST-USD,San Diego,no,2218.77,NO,HIT
2026-09-13T03:34:01+00:00,CFB,KXNCAAFGAME-26SEP12USDIDST-USD,San Diego,no,2289.76,NO,HIT
2026-09-13T03:34:01+00:00,CFB,KXNCAAFGAME-26SEP12USDIDST-IDST,Idaho St.,yes,2994.03,YES,HIT
2026-09-13T03:34:01+00:00,CFB,KXNCAAFGAME-26SEP12USDIDST-IDST,Idaho St.,yes,1350.63,YES,HIT
2026-09-13T03:34:01+00:00,CFB,KXNCAAFGAME-26SEP12USDIDST-IDST,Idaho St.,yes,4805.39,YES,HIT
2026-09-13T03:34:01+00:00,CFB,KXNCAAFGAME-26SEP12USDIDST-IDST,Idaho St.,yes,4805.39,YES,HIT
2026-09-13T03:34:01+00:00,CFB,KXNCAAFGAME-26SEP12CHATEKY-EKY,Eastern Kentucky,yes,2084.37,YES,HIT
2026-09-13T03:34:01+00:00,CFB,KXNCAAFGAME-26SEP12FURMER-FUR,Furman,yes,1604.98,YES,HIT
2026-09-13T03:34:01+00:00,CFB,KXNCAAFGAME-26SEP12FURMER-FUR,Furman,yes,3215.89,YES,HIT
2026-09-13T03:34:01+00:00,CFB,KXNCAAFGAME-26SEP12FURMER-FUR,Furman,yes,3826.16,YES,HIT
2026-09-13T03:34:01+00:00,CFB,KXNCAAFGAME-26SEP12FURMER-FUR,Furman,yes,2945.65,YES,HIT
2026-09-13T03:34:01+00:00,CFB,KXNCAAFGAME-26SEP12FURMER-FUR,Furman,no,1997.44,YES,MISS
2026-09-13T03:34:01+00:00,CFB,KXNCAAFGAME-26SEP12FURMER-FUR,Furman,no,1301.85,YES,MISS
2026-09-13T03:34:01+00:00,CFB,KXNCAAFGAME-26SEP12FURMER-FUR,Furman,yes,3826.16,YES,HIT
2026-09-13T03:34:01+00:00,CFB,KXNCAAFGAME-26SEP12FURMER-FUR,Furman,yes,21005.14,YES,HIT
2026-09-13T03:34:01+00:00,CFB,KXNCAAFGAME-26SEP12FURMER-FUR,Furman,no,1997.44,YES,MISS
2026-09-13T03:34:01+00:00,CFB,KXNCAAFGAME-26SEP12FURMER-FUR,Furman,no,1301.85,YES,MISS
2026-09-13T03:34:01+00:00,CFB,KXNCAAFGAME-26SEP12FURMER-FUR,Furman,no,1596.82,YES,MISS
2026-09-13T03:34:01+00:00,CFB,KXNCAAFGAME-26SEP12JVSTOHIO-JVST,Jacksonville St.,yes,2174.01,NO,MISS
2026-09-13T03:34:01+00:00,CFB,KXNCAAFGAME-26SEP12JVSTOHIO-JVST,Jacksonville St.,yes,3408.56,NO,MISS
2026-09-13T03:34:01+00:00,CFB,KXNCAAFGAME-26SEP12JVSTOHIO-JVST,Jacksonville St.,yes,2922.62,NO,MISS
2026-09-13T03:34:01+00:00,CFB,KXNCAAFGAME-26SEP12JVSTOHIO-JVST,Jacksonville St.,yes,2527.14,NO,MISS
2026-09-13T03:34:01+00:00,CFB,KXNCAAFGAME-26SEP12JVSTOHIO-JVST,Jacksonville St.,yes,22721.41,NO,MISS
2026-09-13T03:34:01+00:00,CFB,KXNCAAFGAME-26SEP12JVSTOHIO-JVST,Jacksonville St.,yes,16530.41,NO,MISS
2026-09-13T03:34:01+00:00,CFB,KXNCAAFGAME-26SEP12JVSTOHIO-JVST,Jacksonville St.,no,1151.95,NO,HIT
2026-09-13T03:34:01+00:00,CFB,KXNCAAFGAME-26SEP12JVSTOHIO-JVST,Jacksonville St.,no,1771.41,NO,HIT
2026-09-13T03:34:01+00:00,CFB,KXNCAAFGAME-26SEP12JVSTOHIO-JVST,Jacksonville St.,no,20365.77,NO,HIT
2026-09-13T03:34:01+00:00,CFB,KXNCAAFGAME-26SEP12JVSTOHIO-JVST,Jacksonville St.,no,59804.91,NO,HIT
2026-09-13T03:34:01+00:00,CFB,KXNCAAFGAME-26SEP12UTRGVNICH-UTRGV,UT Rio Grande Valley,yes,1086.94,NO,MISS
2026-09-13T03:34:01+00:00,CFB,KXNCAAFGAME-26SEP12UTRGVNICH-UTRGV,UT Rio Grande Valley,yes,1086.94,NO,MISS
2026-09-13T03:34:01+00:00,CFB,KXNCAAFGAME-26SEP12UTRGVNICH-UTRGV,UT Rio Grande Valley,no,1757.12,NO,HIT
2026-09-13T03:34:01+00:00,CFB,KXNCAAFGAME-26SEP12UTRGVNICH-NICH,Nicholls St.,yes,1580.12,YES,HIT
2026-09-13T03:34:01+00:00,CFB,KXNCAAFGAME-26SEP12UTRGVNICH-NICH,Nicholls St.,yes,1580.12,YES,HIT
2026-09-13T03:34:01+00:00,CFB,KXNCAAFGAME-26SEP12UTRGVNICH-NICH,Nicholls St.,yes,1961.93,YES,HIT
2026-09-13T03:34:01+00:00,CFB,KXNCAAFGAME-26SEP12LINWMOSU-LINW,Lindenwood,no,15239.17,NO,HIT
2026-09-13T03:34:01+00:00,CFB,KXNCAAFGAME-26SEP12LINWMOSU-LINW,Lindenwood,no,3002.72,NO,HIT
2026-09-13T03:34:01+00:00,CFB,KXNCAAFGAME-26SEP12LINWMOSU-LINW,Lindenwood,no,1628.76,NO,HIT
2026-09-13T03:34:01+00:00,CFB,KXNCAAFGAME-26SEP12LINWMOSU-LINW,Lindenwood,no,4080.63,NO,HIT
2026-09-13T03:34:01+00:00,CFB,KXNCAAFGAME-26SEP12LINWMOSU-LINW,Lindenwood,no,15239.17,NO,HIT
2026-09-13T03:34:01+00:00,CFB,KXNCAAFGAME-26SEP12LINWMOSU-LINW,Lindenwood,no,3002.72,NO,HIT
2026-09-13T03:34:01+00:00,CFB,KXNCAAFGAME-26SEP12LINWMOSU-LINW,Lindenwood,no,1628.76,NO,HIT
2026-09-13T03:34:01+00:00,CFB,KXNCAAFGAME-26SEP12LINWMOSU-LINW,Lindenwood,no,4080.63,NO,HIT
2026-09-13T03:34:01+00:00,CFB,KXNCAAFGAME-26SEP12TNSTAAMU-AAMU,Alabama A&M,yes,1098.47,YES,HIT
2026-09-13T03:34:01+00:00,CFB,KXNCAAFGAME-26SEP12TNSTAAMU-AAMU,Alabama A&M,yes,1604.15,YES,HIT
2026-09-13T03:34:01+00:00,CFB,KXNCAAFGAME-26SEP12TNSTAAMU-AAMU,Alabama A&M,yes,1641.26,YES,HIT
2026-09-13T03:34:01+00:00,CFB,KXNCAAFGAME-26SEP12TNSTAAMU-AAMU,Alabama A&M,yes,1098.47,YES,HIT
2026-09-13T03:34:01+00:00,CFB,KXNCAAFGAME-26SEP12TNSTAAMU-AAMU,Alabama A&M,yes,1604.15,YES,HIT
2026-09-13T03:34:01+00:00,CFB,KXNCAAFGAME-26SEP12TNSTAAMU-AAMU,Alabama A&M,yes,1641.26,YES,HIT
2026-09-13T03:34:01+00:00,CFB,KXNCAAFGAME-26SEP12CHSOCIT-CIT,The Citadel,yes,3028.29,NO,MISS
2026-09-13T03:34:01+00:00,CFB,KXNCAAFGAME-26SEP12CHSOCIT-CIT,The Citadel,yes,1823.71,NO,MISS
2026-09-13T03:34:01+00:00,CFB,KXNCAAFGAME-26SEP12CHSOCIT-CIT,The Citadel,yes,1654.75,NO,MISS
2026-09-13T03:34:01+00:00,CFB,KXNCAAFGAME-26SEP12CHSOCIT-CIT,The Citadel,no,1729.19,NO,HIT
2026-09-13T03:34:01+00:00,CFB,KXNCAAFGAME-26SEP12CHSOCIT-CIT,The Citadel,no,1472.71,NO,HIT
2026-09-13T03:34:01+00:00,CFB,KXNCAAFGAME-26SEP12CHSOCIT-CIT,The Citadel,yes,3028.29,NO,MISS
2026-09-13T03:34:01+00:00,CFB,KXNCAAFGAME-26SEP12CHSOCIT-CIT,The Citadel,yes,1823.71,NO,MISS
2026-09-13T03:34:01+00:00,CFB,KXNCAAFGAME-26SEP12CHSOCIT-CIT,The Citadel,yes,1654.75,NO,MISS
2026-09-13T03:34:01+00:00,CFB,KXNCAAFGAME-26SEP12CHSOCIT-CIT,The Citadel,yes,5470.65,NO,MISS
2026-09-13T03:34:01+00:00,CFB,KXNCAAFGAME-26SEP12CHSOCIT-CIT,The Citadel,no,1729.19,NO,HIT
2026-09-13T03:34:01+00:00,CFB,KXNCAAFGAME-26SEP12CHSOCIT-CIT,The Citadel,no,1472.71,NO,HIT
2026-09-13T03:34:01+00:00,CFB,KXNCAAFGAME-26SEP12CHSOCIT-CIT,The Citadel,no,18039.58,NO,HIT
2026-09-13T03:34:01+00:00,CFB,KXNCAAFGAME-26SEP12CHSOCIT-CHSO,Charleston Southern,yes,6425.6,YES,HIT
2026-09-13T03:34:01+00:00,CFB,KXNCAAFGAME-26SEP12CHSOCIT-CHSO,Charleston Southern,yes,1338.06,YES,HIT
2026-09-13T03:34:01+00:00,CFB,KXNCAAFGAME-26SEP12CHSOCIT-CHSO,Charleston Southern,no,1766.12,YES,MISS
2026-09-13T03:34:01+00:00,CFB,KXNCAAFGAME-26SEP12CHSOCIT-CHSO,Charleston Southern,yes,6425.6,YES,HIT
2026-09-13T03:34:01+00:00,CFB,KXNCAAFGAME-26SEP12CHSOCIT-CHSO,Charleston Southern,yes,19913.74,YES,HIT
2026-09-13T03:34:01+00:00,CFB,KXNCAAFGAME-26SEP12CHSOCIT-CHSO,Charleston Southern,no,1766.12,YES,MISS
2026-09-13T03:34:01+00:00,CFB,KXNCAAFGAME-26SEP12CHSOCIT-CHSO,Charleston Southern,no,2086.35,YES,MISS
2026-09-13T03:34:01+00:00,CFB,KXNCAAFGAME-26SEP12BRYHAMP-HAMP,Hampton,no,1110.5,NO,HIT
2026-09-13T03:34:01+00:00,CFB,KXNCAAFGAME-26SEP12BRYHAMP-HAMP,Hampton,no,1110.5,NO,HIT
2026-09-13T03:34:01+00:00,CFB,KXNCAAFGAME-26SEP12BRYHAMP-BRY,Bryant,yes,2392.94,YES,HIT
2026-09-13T03:34:01+00:00,CFB,KXNCAAFGAME-26SEP12BRYHAMP-BRY,Bryant,yes,5298.81,YES,HIT
2026-09-13T03:34:01+00:00,CFB,KXNCAAFGAME-26SEP12BRYHAMP-BRY,Bryant,yes,2392.94,YES,HIT
2026-09-13T03:34:01+00:00,CFB,KXNCAAFGAME-26SEP12BRYHAMP-BRY,Bryant,yes,5298.81,YES,HIT
2026-09-13T03:34:01+00:00,CFB,KXNCAAFGAME-26SEP12STNHUNH-UNH,New Hampshire,yes,9103.92,YES,HIT
2026-09-13T03:34:01+00:00,CFB,KXNCAAFGAME-26SEP12STNHUNH-UNH,New Hampshire,yes,2550.16,YES,HIT
2026-09-13T03:34:01+00:00,CFB,KXNCAAFGAME-26SEP12STNHUNH-UNH,New Hampshire,yes,4226.18,YES,HIT
2026-09-13T03:34:01+00:00,CFB,KXNCAAFGAME-26SEP12STNHUNH-UNH,New Hampshire,yes,7351.63,YES,HIT
2026-09-13T03:34:01+00:00,CFB,KXNCAAFGAME-26SEP12STNHUNH-UNH,New Hampshire,yes,9103.92,YES,HIT
2026-09-13T03:34:01+00:00,CFB,KXNCAAFGAME-26SEP12STNHUNH-UNH,New Hampshire,yes,2550.16,YES,HIT
2026-09-13T03:34:01+00:00,CFB,KXNCAAFGAME-26SEP12STNHUNH-UNH,New Hampshire,yes,4226.18,YES,HIT
2026-09-13T03:34:01+00:00,CFB,KXNCAAFGAME-26SEP12STNHUNH-UNH,New Hampshire,yes,7351.63,YES,HIT
2026-09-13T03:34:01+00:00,CFB,KXNCAAFGAME-26SEP12STNHUNH-STNH,Stonehill,no,5424.49,NO,HIT
2026-09-13T03:34:01+00:00,CFB,KXNCAAFGAME-26SEP12STNHUNH-STNH,Stonehill,no,5424.49,NO,HIT
2026-09-13T03:34:01+00:00,CFB,KXNCAAFGAME-26SEP12CHATEKY-CHAT,Chattanooga,yes,1334.19,NO,MISS
2026-09-13T03:34:01+00:00,CFB,KXNCAAFGAME-26SEP12CHATEKY-CHAT,Chattanooga,yes,1334.19,NO,MISS
2026-09-13T03:34:01+00:00,CFB,KXNCAAFGAME-26SEP12CHATEKY-CHAT,Chattanooga,yes,1542.12,NO,MISS
2026-09-13T03:34:01+00:00,CFB,KXNCAAFGAME-26SEP12IWNAU-NAU,Northern Arizona,yes,1740.01,YES,HIT
2026-09-13T03:34:01+00:00,CFB,KXNCAAFGAME-26SEP12IWNAU-NAU,Northern Arizona,yes,11241.26,YES,HIT
2026-09-13T03:34:01+00:00,CFB,KXNCAAFGAME-26SEP12IWNAU-IW,Incarnate Word,no,6527.73,NO,HIT
2026-09-13T03:34:01+00:00,CFB,KXNCAAFGAME-26SEP12IWNAU-IW,Incarnate Word,no,1559.29,NO,HIT
2026-09-13T05:34:05+00:00,CFB,KXNCAAFGAME-26SEP12GRAMTCU-GRAM,Grambling St.,no,3750.85,NO,HIT
2026-09-13T05:34:05+00:00,CFB,KXNCAAFGAME-26SEP12PVBAY-PV,Prairie View A&M,no,3903.4,NO,HIT
2026-09-13T05:34:05+00:00,CFB,KXNCAAFGAME-26SEP12PVBAY-PV,Prairie View A&M,yes,2308.86,NO,MISS
2026-09-13T05:34:05+00:00,CFB,KXNCAAFGAME-26SEP12PVBAY-PV,Prairie View A&M,yes,2308.86,NO,MISS
2026-09-13T05:34:05+00:00,CFB,KXNCAAFGAME-26SEP12VALPMURR-MURR,Murray St.,yes,1716.29,YES,HIT
2026-09-13T05:34:05+00:00,CFB,KXNCAAFGAME-26SEP12VALPMURR-MURR,Murray St.,yes,5052.0,YES,HIT
2026-09-13T05:34:05+00:00,CFB,KXNCAAFGAME-26SEP12VALPMURR-MURR,Murray St.,yes,8453.97,YES,HIT
2026-09-13T05:34:05+00:00,CFB,KXNCAAFGAME-26SEP12NHCSDST-SDST,South Dakota St.,yes,12125.3,YES,HIT
2026-09-13T05:34:05+00:00,CFB,KXNCAAFGAME-26SEP12NHCSDST-SDST,South Dakota St.,yes,3374.63,YES,HIT
2026-09-13T05:34:05+00:00,CFB,KXNCAAFGAME-26SEP12NHCSDST-SDST,South Dakota St.,yes,6090.69,YES,HIT
2026-09-13T05:34:05+00:00,CFB,KXNCAAFGAME-26SEP12NHCSDST-SDST,South Dakota St.,yes,6090.69,YES,HIT
2026-09-13T05:34:05+00:00,CFB,KXNCAAFGAME-26SEP12NHCSDST-NHC,New Haven,no,15227.11,NO,HIT
2026-09-13T05:34:05+00:00,CFB,KXNCAAFGAME-26SEP12NHCSDST-NHC,New Haven,yes,1425.3,NO,MISS
2026-09-13T05:34:05+00:00,CFB,KXNCAAFGAME-26SEP12NHCSDST-NHC,New Haven,no,3569.33,NO,HIT
2026-09-13T05:34:05+00:00,CFB,KXNCAAFGAME-26SEP12NHCSDST-NHC,New Haven,no,1980.11,NO,HIT
2026-09-13T05:34:05+00:00,CFB,KXNCAAFGAME-26SEP12NHCSDST-NHC,New Haven,no,3849.68,NO,HIT
2026-09-13T05:34:05+00:00,CFB,KXNCAAFGAME-26SEP12NHCSDST-NHC,New Haven,no,2378.0,NO,HIT
2026-09-13T05:34:05+00:00,CFB,KXNCAAFGAME-26SEP12NHCSDST-NHC,New Haven,no,2205.15,NO,HIT
2026-09-13T05:34:05+00:00,CFB,KXNCAAFGAME-26SEP12NHCSDST-NHC,New Haven,no,1991.74,NO,HIT
2026-09-13T05:34:05+00:00,CFB,KXNCAAFGAME-26SEP12NHCSDST-NHC,New Haven,no,1560.26,NO,HIT
2026-09-13T05:34:05+00:00,CFB,KXNCAAFGAME-26SEP12NHCSDST-NHC,New Haven,no,2378.0,NO,HIT
2026-09-13T05:34:05+00:00,CFB,KXNCAAFGAME-26SEP12NHCSDST-NHC,New Haven,no,2205.15,NO,HIT
2026-09-13T05:34:05+00:00,CFB,KXNCAAFGAME-26SEP12NHCSDST-NHC,New Haven,no,1991.74,NO,HIT
2026-09-13T05:34:05+00:00,CFB,KXNCAAFGAME-26SEP12NHCSDST-NHC,New Haven,no,1560.26,NO,HIT
2026-09-13T05:34:05+00:00,MLB,KXMLBGAME-26SEP122140SEAATH-ATH,A's,no,1556.51,NO,HIT
2026-09-13T05:34:05+00:00,MLB,KXMLBGAME-26SEP122140SEAATH-ATH,A's,yes,5442.06,NO,MISS
2026-09-13T05:34:05+00:00,MLB,KXMLBGAME-26SEP122140SEAATH-ATH,A's,yes,3919.64,NO,MISS
2026-09-13T05:34:05+00:00,MLB,KXMLBGAME-26SEP122140SEAATH-ATH,A's,no,3100.0,NO,HIT
2026-09-13T05:34:05+00:00,MLB,KXMLBGAME-26SEP122140SEAATH-ATH,A's,no,3100.0,NO,HIT
2026-09-13T05:34:05+00:00,MLB,KXMLBGAME-26SEP122140SEAATH-ATH,A's,no,2415.0,NO,HIT
2026-09-13T05:34:05+00:00,MLB,KXMLBGAME-26SEP122140SEAATH-ATH,A's,yes,14907.15,NO,MISS
2026-09-13T05:34:05+00:00,MLB,KXMLBGAME-26SEP122140SEAATH-ATH,A's,yes,9925.34,NO,MISS
2026-09-13T05:34:05+00:00,MLB,KXMLBGAME-26SEP122140SEAATH-ATH,A's,yes,1588.66,NO,MISS
2026-09-13T05:34:05+00:00,MLB,KXMLBGAME-26SEP122140SEAATH-ATH,A's,yes,12285.93,NO,MISS
2026-09-13T05:34:05+00:00,MLB,KXMLBGAME-26SEP122140SEAATH-ATH,A's,yes,1588.66,NO,MISS
2026-09-13T05:34:05+00:00,MLB,KXMLBGAME-26SEP122140SEAATH-ATH,A's,yes,19870.28,NO,MISS
2026-09-13T05:34:05+00:00,MLB,KXMLBGAME-26SEP122140SEAATH-ATH,A's,no,3868.59,NO,HIT
2026-09-13T05:34:05+00:00,MLB,KXMLBGAME-26SEP122140SEAATH-ATH,A's,no,7582.77,NO,HIT
2026-09-13T05:34:05+00:00,MLB,KXMLBGAME-26SEP122140SEAATH-ATH,A's,no,3700.89,NO,HIT
2026-09-13T05:34:05+00:00,MLB,KXMLBGAME-26SEP122140SEAATH-ATH,A's,no,4745.82,NO,HIT
2026-09-13T05:34:05+00:00,MLB,KXMLBGAME-26SEP122140SEAATH-ATH,A's,no,19963.01,NO,HIT
2026-09-13T05:34:05+00:00,MLB,KXMLBGAME-26SEP122140SEAATH-ATH,A's,no,3430.5,NO,HIT
2026-09-13T05:34:05+00:00,MLB,KXMLBGAME-26SEP122140SEAATH-ATH,A's,no,118642.23,NO,HIT
2026-09-13T05:34:05+00:00,CFB,KXNCAAFGAME-26SEP12INSTEIU-INST,Indiana St.,yes,1162.56,YES,HIT
2026-09-13T05:34:05+00:00,CFB,KXNCAAFGAME-26SEP12INSTEIU-INST,Indiana St.,yes,10933.28,YES,HIT
2026-09-13T05:34:05+00:00,CFB,KXNCAAFGAME-26SEP12INSTEIU-INST,Indiana St.,yes,1506.75,YES,HIT
2026-09-13T05:34:05+00:00,CFB,KXNCAAFGAME-26SEP12INSTEIU-INST,Indiana St.,yes,10933.28,YES,HIT
2026-09-13T05:34:05+00:00,CFB,KXNCAAFGAME-26SEP12INSTEIU-INST,Indiana St.,yes,1506.75,YES,HIT
2026-09-13T05:34:05+00:00,CFB,KXNCAAFGAME-26SEP12INSTEIU-INST,Indiana St.,yes,3845.97,YES,HIT
2026-09-13T05:34:05+00:00,CFB,KXNCAAFGAME-26SEP12INSTEIU-INST,Indiana St.,yes,2553.27,YES,HIT
2026-09-13T05:34:05+00:00,CFB,KXNCAAFGAME-26SEP12INSTEIU-INST,Indiana St.,yes,1416.07,YES,HIT
2026-09-13T05:34:05+00:00,CFB,KXNCAAFGAME-26SEP12INSTEIU-INST,Indiana St.,yes,1288.77,YES,HIT
2026-09-13T05:34:05+00:00,CFB,KXNCAAFGAME-26SEP12INSTEIU-INST,Indiana St.,yes,1957.43,YES,HIT
2026-09-13T05:34:05+00:00,CFB,KXNCAAFGAME-26SEP12INSTEIU-INST,Indiana St.,yes,2107.96,YES,HIT
2026-09-13T05:34:05+00:00,CFB,KXNCAAFGAME-26SEP12INSTEIU-INST,Indiana St.,yes,3845.97,YES,HIT
2026-09-13T05:34:05+00:00,CFB,KXNCAAFGAME-26SEP12INSTEIU-INST,Indiana St.,yes,2553.27,YES,HIT
2026-09-13T05:34:05+00:00,CFB,KXNCAAFGAME-26SEP12INSTEIU-INST,Indiana St.,yes,1416.07,YES,HIT
2026-09-13T05:34:05+00:00,CFB,KXNCAAFGAME-26SEP12INSTEIU-INST,Indiana St.,yes,1288.77,YES,HIT
2026-09-13T05:34:05+00:00,CFB,KXNCAAFGAME-26SEP12INSTEIU-INST,Indiana St.,yes,1957.43,YES,HIT
2026-09-13T05:34:05+00:00,CFB,KXNCAAFGAME-26SEP12INSTEIU-INST,Indiana St.,yes,2107.96,YES,HIT
2026-09-13T05:34:05+00:00,CFB,KXNCAAFGAME-26SEP12INSTEIU-INST,Indiana St.,yes,4032.34,YES,HIT
2026-09-13T05:34:05+00:00,CFB,KXNCAAFGAME-26SEP12INSTEIU-INST,Indiana St.,yes,2885.97,YES,HIT
2026-09-13T05:34:05+00:00,CFB,KXNCAAFGAME-26SEP12GASOCLEM-CLEM,Clemson,yes,1966.23,YES,HIT
2026-09-13T05:34:05+00:00,CFB,KXNCAAFGAME-26SEP12GASOCLEM-CLEM,Clemson,yes,1210.55,YES,HIT
2026-09-13T05:34:05+00:00,CFB,KXNCAAFGAME-26SEP12GASOCLEM-CLEM,Clemson,yes,1527.92,YES,HIT
2026-09-13T05:34:05+00:00,CFB,KXNCAAFGAME-26SEP12GASOCLEM-CLEM,Clemson,yes,1527.92,YES,HIT
2026-09-13T05:34:05+00:00,CFB,KXNCAAFGAME-26SEP12GASOCLEM-CLEM,Clemson,yes,10019.1,YES,HIT
2026-09-13T05:34:05+00:00,CFB,KXNCAAFGAME-26SEP12GASOCLEM-CLEM,Clemson,yes,1164.4,YES,HIT
2026-09-13T05:34:05+00:00,CFB,KXNCAAFGAME-26SEP12GASOCLEM-CLEM,Clemson,yes,6511.48,YES,HIT
2026-09-13T05:34:05+00:00,CFB,KXNCAAFGAME-26SEP12GASOCLEM-CLEM,Clemson,yes,7228.08,YES,HIT
2026-09-13T05:34:05+00:00,CFB,KXNCAAFGAME-26SEP12GASOCLEM-CLEM,Clemson,yes,1164.4,YES,HIT
2026-09-13T05:34:05+00:00,CFB,KXNCAAFGAME-26SEP12GASOCLEM-CLEM,Clemson,yes,6511.48,YES,HIT
2026-09-13T05:34:05+00:00,CFB,KXNCAAFGAME-26SEP12GASOCLEM-CLEM,Clemson,yes,7228.08,YES,HIT
2026-09-13T05:34:05+00:00,CFB,KXNCAAFGAME-26SEP12GASOCLEM-CLEM,Clemson,yes,12140.56,YES,HIT
2026-09-13T05:34:05+00:00,CFB,KXNCAAFGAME-26SEP12CPSJSU-SJSU,San Jose St.,yes,1287.78,YES,HIT
2026-09-13T05:34:05+00:00,CFB,KXNCAAFGAME-26SEP12CPSJSU-SJSU,San Jose St.,yes,1303.61,YES,HIT
2026-09-13T05:34:05+00:00,CFB,KXNCAAFGAME-26SEP12CPSJSU-SJSU,San Jose St.,yes,1303.61,YES,HIT
2026-09-13T05:34:05+00:00,CFB,KXNCAAFGAME-26SEP12CPSJSU-SJSU,San Jose St.,yes,8384.89,YES,HIT
2026-09-13T05:34:05+00:00,CFB,KXNCAAFGAME-26SEP12CPSJSU-SJSU,San Jose St.,yes,8384.89,YES,HIT
2026-09-13T05:34:05+00:00,CFB,KXNCAAFGAME-26SEP12CPSJSU-SJSU,San Jose St.,yes,2021.69,YES,HIT
2026-09-13T05:34:05+00:00,CFB,KXNCAAFGAME-26SEP12CPSJSU-SJSU,San Jose St.,no,4047.62,YES,MISS
2026-09-13T05:34:05+00:00,CFB,KXNCAAFGAME-26SEP12CPSJSU-SJSU,San Jose St.,yes,3129.59,YES,HIT
2026-09-13T05:34:05+00:00,CFB,KXNCAAFGAME-26SEP12CPSJSU-SJSU,San Jose St.,yes,3697.74,YES,HIT
2026-09-13T05:34:05+00:00,CFB,KXNCAAFGAME-26SEP12CPSJSU-SJSU,San Jose St.,yes,1163.23,YES,HIT
2026-09-13T05:34:05+00:00,CFB,KXNCAAFGAME-26SEP12CPSJSU-SJSU,San Jose St.,yes,2341.69,YES,HIT
2026-09-13T05:34:05+00:00,CFB,KXNCAAFGAME-26SEP12CPSJSU-SJSU,San Jose St.,yes,79978.12,YES,HIT
2026-09-13T05:34:05+00:00,CFB,KXNCAAFGAME-26SEP12CPSJSU-CP,Cal Poly,no,1137.64,NO,HIT
2026-09-13T05:34:05+00:00,CFB,KXNCAAFGAME-26SEP12CPSJSU-CP,Cal Poly,yes,1123.77,NO,MISS
2026-09-13T05:34:05+00:00,CFB,KXNCAAFGAME-26SEP12CPSJSU-CP,Cal Poly,yes,6944.26,NO,MISS
2026-09-13T05:34:05+00:00,CFB,KXNCAAFGAME-26SEP12CPSJSU-CP,Cal Poly,yes,2009.65,NO,MISS
2026-09-13T05:34:05+00:00,CFB,KXNCAAFGAME-26SEP12CPSJSU-CP,Cal Poly,no,2735.19,NO,HIT
2026-09-13T05:34:05+00:00,CFB,KXNCAAFGAME-26SEP12CPSJSU-CP,Cal Poly,no,1205.78,NO,HIT
2026-09-13T05:34:05+00:00,CFB,KXNCAAFGAME-26SEP12CPSJSU-CP,Cal Poly,yes,1123.77,NO,MISS
2026-09-13T05:34:05+00:00,CFB,KXNCAAFGAME-26SEP12CPSJSU-CP,Cal Poly,yes,6944.26,NO,MISS
2026-09-13T05:34:05+00:00,CFB,KXNCAAFGAME-26SEP12CPSJSU-CP,Cal Poly,yes,3333.77,NO,MISS
2026-09-13T05:34:05+00:00,CFB,KXNCAAFGAME-26SEP12CPSJSU-CP,Cal Poly,no,2735.19,NO,HIT
2026-09-13T05:34:05+00:00,CFB,KXNCAAFGAME-26SEP12CPSJSU-CP,Cal Poly,no,1205.78,NO,HIT
2026-09-13T05:34:05+00:00,CFB,KXNCAAFGAME-26SEP12CPSJSU-CP,Cal Poly,yes,72329.89,NO,MISS
2026-09-13T05:34:05+00:00,CFB,KXNCAAFGAME-26SEP12CPSJSU-CP,Cal Poly,no,2915.99,NO,HIT
2026-09-13T05:34:05+00:00,CFB,KXNCAAFGAME-26SEP12CPSJSU-CP,Cal Poly,no,11385.16,NO,HIT
2026-09-13T05:34:05+00:00,CFB,KXNCAAFGAME-26SEP12CPSJSU-CP,Cal Poly,no,4589.85,NO,HIT
2026-09-13T05:34:05+00:00,CFB,KXNCAAFGAME-26SEP12CPSJSU-CP,Cal Poly,no,6119.04,NO,HIT
2026-09-13T05:34:05+00:00,CFB,KXNCAAFGAME-26SEP12CPSJSU-CP,Cal Poly,no,2518.04,NO,HIT
2026-09-13T05:34:05+00:00,CFB,KXNCAAFGAME-26SEP12CPSJSU-CP,Cal Poly,no,1114.12,NO,HIT
2026-09-13T05:34:05+00:00,CFB,KXNCAAFGAME-26SEP12CPSJSU-CP,Cal Poly,no,7302.13,NO,HIT
2026-09-13T05:34:05+00:00,CFB,KXNCAAFGAME-26SEP12CPSJSU-CP,Cal Poly,no,2328.87,NO,HIT
2026-09-13T05:34:05+00:00,CFB,KXNCAAFGAME-26SEP12CPSJSU-CP,Cal Poly,no,28897.07,NO,HIT
2026-09-13T05:34:05+00:00,CFB,KXNCAAFGAME-26SEP12GASOCLEM-GASO,Georgia Southern,yes,1561.64,NO,MISS
2026-09-13T05:34:05+00:00,CFB,KXNCAAFGAME-26SEP12GASOCLEM-GASO,Georgia Southern,yes,1682.1,NO,MISS
2026-09-13T05:34:05+00:00,CFB,KXNCAAFGAME-26SEP12GASOCLEM-GASO,Georgia Southern,yes,7127.8,NO,MISS
2026-09-13T05:34:05+00:00,CFB,KXNCAAFGAME-26SEP12GASOCLEM-GASO,Georgia Southern,no,1102.1,NO,HIT
2026-09-13T05:34:05+00:00,CFB,KXNCAAFGAME-26SEP12GASOCLEM-GASO,Georgia Southern,no,2748.58,NO,HIT
2026-09-13T05:34:05+00:00,CFB,KXNCAAFGAME-26SEP12GASOCLEM-GASO,Georgia Southern,no,1603.17,NO,HIT
2026-09-13T05:34:05+00:00,CFB,KXNCAAFGAME-26SEP12GASOCLEM-GASO,Georgia Southern,no,11544.34,NO,HIT
2026-09-13T05:34:05+00:00,CFB,KXNCAAFGAME-26SEP12GASOCLEM-GASO,Georgia Southern,no,26870.59,NO,HIT
2026-09-13T05:34:05+00:00,CFB,KXNCAAFGAME-26SEP12GASOCLEM-GASO,Georgia Southern,no,15793.17,NO,HIT
2026-09-13T05:34:05+00:00,CFB,KXNCAAFGAME-26SEP12INSTEIU-EIU,Eastern Illinois,no,2926.46,NO,HIT
2026-09-13T05:34:05+00:00,CFB,KXNCAAFGAME-26SEP12INSTEIU-EIU,Eastern Illinois,no,2926.46,NO,HIT
2026-09-13T05:34:05+00:00,CFB,KXNCAAFGAME-26SEP12INSTEIU-EIU,Eastern Illinois,no,4151.3,NO,HIT
2026-09-13T05:34:05+00:00,CFB,KXNCAAFGAME-26SEP12INSTEIU-EIU,Eastern Illinois,no,2504.72,NO,HIT
2026-09-13T05:34:05+00:00,CFB,KXNCAAFGAME-26SEP12SEMOSIU-SIU,Southern Illinois,yes,1364.25,YES,HIT
2026-09-13T05:34:05+00:00,CFB,KXNCAAFGAME-26SEP12SEMOSIU-SIU,Southern Illinois,yes,1364.25,YES,HIT
2026-09-13T05:34:05+00:00,CFB,KXNCAAFGAME-26SEP12SEMOSIU-SIU,Southern Illinois,yes,1005.62,YES,HIT
2026-09-13T05:34:05+00:00,CFB,KXNCAAFGAME-26SEP12SEMOSIU-SIU,Southern Illinois,yes,1005.62,YES,HIT
2026-09-13T05:34:05+00:00,CFB,KXNCAAFGAME-26SEP12SEMOSIU-SIU,Southern Illinois,yes,1337.18,YES,HIT
2026-09-13T05:34:05+00:00,CFB,KXNCAAFGAME-26SEP12SEMOSIU-SIU,Southern Illinois,yes,7729.76,YES,HIT
2026-09-13T05:34:05+00:00,CFB,KXNCAAFGAME-26SEP12SEMOSIU-SIU,Southern Illinois,yes,4459.03,YES,HIT
2026-09-13T05:34:05+00:00,CFB,KXNCAAFGAME-26SEP12SEMOSIU-SIU,Southern Illinois,yes,5899.69,YES,HIT
2026-09-13T05:34:05+00:00,CFB,KXNCAAFGAME-26SEP12USMAUB-USM,Southern Miss,yes,3740.78,NO,MISS
2026-09-13T05:34:05+00:00,CFB,KXNCAAFGAME-26SEP12USMAUB-USM,Southern Miss,yes,3922.05,NO,MISS
2026-09-13T05:34:05+00:00,CFB,KXNCAAFGAME-26SEP12USMAUB-USM,Southern Miss,no,10281.18,NO,HIT
2026-09-13T05:34:05+00:00,CFB,KXNCAAFGAME-26SEP12USMAUB-USM,Southern Miss,no,1408.22,NO,HIT
2026-09-13T05:34:05+00:00,CFB,KXNCAAFGAME-26SEP12USMAUB-USM,Southern Miss,yes,8473.09,NO,MISS
2026-09-13T05:34:05+00:00,CFB,KXNCAAFGAME-26SEP12USMAUB-USM,Southern Miss,no,12264.41,NO,HIT
2026-09-13T05:34:05+00:00,CFB,KXNCAAFGAME-26SEP12USMAUB-USM,Southern Miss,no,13379.68,NO,HIT
2026-09-13T05:34:05+00:00,CFB,KXNCAAFGAME-26SEP12USMAUB-USM,Southern Miss,no,2111.02,NO,HIT
2026-09-13T05:34:05+00:00,CFB,KXNCAAFGAME-26SEP12USMAUB-USM,Southern Miss,no,1992.13,NO,HIT
2026-09-13T05:34:05+00:00,CFB,KXNCAAFGAME-26SEP12USMAUB-USM,Southern Miss,no,6105.01,NO,HIT
2026-09-13T05:34:05+00:00,CFB,KXNCAAFGAME-26SEP12USMAUB-USM,Southern Miss,yes,8589.94,NO,MISS
2026-09-13T05:34:05+00:00,CFB,KXNCAAFGAME-26SEP12USMAUB-USM,Southern Miss,no,12264.41,NO,HIT
2026-09-13T05:34:05+00:00,CFB,KXNCAAFGAME-26SEP12USMAUB-USM,Southern Miss,no,13379.68,NO,HIT
2026-09-13T05:34:05+00:00,CFB,KXNCAAFGAME-26SEP12USMAUB-USM,Southern Miss,no,2111.02,NO,HIT
2026-09-13T05:34:05+00:00,CFB,KXNCAAFGAME-26SEP12USMAUB-USM,Southern Miss,no,1992.13,NO,HIT
2026-09-13T05:34:05+00:00,CFB,KXNCAAFGAME-26SEP12USMAUB-USM,Southern Miss,no,8593.65,NO,HIT
2026-09-13T05:34:05+00:00,CFB,KXNCAAFGAME-26SEP12USMAUB-USM,Southern Miss,no,2588.28,NO,HIT
2026-09-13T05:34:05+00:00,CFB,KXNCAAFGAME-26SEP12USMAUB-AUB,Auburn,yes,3804.67,YES,HIT
2026-09-13T05:34:05+00:00,CFB,KXNCAAFGAME-26SEP12USMAUB-AUB,Auburn,yes,6102.96,YES,HIT
2026-09-13T05:34:05+00:00,CFB,KXNCAAFGAME-26SEP12USMAUB-AUB,Auburn,yes,1226.17,YES,HIT
2026-09-13T05:34:05+00:00,CFB,KXNCAAFGAME-26SEP12USMAUB-AUB,Auburn,yes,1989.46,YES,HIT
2026-09-13T05:34:05+00:00,CFB,KXNCAAFGAME-26SEP12USMAUB-AUB,Auburn,yes,18316.47,YES,HIT
2026-09-13T05:34:05+00:00,CFB,KXNCAAFGAME-26SEP12USMAUB-AUB,Auburn,yes,36858.74,YES,HIT
2026-09-13T05:34:05+00:00,CFB,KXNCAAFGAME-26SEP12USMAUB-AUB,Auburn,yes,32054.68,YES,HIT
2026-09-13T05:34:05+00:00,CFB,KXNCAAFGAME-26SEP12USMAUB-AUB,Auburn,yes,6102.96,YES,HIT
2026-09-13T05:34:05+00:00,CFB,KXNCAAFGAME-26SEP12USMAUB-AUB,Auburn,yes,1226.17,YES,HIT
2026-09-13T05:34:05+00:00,CFB,KXNCAAFGAME-26SEP12USMAUB-AUB,Auburn,yes,1989.46,YES,HIT
2026-09-13T05:34:05+00:00,CFB,KXNCAAFGAME-26SEP12USMAUB-AUB,Auburn,yes,18316.47,YES,HIT
2026-09-13T05:34:05+00:00,CFB,KXNCAAFGAME-26SEP12USMAUB-AUB,Auburn,yes,36858.74,YES,HIT
2026-09-13T05:34:05+00:00,CFB,KXNCAAFGAME-26SEP12USMAUB-AUB,Auburn,yes,51964.47,YES,HIT
2026-09-13T05:34:05+00:00,CFB,KXNCAAFGAME-26SEP12SAMTNTC-TNTC,Tennessee Tech,yes,3962.5,YES,HIT
2026-09-13T05:34:05+00:00,CFB,KXNCAAFGAME-26SEP12SAMTNTC-TNTC,Tennessee Tech,yes,6786.28,YES,HIT
2026-09-13T05:34:05+00:00,CFB,KXNCAAFGAME-26SEP12SAMTNTC-TNTC,Tennessee Tech,yes,6786.28,YES,HIT
2026-09-13T05:34:05+00:00,CFB,KXNCAAFGAME-26SEP12UNASELA-UNA,North Alabama,yes,1088.65,NO,MISS
2026-09-13T05:34:05+00:00,CFB,KXNCAAFGAME-26SEP12UNASELA-UNA,North Alabama,no,1428.39,NO,HIT
2026-09-13T05:34:05+00:00,CFB,KXNCAAFGAME-26SEP12UNASELA-UNA,North Alabama,no,1809.03,NO,HIT
2026-09-13T05:34:05+00:00,CFB,KXNCAAFGAME-26SEP12UNASELA-UNA,North Alabama,no,4095.44,NO,HIT
2026-09-13T05:34:05+00:00,MLB,KXMLBGAME-26SEP122140SEAATH-SEA,Seattle,yes,1387.87,YES,HIT
2026-09-13T05:34:05+00:00,MLB,KXMLBGAME-26SEP122140SEAATH-SEA,Seattle,yes,24406.74,YES,HIT
2026-09-13T05:34:05+00:00,MLB,KXMLBGAME-26SEP122140SEAATH-SEA,Seattle,no,7436.57,YES,MISS
2026-09-13T05:34:05+00:00,MLB,KXMLBGAME-26SEP122140SEAATH-SEA,Seattle,yes,2708.26,YES,HIT
2026-09-13T05:34:05+00:00,MLB,KXMLBGAME-26SEP122140SEAATH-SEA,Seattle,yes,48225.16,YES,HIT
2026-09-13T05:34:05+00:00,MLB,KXMLBGAME-26SEP122140SEAATH-SEA,Seattle,yes,2708.26,YES,HIT
2026-09-13T05:34:05+00:00,MLB,KXMLBGAME-26SEP122140SEAATH-SEA,Seattle,yes,64938.66,YES,HIT
2026-09-13T05:34:05+00:00,MLB,KXMLBGAME-26SEP122140SEAATH-SEA,Seattle,no,3551.9,YES,MISS
2026-09-13T05:34:05+00:00,MLB,KXMLBGAME-26SEP122140SEAATH-SEA,Seattle,no,5295.52,YES,MISS
2026-09-13T05:34:05+00:00,MLB,KXMLBGAME-26SEP122140SEAATH-SEA,Seattle,no,2782.54,YES,MISS
2026-09-13T05:34:05+00:00,MLB,KXMLBGAME-26SEP122140SEAATH-SEA,Seattle,no,1997.75,YES,MISS
2026-09-13T05:34:05+00:00,CFB,KXNCAAFGAME-26SEP12TXSOUTEP-UTEP,UTEP,yes,11924.0,YES,HIT
2026-09-13T05:34:05+00:00,CFB,KXNCAAFGAME-26SEP12TXSOUTEP-UTEP,UTEP,yes,2080.99,YES,HIT
2026-09-13T05:34:05+00:00,CFB,KXNCAAFGAME-26SEP12TXSOUTEP-UTEP,UTEP,yes,25254.37,YES,HIT
2026-09-13T05:34:05+00:00,CFB,KXNCAAFGAME-26SEP12TXSOUTEP-UTEP,UTEP,yes,10116.79,YES,HIT
2026-09-13T05:34:05+00:00,CFB,KXNCAAFGAME-26SEP12TXSOUTEP-UTEP,UTEP,yes,11924.0,YES,HIT
2026-09-13T05:34:05+00:00,CFB,KXNCAAFGAME-26SEP12TXSOUTEP-UTEP,UTEP,yes,2080.99,YES,HIT
2026-09-13T05:34:05+00:00,CFB,KXNCAAFGAME-26SEP12TXSOUTEP-UTEP,UTEP,yes,25254.37,YES,HIT
2026-09-13T05:34:05+00:00,CFB,KXNCAAFGAME-26SEP12TXSOUTEP-UTEP,UTEP,yes,27194.31,YES,HIT
2026-09-13T05:34:05+00:00,CFB,KXNCAAFGAME-26SEP12TXSOUTEP-UTEP,UTEP,yes,31663.86,YES,HIT
2026-09-13T05:34:05+00:00,CFB,KXNCAAFGAME-26SEP12TXSOUTEP-UTEP,UTEP,yes,30523.53,YES,HIT
2026-09-13T05:34:05+00:00,CFB,KXNCAAFGAME-26SEP12TXSOUTEP-UTEP,UTEP,yes,3745.2,YES,HIT
2026-09-13T05:34:05+00:00,CFB,KXNCAAFGAME-26SEP12TXSOUTEP-UTEP,UTEP,yes,3035.57,YES,HIT
2026-09-13T05:34:05+00:00,CFB,KXNCAAFGAME-26SEP12TXSOUTEP-UTEP,UTEP,yes,26728.11,YES,HIT
2026-09-13T05:34:05+00:00,CFB,KXNCAAFGAME-26SEP12TXSOUTEP-UTEP,UTEP,yes,10963.38,YES,HIT
2026-09-13T05:34:05+00:00,CFB,KXNCAAFGAME-26SEP12TXSOUTEP-UTEP,UTEP,yes,61051.64,YES,HIT
2026-09-13T05:34:05+00:00,CFB,KXNCAAFGAME-26SEP12TXSOUTEP-TXSO,Texas Southern,no,4585.97,NO,HIT
2026-09-13T05:34:05+00:00,CFB,KXNCAAFGAME-26SEP12TXSOUTEP-TXSO,Texas Southern,yes,2042.82,NO,MISS
2026-09-13T05:34:05+00:00,CFB,KXNCAAFGAME-26SEP12TXSOUTEP-TXSO,Texas Southern,no,4585.97,NO,HIT
2026-09-13T05:34:05+00:00,CFB,KXNCAAFGAME-26SEP12TXSOUTEP-TXSO,Texas Southern,no,2882.35,NO,HIT
2026-09-13T05:34:05+00:00,CFB,KXNCAAFGAME-26SEP12TXSOUTEP-TXSO,Texas Southern,no,7510.83,NO,HIT
2026-09-13T05:34:05+00:00,CFB,KXNCAAFGAME-26SEP12TXSOUTEP-TXSO,Texas Southern,no,10710.36,NO,HIT
2026-09-13T05:34:05+00:00,CFB,KXNCAAFGAME-26SEP12TXSOUTEP-TXSO,Texas Southern,no,1006.03,NO,HIT
2026-09-13T05:34:05+00:00,CFB,KXNCAAFGAME-26SEP12TXSOUTEP-TXSO,Texas Southern,no,1500.48,NO,HIT
2026-09-13T05:34:05+00:00,CFB,KXNCAAFGAME-26SEP12TXSOUTEP-TXSO,Texas Southern,no,3234.84,NO,HIT
2026-09-13T05:34:05+00:00,CFB,KXNCAAFGAME-26SEP12TXSOUTEP-TXSO,Texas Southern,no,3381.67,NO,HIT
2026-09-13T05:34:05+00:00,CFB,KXNCAAFGAME-26SEP12TXSOUTEP-TXSO,Texas Southern,no,16728.0,NO,HIT
2026-09-13T05:34:05+00:00,CFB,KXNCAAFGAME-26SEP12SAMTNTC-SAM,Samford,no,4211.52,NO,HIT
2026-09-13T05:34:05+00:00,CFB,KXNCAAFGAME-26SEP12SAMTNTC-SAM,Samford,no,4211.52,NO,HIT
2026-09-13T05:34:05+00:00,CFB,KXNCAAFGAME-26SEP12SFAAC-SFA,Stephen F. Austin,yes,2180.21,YES,HIT
2026-09-13T05:34:05+00:00,CFB,KXNCAAFGAME-26SEP12SFAAC-SFA,Stephen F. Austin,yes,1205.4,YES,HIT
2026-09-13T05:34:05+00:00,CFB,KXNCAAFGAME-26SEP12SFAAC-SFA,Stephen F. Austin,yes,8582.64,YES,HIT
2026-09-13T05:34:05+00:00,CFB,KXNCAAFGAME-26SEP12SFAAC-AC,Abilene Christian,no,5552.85,NO,HIT
2026-09-13T05:34:05+00:00,CFB,KXNCAAFGAME-26SEP12VALPMURR-VALP,Valparaiso,no,7038.02,NO,HIT
2026-09-13T05:34:05+00:00,CFB,KXNCAAFGAME-26SEP12VALPMURR-VALP,Valparaiso,no,1982.97,NO,HIT
2026-09-13T05:34:05+00:00,CFB,KXNCAAFGAME-26SEP12UNASELA-SELA,Southeastern Louisiana,yes,1622.09,YES,HIT
2026-09-13T05:34:05+00:00,CFB,KXNCAAFGAME-26SEP12UNASELA-SELA,Southeastern Louisiana,yes,2572.53,YES,HIT
2026-09-13T05:34:05+00:00,CFB,KXNCAAFGAME-26SEP12UNASELA-SELA,Southeastern Louisiana,yes,8165.17,YES,HIT
2026-09-13T05:34:05+00:00,CFB,KXNCAAFGAME-26SEP12ARPBALCN-ARPB,Arkansas-Pine Bluff,yes,16199.08,NO,MISS
2026-09-13T05:34:05+00:00,CFB,KXNCAAFGAME-26SEP12ARPBALCN-ARPB,Arkansas-Pine Bluff,yes,80466.19,NO,MISS
2026-09-13T05:34:05+00:00,CFB,KXNCAAFGAME-26SEP12ARPBALCN-ARPB,Arkansas-Pine Bluff,no,65942.48,NO,HIT
2026-09-13T05:34:05+00:00,CFB,KXNCAAFGAME-26SEP12ARPBALCN-ALCN,Alcorn St.,yes,130096.02,YES,HIT
2026-09-13T05:34:05+00:00,CFB,KXNCAAFGAME-26SEP12ARPBALCN-ALCN,Alcorn St.,no,1981.54,YES,MISS
2026-09-13T05:34:05+00:00,CFB,KXNCAAFGAME-26SEP12ARPBALCN-ALCN,Alcorn St.,no,1488.66,YES,MISS
2026-09-13T05:34:05+00:00,CFB,KXNCAAFGAME-26SEP12ARPBALCN-ALCN,Alcorn St.,no,46251.67,YES,MISS
2026-09-13T05:34:05+00:00,CFB,KXNCAAFGAME-26SEP12TARLMCNS-TARL,Tarleton St.,yes,1850.39,YES,HIT
2026-09-13T05:34:05+00:00,CFB,KXNCAAFGAME-26SEP12TARLMCNS-TARL,Tarleton St.,yes,4518.51,YES,HIT
2026-09-13T05:34:05+00:00,CFB,KXNCAAFGAME-26SEP12TARLMCNS-TARL,Tarleton St.,yes,33703.05,YES,HIT
2026-09-13T05:34:05+00:00,CFB,KXNCAAFGAME-26SEP12TARLMCNS-TARL,Tarleton St.,no,1397.9,YES,MISS
2026-09-13T05:34:05+00:00,CFB,KXNCAAFGAME-26SEP12TARLMCNS-MCNS,McNeese,no,2491.86,NO,HIT
2026-09-13T05:34:05+00:00,CFB,KXNCAAFGAME-26SEP12TARLMCNS-MCNS,McNeese,no,1041.62,NO,HIT
2026-09-13T05:34:05+00:00,CFB,KXNCAAFGAME-26SEP12TARLMCNS-MCNS,McNeese,no,25877.1,NO,HIT
2026-09-13T05:34:05+00:00,CFB,KXNCAAFGAME-26SEP12TARLMCNS-MCNS,McNeese,yes,20497.8,NO,MISS
2026-09-13T05:34:05+00:00,CFB,KXNCAAFGAME-26SEP12SEMOSIU-SEMO,Southeast Missouri St.,yes,2621.13,NO,MISS
2026-09-13T05:34:05+00:00,CFB,KXNCAAFGAME-26SEP12SEMOSIU-SEMO,Southeast Missouri St.,no,1077.75,NO,HIT
2026-09-13T05:34:05+00:00,CFB,KXNCAAFGAME-26SEP12SEMOSIU-SEMO,Southeast Missouri St.,no,1814.73,NO,HIT
2026-09-13T05:34:05+00:00,CFB,KXNCAAFGAME-26SEP12SEMOSIU-SEMO,Southeast Missouri St.,no,5359.69,NO,HIT
2026-09-13T06:43:14+00:00,CFB,KXNCAAFGAME-26SEP12ULLUSC-USC,USC,yes,14986.12,YES,HIT
2026-09-13T06:43:14+00:00,CFB,KXNCAAFGAME-26SEP12ULLUSC-USC,USC,yes,1497.9,YES,HIT
2026-09-13T06:43:14+00:00,CFB,KXNCAAFGAME-26SEP12ULLUSC-USC,USC,yes,1497.9,YES,HIT
2026-09-13T06:43:14+00:00,CFB,KXNCAAFGAME-26SEP12ULLUSC-USC,USC,yes,11598.28,YES,HIT
2026-09-13T06:43:14+00:00,CFB,KXNCAAFGAME-26SEP12ULLUSC-USC,USC,yes,2003.29,YES,HIT
2026-09-13T06:43:14+00:00,CFB,KXNCAAFGAME-26SEP12ULLUSC-USC,USC,yes,1023.56,YES,HIT
2026-09-13T06:43:14+00:00,CFB,KXNCAAFGAME-26SEP12ULLUSC-USC,USC,yes,1023.56,YES,HIT
2026-09-13T06:43:14+00:00,CFB,KXNCAAFGAME-26SEP12ULLUSC-USC,USC,yes,1110.55,YES,HIT
2026-09-13T06:43:14+00:00,CFB,KXNCAAFGAME-26SEP12ULLUSC-USC,USC,yes,2123.0,YES,HIT
2026-09-13T06:43:14+00:00,CFB,KXNCAAFGAME-26SEP12ULLUSC-USC,USC,yes,1126.66,YES,HIT
2026-09-13T06:43:14+00:00,CFB,KXNCAAFGAME-26SEP12ULLUSC-USC,USC,yes,2383.22,YES,HIT
2026-09-13T06:43:14+00:00,CFB,KXNCAAFGAME-26SEP12ULLUSC-USC,USC,yes,1276.29,YES,HIT
2026-09-13T06:43:14+00:00,CFB,KXNCAAFGAME-26SEP12ULLUSC-USC,USC,yes,2017.16,YES,HIT
2026-09-13T06:43:14+00:00,CFB,KXNCAAFGAME-26SEP12ULLUSC-USC,USC,yes,130401.76,YES,HIT
2026-09-13T06:43:14+00:00,CFB,KXNCAAFGAME-26SEP12ARKUTAH-UTAH,Utah,yes,19765.08,YES,HIT
2026-09-13T06:43:14+00:00,CFB,KXNCAAFGAME-26SEP12ARKUTAH-UTAH,Utah,no,4733.28,YES,MISS
2026-09-13T06:43:14+00:00,CFB,KXNCAAFGAME-26SEP12ARKUTAH-UTAH,Utah,yes,2145.86,YES,HIT
2026-09-13T06:43:14+00:00,CFB,KXNCAAFGAME-26SEP12ARKUTAH-UTAH,Utah,yes,2492.94,YES,HIT
2026-09-13T06:43:14+00:00,CFB,KXNCAAFGAME-26SEP12ARKUTAH-UTAH,Utah,yes,1631.66,YES,HIT
2026-09-13T06:43:14+00:00,CFB,KXNCAAFGAME-26SEP12ARKUTAH-UTAH,Utah,yes,48830.99,YES,HIT
2026-09-13T06:43:14+00:00,CFB,KXNCAAFGAME-26SEP12ARKUTAH-UTAH,Utah,yes,3489.9,YES,HIT
2026-09-13T06:43:14+00:00,CFB,KXNCAAFGAME-26SEP12ARKUTAH-UTAH,Utah,yes,2962.68,YES,HIT
2026-09-13T06:43:14+00:00,CFB,KXNCAAFGAME-26SEP12ARKUTAH-UTAH,Utah,yes,1374.72,YES,HIT
2026-09-13T06:43:14+00:00,CFB,KXNCAAFGAME-26SEP12ARKUTAH-UTAH,Utah,yes,48830.99,YES,HIT
2026-09-13T06:43:14+00:00,CFB,KXNCAAFGAME-26SEP12ARKUTAH-UTAH,Utah,yes,3489.9,YES,HIT
2026-09-13T06:43:14+00:00,CFB,KXNCAAFGAME-26SEP12ARKUTAH-UTAH,Utah,yes,2962.68,YES,HIT
2026-09-13T06:43:14+00:00,CFB,KXNCAAFGAME-26SEP12ARKUTAH-UTAH,Utah,yes,9338.57,YES,HIT
2026-09-13T06:43:14+00:00,CFB,KXNCAAFGAME-26SEP12ARKUTAH-UTAH,Utah,yes,13255.18,YES,HIT
2026-09-13T06:43:14+00:00,CFB,KXNCAAFGAME-26SEP12ARKUTAH-UTAH,Utah,yes,16727.0,YES,HIT
2026-09-13T06:43:14+00:00,CFB,KXNCAAFGAME-26SEP12ARKUTAH-UTAH,Utah,yes,378151.19,YES,HIT
2026-09-13T06:43:14+00:00,CFB,KXNCAAFGAME-26SEP12ARKUTAH-UTAH,Utah,no,5610.88,YES,MISS
2026-09-13T06:43:14+00:00,CFB,KXNCAAFGAME-26SEP12NDSUAFA-NDSU,North Dakota St.,yes,1220.35,YES,HIT
2026-09-13T06:43:14+00:00,CFB,KXNCAAFGAME-26SEP12NDSUAFA-NDSU,North Dakota St.,yes,2025.17,YES,HIT
2026-09-13T06:43:14+00:00,CFB,KXNCAAFGAME-26SEP12NDSUAFA-NDSU,North Dakota St.,yes,2025.17,YES,HIT
2026-09-13T06:43:14+00:00,CFB,KXNCAAFGAME-26SEP12NDSUAFA-NDSU,North Dakota St.,yes,1028.16,YES,HIT
2026-09-13T06:43:14+00:00,CFB,KXNCAAFGAME-26SEP12NDSUAFA-NDSU,North Dakota St.,yes,1854.52,YES,HIT
2026-09-13T06:43:14+00:00,CFB,KXNCAAFGAME-26SEP12NDSUAFA-NDSU,North Dakota St.,yes,1235.5,YES,HIT
2026-09-13T06:43:14+00:00,CFB,KXNCAAFGAME-26SEP12NDSUAFA-NDSU,North Dakota St.,yes,1928.86,YES,HIT
2026-09-13T06:43:14+00:00,CFB,KXNCAAFGAME-26SEP12NDSUAFA-NDSU,North Dakota St.,yes,28405.57,YES,HIT
2026-09-13T06:43:14+00:00,CFB,KXNCAAFGAME-26SEP12NDSUAFA-NDSU,North Dakota St.,yes,1928.86,YES,HIT
2026-09-13T06:43:14+00:00,CFB,KXNCAAFGAME-26SEP12NDSUAFA-NDSU,North Dakota St.,yes,33948.21,YES,HIT
2026-09-13T06:43:14+00:00,CFB,KXNCAAFGAME-26SEP12NDSUAFA-NDSU,North Dakota St.,no,1410.06,YES,MISS
2026-09-13T06:43:14+00:00,CFB,KXNCAAFGAME-26SEP12NDSUAFA-NDSU,North Dakota St.,no,9786.92,YES,MISS
2026-09-13T06:43:14+00:00,CFB,KXNCAAFGAME-26SEP12NDSUAFA-NDSU,North Dakota St.,no,7136.13,YES,MISS
2026-09-13T06:43:14+00:00,CFB,KXNCAAFGAME-26SEP12NDSUAFA-NDSU,North Dakota St.,yes,10443.56,YES,HIT
2026-09-13T06:43:14+00:00,CFB,KXNCAAFGAME-26SEP12NDSUAFA-NDSU,North Dakota St.,no,3194.4,YES,MISS
2026-09-13T06:43:14+00:00,CFB,KXNCAAFGAME-26SEP12NDSUAFA-AFA,Air Force,yes,1012.87,NO,MISS
2026-09-13T06:43:14+00:00,CFB,KXNCAAFGAME-26SEP12NDSUAFA-AFA,Air Force,yes,1039.88,NO,MISS
2026-09-13T06:43:14+00:00,CFB,KXNCAAFGAME-26SEP12NDSUAFA-AFA,Air Force,yes,2656.63,NO,MISS
2026-09-13T06:43:14+00:00,CFB,KXNCAAFGAME-26SEP12NDSUAFA-AFA,Air Force,yes,69271.9,NO,MISS
2026-09-13T06:43:14+00:00,CFB,KXNCAAFGAME-26SEP12NDSUAFA-AFA,Air Force,no,4458.52,NO,HIT
2026-09-13T06:43:14+00:00,CFB,KXNCAAFGAME-26SEP12NDSUAFA-AFA,Air Force,no,2305.75,NO,HIT
2026-09-13T06:43:14+00:00,CFB,KXNCAAFGAME-26SEP12NDSUAFA-AFA,Air Force,no,10294.13,NO,HIT
2026-09-13T06:43:14+00:00,CFB,KXNCAAFGAME-26SEP12NDSUAFA-AFA,Air Force,no,8558.45,NO,HIT
2026-09-13T06:43:14+00:00,CFB,KXNCAAFGAME-26SEP12NDSUAFA-AFA,Air Force,no,4663.71,NO,HIT
2026-09-13T06:43:14+00:00,CFB,KXNCAAFGAME-26SEP12NDSUAFA-AFA,Air Force,no,46471.08,NO,HIT
2026-09-13T06:43:14+00:00,CFB,KXNCAAFGAME-26SEP12NDSUAFA-AFA,Air Force,yes,2093.71,NO,MISS
2026-09-13T06:43:14+00:00,CFB,KXNCAAFGAME-26SEP12NDSUAFA-AFA,Air Force,no,80266.06,NO,HIT
2026-09-13T06:43:14+00:00,CFB,KXNCAAFGAME-26SEP12NDSUAFA-AFA,Air Force,no,70601.66,NO,HIT
2026-09-13T06:43:14+00:00,CFB,KXNCAAFGAME-26SEP12NDSUAFA-AFA,Air Force,no,1790.32,NO,HIT
2026-09-13T06:43:14+00:00,CFB,KXNCAAFGAME-26SEP12NDSUAFA-AFA,Air Force,no,48559.27,NO,HIT
2026-09-13T06:43:14+00:00,CFB,KXNCAAFGAME-26SEP12NDSUAFA-AFA,Air Force,no,4344.03,NO,HIT
2026-09-13T06:43:14+00:00,CFB,KXNCAAFGAME-26SEP12NDSUAFA-AFA,Air Force,no,2076.05,NO,HIT
2026-09-13T06:43:14+00:00,CFB,KXNCAAFGAME-26SEP12NDSUAFA-AFA,Air Force,no,13994.51,NO,HIT
2026-09-13T06:43:14+00:00,CFB,KXNCAAFGAME-26SEP12MTSTNEV-NEV,Nevada,no,2909.26,NO,HIT
2026-09-13T06:43:14+00:00,CFB,KXNCAAFGAME-26SEP12MTSTNEV-NEV,Nevada,no,2687.64,NO,HIT
2026-09-13T06:43:14+00:00,CFB,KXNCAAFGAME-26SEP12MTSTNEV-NEV,Nevada,no,3190.23,NO,HIT
2026-09-13T06:43:14+00:00,CFB,KXNCAAFGAME-26SEP12MTSTNEV-NEV,Nevada,yes,2497.13,NO,MISS
2026-09-13T06:43:14+00:00,CFB,KXNCAAFGAME-26SEP12MTSTNEV-NEV,Nevada,yes,2663.38,NO,MISS
2026-09-13T06:43:14+00:00,CFB,KXNCAAFGAME-26SEP12MTSTNEV-NEV,Nevada,yes,9952.14,NO,MISS
2026-09-13T06:43:14+00:00,CFB,KXNCAAFGAME-26SEP12MTSTNEV-NEV,Nevada,yes,44213.67,NO,MISS
2026-09-13T06:43:14+00:00,CFB,KXNCAAFGAME-26SEP12MTSTNEV-NEV,Nevada,no,8537.72,NO,HIT
2026-09-13T06:43:14+00:00,CFB,KXNCAAFGAME-26SEP12MTSTNEV-NEV,Nevada,no,1023.0,NO,HIT
2026-09-13T06:43:14+00:00,CFB,KXNCAAFGAME-26SEP12MTSTNEV-NEV,Nevada,no,2655.67,NO,HIT
2026-09-13T06:43:14+00:00,CFB,KXNCAAFGAME-26SEP12MTSTNEV-NEV,Nevada,no,18851.76,NO,HIT
2026-09-13T06:43:14+00:00,CFB,KXNCAAFGAME-26SEP12MTSTNEV-NEV,Nevada,no,1472.47,NO,HIT
2026-09-13T06:43:14+00:00,CFB,KXNCAAFGAME-26SEP12MTSTNEV-NEV,Nevada,no,42954.27,NO,HIT
2026-09-13T06:43:14+00:00,CFB,KXNCAAFGAME-26SEP12MTSTNEV-NEV,Nevada,no,17565.71,NO,HIT
2026-09-13T06:43:14+00:00,CFB,KXNCAAFGAME-26SEP12MTSTNEV-NEV,Nevada,no,11828.17,NO,HIT
2026-09-13T06:43:14+00:00,CFB,KXNCAAFGAME-26SEP12MTSTNEV-NEV,Nevada,no,3339.83,NO,HIT
2026-09-13T06:43:14+00:00,CFB,KXNCAAFGAME-26SEP12MTSTNEV-NEV,Nevada,no,1574.99,NO,HIT
2026-09-13T06:43:14+00:00,CFB,KXNCAAFGAME-26SEP12MTSTNEV-NEV,Nevada,no,19655.19,NO,HIT
2026-09-13T06:43:14+00:00,CFB,KXNCAAFGAME-26SEP12MTSTNEV-NEV,Nevada,no,4841.02,NO,HIT
2026-09-13T06:43:14+00:00,CFB,KXNCAAFGAME-26SEP12MTSTNEV-NEV,Nevada,no,4275.2,NO,HIT
2026-09-13T06:43:14+00:00,CFB,KXNCAAFGAME-26SEP12MTSTNEV-NEV,Nevada,no,5749.63,NO,HIT
2026-09-13T06:43:14+00:00,CFB,KXNCAAFGAME-26SEP12MTSTNEV-NEV,Nevada,no,78747.6,NO,HIT
2026-09-13T06:43:14+00:00,CFB,KXNCAAFGAME-26SEP12MTSTNEV-NEV,Nevada,no,3122.28,NO,HIT
2026-09-13T06:43:14+00:00,CFB,KXNCAAFGAME-26SEP12MTSTNEV-MTST,Montana St.,yes,5493.06,YES,HIT
2026-09-13T06:43:14+00:00,CFB,KXNCAAFGAME-26SEP12MTSTNEV-MTST,Montana St.,yes,21361.26,YES,HIT
2026-09-13T06:43:14+00:00,CFB,KXNCAAFGAME-26SEP12MTSTNEV-MTST,Montana St.,yes,1243.78,YES,HIT
2026-09-13T06:43:14+00:00,CFB,KXNCAAFGAME-26SEP12MTSTNEV-MTST,Montana St.,yes,5913.19,YES,HIT
2026-09-13T06:43:14+00:00,CFB,KXNCAAFGAME-26SEP12MTSTNEV-MTST,Montana St.,yes,12196.19,YES,HIT
2026-09-13T06:43:14+00:00,CFB,KXNCAAFGAME-26SEP12MTSTNEV-MTST,Montana St.,yes,78825.34,YES,HIT
2026-09-13T06:43:14+00:00,CFB,KXNCAAFGAME-26SEP12MTSTNEV-MTST,Montana St.,yes,16203.36,YES,HIT
2026-09-13T06:43:14+00:00,CFB,KXNCAAFGAME-26SEP12MTSTNEV-MTST,Montana St.,yes,1971.68,YES,HIT
2026-09-13T06:43:14+00:00,CFB,KXNCAAFGAME-26SEP12MTSTNEV-MTST,Montana St.,yes,2040.66,YES,HIT
2026-09-13T06:43:14+00:00,CFB,KXNCAAFGAME-26SEP12MTSTNEV-MTST,Montana St.,yes,2342.6,YES,HIT
2026-09-13T06:43:14+00:00,CFB,KXNCAAFGAME-26SEP12MTSTNEV-MTST,Montana St.,yes,1056.85,YES,HIT
2026-09-13T06:43:14+00:00,CFB,KXNCAAFGAME-26SEP12MTSTNEV-MTST,Montana St.,yes,4656.35,YES,HIT
2026-09-13T06:43:14+00:00,CFB,KXNCAAFGAME-26SEP12MTSTNEV-MTST,Montana St.,yes,78825.34,YES,HIT
2026-09-13T06:43:14+00:00,CFB,KXNCAAFGAME-26SEP12MTSTNEV-MTST,Montana St.,yes,16203.36,YES,HIT
2026-09-13T06:43:14+00:00,CFB,KXNCAAFGAME-26SEP12MTSTNEV-MTST,Montana St.,yes,1971.68,YES,HIT
2026-09-13T06:43:14+00:00,CFB,KXNCAAFGAME-26SEP12MTSTNEV-MTST,Montana St.,yes,2040.66,YES,HIT
2026-09-13T06:43:14+00:00,CFB,KXNCAAFGAME-26SEP12MTSTNEV-MTST,Montana St.,yes,2342.6,YES,HIT
2026-09-13T06:43:14+00:00,CFB,KXNCAAFGAME-26SEP12MTSTNEV-MTST,Montana St.,yes,1056.85,YES,HIT
2026-09-13T06:43:14+00:00,CFB,KXNCAAFGAME-26SEP12MTSTNEV-MTST,Montana St.,yes,4656.35,YES,HIT
2026-09-13T06:43:14+00:00,CFB,KXNCAAFGAME-26SEP12MTSTNEV-MTST,Montana St.,yes,2135.85,YES,HIT
2026-09-13T06:43:14+00:00,CFB,KXNCAAFGAME-26SEP12MTSTNEV-MTST,Montana St.,yes,2543.83,YES,HIT
2026-09-13T06:43:14+00:00,CFB,KXNCAAFGAME-26SEP12MTSTNEV-MTST,Montana St.,yes,37910.86,YES,HIT
2026-09-13T06:43:14+00:00,CFB,KXNCAAFGAME-26SEP12MTSTNEV-MTST,Montana St.,yes,1382.74,YES,HIT
2026-09-13T06:43:14+00:00,CFB,KXNCAAFGAME-26SEP12MTSTNEV-MTST,Montana St.,yes,2098.57,YES,HIT
2026-09-13T06:43:14+00:00,CFB,KXNCAAFGAME-26SEP12MTSTNEV-MTST,Montana St.,yes,1527.51,YES,HIT
2026-09-13T06:43:14+00:00,CFB,KXNCAAFGAME-26SEP12MTSTNEV-MTST,Montana St.,yes,4393.04,YES,HIT
2026-09-13T06:43:14+00:00,CFB,KXNCAAFGAME-26SEP12MTSTNEV-MTST,Montana St.,yes,8352.92,YES,HIT
2026-09-13T06:43:14+00:00,CFB,KXNCAAFGAME-26SEP12MTSTNEV-MTST,Montana St.,yes,2543.83,YES,HIT
2026-09-13T06:43:14+00:00,CFB,KXNCAAFGAME-26SEP12MTSTNEV-MTST,Montana St.,yes,37910.86,YES,HIT
2026-09-13T06:43:14+00:00,CFB,KXNCAAFGAME-26SEP12MTSTNEV-MTST,Montana St.,yes,1382.74,YES,HIT
2026-09-13T06:43:14+00:00,CFB,KXNCAAFGAME-26SEP12MTSTNEV-MTST,Montana St.,yes,2098.57,YES,HIT
2026-09-13T06:43:14+00:00,CFB,KXNCAAFGAME-26SEP12MTSTNEV-MTST,Montana St.,yes,1527.51,YES,HIT
2026-09-13T06:43:14+00:00,CFB,KXNCAAFGAME-26SEP12MTSTNEV-MTST,Montana St.,yes,4393.04,YES,HIT
2026-09-13T06:43:14+00:00,CFB,KXNCAAFGAME-26SEP12MTSTNEV-MTST,Montana St.,yes,8352.92,YES,HIT
2026-09-13T06:43:14+00:00,CFB,KXNCAAFGAME-26SEP12MTSTNEV-MTST,Montana St.,yes,1088.29,YES,HIT
2026-09-13T06:43:14+00:00,CFB,KXNCAAFGAME-26SEP12MTSTNEV-MTST,Montana St.,yes,4334.83,YES,HIT
2026-09-13T06:43:14+00:00,CFB,KXNCAAFGAME-26SEP12MTSTNEV-MTST,Montana St.,yes,1328.94,YES,HIT
2026-09-13T06:43:14+00:00,CFB,KXNCAAFGAME-26SEP12MTSTNEV-MTST,Montana St.,yes,2007.79,YES,HIT
2026-09-13T06:43:14+00:00,CFB,KXNCAAFGAME-26SEP12MTSTNEV-MTST,Montana St.,yes,1664.34,YES,HIT
2026-09-13T06:43:14+00:00,CFB,KXNCAAFGAME-26SEP12MTSTNEV-MTST,Montana St.,yes,1707.17,YES,HIT
2026-09-13T06:43:14+00:00,CFB,KXNCAAFGAME-26SEP12MTSTNEV-MTST,Montana St.,yes,1048.31,YES,HIT
2026-09-13T06:43:14+00:00,CFB,KXNCAAFGAME-26SEP12MTSTNEV-MTST,Montana St.,yes,20240.75,YES,HIT
2026-09-13T06:43:14+00:00,CFB,KXNCAAFGAME-26SEP12MTSTNEV-MTST,Montana St.,yes,4573.35,YES,HIT
2026-09-13T06:43:14+00:00,CFB,KXNCAAFGAME-26SEP12MTSTNEV-MTST,Montana St.,yes,2960.46,YES,HIT
2026-09-13T06:43:14+00:00,CFB,KXNCAAFGAME-26SEP12MTSTNEV-MTST,Montana St.,yes,2881.47,YES,HIT
2026-09-13T06:43:14+00:00,CFB,KXNCAAFGAME-26SEP12MTSTNEV-MTST,Montana St.,yes,1501.95,YES,HIT
2026-09-13T06:43:14+00:00,CFB,KXNCAAFGAME-26SEP12MTSTNEV-MTST,Montana St.,yes,1950.51,YES,HIT
2026-09-13T06:43:14+00:00,CFB,KXNCAAFGAME-26SEP12MTSTNEV-MTST,Montana St.,yes,15198.03,YES,HIT
2026-09-13T06:43:14+00:00,CFB,KXNCAAFGAME-26SEP12MTSTNEV-MTST,Montana St.,yes,27109.49,YES,HIT
2026-09-13T06:43:14+00:00,CFB,KXNCAAFGAME-26SEP12MTSTNEV-MTST,Montana St.,no,11300.37,YES,MISS
2026-09-13T06:43:14+00:00,CFB,KXNCAAFGAME-26SEP12MTSTNEV-MTST,Montana St.,yes,1501.95,YES,HIT
2026-09-13T06:43:14+00:00,CFB,KXNCAAFGAME-26SEP12MTSTNEV-MTST,Montana St.,yes,1950.51,YES,HIT
2026-09-13T06:43:14+00:00,CFB,KXNCAAFGAME-26SEP12MTSTNEV-MTST,Montana St.,yes,15198.03,YES,HIT
2026-09-13T06:43:14+00:00,CFB,KXNCAAFGAME-26SEP12MTSTNEV-MTST,Montana St.,yes,32555.02,YES,HIT
2026-09-13T06:43:14+00:00,CFB,KXNCAAFGAME-26SEP12MTSTNEV-MTST,Montana St.,no,11300.37,YES,MISS
2026-09-13T06:43:14+00:00,CFB,KXNCAAFGAME-26SEP12MTSTNEV-MTST,Montana St.,yes,3608.74,YES,HIT
2026-09-13T06:43:14+00:00,CFB,KXNCAAFGAME-26SEP12MTSTNEV-MTST,Montana St.,yes,199033.6,YES,HIT
2026-09-13T06:43:14+00:00,CFB,KXNCAAFGAME-26SEP12MTSTNEV-MTST,Montana St.,no,1954.76,YES,MISS
2026-09-13T06:43:14+00:00,CFB,KXNCAAFGAME-26SEP12MTSTNEV-MTST,Montana St.,no,6487.47,YES,MISS
2026-09-13T06:43:14+00:00,CFB,KXNCAAFGAME-26SEP12MTSTNEV-MTST,Montana St.,no,1050.03,YES,MISS
2026-09-13T06:43:14+00:00,CFB,KXNCAAFGAME-26SEP12MTSTNEV-MTST,Montana St.,no,2651.48,YES,MISS
2026-09-13T06:43:14+00:00,CFB,KXNCAAFGAME-26SEP12ARKUTAH-ARK,Arkansas,yes,1016.74,NO,MISS
2026-09-13T06:43:14+00:00,CFB,KXNCAAFGAME-26SEP12ARKUTAH-ARK,Arkansas,yes,1179.9,NO,MISS
2026-09-13T06:43:14+00:00,CFB,KXNCAAFGAME-26SEP12ARKUTAH-ARK,Arkansas,yes,3673.42,NO,MISS
2026-09-13T06:43:14+00:00,CFB,KXNCAAFGAME-26SEP12ARKUTAH-ARK,Arkansas,no,1166.04,NO,HIT
2026-09-13T06:43:14+00:00,CFB,KXNCAAFGAME-26SEP12ARKUTAH-ARK,Arkansas,no,4785.95,NO,HIT
2026-09-13T06:43:14+00:00,CFB,KXNCAAFGAME-26SEP12ARKUTAH-ARK,Arkansas,no,4019.03,NO,HIT
2026-09-13T06:43:14+00:00,CFB,KXNCAAFGAME-26SEP12ARKUTAH-ARK,Arkansas,no,8896.74,NO,HIT
2026-09-13T06:43:14+00:00,CFB,KXNCAAFGAME-26SEP12ARKUTAH-ARK,Arkansas,no,4559.31,NO,HIT
2026-09-13T06:43:14+00:00,CFB,KXNCAAFGAME-26SEP12ARKUTAH-ARK,Arkansas,no,17738.77,NO,HIT
2026-09-13T06:43:14+00:00,CFB,KXNCAAFGAME-26SEP12ARKUTAH-ARK,Arkansas,no,108920.08,NO,HIT
2026-09-13T06:43:14+00:00,CFB,KXNCAAFGAME-26SEP12ARKUTAH-ARK,Arkansas,yes,151736.16,NO,MISS
2026-09-13T06:43:14+00:00,CFB,KXNCAAFGAME-26SEP12ULLUSC-ULL,Louisiana,no,2940.0,NO,HIT
2026-09-13T06:43:14+00:00,CFB,KXNCAAFGAME-26SEP12ULLUSC-ULL,Louisiana,no,48610.28,NO,HIT
2026-09-13T06:43:14+00:00,CFB,KXNCAAFGAME-26SEP12ULLUSC-ULL,Louisiana,no,48610.28,NO,HIT
2026-09-13T06:43:14+00:00,CFB,KXNCAAFGAME-26SEP12ULLUSC-ULL,Louisiana,yes,13042.91,NO,MISS
2026-09-13T06:43:14+00:00,CFB,KXNCAAFGAME-26SEP12ULLUSC-ULL,Louisiana,no,24164.31,NO,HIT
2026-09-13T06:43:14+00:00,CFB,KXNCAAFGAME-26SEP12ULLUSC-ULL,Louisiana,no,11113.96,NO,HIT
2026-09-13T06:43:14+00:00,CFB,KXNCAAFGAME-26SEP12SACFRES-SAC,Sacramento St.,yes,1714.28,NO,MISS
2026-09-13T06:43:14+00:00,CFB,KXNCAAFGAME-26SEP12SACFRES-SAC,Sacramento St.,yes,1714.28,NO,MISS
2026-09-13T06:43:14+00:00,CFB,KXNCAAFGAME-26SEP12SACFRES-SAC,Sacramento St.,yes,1088.67,NO,MISS
2026-09-13T06:43:14+00:00,CFB,KXNCAAFGAME-26SEP12SACFRES-SAC,Sacramento St.,yes,4302.97,NO,MISS
2026-09-13T06:43:14+00:00,CFB,KXNCAAFGAME-26SEP12SACFRES-SAC,Sacramento St.,yes,6054.67,NO,MISS
2026-09-13T06:43:14+00:00,CFB,KXNCAAFGAME-26SEP12SACFRES-SAC,Sacramento St.,no,4737.11,NO,HIT
2026-09-13T06:43:14+00:00,CFB,KXNCAAFGAME-26SEP12SACFRES-SAC,Sacramento St.,no,2878.47,NO,HIT
2026-09-13T06:43:14+00:00,CFB,KXNCAAFGAME-26SEP12SACFRES-SAC,Sacramento St.,no,5610.75,NO,HIT
2026-09-13T06:43:14+00:00,CFB,KXNCAAFGAME-26SEP12SACFRES-SAC,Sacramento St.,no,4034.95,NO,HIT
2026-09-13T06:43:14+00:00,CFB,KXNCAAFGAME-26SEP12SACFRES-SAC,Sacramento St.,no,9038.36,NO,HIT
2026-09-13T06:43:14+00:00,CFB,KXNCAAFGAME-26SEP12SACFRES-SAC,Sacramento St.,no,6956.73,NO,HIT
2026-09-13T06:43:14+00:00,CFB,KXNCAAFGAME-26SEP12UNDPRST-UND,North Dakota,yes,4384.65,YES,HIT
2026-09-13T06:43:14+00:00,CFB,KXNCAAFGAME-26SEP12UNDPRST-UND,North Dakota,yes,2445.61,YES,HIT
2026-09-13T06:43:14+00:00,CFB,KXNCAAFGAME-26SEP12UNDPRST-UND,North Dakota,yes,1114.39,YES,HIT
2026-09-13T06:43:14+00:00,CFB,KXNCAAFGAME-26SEP12UNDPRST-UND,North Dakota,yes,1991.29,YES,HIT
2026-09-13T06:43:14+00:00,CFB,KXNCAAFGAME-26SEP12UNDPRST-UND,North Dakota,yes,1108.41,YES,HIT
2026-09-13T06:43:14+00:00,CFB,KXNCAAFGAME-26SEP12UNDPRST-UND,North Dakota,yes,5748.2,YES,HIT
2026-09-13T06:43:14+00:00,CFB,KXNCAAFGAME-26SEP12UNDPRST-UND,North Dakota,yes,2477.48,YES,HIT
2026-09-13T06:43:14+00:00,CFB,KXNCAAFGAME-26SEP12SACFRES-FRES,Fresno St.,yes,2676.44,YES,HIT
2026-09-13T06:43:14+00:00,CFB,KXNCAAFGAME-26SEP12SACFRES-FRES,Fresno St.,yes,1058.58,YES,HIT
2026-09-13T06:43:14+00:00,CFB,KXNCAAFGAME-26SEP12SACFRES-FRES,Fresno St.,yes,3486.0,YES,HIT
2026-09-13T06:43:14+00:00,CFB,KXNCAAFGAME-26SEP12SACFRES-FRES,Fresno St.,yes,1245.04,YES,HIT
2026-09-13T06:43:14+00:00,CFB,KXNCAAFGAME-26SEP12SACFRES-FRES,Fresno St.,yes,35339.3,YES,HIT
2026-09-13T06:43:14+00:00,CFB,KXNCAAFGAME-26SEP12SACFRES-FRES,Fresno St.,yes,3050.04,YES,HIT
2026-09-13T06:43:14+00:00,CFB,KXNCAAFGAME-26SEP12SACFRES-FRES,Fresno St.,yes,5622.24,YES,HIT
2026-09-13T06:43:14+00:00,CFB,KXNCAAFGAME-26SEP12SACFRES-FRES,Fresno St.,yes,2672.12,YES,HIT
2026-09-13T06:43:14+00:00,CFB,KXNCAAFGAME-26SEP12SACFRES-FRES,Fresno St.,yes,10451.91,YES,HIT
2026-09-13T06:43:14+00:00,CFB,KXNCAAFGAME-26SEP12UNDPRST-PRST,Portland St.,yes,3636.51,NO,MISS
2026-09-13T06:43:14+00:00,CFB,KXNCAAFGAME-26SEP12UNDPRST-PRST,Portland St.,no,2979.88,NO,HIT
2026-09-13T06:43:14+00:00,CFB,KXNCAAFGAME-26SEP12UNDPRST-PRST,Portland St.,no,2475.06,NO,HIT
2026-09-13T06:43:14+00:00,CFB,KXNCAAFGAME-26SEP12UNDPRST-PRST,Portland St.,no,2074.29,NO,HIT
2026-09-13T09:34:04+00:00,CFB,KXNCAAFGAME-26SEP13NMSUHAW-NMSU,New Mexico St.,yes,2856.05,NO,MISS
2026-09-13T09:34:04+00:00,CFB,KXNCAAFGAME-26SEP13NMSUHAW-NMSU,New Mexico St.,yes,2856.05,NO,MISS
2026-09-13T09:34:04+00:00,CFB,KXNCAAFGAME-26SEP13NMSUHAW-NMSU,New Mexico St.,yes,1408.64,NO,MISS
2026-09-13T09:34:04+00:00,CFB,KXNCAAFGAME-26SEP13NMSUHAW-NMSU,New Mexico St.,yes,1148.62,NO,MISS
2026-09-13T09:34:04+00:00,CFB,KXNCAAFGAME-26SEP13NMSUHAW-NMSU,New Mexico St.,yes,19306.59,NO,MISS
2026-09-13T09:34:04+00:00,CFB,KXNCAAFGAME-26SEP13NMSUHAW-NMSU,New Mexico St.,no,1507.43,NO,HIT
2026-09-13T09:34:04+00:00,CFB,KXNCAAFGAME-26SEP13NMSUHAW-NMSU,New Mexico St.,no,229684.34,NO,HIT
2026-09-13T09:34:04+00:00,CFB,KXNCAAFGAME-26SEP13NMSUHAW-NMSU,New Mexico St.,yes,292167.67,NO,MISS
2026-09-13T09:34:04+00:00,CFB,KXNCAAFGAME-26SEP13NMSUHAW-NMSU,New Mexico St.,no,199328.64,NO,HIT
2026-09-13T09:34:04+00:00,CFB,KXNCAAFGAME-26SEP13NMSUHAW-NMSU,New Mexico St.,yes,223760.95,NO,MISS
2026-09-13T09:34:04+00:00,CFB,KXNCAAFGAME-26SEP13NMSUHAW-NMSU,New Mexico St.,no,562781.1,NO,HIT
2026-09-13T09:34:04+00:00,CFB,KXNCAAFGAME-26SEP13NMSUHAW-HAW,Hawai'i,yes,18013.65,YES,HIT
2026-09-13T09:34:04+00:00,CFB,KXNCAAFGAME-26SEP13NMSUHAW-HAW,Hawai'i,no,2984.38,YES,MISS
2026-09-13T09:34:04+00:00,CFB,KXNCAAFGAME-26SEP13NMSUHAW-HAW,Hawai'i,no,8315.72,YES,MISS
2026-09-13T09:34:04+00:00,CFB,KXNCAAFGAME-26SEP13NMSUHAW-HAW,Hawai'i,yes,701003.5,YES,HIT
2026-09-13T09:34:04+00:00,CFB,KXNCAAFGAME-26SEP13NMSUHAW-HAW,Hawai'i,no,47062.11,YES,MISS
2026-09-13T09:34:04+00:00,CFB,KXNCAAFGAME-26SEP13NMSUHAW-HAW,Hawai'i,no,6130.77,YES,MISS
2026-09-13T09:34:04+00:00,CFB,KXNCAAFGAME-26SEP13NMSUHAW-HAW,Hawai'i,yes,804323.47,YES,HIT
2026-09-13T09:34:04+00:00,CFB,KXNCAAFGAME-26SEP13NMSUHAW-HAW,Hawai'i,no,32289.17,YES,MISS
2026-09-13T11:34:02+00:00,WEATHER,KXHIGHMIA-26SEP12-T93,Miami 94° or above,no,2725.45,NO,HIT
2026-09-13T11:34:02+00:00,WEATHER,KXHIGHMIA-26SEP12-T93,Miami 94° or above,no,363.75,NO,HIT
2026-09-13T11:34:02+00:00,WEATHER,KXHIGHMIA-26SEP12-T93,Miami 94° or above,no,261.87,NO,HIT
2026-09-13T11:34:02+00:00,WEATHER,KXHIGHMIA-26SEP12-T93,Miami 94° or above,no,615.48,NO,HIT
2026-09-13T11:34:02+00:00,WEATHER,KXHIGHMIA-26SEP12-T93,Miami 94° or above,no,281.16,NO,HIT
2026-09-13T11:34:02+00:00,WEATHER,KXHIGHMIA-26SEP12-T93,Miami 94° or above,no,313.72,NO,HIT
2026-09-13T11:34:02+00:00,WEATHER,KXHIGHMIA-26SEP12-T93,Miami 94° or above,no,771.16,NO,HIT
2026-09-13T11:34:02+00:00,WEATHER,KXHIGHMIA-26SEP12-T93,Miami 94° or above,no,313.72,NO,HIT
2026-09-13T11:34:02+00:00,WEATHER,KXHIGHMIA-26SEP12-T93,Miami 94° or above,no,771.16,NO,HIT
2026-09-13T11:34:02+00:00,WEATHER,KXHIGHNY-26SEP12-T82,New York City 83° or above,no,407.15,NO,HIT
2026-09-13T11:34:02+00:00,WEATHER,KXHIGHNY-26SEP12-T75,New York City 74° or below,no,1237.9,NO,HIT
2026-09-13T11:34:02+00:00,WEATHER,KXHIGHNY-26SEP12-T75,New York City 74° or below,no,296.11,NO,HIT
2026-09-13T11:34:02+00:00,WEATHER,KXHIGHNY-26SEP12-B81.5,New York City 81° to 82°,no,975.43,NO,HIT
2026-09-13T11:34:02+00:00,WEATHER,KXHIGHNY-26SEP12-B79.5,New York City 79° to 80°,no,568.94,NO,HIT
2026-09-13T11:34:02+00:00,WEATHER,KXHIGHNY-26SEP12-B79.5,New York City 79° to 80°,no,309.59,NO,HIT
2026-09-13T11:34:02+00:00,WEATHER,KXHIGHNY-26SEP12-B79.5,New York City 79° to 80°,no,776.23,NO,HIT
2026-09-13T11:34:02+00:00,WEATHER,KXHIGHNY-26SEP12-B79.5,New York City 79° to 80°,no,821.91,NO,HIT
2026-09-13T11:34:02+00:00,WEATHER,KXHIGHNY-26SEP12-B79.5,New York City 79° to 80°,no,445.42,NO,HIT
2026-09-13T11:34:02+00:00,WEATHER,KXHIGHNY-26SEP12-B79.5,New York City 79° to 80°,no,964.59,NO,HIT
2026-09-13T11:34:02+00:00,WEATHER,KXHIGHNY-26SEP12-B79.5,New York City 79° to 80°,no,445.42,NO,HIT
2026-09-13T11:34:02+00:00,WEATHER,KXHIGHNY-26SEP12-B79.5,New York City 79° to 80°,no,964.59,NO,HIT
2026-09-13T11:34:02+00:00,WEATHER,KXHIGHNY-26SEP12-B79.5,New York City 79° to 80°,no,270.7,NO,HIT
2026-09-13T11:34:02+00:00,WEATHER,KXHIGHNY-26SEP12-B79.5,New York City 79° to 80°,no,712.33,NO,HIT
2026-09-13T11:34:02+00:00,WEATHER,KXHIGHNY-26SEP12-B79.5,New York City 79° to 80°,no,448.35,NO,HIT
2026-09-13T11:34:02+00:00,WEATHER,KXHIGHNY-26SEP12-B79.5,New York City 79° to 80°,no,270.7,NO,HIT
2026-09-13T11:34:02+00:00,WEATHER,KXHIGHNY-26SEP12-B79.5,New York City 79° to 80°,no,712.33,NO,HIT
2026-09-13T11:34:02+00:00,WEATHER,KXHIGHNY-26SEP12-B79.5,New York City 79° to 80°,no,448.35,NO,HIT
2026-09-13T11:34:02+00:00,WEATHER,KXHIGHPHIL-26SEP12-T79,Philadelphia 78° or below,no,379.61,NO,HIT
2026-09-13T11:34:02+00:00,WEATHER,KXHIGHPHIL-26SEP12-B85.5,Philadelphia 85° to 86°,no,305.07,NO,HIT
2026-09-13T11:34:02+00:00,WEATHER,KXHIGHPHIL-26SEP12-B85.5,Philadelphia 85° to 86°,no,297.75,NO,HIT
2026-09-13T11:34:02+00:00,WEATHER,KXHIGHPHIL-26SEP12-B85.5,Philadelphia 85° to 86°,no,297.75,NO,HIT
2026-09-13T11:34:02+00:00,WEATHER,KXHIGHTATL-26SEP12-T89,Atlanta 90° or above,no,484.3,NO,HIT
2026-09-13T11:34:02+00:00,WEATHER,KXHIGHTBOS-26SEP12-T80,Boston 81° or above,no,304.96,NO,HIT
2026-09-13T11:34:02+00:00,WEATHER,KXHIGHTBOS-26SEP12-B75.5,Boston 75° to 76°,no,1700.0,NO,HIT
2026-09-13T11:34:02+00:00,WEATHER,KXHIGHTBOS-26SEP12-B75.5,Boston 75° to 76°,no,491.31,NO,HIT
2026-09-13T11:34:02+00:00,WEATHER,KXHIGHTBOS-26SEP12-B75.5,Boston 75° to 76°,no,295.15,NO,HIT
2026-09-13T11:34:02+00:00,WEATHER,KXHIGHTBOS-26SEP12-B75.5,Boston 75° to 76°,no,331.21,NO,HIT
2026-09-13T11:34:02+00:00,WEATHER,KXHIGHTATL-26SEP12-T82,Atlanta 81° or below,no,494.07,NO,HIT
2026-09-13T11:34:02+00:00,WEATHER,KXHIGHTATL-26SEP12-T82,Atlanta 81° or below,no,419.58,NO,HIT
2026-09-13T11:34:02+00:00,WEATHER,KXHIGHTATL-26SEP12-T82,Atlanta 81° or below,no,419.58,NO,HIT
2026-09-13T11:34:02+00:00,WEATHER,KXHIGHMIA-26SEP12-B90.5,Miami 90° to 91°,no,256.95,NO,HIT
2026-09-13T11:34:02+00:00,WEATHER,KXHIGHMIA-26SEP12-B90.5,Miami 90° to 91°,no,669.21,NO,HIT
2026-09-13T11:34:02+00:00,WEATHER,KXHIGHMIA-26SEP12-B90.5,Miami 90° to 91°,no,514.76,NO,HIT
2026-09-13T11:34:02+00:00,WEATHER,KXHIGHMIA-26SEP12-B90.5,Miami 90° to 91°,yes,669.17,NO,MISS
2026-09-13T11:34:02+00:00,WEATHER,KXHIGHMIA-26SEP12-B90.5,Miami 90° to 91°,yes,441.42,NO,MISS
2026-09-13T11:34:02+00:00,WEATHER,KXHIGHMIA-26SEP12-B90.5,Miami 90° to 91°,no,266.44,NO,HIT
2026-09-13T11:34:02+00:00,WEATHER,KXHIGHMIA-26SEP12-B90.5,Miami 90° to 91°,no,2611.96,NO,HIT
2026-09-13T11:34:02+00:00,WEATHER,KXHIGHMIA-26SEP12-B90.5,Miami 90° to 91°,no,2611.96,NO,HIT
2026-09-13T11:34:02+00:00,WEATHER,KXHIGHMIA-26SEP12-B88.5,Miami 88° to 89°,no,413.88,NO,HIT
2026-09-13T11:34:02+00:00,WEATHER,KXHIGHMIA-26SEP12-B88.5,Miami 88° to 89°,no,522.58,NO,HIT
2026-09-13T11:34:02+00:00,WEATHER,KXHIGHMIA-26SEP12-B88.5,Miami 88° to 89°,no,291.33,NO,HIT
2026-09-13T11:34:02+00:00,WEATHER,KXHIGHMIA-26SEP12-B88.5,Miami 88° to 89°,no,279.2,NO,HIT
2026-09-13T11:34:02+00:00,WEATHER,KXHIGHMIA-26SEP12-B88.5,Miami 88° to 89°,no,365.83,NO,HIT
2026-09-13T11:34:02+00:00,WEATHER,KXHIGHMIA-26SEP12-B88.5,Miami 88° to 89°,no,997.86,NO,HIT
2026-09-13T11:34:02+00:00,WEATHER,KXHIGHMIA-26SEP12-B86.5,Miami 86° to 87°,no,362.16,NO,HIT
2026-09-13T11:34:02+00:00,WEATHER,KXHIGHMIA-26SEP12-B86.5,Miami 86° to 87°,no,326.19,NO,HIT
2026-09-13T11:34:02+00:00,WEATHER,KXHIGHMIA-26SEP12-B86.5,Miami 86° to 87°,no,879.0,NO,HIT
2026-09-13T11:34:02+00:00,WEATHER,KXHIGHNY-26SEP12-B75.5,New York City 75° to 76°,no,497.61,NO,HIT
2026-09-13T11:34:02+00:00,WEATHER,KXHIGHNY-26SEP12-B75.5,New York City 75° to 76°,no,343.21,NO,HIT
2026-09-13T11:34:02+00:00,WEATHER,KXHIGHNY-26SEP12-B75.5,New York City 75° to 76°,no,1655.02,NO,HIT
2026-09-13T11:34:02+00:00,WEATHER,KXHIGHNY-26SEP12-B75.5,New York City 75° to 76°,no,1655.02,NO,HIT
2026-09-13T11:34:02+00:00,WEATHER,KXHIGHTATL-26SEP12-B88.5,Atlanta 88° to 89°,no,305.28,NO,HIT
2026-09-13T11:34:02+00:00,WEATHER,KXHIGHMIA-26SEP12-B92.5,Miami 92° to 93°,yes,520.37,YES,HIT
2026-09-13T11:34:02+00:00,WEATHER,KXHIGHMIA-26SEP12-B92.5,Miami 92° to 93°,no,305.87,YES,MISS
2026-09-13T11:34:02+00:00,WEATHER,KXHIGHMIA-26SEP12-B92.5,Miami 92° to 93°,yes,405.97,YES,HIT
2026-09-13T11:34:02+00:00,WEATHER,KXHIGHMIA-26SEP12-B92.5,Miami 92° to 93°,yes,1133.94,YES,HIT
2026-09-13T11:34:02+00:00,WEATHER,KXHIGHMIA-26SEP12-B92.5,Miami 92° to 93°,yes,427.07,YES,HIT
2026-09-13T11:34:02+00:00,WEATHER,KXHIGHMIA-26SEP12-B92.5,Miami 92° to 93°,yes,421.5,YES,HIT
2026-09-13T11:34:02+00:00,WEATHER,KXHIGHMIA-26SEP12-B92.5,Miami 92° to 93°,yes,1178.7,YES,HIT
2026-09-13T11:34:02+00:00,WEATHER,KXHIGHMIA-26SEP12-B92.5,Miami 92° to 93°,yes,3259.31,YES,HIT
2026-09-13T11:34:02+00:00,WEATHER,KXHIGHMIA-26SEP12-B92.5,Miami 92° to 93°,yes,1133.94,YES,HIT
2026-09-13T11:34:02+00:00,WEATHER,KXHIGHMIA-26SEP12-B92.5,Miami 92° to 93°,yes,427.07,YES,HIT
2026-09-13T11:34:02+00:00,WEATHER,KXHIGHMIA-26SEP12-B92.5,Miami 92° to 93°,yes,421.5,YES,HIT
2026-09-13T11:34:02+00:00,WEATHER,KXHIGHMIA-26SEP12-B92.5,Miami 92° to 93°,yes,1178.7,YES,HIT
2026-09-13T11:34:02+00:00,WEATHER,KXHIGHMIA-26SEP12-B92.5,Miami 92° to 93°,yes,3259.31,YES,HIT
2026-09-13T11:34:02+00:00,WEATHER,KXHIGHNY-26SEP12-B77.5,New York City 77° to 78°,yes,330.35,YES,HIT
2026-09-13T11:34:02+00:00,WEATHER,KXHIGHNY-26SEP12-B77.5,New York City 77° to 78°,yes,434.32,YES,HIT
2026-09-13T11:34:02+00:00,WEATHER,KXHIGHNY-26SEP12-B77.5,New York City 77° to 78°,yes,445.18,YES,HIT
2026-09-13T11:34:02+00:00,WEATHER,KXHIGHNY-26SEP12-B77.5,New York City 77° to 78°,yes,340.18,YES,HIT
2026-09-13T11:34:02+00:00,WEATHER,KXHIGHNY-26SEP12-B77.5,New York City 77° to 78°,yes,382.93,YES,HIT
2026-09-13T11:34:02+00:00,WEATHER,KXHIGHNY-26SEP12-B77.5,New York City 77° to 78°,yes,352.43,YES,HIT
2026-09-13T11:34:02+00:00,WEATHER,KXHIGHNY-26SEP12-B77.5,New York City 77° to 78°,yes,251.33,YES,HIT
2026-09-13T11:34:02+00:00,WEATHER,KXHIGHNY-26SEP12-B77.5,New York City 77° to 78°,yes,548.49,YES,HIT
2026-09-13T11:34:02+00:00,WEATHER,KXHIGHNY-26SEP12-B77.5,New York City 77° to 78°,yes,252.89,YES,HIT
2026-09-13T11:34:02+00:00,WEATHER,KXHIGHNY-26SEP12-B77.5,New York City 77° to 78°,yes,382.93,YES,HIT
2026-09-13T11:34:02+00:00,WEATHER,KXHIGHNY-26SEP12-B77.5,New York City 77° to 78°,yes,352.43,YES,HIT
2026-09-13T11:34:02+00:00,WEATHER,KXHIGHNY-26SEP12-B77.5,New York City 77° to 78°,yes,251.33,YES,HIT
2026-09-13T11:34:02+00:00,WEATHER,KXHIGHNY-26SEP12-B77.5,New York City 77° to 78°,yes,548.49,YES,HIT
2026-09-13T11:34:02+00:00,WEATHER,KXHIGHNY-26SEP12-B77.5,New York City 77° to 78°,yes,252.89,YES,HIT
2026-09-13T11:34:02+00:00,WEATHER,KXHIGHNY-26SEP12-B77.5,New York City 77° to 78°,yes,403.92,YES,HIT
2026-09-13T11:34:02+00:00,WEATHER,KXHIGHNY-26SEP12-B77.5,New York City 77° to 78°,yes,1231.05,YES,HIT
2026-09-13T11:34:02+00:00,WEATHER,KXHIGHNY-26SEP12-B77.5,New York City 77° to 78°,yes,977.86,YES,HIT
2026-09-13T11:34:02+00:00,WEATHER,KXHIGHNY-26SEP12-B77.5,New York City 77° to 78°,yes,1240.73,YES,HIT
2026-09-13T11:34:02+00:00,WEATHER,KXHIGHNY-26SEP12-B77.5,New York City 77° to 78°,yes,1231.05,YES,HIT
2026-09-13T11:34:02+00:00,WEATHER,KXHIGHNY-26SEP12-B77.5,New York City 77° to 78°,yes,977.86,YES,HIT
2026-09-13T11:34:02+00:00,WEATHER,KXHIGHNY-26SEP12-B77.5,New York City 77° to 78°,yes,1240.73,YES,HIT
2026-09-13T11:34:02+00:00,WEATHER,KXHIGHPHIL-26SEP12-B81.5,Philadelphia 81° to 82°,no,645.35,NO,HIT
2026-09-13T11:34:02+00:00,WEATHER,KXHIGHPHIL-26SEP12-B81.5,Philadelphia 81° to 82°,no,645.35,NO,HIT
2026-09-13T11:34:02+00:00,WEATHER,KXHIGHTBOS-26SEP12-T73,Boston 72° or below,yes,274.0,YES,HIT
2026-09-13T11:34:02+00:00,WEATHER,KXHIGHTBOS-26SEP12-T73,Boston 72° or below,yes,274.0,YES,HIT
2026-09-13T11:34:02+00:00,WEATHER,KXHIGHTBOS-26SEP12-T73,Boston 72° or below,yes,306.91,YES,HIT
2026-09-13T11:34:02+00:00,WEATHER,KXHIGHTBOS-26SEP12-B73.5,Boston 73° to 74°,no,314.03,NO,HIT
2026-09-13T11:34:02+00:00,WEATHER,KXHIGHTBOS-26SEP12-B73.5,Boston 73° to 74°,no,527.5,NO,HIT
2026-09-13T11:34:02+00:00,WEATHER,KXHIGHTBOS-26SEP12-B73.5,Boston 73° to 74°,no,314.03,NO,HIT
2026-09-13T11:34:02+00:00,WEATHER,KXHIGHTBOS-26SEP12-B73.5,Boston 73° to 74°,no,527.5,NO,HIT
2026-09-13T11:34:02+00:00,WEATHER,KXHIGHPHIL-26SEP12-B83.5,Philadelphia 83° to 84°,yes,628.95,YES,HIT
2026-09-13T11:34:02+00:00,WEATHER,KXHIGHPHIL-26SEP12-B83.5,Philadelphia 83° to 84°,yes,628.95,YES,HIT
2026-09-13T11:34:02+00:00,WEATHER,KXHIGHTATL-26SEP12-B86.5,Atlanta 86° to 87°,no,493.87,NO,HIT
2026-09-13T11:34:02+00:00,WEATHER,KXHIGHTATL-26SEP12-B86.5,Atlanta 86° to 87°,no,493.87,NO,HIT
2026-09-13T11:34:02+00:00,WEATHER,KXHIGHTATL-26SEP12-B86.5,Atlanta 86° to 87°,no,351.74,NO,HIT
2026-09-13T11:34:02+00:00,WEATHER,KXHIGHTATL-26SEP12-B86.5,Atlanta 86° to 87°,no,412.83,NO,HIT
2026-09-13T11:34:02+00:00,WEATHER,KXHIGHTATL-26SEP12-B86.5,Atlanta 86° to 87°,no,594.0,NO,HIT
2026-09-13T11:34:02+00:00,WEATHER,KXHIGHTATL-26SEP12-B84.5,Atlanta 84° to 85°,yes,1016.18,YES,HIT
2026-09-13T11:34:02+00:00,WEATHER,KXHIGHTATL-26SEP12-B84.5,Atlanta 84° to 85°,yes,447.88,YES,HIT
2026-09-13T11:34:02+00:00,WEATHER,KXHIGHTATL-26SEP12-B84.5,Atlanta 84° to 85°,yes,1016.18,YES,HIT
2026-09-13T11:34:02+00:00,WEATHER,KXHIGHTATL-26SEP12-B84.5,Atlanta 84° to 85°,yes,447.88,YES,HIT
2026-09-13T11:34:02+00:00,WEATHER,KXHIGHTATL-26SEP12-B82.5,Atlanta 82° to 83°,no,1401.08,NO,HIT
2026-09-13T11:34:02+00:00,WEATHER,KXHIGHTATL-26SEP12-B82.5,Atlanta 82° to 83°,no,1401.08,NO,HIT
2026-09-13T11:34:02+00:00,WEATHER,KXHIGHTDC-26SEP12-B82.5,Washington DC 82° to 83°,yes,261.17,NO,MISS
2026-09-13T11:34:02+00:00,WEATHER,KXHIGHTDC-26SEP12-B82.5,Washington DC 82° to 83°,yes,261.17,NO,MISS
2026-09-13T11:34:02+00:00,WEATHER,KXHIGHTDC-26SEP12-B82.5,Washington DC 82° to 83°,no,558.8,NO,HIT
2026-09-13T11:34:02+00:00,WEATHER,KXHIGHTDC-26SEP12-B80.5,Washington DC 80° to 81°,no,342.81,YES,MISS
2026-09-13T11:34:02+00:00,WEATHER,KXHIGHTDC-26SEP12-B80.5,Washington DC 80° to 81°,no,342.81,YES,MISS
2026-09-13T11:34:02+00:00,WEATHER,KXHIGHTDC-26SEP12-B80.5,Washington DC 80° to 81°,yes,1685.05,YES,HIT
2026-09-13T12:49:21+00:00,WEATHER,KXHIGHAUS-26SEP12-T99,Austin 98° or below,no,762.94,NO,HIT
2026-09-13T12:49:21+00:00,WEATHER,KXHIGHAUS-26SEP12-T99,Austin 98° or below,no,325.46,NO,HIT
2026-09-13T12:49:21+00:00,WEATHER,KXHIGHAUS-26SEP12-T99,Austin 98° or below,no,433.29,NO,HIT
2026-09-13T12:49:21+00:00,WEATHER,KXHIGHAUS-26SEP12-T99,Austin 98° or below,no,433.29,NO,HIT
2026-09-13T12:49:21+00:00,WEATHER,KXHIGHAUS-26SEP12-T106,Austin 107° or above,no,309.85,NO,HIT
2026-09-13T12:49:21+00:00,WEATHER,KXHIGHAUS-26SEP12-B103.5,Austin 103° to 104°,yes,289.93,NO,MISS
2026-09-13T12:49:21+00:00,WEATHER,KXHIGHAUS-26SEP12-B103.5,Austin 103° to 104°,yes,292.97,NO,MISS
2026-09-13T12:49:21+00:00,WEATHER,KXHIGHAUS-26SEP12-B103.5,Austin 103° to 104°,no,638.74,NO,HIT
2026-09-13T12:49:21+00:00,WEATHER,KXHIGHAUS-26SEP12-B103.5,Austin 103° to 104°,no,355.39,NO,HIT
2026-09-13T12:49:21+00:00,WEATHER,KXHIGHAUS-26SEP12-B103.5,Austin 103° to 104°,no,551.74,NO,HIT
2026-09-13T12:49:21+00:00,WEATHER,KXHIGHAUS-26SEP12-B103.5,Austin 103° to 104°,no,638.74,NO,HIT
2026-09-13T12:49:21+00:00,WEATHER,KXHIGHAUS-26SEP12-B103.5,Austin 103° to 104°,no,355.39,NO,HIT
2026-09-13T12:49:21+00:00,WEATHER,KXHIGHAUS-26SEP12-B103.5,Austin 103° to 104°,no,551.74,NO,HIT
2026-09-13T12:49:21+00:00,WEATHER,KXHIGHAUS-26SEP12-B103.5,Austin 103° to 104°,no,467.82,NO,HIT
2026-09-13T12:49:21+00:00,WEATHER,KXHIGHCHI-26SEP12-T91,Chicago 92° or above,no,273.71,NO,HIT
2026-09-13T12:49:21+00:00,WEATHER,KXHIGHCHI-26SEP12-T91,Chicago 92° or above,no,304.96,NO,HIT
2026-09-13T12:49:21+00:00,WEATHER,KXHIGHCHI-26SEP12-B90.5,Chicago 90° to 91°,no,302.88,NO,HIT
2026-09-13T12:49:21+00:00,WEATHER,KXHIGHCHI-26SEP12-B88.5,Chicago 88° to 89°,no,323.94,YES,MISS
2026-09-13T12:49:21+00:00,WEATHER,KXHIGHCHI-26SEP12-B88.5,Chicago 88° to 89°,no,996.52,YES,MISS
2026-09-13T12:49:21+00:00,WEATHER,KXHIGHCHI-26SEP12-B88.5,Chicago 88° to 89°,yes,671.96,YES,HIT
2026-09-13T12:49:21+00:00,WEATHER,KXHIGHCHI-26SEP12-B88.5,Chicago 88° to 89°,no,425.44,YES,MISS
2026-09-13T12:49:21+00:00,WEATHER,KXHIGHCHI-26SEP12-B88.5,Chicago 88° to 89°,no,255.89,YES,MISS
2026-09-13T12:49:21+00:00,WEATHER,KXHIGHCHI-26SEP12-B88.5,Chicago 88° to 89°,yes,671.96,YES,HIT
2026-09-13T12:49:21+00:00,WEATHER,KXHIGHCHI-26SEP12-B88.5,Chicago 88° to 89°,no,425.44,YES,MISS
2026-09-13T12:49:21+00:00,WEATHER,KXHIGHCHI-26SEP12-B88.5,Chicago 88° to 89°,no,255.89,YES,MISS
2026-09-13T12:49:21+00:00,WEATHER,KXHIGHCHI-26SEP12-B88.5,Chicago 88° to 89°,yes,349.23,YES,HIT
2026-09-13T12:49:21+00:00,WEATHER,KXHIGHCHI-26SEP12-B88.5,Chicago 88° to 89°,yes,2293.1,YES,HIT
2026-09-13T12:49:21+00:00,WEATHER,KXHIGHCHI-26SEP12-B88.5,Chicago 88° to 89°,yes,349.23,YES,HIT
2026-09-13T12:49:21+00:00,WEATHER,KXHIGHCHI-26SEP12-B88.5,Chicago 88° to 89°,yes,2293.1,YES,HIT
2026-09-13T12:49:21+00:00,WEATHER,KXHIGHTDAL-26SEP12-B99.5,Dallas 99° to 100°,yes,518.04,NO,MISS
2026-09-13T12:49:21+00:00,WEATHER,KXHIGHTDAL-26SEP12-B99.5,Dallas 99° to 100°,no,860.91,NO,HIT
2026-09-13T12:49:21+00:00,WEATHER,KXHIGHTDAL-26SEP12-B99.5,Dallas 99° to 100°,no,860.91,NO,HIT
2026-09-13T12:49:21+00:00,WEATHER,KXHIGHTDAL-26SEP12-B105.5,Dallas 105° to 106°,no,263.03,NO,HIT
2026-09-13T12:49:21+00:00,WEATHER,KXHIGHTDAL-26SEP12-B103.5,Dallas 103° to 104°,no,913.58,NO,HIT
2026-09-13T12:49:21+00:00,WEATHER,KXHIGHTDAL-26SEP12-B103.5,Dallas 103° to 104°,no,960.0,NO,HIT
2026-09-13T12:49:21+00:00,WEATHER,KXHIGHTHOU-26SEP12-T91,Houston 90° or below,no,392.44,NO,HIT
2026-09-13T12:49:21+00:00,WEATHER,KXHIGHTHOU-26SEP12-B91.5,Houston 91° to 92°,no,264.96,NO,HIT
2026-09-13T12:49:21+00:00,WEATHER,KXHIGHTMIN-26SEP12-T73,Minneapolis 72° or below,no,295.31,NO,HIT
2026-09-13T12:49:21+00:00,WEATHER,KXHIGHTMIN-26SEP12-T73,Minneapolis 72° or below,no,854.34,NO,HIT
2026-09-13T12:49:21+00:00,WEATHER,KXHIGHTMIN-26SEP12-B73.5,Minneapolis 73° to 74°,no,1753.19,NO,HIT
2026-09-13T12:49:21+00:00,WEATHER,KXHIGHTOKC-26SEP12-T94,Oklahoma City 93° or below,no,273.14,NO,HIT
2026-09-13T12:49:21+00:00,WEATHER,KXHIGHTSATX-26SEP12-B99.5,San Antonio 99° to 100°,no,670.24,YES,MISS
2026-09-13T12:49:21+00:00,WEATHER,KXHIGHTSATX-26SEP12-B99.5,San Antonio 99° to 100°,yes,1550.39,YES,HIT
2026-09-13T12:49:21+00:00,WEATHER,KXHIGHTSATX-26SEP12-B99.5,San Antonio 99° to 100°,yes,1550.39,YES,HIT
2026-09-13T12:49:21+00:00,WEATHER,KXHIGHTDAL-26SEP12-B101.5,Dallas 101° to 102°,yes,254.04,YES,HIT
2026-09-13T12:49:21+00:00,WEATHER,KXHIGHTDAL-26SEP12-B101.5,Dallas 101° to 102°,yes,465.18,YES,HIT
2026-09-13T12:49:21+00:00,WEATHER,KXHIGHTDAL-26SEP12-B101.5,Dallas 101° to 102°,yes,825.3,YES,HIT
2026-09-13T12:49:21+00:00,WEATHER,KXHIGHTHOU-26SEP12-T98,Houston 99° or above,no,499.06,NO,HIT
2026-09-13T12:49:21+00:00,WEATHER,KXHIGHTMIN-26SEP12-B79.5,Minneapolis 79° to 80°,no,495.99,NO,HIT
2026-09-13T12:49:21+00:00,WEATHER,KXHIGHTMIN-26SEP12-B75.5,Minneapolis 75° to 76°,yes,419.87,YES,HIT
2026-09-13T12:49:21+00:00,WEATHER,KXHIGHTMIN-26SEP12-B75.5,Minneapolis 75° to 76°,yes,694.82,YES,HIT
2026-09-13T12:49:21+00:00,WEATHER,KXHIGHTMIN-26SEP12-B75.5,Minneapolis 75° to 76°,yes,694.82,YES,HIT
2026-09-13T12:49:21+00:00,WEATHER,KXHIGHTMIN-26SEP12-B75.5,Minneapolis 75° to 76°,yes,740.85,YES,HIT
2026-09-13T12:49:21+00:00,WEATHER,KXHIGHTMIN-26SEP12-B75.5,Minneapolis 75° to 76°,yes,416.57,YES,HIT
2026-09-13T12:49:21+00:00,WEATHER,KXHIGHAUS-26SEP12-B105.5,Austin 105° to 106°,no,255.95,NO,HIT
2026-09-13T12:49:21+00:00,WEATHER,KXHIGHCHI-26SEP12-T84,Chicago 83° or below,no,399.6,NO,HIT
2026-09-13T12:49:21+00:00,WEATHER,KXHIGHCHI-26SEP12-T84,Chicago 83° or below,no,299.78,NO,HIT
2026-09-13T12:49:21+00:00,WEATHER,KXHIGHTNOLA-26SEP12-B87.5,New Orleans 87° to 88°,no,437.21,NO,HIT
2026-09-13T12:49:21+00:00,WEATHER,KXHIGHCHI-26SEP12-B86.5,Chicago 86° to 87°,no,331.23,NO,HIT
2026-09-13T12:49:21+00:00,WEATHER,KXHIGHCHI-26SEP12-B86.5,Chicago 86° to 87°,yes,357.78,NO,MISS
2026-09-13T12:49:21+00:00,WEATHER,KXHIGHCHI-26SEP12-B86.5,Chicago 86° to 87°,yes,334.35,NO,MISS
2026-09-13T12:49:21+00:00,WEATHER,KXHIGHCHI-26SEP12-B86.5,Chicago 86° to 87°,no,331.23,NO,HIT
2026-09-13T12:49:21+00:00,WEATHER,KXHIGHCHI-26SEP12-B86.5,Chicago 86° to 87°,yes,357.78,NO,MISS
2026-09-13T12:49:21+00:00,WEATHER,KXHIGHCHI-26SEP12-B86.5,Chicago 86° to 87°,yes,334.35,NO,MISS
2026-09-13T12:49:21+00:00,WEATHER,KXHIGHCHI-26SEP12-B86.5,Chicago 86° to 87°,yes,364.07,NO,MISS
2026-09-13T12:49:21+00:00,WEATHER,KXHIGHCHI-26SEP12-B86.5,Chicago 86° to 87°,yes,433.36,NO,MISS
2026-09-13T12:49:21+00:00,WEATHER,KXHIGHCHI-26SEP12-B86.5,Chicago 86° to 87°,no,380.78,NO,HIT
2026-09-13T12:49:21+00:00,WEATHER,KXHIGHCHI-26SEP12-B86.5,Chicago 86° to 87°,no,1449.3,NO,HIT
2026-09-13T12:49:21+00:00,WEATHER,KXHIGHCHI-26SEP12-B86.5,Chicago 86° to 87°,yes,364.07,NO,MISS
2026-09-13T12:49:21+00:00,WEATHER,KXHIGHCHI-26SEP12-B86.5,Chicago 86° to 87°,yes,433.36,NO,MISS
2026-09-13T12:49:21+00:00,WEATHER,KXHIGHCHI-26SEP12-B86.5,Chicago 86° to 87°,no,380.78,NO,HIT
2026-09-13T12:49:21+00:00,WEATHER,KXHIGHCHI-26SEP12-B86.5,Chicago 86° to 87°,no,1449.3,NO,HIT
2026-09-13T12:49:21+00:00,WEATHER,KXHIGHCHI-26SEP12-B84.5,Chicago 84° to 85°,no,2508.1,NO,HIT
2026-09-13T12:49:21+00:00,WEATHER,KXHIGHCHI-26SEP12-B84.5,Chicago 84° to 85°,no,2508.1,NO,HIT
2026-09-13T12:49:21+00:00,WEATHER,KXHIGHTDAL-26SEP12-T99,Dallas 98° or below,no,285.75,NO,HIT
2026-09-13T12:49:21+00:00,WEATHER,KXHIGHTDAL-26SEP12-T99,Dallas 98° or below,no,315.79,NO,HIT
2026-09-13T12:49:21+00:00,WEATHER,KXHIGHTDAL-26SEP12-T99,Dallas 98° or below,no,285.75,NO,HIT
2026-09-13T12:49:21+00:00,WEATHER,KXHIGHTDAL-26SEP12-T99,Dallas 98° or below,no,315.79,NO,HIT
2026-09-13T12:49:21+00:00,WEATHER,KXHIGHTHOU-26SEP12-B97.5,Houston 97° to 98°,yes,254.86,YES,HIT
2026-09-13T12:49:21+00:00,WEATHER,KXHIGHTHOU-26SEP12-B97.5,Houston 97° to 98°,yes,254.86,YES,HIT
2026-09-13T12:49:21+00:00,WEATHER,KXHIGHTHOU-26SEP12-B97.5,Houston 97° to 98°,yes,2237.47,YES,HIT
2026-09-13T12:49:21+00:00,WEATHER,KXHIGHTHOU-26SEP12-B97.5,Houston 97° to 98°,yes,2237.47,YES,HIT
2026-09-13T12:49:21+00:00,WEATHER,KXHIGHTHOU-26SEP12-B95.5,Houston 95° to 96°,yes,268.31,NO,MISS
2026-09-13T12:49:21+00:00,WEATHER,KXHIGHTHOU-26SEP12-B95.5,Houston 95° to 96°,yes,268.31,NO,MISS
2026-09-13T12:49:21+00:00,WEATHER,KXHIGHTHOU-26SEP12-B95.5,Houston 95° to 96°,no,1534.18,NO,HIT
2026-09-13T12:49:21+00:00,WEATHER,KXHIGHTHOU-26SEP12-B95.5,Houston 95° to 96°,no,1534.18,NO,HIT
2026-09-13T12:49:21+00:00,WEATHER,KXHIGHTHOU-26SEP12-B93.5,Houston 93° to 94°,no,950.46,NO,HIT
2026-09-13T12:49:21+00:00,WEATHER,KXHIGHTHOU-26SEP12-B93.5,Houston 93° to 94°,no,950.46,NO,HIT
2026-09-13T12:49:21+00:00,WEATHER,KXHIGHTMIN-26SEP12-B77.5,Minneapolis 77° to 78°,no,422.97,NO,HIT
2026-09-13T12:49:21+00:00,WEATHER,KXHIGHTMIN-26SEP12-B77.5,Minneapolis 77° to 78°,no,422.97,NO,HIT
2026-09-13T12:49:21+00:00,WEATHER,KXHIGHTOKC-26SEP12-T101,Oklahoma City 102° or above,yes,1260.64,YES,HIT
2026-09-13T12:49:21+00:00,WEATHER,KXHIGHTOKC-26SEP12-T101,Oklahoma City 102° or above,yes,1260.64,YES,HIT
2026-09-13T12:49:21+00:00,WEATHER,KXHIGHAUS-26SEP12-B99.5,Austin 99° to 100°,no,299.91,NO,HIT
2026-09-13T12:49:21+00:00,WEATHER,KXHIGHAUS-26SEP12-B99.5,Austin 99° to 100°,no,381.62,NO,HIT
2026-09-13T12:49:21+00:00,WEATHER,KXHIGHAUS-26SEP12-B99.5,Austin 99° to 100°,no,299.91,NO,HIT
2026-09-13T12:49:21+00:00,WEATHER,KXHIGHAUS-26SEP12-B99.5,Austin 99° to 100°,no,381.62,NO,HIT
2026-09-13T12:49:21+00:00,WEATHER,KXHIGHAUS-26SEP12-B99.5,Austin 99° to 100°,no,321.22,NO,HIT
2026-09-13T12:49:21+00:00,WEATHER,KXHIGHAUS-26SEP12-B99.5,Austin 99° to 100°,no,321.22,NO,HIT
2026-09-13T12:49:21+00:00,WEATHER,KXHIGHAUS-26SEP12-B101.5,Austin 101° to 102°,yes,525.97,YES,HIT
2026-09-13T12:49:21+00:00,WEATHER,KXHIGHAUS-26SEP12-B101.5,Austin 101° to 102°,yes,873.91,YES,HIT
2026-09-13T12:49:21+00:00,WEATHER,KXHIGHAUS-26SEP12-B101.5,Austin 101° to 102°,yes,525.97,YES,HIT
2026-09-13T12:49:21+00:00,WEATHER,KXHIGHAUS-26SEP12-B101.5,Austin 101° to 102°,yes,873.91,YES,HIT
2026-09-13T12:49:21+00:00,WEATHER,KXHIGHAUS-26SEP12-B101.5,Austin 101° to 102°,yes,440.43,YES,HIT
2026-09-13T12:49:21+00:00,WEATHER,KXHIGHTNOLA-26SEP12-B89.5,New Orleans 89° to 90°,yes,633.6,YES,HIT
2026-09-13T12:49:21+00:00,WEATHER,KXHIGHTNOLA-26SEP12-B89.5,New Orleans 89° to 90°,yes,633.6,YES,HIT
2026-09-13T12:49:21+00:00,WEATHER,KXHIGHTSATX-26SEP12-B101.5,San Antonio 101° to 102°,no,798.87,NO,HIT
2026-09-13T12:49:21+00:00,WEATHER,KXHIGHTSATX-26SEP12-B101.5,San Antonio 101° to 102°,no,798.87,NO,HIT
2026-09-13T13:34:02+00:00,WEATHER,KXHIGHDEN-26SEP12-T87,Denver 88° or above,no,304.94,NO,HIT
2026-09-13T13:34:02+00:00,WEATHER,KXHIGHDEN-26SEP12-T80,Denver 79° or below,no,771.0,YES,MISS
2026-09-13T13:34:02+00:00,WEATHER,KXHIGHDEN-26SEP12-T80,Denver 79° or below,no,373.65,YES,MISS
2026-09-13T13:34:02+00:00,WEATHER,KXHIGHDEN-26SEP12-T80,Denver 79° or below,yes,388.22,YES,HIT
2026-09-13T13:34:02+00:00,WEATHER,KXHIGHDEN-26SEP12-T80,Denver 79° or below,yes,388.22,YES,HIT
2026-09-13T13:34:02+00:00,WEATHER,KXHIGHDEN-26SEP12-T80,Denver 79° or below,yes,590.19,YES,HIT
2026-09-13T13:34:02+00:00,WEATHER,KXHIGHDEN-26SEP12-T80,Denver 79° or below,yes,469.15,YES,HIT
2026-09-13T13:34:02+00:00,WEATHER,KXHIGHDEN-26SEP12-T80,Denver 79° or below,no,333.13,YES,MISS
2026-09-13T13:34:02+00:00,WEATHER,KXHIGHDEN-26SEP12-T80,Denver 79° or below,no,926.97,YES,MISS
2026-09-13T13:34:02+00:00,WEATHER,KXHIGHDEN-26SEP12-T80,Denver 79° or below,yes,2021.47,YES,HIT
2026-09-13T13:34:02+00:00,WEATHER,KXHIGHDEN-26SEP12-T80,Denver 79° or below,yes,2259.09,YES,HIT
2026-09-13T13:34:02+00:00,WEATHER,KXHIGHDEN-26SEP12-T80,Denver 79° or below,yes,391.27,YES,HIT
2026-09-13T13:34:02+00:00,WEATHER,KXHIGHDEN-26SEP12-T80,Denver 79° or below,yes,2021.47,YES,HIT
2026-09-13T13:34:02+00:00,WEATHER,KXHIGHDEN-26SEP12-T80,Denver 79° or below,yes,2259.09,YES,HIT
2026-09-13T13:34:02+00:00,WEATHER,KXHIGHDEN-26SEP12-T80,Denver 79° or below,yes,391.27,YES,HIT
2026-09-13T13:34:02+00:00,WEATHER,KXHIGHDEN-26SEP12-B84.5,Denver 84° to 85°,no,618.76,NO,HIT
2026-09-13T13:34:02+00:00,WEATHER,KXHIGHDEN-26SEP12-B84.5,Denver 84° to 85°,no,250.71,NO,HIT
2026-09-13T13:34:02+00:00,WEATHER,KXHIGHDEN-26SEP12-B84.5,Denver 84° to 85°,no,250.71,NO,HIT
2026-09-13T13:34:02+00:00,WEATHER,KXHIGHDEN-26SEP12-B86.5,Denver 86° to 87°,no,517.91,NO,HIT
2026-09-13T13:34:02+00:00,WEATHER,KXHIGHDEN-26SEP12-B86.5,Denver 86° to 87°,no,517.91,NO,HIT
2026-09-13T13:34:02+00:00,WEATHER,KXHIGHDEN-26SEP12-B82.5,Denver 82° to 83°,no,355.35,NO,HIT
2026-09-13T13:34:02+00:00,WEATHER,KXHIGHDEN-26SEP12-B82.5,Denver 82° to 83°,no,355.35,NO,HIT
2026-09-13T13:34:02+00:00,WEATHER,KXHIGHDEN-26SEP12-B82.5,Denver 82° to 83°,no,281.29,NO,HIT
2026-09-13T13:34:02+00:00,WEATHER,KXHIGHDEN-26SEP12-B80.5,Denver 80° to 81°,no,270.77,NO,HIT
2026-09-13T13:34:02+00:00,WEATHER,KXHIGHDEN-26SEP12-B80.5,Denver 80° to 81°,no,270.77,NO,HIT
2026-09-13T13:34:02+00:00,WEATHER,KXHIGHDEN-26SEP12-B80.5,Denver 80° to 81°,yes,300.55,NO,MISS
2026-09-13T13:34:02+00:00,WEATHER,KXHIGHDEN-26SEP12-B80.5,Denver 80° to 81°,yes,988.35,NO,MISS
2026-09-13T13:34:02+00:00,WEATHER,KXHIGHDEN-26SEP12-B80.5,Denver 80° to 81°,yes,264.91,NO,MISS
2026-09-13T13:34:02+00:00,WEATHER,KXHIGHDEN-26SEP12-B80.5,Denver 80° to 81°,no,351.33,NO,HIT
2026-09-13T13:34:02+00:00,WEATHER,KXHIGHDEN-26SEP12-B80.5,Denver 80° to 81°,no,2627.42,NO,HIT
2026-09-13T13:34:02+00:00,WEATHER,KXHIGHDEN-26SEP12-B80.5,Denver 80° to 81°,yes,252.16,NO,MISS
2026-09-13T13:34:02+00:00,WEATHER,KXHIGHDEN-26SEP12-B80.5,Denver 80° to 81°,no,2627.42,NO,HIT
2026-09-13T13:34:02+00:00,WEATHER,KXHIGHDEN-26SEP12-B80.5,Denver 80° to 81°,yes,252.16,NO,MISS
2026-09-13T15:34:03+00:00,WEATHER,KXHIGHLAX-26SEP12-T84,Los Angeles 85° or above,yes,693.57,NO,MISS
2026-09-13T15:34:03+00:00,WEATHER,KXHIGHLAX-26SEP12-T84,Los Angeles 85° or above,yes,482.27,NO,MISS
2026-09-13T15:34:03+00:00,WEATHER,KXHIGHLAX-26SEP12-T84,Los Angeles 85° or above,yes,289.88,NO,MISS
2026-09-13T15:34:03+00:00,WEATHER,KXHIGHLAX-26SEP12-T84,Los Angeles 85° or above,yes,377.35,NO,MISS
2026-09-13T15:34:03+00:00,WEATHER,KXHIGHLAX-26SEP12-T84,Los Angeles 85° or above,no,335.76,NO,HIT
2026-09-13T15:34:03+00:00,WEATHER,KXHIGHLAX-26SEP12-T84,Los Angeles 85° or above,no,808.88,NO,HIT
2026-09-13T15:34:03+00:00,WEATHER,KXHIGHLAX-26SEP12-T84,Los Angeles 85° or above,no,819.56,NO,HIT
2026-09-13T15:34:03+00:00,WEATHER,KXHIGHLAX-26SEP12-T84,Los Angeles 85° or above,no,550.37,NO,HIT
2026-09-13T15:34:03+00:00,WEATHER,KXHIGHLAX-26SEP12-T84,Los Angeles 85° or above,yes,353.09,NO,MISS
2026-09-13T15:34:03+00:00,WEATHER,KXHIGHLAX-26SEP12-T84,Los Angeles 85° or above,yes,292.47,NO,MISS
2026-09-13T15:34:03+00:00,WEATHER,KXHIGHLAX-26SEP12-T84,Los Angeles 85° or above,no,467.73,NO,HIT
2026-09-13T15:34:03+00:00,WEATHER,KXHIGHLAX-26SEP12-T84,Los Angeles 85° or above,no,585.7,NO,HIT
2026-09-13T15:34:03+00:00,WEATHER,KXHIGHLAX-26SEP12-T84,Los Angeles 85° or above,no,328.5,NO,HIT
2026-09-13T15:34:03+00:00,WEATHER,KXHIGHLAX-26SEP12-T84,Los Angeles 85° or above,no,509.26,NO,HIT
2026-09-13T15:34:03+00:00,WEATHER,KXHIGHLAX-26SEP12-T84,Los Angeles 85° or above,no,341.19,NO,HIT
2026-09-13T15:34:03+00:00,WEATHER,KXHIGHLAX-26SEP12-T84,Los Angeles 85° or above,yes,4614.23,NO,MISS
2026-09-13T15:34:03+00:00,WEATHER,KXHIGHLAX-26SEP12-T84,Los Angeles 85° or above,no,889.03,NO,HIT
2026-09-13T15:34:03+00:00,WEATHER,KXHIGHLAX-26SEP12-T84,Los Angeles 85° or above,no,1617.08,NO,HIT
2026-09-13T15:34:03+00:00,WEATHER,KXHIGHLAX-26SEP12-T84,Los Angeles 85° or above,no,1137.0,NO,HIT
2026-09-13T15:34:03+00:00,WEATHER,KXHIGHLAX-26SEP12-T84,Los Angeles 85° or above,no,854.64,NO,HIT
2026-09-13T15:34:03+00:00,WEATHER,KXHIGHLAX-26SEP12-T84,Los Angeles 85° or above,no,1914.13,NO,HIT
2026-09-13T15:34:03+00:00,WEATHER,KXHIGHLAX-26SEP12-T84,Los Angeles 85° or above,no,1098.67,NO,HIT
2026-09-13T15:34:03+00:00,WEATHER,KXHIGHLAX-26SEP12-T84,Los Angeles 85° or above,no,646.38,NO,HIT
2026-09-13T15:34:03+00:00,WEATHER,KXHIGHLAX-26SEP12-T84,Los Angeles 85° or above,no,370.81,NO,HIT
2026-09-13T15:34:03+00:00,WEATHER,KXHIGHLAX-26SEP12-T84,Los Angeles 85° or above,no,544.54,NO,HIT
2026-09-13T15:34:03+00:00,WEATHER,KXHIGHLAX-26SEP12-T84,Los Angeles 85° or above,no,415.64,NO,HIT
2026-09-13T15:34:03+00:00,WEATHER,KXHIGHLAX-26SEP12-T84,Los Angeles 85° or above,no,277.93,NO,HIT
2026-09-13T15:34:03+00:00,WEATHER,KXHIGHLAX-26SEP12-T84,Los Angeles 85° or above,no,459.4,NO,HIT
2026-09-13T15:34:03+00:00,WEATHER,KXHIGHLAX-26SEP12-T84,Los Angeles 85° or above,yes,3000.54,NO,MISS
2026-09-13T15:34:03+00:00,WEATHER,KXHIGHLAX-26SEP12-T84,Los Angeles 85° or above,yes,452.91,NO,MISS
2026-09-13T15:34:03+00:00,WEATHER,KXHIGHLAX-26SEP12-T84,Los Angeles 85° or above,no,380.29,NO,HIT
2026-09-13T15:34:03+00:00,WEATHER,KXHIGHLAX-26SEP12-T84,Los Angeles 85° or above,no,354.43,NO,HIT
2026-09-13T15:34:03+00:00,WEATHER,KXHIGHLAX-26SEP12-T84,Los Angeles 85° or above,no,528.42,NO,HIT
2026-09-13T15:34:03+00:00,WEATHER,KXHIGHLAX-26SEP12-T84,Los Angeles 85° or above,no,20950.54,NO,HIT
2026-09-13T15:34:03+00:00,WEATHER,KXHIGHLAX-26SEP12-T84,Los Angeles 85° or above,no,974.57,NO,HIT
2026-09-13T15:34:03+00:00,WEATHER,KXHIGHLAX-26SEP12-T84,Los Angeles 85° or above,no,4881.98,NO,HIT
2026-09-13T15:34:03+00:00,WEATHER,KXHIGHLAX-26SEP12-T84,Los Angeles 85° or above,no,1054.69,NO,HIT
2026-09-13T15:34:03+00:00,WEATHER,KXHIGHLAX-26SEP12-T84,Los Angeles 85° or above,no,4019.25,NO,HIT
2026-09-13T15:34:03+00:00,WEATHER,KXHIGHLAX-26SEP12-T84,Los Angeles 85° or above,yes,3000.54,NO,MISS
2026-09-13T15:34:03+00:00,WEATHER,KXHIGHLAX-26SEP12-T84,Los Angeles 85° or above,yes,452.91,NO,MISS
2026-09-13T15:34:03+00:00,WEATHER,KXHIGHLAX-26SEP12-T84,Los Angeles 85° or above,no,380.29,NO,HIT
2026-09-13T15:34:03+00:00,WEATHER,KXHIGHLAX-26SEP12-T84,Los Angeles 85° or above,no,354.43,NO,HIT
2026-09-13T15:34:03+00:00,WEATHER,KXHIGHLAX-26SEP12-T84,Los Angeles 85° or above,no,528.42,NO,HIT
2026-09-13T15:34:03+00:00,WEATHER,KXHIGHLAX-26SEP12-T84,Los Angeles 85° or above,no,20950.54,NO,HIT
2026-09-13T15:34:03+00:00,WEATHER,KXHIGHLAX-26SEP12-T84,Los Angeles 85° or above,no,974.57,NO,HIT
2026-09-13T15:34:03+00:00,WEATHER,KXHIGHLAX-26SEP12-T84,Los Angeles 85° or above,no,4881.98,NO,HIT
2026-09-13T15:34:03+00:00,WEATHER,KXHIGHLAX-26SEP12-T84,Los Angeles 85° or above,no,1054.69,NO,HIT
2026-09-13T15:34:03+00:00,WEATHER,KXHIGHLAX-26SEP12-T84,Los Angeles 85° or above,no,4019.25,NO,HIT
2026-09-13T15:34:03+00:00,WEATHER,KXHIGHLAX-26SEP12-T77,Los Angeles 76° or below,no,1437.48,NO,HIT
2026-09-13T15:34:03+00:00,WEATHER,KXHIGHLAX-26SEP12-B83.5,Los Angeles 83° to 84°,yes,329.21,NO,MISS
2026-09-13T15:34:03+00:00,WEATHER,KXHIGHLAX-26SEP12-B83.5,Los Angeles 83° to 84°,yes,289.74,NO,MISS
2026-09-13T15:34:03+00:00,WEATHER,KXHIGHLAX-26SEP12-B83.5,Los Angeles 83° to 84°,yes,331.83,NO,MISS
2026-09-13T15:34:03+00:00,WEATHER,KXHIGHLAX-26SEP12-B83.5,Los Angeles 83° to 84°,no,349.42,NO,HIT
2026-09-13T15:34:03+00:00,WEATHER,KXHIGHLAX-26SEP12-B83.5,Los Angeles 83° to 84°,no,261.04,NO,HIT
2026-09-13T15:34:03+00:00,WEATHER,KXHIGHLAX-26SEP12-B83.5,Los Angeles 83° to 84°,yes,525.56,NO,MISS
2026-09-13T15:34:03+00:00,WEATHER,KXHIGHLAX-26SEP12-B83.5,Los Angeles 83° to 84°,yes,365.87,NO,MISS
2026-09-13T15:34:03+00:00,WEATHER,KXHIGHLAX-26SEP12-B83.5,Los Angeles 83° to 84°,yes,272.77,NO,MISS
2026-09-13T15:34:03+00:00,WEATHER,KXHIGHLAX-26SEP12-B83.5,Los Angeles 83° to 84°,yes,298.28,NO,MISS
2026-09-13T15:34:03+00:00,WEATHER,KXHIGHLAX-26SEP12-B83.5,Los Angeles 83° to 84°,yes,1310.25,NO,MISS
2026-09-13T15:34:03+00:00,WEATHER,KXHIGHLAX-26SEP12-B83.5,Los Angeles 83° to 84°,no,668.1,NO,HIT
2026-09-13T15:34:03+00:00,WEATHER,KXHIGHLAX-26SEP12-B83.5,Los Angeles 83° to 84°,no,1263.66,NO,HIT
2026-09-13T15:34:03+00:00,WEATHER,KXHIGHLAX-26SEP12-B83.5,Los Angeles 83° to 84°,no,370.87,NO,HIT
2026-09-13T15:34:03+00:00,WEATHER,KXHIGHLAX-26SEP12-B83.5,Los Angeles 83° to 84°,no,309.22,NO,HIT
2026-09-13T15:34:03+00:00,WEATHER,KXHIGHLAX-26SEP12-B83.5,Los Angeles 83° to 84°,no,381.68,NO,HIT
2026-09-13T15:34:03+00:00,WEATHER,KXHIGHLAX-26SEP12-B83.5,Los Angeles 83° to 84°,no,375.91,NO,HIT
2026-09-13T15:34:03+00:00,WEATHER,KXHIGHLAX-26SEP12-B83.5,Los Angeles 83° to 84°,yes,298.28,NO,MISS
2026-09-13T15:34:03+00:00,WEATHER,KXHIGHLAX-26SEP12-B83.5,Los Angeles 83° to 84°,yes,1310.25,NO,MISS
2026-09-13T15:34:03+00:00,WEATHER,KXHIGHLAX-26SEP12-B83.5,Los Angeles 83° to 84°,no,668.1,NO,HIT
2026-09-13T15:34:03+00:00,WEATHER,KXHIGHLAX-26SEP12-B83.5,Los Angeles 83° to 84°,no,1263.66,NO,HIT
2026-09-13T15:34:03+00:00,WEATHER,KXHIGHLAX-26SEP12-B83.5,Los Angeles 83° to 84°,no,370.87,NO,HIT
2026-09-13T15:34:03+00:00,WEATHER,KXHIGHLAX-26SEP12-B83.5,Los Angeles 83° to 84°,no,309.22,NO,HIT
2026-09-13T15:34:03+00:00,WEATHER,KXHIGHLAX-26SEP12-B83.5,Los Angeles 83° to 84°,no,381.68,NO,HIT
2026-09-13T15:34:03+00:00,WEATHER,KXHIGHLAX-26SEP12-B83.5,Los Angeles 83° to 84°,no,375.91,NO,HIT
2026-09-13T15:34:03+00:00,WEATHER,KXHIGHLAX-26SEP12-B83.5,Los Angeles 83° to 84°,no,488.83,NO,HIT
2026-09-13T15:34:03+00:00,WEATHER,KXHIGHLAX-26SEP12-B83.5,Los Angeles 83° to 84°,no,516.49,NO,HIT
2026-09-13T15:34:03+00:00,WEATHER,KXHIGHLAX-26SEP12-B83.5,Los Angeles 83° to 84°,no,1825.72,NO,HIT
2026-09-13T15:34:03+00:00,WEATHER,KXHIGHLAX-26SEP12-B83.5,Los Angeles 83° to 84°,no,619.14,NO,HIT
2026-09-13T15:34:03+00:00,WEATHER,KXHIGHLAX-26SEP12-B83.5,Los Angeles 83° to 84°,no,836.65,NO,HIT
2026-09-13T15:34:03+00:00,WEATHER,KXHIGHLAX-26SEP12-B83.5,Los Angeles 83° to 84°,no,1218.26,NO,HIT
2026-09-13T15:34:03+00:00,WEATHER,KXHIGHLAX-26SEP12-B83.5,Los Angeles 83° to 84°,no,516.49,NO,HIT
2026-09-13T15:34:03+00:00,WEATHER,KXHIGHLAX-26SEP12-B83.5,Los Angeles 83° to 84°,no,1825.72,NO,HIT
2026-09-13T15:34:03+00:00,WEATHER,KXHIGHLAX-26SEP12-B83.5,Los Angeles 83° to 84°,no,619.14,NO,HIT
2026-09-13T15:34:03+00:00,WEATHER,KXHIGHLAX-26SEP12-B83.5,Los Angeles 83° to 84°,no,836.65,NO,HIT
2026-09-13T15:34:03+00:00,WEATHER,KXHIGHLAX-26SEP12-B83.5,Los Angeles 83° to 84°,no,1218.26,NO,HIT
2026-09-13T15:34:03+00:00,WEATHER,KXHIGHLAX-26SEP12-B83.5,Los Angeles 83° to 84°,no,983.93,NO,HIT
2026-09-13T15:34:03+00:00,WEATHER,KXHIGHLAX-26SEP12-B81.5,Los Angeles 81° to 82°,no,387.61,YES,MISS
2026-09-13T15:34:03+00:00,WEATHER,KXHIGHLAX-26SEP12-B81.5,Los Angeles 81° to 82°,no,2007.2,YES,MISS
2026-09-13T15:34:03+00:00,WEATHER,KXHIGHLAX-26SEP12-B81.5,Los Angeles 81° to 82°,yes,936.49,YES,HIT
2026-09-13T15:34:03+00:00,WEATHER,KXHIGHLAX-26SEP12-B81.5,Los Angeles 81° to 82°,no,331.31,YES,MISS
2026-09-13T15:34:03+00:00,WEATHER,KXHIGHLAX-26SEP12-B81.5,Los Angeles 81° to 82°,no,753.49,YES,MISS
2026-09-13T15:34:03+00:00,WEATHER,KXHIGHLAX-26SEP12-B81.5,Los Angeles 81° to 82°,no,353.28,YES,MISS
2026-09-13T15:34:03+00:00,WEATHER,KXHIGHLAX-26SEP12-B81.5,Los Angeles 81° to 82°,no,290.14,YES,MISS
2026-09-13T15:34:03+00:00,WEATHER,KXHIGHLAX-26SEP12-B81.5,Los Angeles 81° to 82°,no,337.42,YES,MISS
2026-09-13T15:34:03+00:00,WEATHER,KXHIGHLAX-26SEP12-B81.5,Los Angeles 81° to 82°,yes,1165.61,YES,HIT
2026-09-13T15:34:03+00:00,WEATHER,KXHIGHLAX-26SEP12-B81.5,Los Angeles 81° to 82°,yes,1844.44,YES,HIT
2026-09-13T15:34:03+00:00,WEATHER,KXHIGHLAX-26SEP12-B81.5,Los Angeles 81° to 82°,yes,391.3,YES,HIT
2026-09-13T15:34:03+00:00,WEATHER,KXHIGHLAX-26SEP12-B81.5,Los Angeles 81° to 82°,yes,384.78,YES,HIT
2026-09-13T15:34:03+00:00,WEATHER,KXHIGHLAX-26SEP12-B81.5,Los Angeles 81° to 82°,yes,801.73,YES,HIT
2026-09-13T15:34:03+00:00,WEATHER,KXHIGHLAX-26SEP12-B81.5,Los Angeles 81° to 82°,yes,882.75,YES,HIT
2026-09-13T15:34:03+00:00,WEATHER,KXHIGHLAX-26SEP12-B81.5,Los Angeles 81° to 82°,yes,1165.61,YES,HIT
2026-09-13T15:34:03+00:00,WEATHER,KXHIGHLAX-26SEP12-B81.5,Los Angeles 81° to 82°,yes,1844.44,YES,HIT
2026-09-13T15:34:03+00:00,WEATHER,KXHIGHLAX-26SEP12-B81.5,Los Angeles 81° to 82°,yes,391.3,YES,HIT
2026-09-13T15:34:03+00:00,WEATHER,KXHIGHLAX-26SEP12-B81.5,Los Angeles 81° to 82°,yes,384.78,YES,HIT
2026-09-13T15:34:03+00:00,WEATHER,KXHIGHLAX-26SEP12-B81.5,Los Angeles 81° to 82°,yes,801.73,YES,HIT
2026-09-13T15:34:03+00:00,WEATHER,KXHIGHLAX-26SEP12-B81.5,Los Angeles 81° to 82°,yes,1144.43,YES,HIT
2026-09-13T15:34:03+00:00,WEATHER,KXHIGHLAX-26SEP12-B81.5,Los Angeles 81° to 82°,no,331.31,YES,MISS
2026-09-13T15:34:03+00:00,WEATHER,KXHIGHLAX-26SEP12-B81.5,Los Angeles 81° to 82°,no,753.49,YES,MISS
2026-09-13T15:34:03+00:00,WEATHER,KXHIGHLAX-26SEP12-B81.5,Los Angeles 81° to 82°,no,353.28,YES,MISS
2026-09-13T15:34:03+00:00,WEATHER,KXHIGHLAX-26SEP12-B81.5,Los Angeles 81° to 82°,no,290.14,YES,MISS
2026-09-13T15:34:03+00:00,WEATHER,KXHIGHLAX-26SEP12-B81.5,Los Angeles 81° to 82°,no,337.42,YES,MISS
2026-09-13T15:34:03+00:00,WEATHER,KXHIGHLAX-26SEP12-B81.5,Los Angeles 81° to 82°,yes,5011.98,YES,HIT
2026-09-13T15:34:03+00:00,WEATHER,KXHIGHLAX-26SEP12-B81.5,Los Angeles 81° to 82°,yes,436.5,YES,HIT
2026-09-13T15:34:03+00:00,WEATHER,KXHIGHLAX-26SEP12-B81.5,Los Angeles 81° to 82°,yes,1039.52,YES,HIT
2026-09-13T15:34:03+00:00,WEATHER,KXHIGHLAX-26SEP12-B81.5,Los Angeles 81° to 82°,yes,5011.98,YES,HIT
2026-09-13T15:34:03+00:00,WEATHER,KXHIGHLAX-26SEP12-B81.5,Los Angeles 81° to 82°,yes,436.5,YES,HIT
2026-09-13T15:34:03+00:00,WEATHER,KXHIGHLAX-26SEP12-B81.5,Los Angeles 81° to 82°,yes,1039.52,YES,HIT
2026-09-13T15:34:03+00:00,WEATHER,KXHIGHLAX-26SEP12-B81.5,Los Angeles 81° to 82°,yes,782.45,YES,HIT
2026-09-13T15:34:03+00:00,WEATHER,KXHIGHLAX-26SEP12-B81.5,Los Angeles 81° to 82°,yes,1979.33,YES,HIT
2026-09-13T15:34:03+00:00,WEATHER,KXHIGHLAX-26SEP12-B79.5,Los Angeles 79° to 80°,no,535.24,NO,HIT
2026-09-13T15:34:03+00:00,WEATHER,KXHIGHLAX-26SEP12-B79.5,Los Angeles 79° to 80°,no,376.76,NO,HIT
2026-09-13T15:34:03+00:00,WEATHER,KXHIGHLAX-26SEP12-B79.5,Los Angeles 79° to 80°,no,1233.41,NO,HIT
2026-09-13T15:34:03+00:00,WEATHER,KXHIGHLAX-26SEP12-B79.5,Los Angeles 79° to 80°,no,940.51,NO,HIT
2026-09-13T15:34:03+00:00,WEATHER,KXHIGHLAX-26SEP12-B79.5,Los Angeles 79° to 80°,no,363.23,NO,HIT
2026-09-13T15:34:03+00:00,WEATHER,KXHIGHLAX-26SEP12-B79.5,Los Angeles 79° to 80°,no,542.24,NO,HIT
2026-09-13T15:34:03+00:00,WEATHER,KXHIGHLAX-26SEP12-B79.5,Los Angeles 79° to 80°,no,786.1,NO,HIT
2026-09-13T15:34:03+00:00,WEATHER,KXHIGHLAX-26SEP12-B79.5,Los Angeles 79° to 80°,no,4715.74,NO,HIT
2026-09-13T15:34:03+00:00,WEATHER,KXHIGHLAX-26SEP12-B79.5,Los Angeles 79° to 80°,no,786.1,NO,HIT
2026-09-13T15:34:03+00:00,WEATHER,KXHIGHLAX-26SEP12-B79.5,Los Angeles 79° to 80°,no,4715.74,NO,HIT
2026-09-13T15:34:03+00:00,WEATHER,KXHIGHLAX-26SEP12-B77.5,Los Angeles 77° to 78°,no,319.92,NO,HIT
2026-09-13T15:34:03+00:00,WEATHER,KXHIGHLAX-26SEP12-B77.5,Los Angeles 77° to 78°,no,998.71,NO,HIT
2026-09-13T15:34:03+00:00,WEATHER,KXHIGHTLV-26SEP12-T99,Las Vegas 98° or below,no,469.23,NO,HIT
2026-09-13T15:34:03+00:00,WEATHER,KXHIGHTSEA-26SEP12-T66,Seattle 65° or below,no,262.03,NO,HIT
2026-09-13T15:34:03+00:00,WEATHER,KXHIGHTSEA-26SEP12-T66,Seattle 65° or below,no,251.98,NO,HIT
2026-09-13T15:34:03+00:00,WEATHER,KXHIGHTSEA-26SEP12-T66,Seattle 65° or below,no,453.95,NO,HIT
2026-09-13T15:34:03+00:00,WEATHER,KXHIGHTSEA-26SEP12-T66,Seattle 65° or below,no,400.11,NO,HIT
2026-09-13T15:34:03+00:00,WEATHER,KXHIGHTSEA-26SEP12-T66,Seattle 65° or below,no,400.11,NO,HIT
2026-09-13T15:34:03+00:00,WEATHER,KXHIGHTSEA-26SEP12-T66,Seattle 65° or below,no,324.14,NO,HIT
2026-09-13T15:34:03+00:00,WEATHER,KXHIGHTSEA-26SEP12-T66,Seattle 65° or below,no,263.71,NO,HIT
2026-09-13T15:34:03+00:00,WEATHER,KXHIGHTSEA-26SEP12-T66,Seattle 65° or below,no,324.14,NO,HIT
2026-09-13T15:34:03+00:00,WEATHER,KXHIGHTSEA-26SEP12-T66,Seattle 65° or below,no,263.71,NO,HIT
2026-09-13T15:34:03+00:00,WEATHER,KXHIGHTSFO-26SEP12-T74,San Francisco 75° or above,no,280.74,NO,HIT
2026-09-13T15:34:03+00:00,WEATHER,KXHIGHTSFO-26SEP12-T74,San Francisco 75° or above,no,291.06,NO,HIT
2026-09-13T15:34:03+00:00,WEATHER,KXHIGHTSFO-26SEP12-T74,San Francisco 75° or above,no,291.06,NO,HIT
2026-09-13T15:34:03+00:00,WEATHER,KXHIGHTSFO-26SEP12-T67,San Francisco 66° or below,no,304.95,NO,HIT
2026-09-13T15:34:03+00:00,WEATHER,KXHIGHTSFO-26SEP12-B73.5,San Francisco 73° to 74°,no,2295.29,NO,HIT
2026-09-13T15:34:03+00:00,WEATHER,KXHIGHTSEA-26SEP12-B66.5,Seattle 66° to 67°,no,319.71,YES,MISS
2026-09-13T15:34:03+00:00,WEATHER,KXHIGHTSEA-26SEP12-B66.5,Seattle 66° to 67°,yes,639.01,YES,HIT
2026-09-13T15:34:03+00:00,WEATHER,KXHIGHTSEA-26SEP12-B66.5,Seattle 66° to 67°,yes,1814.84,YES,HIT
2026-09-13T15:34:03+00:00,WEATHER,KXHIGHTSEA-26SEP12-B66.5,Seattle 66° to 67°,yes,1814.84,YES,HIT
2026-09-13T15:34:03+00:00,WEATHER,KXHIGHTPHX-26SEP12-T101,Phoenix 100° or below,no,399.71,NO,HIT
2026-09-13T15:34:03+00:00,WEATHER,KXHIGHTSFO-26SEP12-B69.5,San Francisco 69° to 70°,no,597.53,NO,HIT
2026-09-13T15:34:03+00:00,WEATHER,KXHIGHTSFO-26SEP12-B69.5,San Francisco 69° to 70°,no,1000.39,NO,HIT
2026-09-13T15:34:03+00:00,WEATHER,KXHIGHTSFO-26SEP12-B69.5,San Francisco 69° to 70°,no,1000.39,NO,HIT
2026-09-13T15:34:03+00:00,WEATHER,KXHIGHTSFO-26SEP12-B67.5,San Francisco 67° to 68°,no,374.64,NO,HIT
2026-09-13T15:34:03+00:00,WEATHER,KXHIGHTLV-26SEP12-B99.5,Las Vegas 99° to 100°,no,338.89,NO,HIT
2026-09-13T15:34:03+00:00,WEATHER,KXHIGHTLV-26SEP12-B99.5,Las Vegas 99° to 100°,no,338.89,NO,HIT
2026-09-13T15:34:03+00:00,WEATHER,KXHIGHTLV-26SEP12-B103.5,Las Vegas 103° to 104°,yes,295.46,NO,MISS
2026-09-13T15:34:03+00:00,WEATHER,KXHIGHTLV-26SEP12-B103.5,Las Vegas 103° to 104°,yes,295.46,NO,MISS
2026-09-13T15:34:03+00:00,WEATHER,KXHIGHTLV-26SEP12-B103.5,Las Vegas 103° to 104°,no,721.85,NO,HIT
2026-09-13T15:34:03+00:00,WEATHER,KXHIGHTLV-26SEP12-B103.5,Las Vegas 103° to 104°,no,397.0,NO,HIT
2026-09-13T15:34:03+00:00,WEATHER,KXHIGHTLV-26SEP12-B103.5,Las Vegas 103° to 104°,no,326.5,NO,HIT
2026-09-13T15:34:03+00:00,WEATHER,KXHIGHTLV-26SEP12-B103.5,Las Vegas 103° to 104°,no,397.0,NO,HIT
2026-09-13T15:34:03+00:00,WEATHER,KXHIGHTLV-26SEP12-B103.5,Las Vegas 103° to 104°,no,326.5,NO,HIT
2026-09-13T15:34:03+00:00,WEATHER,KXHIGHTPHX-26SEP12-B101.5,Phoenix 101° to 102°,no,387.48,NO,HIT
2026-09-13T15:34:03+00:00,WEATHER,KXHIGHTPHX-26SEP12-B101.5,Phoenix 101° to 102°,no,387.48,NO,HIT
2026-09-13T15:34:03+00:00,WEATHER,KXHIGHTSFO-26SEP12-B71.5,San Francisco 71° to 72°,yes,455.64,YES,HIT
2026-09-13T15:34:03+00:00,WEATHER,KXHIGHTSFO-26SEP12-B71.5,San Francisco 71° to 72°,yes,523.41,YES,HIT
2026-09-13T15:34:03+00:00,WEATHER,KXHIGHTSFO-26SEP12-B71.5,San Francisco 71° to 72°,yes,455.64,YES,HIT
2026-09-13T15:34:03+00:00,WEATHER,KXHIGHTSFO-26SEP12-B71.5,San Francisco 71° to 72°,yes,523.41,YES,HIT
2026-09-13T15:34:03+00:00,WEATHER,KXHIGHTSFO-26SEP12-B71.5,San Francisco 71° to 72°,yes,450.62,YES,HIT
2026-09-13T15:34:03+00:00,WEATHER,KXHIGHTLV-26SEP12-B101.5,Las Vegas 101° to 102°,yes,675.53,YES,HIT
2026-09-13T15:34:03+00:00,WEATHER,KXHIGHTLV-26SEP12-B101.5,Las Vegas 101° to 102°,yes,368.69,YES,HIT
2026-09-13T15:34:03+00:00,WEATHER,KXHIGHTLV-26SEP12-B101.5,Las Vegas 101° to 102°,yes,356.26,YES,HIT
2026-09-13T15:34:03+00:00,WEATHER,KXHIGHTLV-26SEP12-B101.5,Las Vegas 101° to 102°,yes,356.26,YES,HIT
2026-09-13T15:34:03+00:00,WEATHER,KXHIGHTPHX-26SEP12-B105.5,Phoenix 105° to 106°,no,588.37,NO,HIT
2026-09-13T15:34:03+00:00,WEATHER,KXHIGHTPHX-26SEP12-B105.5,Phoenix 105° to 106°,no,417.11,NO,HIT
2026-09-13T15:34:03+00:00,WEATHER,KXHIGHTPHX-26SEP12-B105.5,Phoenix 105° to 106°,no,417.11,NO,HIT
2026-09-13T15:34:03+00:00,WEATHER,KXHIGHTPHX-26SEP12-B103.5,Phoenix 103° to 104°,yes,758.59,YES,HIT
2026-09-13T15:34:03+00:00,WEATHER,KXHIGHTPHX-26SEP12-B103.5,Phoenix 103° to 104°,yes,512.55,YES,HIT
2026-09-13T15:34:03+00:00,WEATHER,KXHIGHTSEA-26SEP12-B72.5,Seattle 72° to 73°,no,363.45,NO,HIT
2026-09-13T15:34:03+00:00,WEATHER,KXHIGHTSEA-26SEP12-B70.5,Seattle 70° to 71°,no,985.18,NO,HIT
2026-09-13T15:34:03+00:00,WEATHER,KXHIGHTSEA-26SEP12-B68.5,Seattle 68° to 69°,no,774.57,NO,HIT
2026-09-13T15:34:03+00:00,WEATHER,KXHIGHTSEA-26SEP12-B68.5,Seattle 68° to 69°,no,991.11,NO,HIT
2026-09-13T15:34:03+00:00,WEATHER,KXHIGHTSEA-26SEP12-B68.5,Seattle 68° to 69°,no,991.11,NO,HIT
2026-09-13T17:34:01+00:00,TENNIS,KXWTAMATCH-26SEP13KICHIB-HIB,Nao Hibino,yes,1439.66,YES,HIT
2026-09-13T17:34:01+00:00,TENNIS,KXWTAMATCH-26SEP13KICHIB-HIB,Nao Hibino,yes,1566.76,YES,HIT
2026-09-13T17:34:01+00:00,TENNIS,KXWTAMATCH-26SEP13KICHIB-HIB,Nao Hibino,yes,1377.93,YES,HIT
2026-09-13T17:34:01+00:00,TENNIS,KXWTAMATCH-26SEP13KICHIB-HIB,Nao Hibino,yes,32498.61,YES,HIT
2026-09-13T17:34:01+00:00,TENNIS,KXWTAMATCH-26SEP13KICHIB-HIB,Nao Hibino,yes,13205.49,YES,HIT
2026-09-13T17:34:01+00:00,TENNIS,KXWTAMATCH-26SEP13KICHIB-HIB,Nao Hibino,yes,8454.51,YES,HIT
2026-09-13T17:34:01+00:00,TENNIS,KXWTAMATCH-26SEP13KICHIB-HIB,Nao Hibino,yes,1520.64,YES,HIT
2026-09-13T17:34:01+00:00,TENNIS,KXWTAMATCH-26SEP13KICHIB-HIB,Nao Hibino,yes,1392.98,YES,HIT
2026-09-13T17:34:01+00:00,TENNIS,KXWTAMATCH-26SEP13KICHIB-KIC,Nadiia Kichenok,no,9809.96,NO,HIT
2026-09-13T17:34:01+00:00,TENNIS,KXWTAMATCH-26SEP13KICHIB-KIC,Nadiia Kichenok,no,3128.46,NO,HIT
2026-09-13T17:34:01+00:00,TENNIS,KXWTAMATCH-26SEP13KICHIB-KIC,Nadiia Kichenok,no,6650.68,NO,HIT
2026-09-13T17:34:01+00:00,TENNIS,KXWTAMATCH-26SEP13KICHIB-KIC,Nadiia Kichenok,no,1435.25,NO,HIT
2026-09-13T19:34:02+00:00,MLB,KXMLBGAME-26SEP131210COLDET-COL,Colorado,yes,2689.4,NO,MISS
2026-09-13T19:34:02+00:00,MLB,KXMLBGAME-26SEP131210COLDET-COL,Colorado,yes,1960.21,NO,MISS
2026-09-13T19:34:02+00:00,MLB,KXMLBGAME-26SEP131210COLDET-COL,Colorado,yes,2401.25,NO,MISS
2026-09-13T19:34:02+00:00,MLB,KXMLBGAME-26SEP131210COLDET-COL,Colorado,no,2151.68,NO,HIT
2026-09-13T19:34:02+00:00,MLB,KXMLBGAME-26SEP131210COLDET-COL,Colorado,yes,4525.74,NO,MISS
2026-09-13T19:34:02+00:00,MLB,KXMLBGAME-26SEP131210COLDET-COL,Colorado,yes,132261.86,NO,MISS
2026-09-13T19:34:02+00:00,MLB,KXMLBGAME-26SEP131210COLDET-COL,Colorado,no,1146.6,NO,HIT
2026-09-13T19:34:02+00:00,MLB,KXMLBGAME-26SEP131210COLDET-COL,Colorado,no,1230.44,NO,HIT
2026-09-13T19:34:02+00:00,MLB,KXMLBGAME-26SEP131210COLDET-COL,Colorado,no,33765.4,NO,HIT
2026-09-13T19:34:02+00:00,MLB,KXMLBGAME-26SEP131210COLDET-COL,Colorado,no,1970.49,NO,HIT
2026-09-13T19:34:02+00:00,MLB,KXMLBGAME-26SEP131210COLDET-COL,Colorado,no,22716.9,NO,HIT
2026-09-13T19:34:02+00:00,MLB,KXMLBGAME-26SEP131210COLDET-COL,Colorado,no,6790.92,NO,HIT
2026-09-13T19:34:02+00:00,MLB,KXMLBGAME-26SEP131210COLDET-COL,Colorado,no,12796.12,NO,HIT
2026-09-13T19:34:02+00:00,MLB,KXMLBGAME-26SEP131210COLDET-DET,Detroit,yes,4633.94,YES,HIT
2026-09-13T19:34:02+00:00,MLB,KXMLBGAME-26SEP131210COLDET-DET,Detroit,yes,1206.28,YES,HIT
2026-09-13T19:34:02+00:00,MLB,KXMLBGAME-26SEP131210COLDET-DET,Detroit,yes,1204.77,YES,HIT
2026-09-13T19:34:02+00:00,MLB,KXMLBGAME-26SEP131210COLDET-DET,Detroit,yes,1773.52,YES,HIT
2026-09-13T19:34:02+00:00,MLB,KXMLBGAME-26SEP131210COLDET-DET,Detroit,yes,15481.65,YES,HIT
2026-09-13T19:34:02+00:00,MLB,KXMLBGAME-26SEP131210COLDET-DET,Detroit,yes,1426.72,YES,HIT
2026-09-13T19:34:02+00:00,MLB,KXMLBGAME-26SEP131210COLDET-DET,Detroit,yes,146843.69,YES,HIT
2026-09-13T19:34:02+00:00,MLB,KXMLBGAME-26SEP131210COLDET-DET,Detroit,no,30432.47,YES,MISS
2026-09-13T19:34:02+00:00,MLB,KXMLBGAME-26SEP131210COLDET-DET,Detroit,no,2709.08,YES,MISS
2026-09-13T19:34:02+00:00,MLB,KXMLBGAME-26SEP131210COLDET-DET,Detroit,no,1902.88,YES,MISS
2026-09-13T19:34:02+00:00,MLB,KXMLBGAME-26SEP131210COLDET-DET,Detroit,no,1224.78,YES,MISS
2026-09-13T19:34:02+00:00,MLB,KXMLBGAME-26SEP131210COLDET-DET,Detroit,no,1692.21,YES,MISS
2026-09-13T19:34:02+00:00,TENNIS,KXWTAMATCH-26SEP13MONSCO-MON,Carole Monnet,yes,1867.5,YES,HIT
2026-09-13T19:34:02+00:00,TENNIS,KXWTAMATCH-26SEP13MONSCO-MON,Carole Monnet,yes,4182.96,YES,HIT
2026-09-13T19:34:02+00:00,TENNIS,KXWTAMATCH-26SEP13MONSCO-MON,Carole Monnet,yes,1126.08,YES,HIT
2026-09-13T19:34:02+00:00,TENNIS,KXWTAMATCH-26SEP13MONSCO-MON,Carole Monnet,yes,2470.49,YES,HIT
2026-09-13T19:34:02+00:00,TENNIS,KXWTAMATCH-26SEP13MONSCO-MON,Carole Monnet,yes,32731.97,YES,HIT
2026-09-13T19:34:02+00:00,TENNIS,KXWTAMATCH-26SEP13MONSCO-MON,Carole Monnet,no,2144.61,YES,MISS
2026-09-13T19:34:02+00:00,TENNIS,KXWTAMATCH-26SEP13MONSCO-MON,Carole Monnet,no,1211.65,YES,MISS
2026-09-13T19:34:02+00:00,TENNIS,KXWTAMATCH-26SEP13MONSCO-MON,Carole Monnet,no,1152.18,YES,MISS
2026-09-13T19:34:02+00:00,TENNIS,KXWTAMATCH-26SEP13MONSCO-MON,Carole Monnet,yes,8105.71,YES,HIT
2026-09-13T19:34:02+00:00,TENNIS,KXWTAMATCH-26SEP13MONSCO-MON,Carole Monnet,no,8278.13,YES,MISS
2026-09-13T19:34:02+00:00,TENNIS,KXWTAMATCH-26SEP13MONSCO-SCO,Katrina Scott,yes,53835.7,NO,MISS
2026-09-13T19:34:02+00:00,TENNIS,KXWTAMATCH-26SEP13MONSCO-SCO,Katrina Scott,no,1614.78,NO,HIT
2026-09-13T19:34:02+00:00,TENNIS,KXWTAMATCH-26SEP13MONSCO-SCO,Katrina Scott,no,1092.13,NO,HIT
2026-09-13T19:34:02+00:00,TENNIS,KXWTAMATCH-26SEP13MONSCO-SCO,Katrina Scott,no,2219.28,NO,HIT
2026-09-13T19:34:02+00:00,TENNIS,KXWTAMATCH-26SEP13MONSCO-SCO,Katrina Scott,no,2398.89,NO,HIT
2026-09-13T19:34:02+00:00,TENNIS,KXWTAMATCH-26SEP13MONSCO-SCO,Katrina Scott,no,15310.05,NO,HIT
2026-09-13T19:34:02+00:00,TENNIS,KXWTAMATCH-26SEP13SORDOL-SOR,Sara Sorribes Tormo,yes,8319.26,NO,MISS
2026-09-13T19:34:02+00:00,TENNIS,KXWTAMATCH-26SEP13SORDOL-SOR,Sara Sorribes Tormo,yes,9516.4,NO,MISS
2026-09-13T19:34:02+00:00,TENNIS,KXWTAMATCH-26SEP13SORDOL-SOR,Sara Sorribes Tormo,yes,9330.09,NO,MISS
2026-09-13T19:34:02+00:00,TENNIS,KXWTAMATCH-26SEP13SORDOL-SOR,Sara Sorribes Tormo,no,2830.06,NO,HIT
2026-09-13T19:34:02+00:00,TENNIS,KXWTAMATCH-26SEP13SORDOL-SOR,Sara Sorribes Tormo,no,5111.03,NO,HIT
2026-09-13T19:34:02+00:00,TENNIS,KXWTAMATCH-26SEP13SORDOL-SOR,Sara Sorribes Tormo,yes,5567.05,NO,MISS
2026-09-13T19:34:02+00:00,TENNIS,KXWTAMATCH-26SEP13SORDOL-SOR,Sara Sorribes Tormo,no,1697.57,NO,HIT
2026-09-13T19:34:02+00:00,TENNIS,KXWTAMATCH-26SEP13SORDOL-SOR,Sara Sorribes Tormo,no,1349.66,NO,HIT
2026-09-13T19:34:02+00:00,TENNIS,KXWTAMATCH-26SEP13SORDOL-DOL,Caroline Dolehide,yes,1157.16,YES,HIT
2026-09-13T19:34:02+00:00,TENNIS,KXWTAMATCH-26SEP13SORDOL-DOL,Caroline Dolehide,yes,2327.93,YES,HIT
2026-09-13T19:34:02+00:00,TENNIS,KXWTAMATCH-26SEP13SORDOL-DOL,Caroline Dolehide,yes,2352.51,YES,HIT
2026-09-13T19:34:02+00:00,TENNIS,KXWTAMATCH-26SEP13SORDOL-DOL,Caroline Dolehide,yes,46155.17,YES,HIT
2026-09-13T19:34:02+00:00,TENNIS,KXWTAMATCH-26SEP13SORDOL-DOL,Caroline Dolehide,no,1678.9,YES,MISS
2026-09-13T19:34:02+00:00,TENNIS,KXWTAMATCH-26SEP13SORDOL-DOL,Caroline Dolehide,no,2225.54,YES,MISS
2026-09-13T19:34:02+00:00,TENNIS,KXWTAMATCH-26SEP13SORDOL-DOL,Caroline Dolehide,no,3187.31,YES,MISS
2026-09-13T19:34:02+00:00,TENNIS,KXWTAMATCH-26SEP13SORDOL-DOL,Caroline Dolehide,no,4324.54,YES,MISS
2026-09-13T19:34:02+00:00,TENNIS,KXWTAMATCH-26SEP13SORDOL-DOL,Caroline Dolehide,no,1280.15,YES,MISS
2026-09-13T19:34:02+00:00,TENNIS,KXWTAMATCH-26SEP13SHYLEA-SHY,Iryna Shymanovich,yes,4275.78,YES,HIT
2026-09-13T19:34:02+00:00,TENNIS,KXWTAMATCH-26SEP13SHYLEA-SHY,Iryna Shymanovich,yes,1489.57,YES,HIT
2026-09-13T21:34:03+00:00,NFL,KXNFLGAME-26SEP13BUFHOU-HOU,Houston,yes,1161.09,NO,MISS
2026-09-13T21:34:03+00:00,NFL,KXNFLGAME-26SEP13BUFHOU-HOU,Houston,yes,2086.76,NO,MISS
2026-09-13T21:34:03+00:00,NFL,KXNFLGAME-26SEP13BUFHOU-HOU,Houston,yes,1067.47,NO,MISS
2026-09-13T21:34:03+00:00,NFL,KXNFLGAME-26SEP13BUFHOU-HOU,Houston,yes,3150.6,NO,MISS
2026-09-13T21:34:03+00:00,NFL,KXNFLGAME-26SEP13BUFHOU-HOU,Houston,yes,1552.9,NO,MISS
2026-09-13T21:34:03+00:00,NFL,KXNFLGAME-26SEP13BUFHOU-HOU,Houston,yes,1003.47,NO,MISS
2026-09-13T21:34:03+00:00,NFL,KXNFLGAME-26SEP13BUFHOU-HOU,Houston,no,2102.82,NO,HIT
2026-09-13T21:34:03+00:00,NFL,KXNFLGAME-26SEP13BUFHOU-HOU,Houston,no,13090.85,NO,HIT
2026-09-13T21:34:03+00:00,NFL,KXNFLGAME-26SEP13BUFHOU-HOU,Houston,no,13250.0,NO,HIT
2026-09-13T21:34:03+00:00,NFL,KXNFLGAME-26SEP13BUFHOU-HOU,Houston,no,2756.37,NO,HIT
2026-09-13T21:34:03+00:00,NFL,KXNFLGAME-26SEP13BUFHOU-HOU,Houston,yes,1464.71,NO,MISS
2026-09-13T21:34:03+00:00,NFL,KXNFLGAME-26SEP13BUFHOU-HOU,Houston,yes,4779.66,NO,MISS
2026-09-13T21:34:03+00:00,NFL,KXNFLGAME-26SEP13BUFHOU-HOU,Houston,yes,4875.96,NO,MISS
2026-09-13T21:34:03+00:00,NFL,KXNFLGAME-26SEP13BUFHOU-HOU,Houston,yes,1344.5,NO,MISS
2026-09-13T21:34:03+00:00,NFL,KXNFLGAME-26SEP13BUFHOU-HOU,Houston,no,2700.54,NO,HIT
2026-09-13T21:34:03+00:00,NFL,KXNFLGAME-26SEP13BUFHOU-HOU,Houston,yes,4875.96,NO,MISS
2026-09-13T21:34:03+00:00,NFL,KXNFLGAME-26SEP13BUFHOU-HOU,Houston,yes,1344.5,NO,MISS
2026-09-13T21:34:03+00:00,NFL,KXNFLGAME-26SEP13BUFHOU-HOU,Houston,no,2700.54,NO,HIT
2026-09-13T21:34:03+00:00,NFL,KXNFLGAME-26SEP13BUFHOU-HOU,Houston,yes,1336.02,NO,MISS
2026-09-13T21:34:03+00:00,NFL,KXNFLGAME-26SEP13BUFHOU-HOU,Houston,yes,2958.08,NO,MISS
2026-09-13T21:34:03+00:00,NFL,KXNFLGAME-26SEP13BUFHOU-HOU,Houston,yes,1726.51,NO,MISS
2026-09-13T21:34:03+00:00,NFL,KXNFLGAME-26SEP13BUFHOU-HOU,Houston,yes,1336.02,NO,MISS
2026-09-13T21:34:03+00:00,NFL,KXNFLGAME-26SEP13BUFHOU-HOU,Houston,yes,2958.08,NO,MISS
2026-09-13T21:34:03+00:00,NFL,KXNFLGAME-26SEP13BUFHOU-HOU,Houston,yes,1726.51,NO,MISS
2026-09-13T21:34:03+00:00,NFL,KXNFLGAME-26SEP13BUFHOU-HOU,Houston,yes,2099.43,NO,MISS
2026-09-13T21:34:03+00:00,NFL,KXNFLGAME-26SEP13BUFHOU-HOU,Houston,yes,1555.22,NO,MISS
2026-09-13T21:34:03+00:00,NFL,KXNFLGAME-26SEP13BUFHOU-HOU,Houston,yes,1003.58,NO,MISS
2026-09-13T21:34:03+00:00,NFL,KXNFLGAME-26SEP13BUFHOU-HOU,Houston,yes,3323.57,NO,MISS
2026-09-13T21:34:03+00:00,NFL,KXNFLGAME-26SEP13BUFHOU-HOU,Houston,yes,103852.99,NO,MISS
2026-09-13T21:34:03+00:00,NFL,KXNFLGAME-26SEP13BUFHOU-HOU,Houston,yes,1003.58,NO,MISS
2026-09-13T21:34:03+00:00,NFL,KXNFLGAME-26SEP13BUFHOU-HOU,Houston,yes,3323.57,NO,MISS
2026-09-13T21:34:03+00:00,NFL,KXNFLGAME-26SEP13BUFHOU-HOU,Houston,yes,104613.53,NO,MISS
2026-09-13T21:34:03+00:00,NFL,KXNFLGAME-26SEP13BUFHOU-HOU,Houston,yes,1709.5,NO,MISS
2026-09-13T21:34:03+00:00,NFL,KXNFLGAME-26SEP13BUFHOU-HOU,Houston,yes,24335.1,NO,MISS
2026-09-13T21:34:03+00:00,NFL,KXNFLGAME-26SEP13BUFHOU-HOU,Houston,yes,14055.85,NO,MISS
2026-09-13T21:34:03+00:00,NFL,KXNFLGAME-26SEP13BUFHOU-HOU,Houston,yes,1247.99,NO,MISS
2026-09-13T21:34:03+00:00,NFL,KXNFLGAME-26SEP13BUFHOU-HOU,Houston,yes,2835.93,NO,MISS
2026-09-13T21:34:03+00:00,NFL,KXNFLGAME-26SEP13BUFHOU-HOU,Houston,yes,1521.2,NO,MISS
2026-09-13T21:34:03+00:00,NFL,KXNFLGAME-26SEP13BUFHOU-HOU,Houston,yes,5325.33,NO,MISS
2026-09-13T21:34:03+00:00,NFL,KXNFLGAME-26SEP13BUFHOU-HOU,Houston,yes,1178.68,NO,MISS
2026-09-13T21:34:03+00:00,NFL,KXNFLGAME-26SEP13BUFHOU-HOU,Houston,yes,1952.78,NO,MISS
2026-09-13T21:34:03+00:00,NFL,KXNFLGAME-26SEP13BUFHOU-HOU,Houston,yes,15368.6,NO,MISS
2026-09-13T21:34:03+00:00,NFL,KXNFLGAME-26SEP13BUFHOU-HOU,Houston,no,3022.89,NO,HIT
2026-09-13T21:34:03+00:00,NFL,KXNFLGAME-26SEP13BUFHOU-HOU,Houston,yes,488586.62,NO,MISS
2026-09-13T21:34:03+00:00,NFL,KXNFLGAME-26SEP13BUFHOU-HOU,Houston,no,74484.32,NO,HIT
2026-09-13T21:34:03+00:00,NFL,KXNFLGAME-26SEP13BUFHOU-HOU,Houston,yes,367251.34,NO,MISS
2026-09-13T21:34:03+00:00,NFL,KXNFLGAME-26SEP13BUFHOU-HOU,Houston,no,201286.31,NO,HIT
2026-09-13T21:34:03+00:00,NFL,KXNFLGAME-26SEP13BUFHOU-HOU,Houston,yes,401422.42,NO,MISS
2026-09-13T21:34:03+00:00,NFL,KXNFLGAME-26SEP13BUFHOU-HOU,Houston,no,211269.43,NO,HIT
2026-09-13T21:34:03+00:00,NFL,KXNFLGAME-26SEP13BUFHOU-BUF,Buffalo,yes,1279.24,YES,HIT
2026-09-13T21:34:03+00:00,NFL,KXNFLGAME-26SEP13BUFHOU-BUF,Buffalo,yes,3542.97,YES,HIT
2026-09-13T21:34:03+00:00,NFL,KXNFLGAME-26SEP13BUFHOU-BUF,Buffalo,yes,1057.74,YES,HIT
2026-09-13T21:34:03+00:00,NFL,KXNFLGAME-26SEP13BUFHOU-BUF,Buffalo,yes,1238.09,YES,HIT
2026-09-13T21:34:03+00:00,NFL,KXNFLGAME-26SEP13BUFHOU-BUF,Buffalo,yes,4448.2,YES,HIT
2026-09-13T21:34:03+00:00,NFL,KXNFLGAME-26SEP13BUFHOU-BUF,Buffalo,yes,2713.54,YES,HIT
2026-09-13T21:34:03+00:00,NFL,KXNFLGAME-26SEP13BUFHOU-BUF,Buffalo,yes,1015.29,YES,HIT
2026-09-13T21:34:03+00:00,NFL,KXNFLGAME-26SEP13BUFHOU-BUF,Buffalo,yes,1271.0,YES,HIT
2026-09-13T21:34:03+00:00,NFL,KXNFLGAME-26SEP13BUFHOU-BUF,Buffalo,yes,1296.82,YES,HIT
2026-09-13T21:34:03+00:00,NFL,KXNFLGAME-26SEP13BUFHOU-BUF,Buffalo,yes,1462.25,YES,HIT
2026-09-13T21:34:03+00:00,NFL,KXNFLGAME-26SEP13BUFHOU-BUF,Buffalo,yes,2209.14,YES,HIT
2026-09-13T21:34:03+00:00,NFL,KXNFLGAME-26SEP13BUFHOU-BUF,Buffalo,yes,4051.05,YES,HIT
2026-09-13T21:34:03+00:00,NFL,KXNFLGAME-26SEP13BUFHOU-BUF,Buffalo,yes,1684.08,YES,HIT
2026-09-13T21:34:03+00:00,NFL,KXNFLGAME-26SEP13BUFHOU-BUF,Buffalo,yes,1686.66,YES,HIT
2026-09-13T21:34:03+00:00,NFL,KXNFLGAME-26SEP13BUFHOU-BUF,Buffalo,yes,1540.7,YES,HIT
2026-09-13T21:34:03+00:00,NFL,KXNFLGAME-26SEP13BUFHOU-BUF,Buffalo,yes,1392.9,YES,HIT
2026-09-13T21:34:03+00:00,NFL,KXNFLGAME-26SEP13BUFHOU-BUF,Buffalo,yes,1831.27,YES,HIT
2026-09-13T21:34:03+00:00,NFL,KXNFLGAME-26SEP13BUFHOU-BUF,Buffalo,yes,12168.68,YES,HIT
2026-09-13T21:34:03+00:00,NFL,KXNFLGAME-26SEP13BUFHOU-BUF,Buffalo,yes,1831.27,YES,HIT
2026-09-13T21:34:03+00:00,NFL,KXNFLGAME-26SEP13BUFHOU-BUF,Buffalo,yes,12168.68,YES,HIT
2026-09-13T21:34:03+00:00,NFL,KXNFLGAME-26SEP13BUFHOU-BUF,Buffalo,yes,3827.5,YES,HIT
2026-09-13T21:34:03+00:00,NFL,KXNFLGAME-26SEP13BUFHOU-BUF,Buffalo,yes,1237.7,YES,HIT
2026-09-13T21:34:03+00:00,NFL,KXNFLGAME-26SEP13BUFHOU-BUF,Buffalo,yes,1565.19,YES,HIT
2026-09-13T21:34:03+00:00,NFL,KXNFLGAME-26SEP13BUFHOU-BUF,Buffalo,yes,3827.5,YES,HIT
2026-09-13T21:34:03+00:00,NFL,KXNFLGAME-26SEP13BUFHOU-BUF,Buffalo,yes,1237.7,YES,HIT
2026-09-13T21:34:03+00:00,NFL,KXNFLGAME-26SEP13BUFHOU-BUF,Buffalo,yes,1642.18,YES,HIT
2026-09-13T21:34:03+00:00,NFL,KXNFLGAME-26SEP13BUFHOU-BUF,Buffalo,yes,2309.63,YES,HIT
2026-09-13T21:34:03+00:00,NFL,KXNFLGAME-26SEP13BUFHOU-BUF,Buffalo,yes,8766.23,YES,HIT
2026-09-13T21:34:03+00:00,NFL,KXNFLGAME-26SEP13BUFHOU-BUF,Buffalo,yes,4409.19,YES,HIT
2026-09-13T21:34:03+00:00,NFL,KXNFLGAME-26SEP13BUFHOU-BUF,Buffalo,yes,3969.27,YES,HIT
2026-09-13T21:34:03+00:00,NFL,KXNFLGAME-26SEP13BUFHOU-BUF,Buffalo,yes,4409.19,YES,HIT
2026-09-13T21:34:03+00:00,NFL,KXNFLGAME-26SEP13BUFHOU-BUF,Buffalo,yes,5019.76,YES,HIT
2026-09-13T21:34:03+00:00,NFL,KXNFLGAME-26SEP13BUFHOU-BUF,Buffalo,yes,7750.21,YES,HIT
2026-09-13T21:34:03+00:00,NFL,KXNFLGAME-26SEP13BUFHOU-BUF,Buffalo,yes,3423.57,YES,HIT
2026-09-13T21:34:03+00:00,NFL,KXNFLGAME-26SEP13BUFHOU-BUF,Buffalo,yes,7834.56,YES,HIT
2026-09-13T21:34:03+00:00,NFL,KXNFLGAME-26SEP13BUFHOU-BUF,Buffalo,yes,2197.92,YES,HIT
2026-09-13T21:34:03+00:00,NFL,KXNFLGAME-26SEP13BUFHOU-BUF,Buffalo,yes,1180.81,YES,HIT
2026-09-13T21:34:03+00:00,NFL,KXNFLGAME-26SEP13BUFHOU-BUF,Buffalo,yes,10376.77,YES,HIT
2026-09-13T21:34:03+00:00,NFL,KXNFLGAME-26SEP13BUFHOU-BUF,Buffalo,no,1473.81,YES,MISS
2026-09-13T21:34:03+00:00,NFL,KXNFLGAME-26SEP13BUFHOU-BUF,Buffalo,yes,439637.91,YES,HIT
2026-09-13T21:34:03+00:00,NFL,KXNFLGAME-26SEP13BUFHOU-BUF,Buffalo,no,49754.87,YES,MISS
2026-09-13T21:34:03+00:00,NFL,KXNFLGAME-26SEP13BUFHOU-BUF,Buffalo,no,1269.06,YES,MISS
2026-09-13T21:34:03+00:00,NFL,KXNFLGAME-26SEP13BUFHOU-BUF,Buffalo,no,1709.64,YES,MISS
2026-09-13T21:34:03+00:00,NFL,KXNFLGAME-26SEP13BUFHOU-BUF,Buffalo,yes,564176.56,YES,HIT
2026-09-13T21:34:03+00:00,NFL,KXNFLGAME-26SEP13BUFHOU-BUF,Buffalo,no,29773.67,YES,MISS
2026-09-13T21:34:03+00:00,NFL,KXNFLGAME-26SEP13BUFHOU-BUF,Buffalo,yes,572443.18,YES,HIT
2026-09-13T21:34:03+00:00,NFL,KXNFLGAME-26SEP13BUFHOU-BUF,Buffalo,no,127657.17,YES,MISS
2026-09-13T21:34:03+00:00,NFL,KXNFLGAME-26SEP13BUFHOU-BUF,Buffalo,yes,658617.41,YES,HIT
2026-09-13T21:34:03+00:00,NFL,KXNFLGAME-26SEP13BUFHOU-BUF,Buffalo,no,93470.43,YES,MISS
2026-09-13T21:34:03+00:00,NFL,KXNFLGAME-26SEP13NODET-NO,New Orleans,yes,1299.58,NO,MISS
2026-09-13T21:34:03+00:00,NFL,KXNFLGAME-26SEP13NODET-NO,New Orleans,yes,1814.11,NO,MISS
2026-09-13T21:34:03+00:00,NFL,KXNFLGAME-26SEP13NODET-NO,New Orleans,yes,1814.11,NO,MISS
2026-09-13T21:34:03+00:00,NFL,KXNFLGAME-26SEP13NODET-NO,New Orleans,no,1022.34,NO,HIT
2026-09-13T21:34:03+00:00,NFL,KXNFLGAME-26SEP13NODET-NO,New Orleans,no,1503.85,NO,HIT
2026-09-13T21:34:03+00:00,NFL,KXNFLGAME-26SEP13NODET-NO,New Orleans,yes,2279.42,NO,MISS
2026-09-13T21:34:03+00:00,NFL,KXNFLGAME-26SEP13NODET-NO,New Orleans,yes,1643.19,NO,MISS
2026-09-13T21:34:03+00:00,NFL,KXNFLGAME-26SEP13NODET-NO,New Orleans,no,7500.0,NO,HIT
2026-09-13T21:34:03+00:00,NFL,KXNFLGAME-26SEP13NODET-NO,New Orleans,yes,7769.54,NO,MISS
2026-09-13T21:34:03+00:00,NFL,KXNFLGAME-26SEP13NODET-NO,New Orleans,yes,1927.99,NO,MISS
2026-09-13T21:34:03+00:00,NFL,KXNFLGAME-26SEP13NODET-NO,New Orleans,yes,1527.75,NO,MISS
2026-09-13T21:34:03+00:00,NFL,KXNFLGAME-26SEP13NODET-NO,New Orleans,no,1371.27,NO,HIT
2026-09-13T21:34:03+00:00,NFL,KXNFLGAME-26SEP13NODET-NO,New Orleans,no,1699.58,NO,HIT
2026-09-13T21:34:03+00:00,NFL,KXNFLGAME-26SEP13NODET-NO,New Orleans,no,62553.97,NO,HIT
2026-09-13T21:34:03+00:00,NFL,KXNFLGAME-26SEP13NODET-NO,New Orleans,yes,177763.03,NO,MISS
2026-09-13T21:34:03+00:00,NFL,KXNFLGAME-26SEP13NODET-NO,New Orleans,no,209877.72,NO,HIT
2026-09-13T21:34:03+00:00,NFL,KXNFLGAME-26SEP13NODET-NO,New Orleans,no,11532.54,NO,HIT
2026-09-13T21:34:03+00:00,NFL,KXNFLGAME-26SEP13NODET-NO,New Orleans,no,262049.82,NO,HIT
2026-09-13T21:34:03+00:00,NFL,KXNFLGAME-26SEP13NODET-NO,New Orleans,no,158538.43,NO,HIT
2026-09-13T21:34:03+00:00,NFL,KXNFLGAME-26SEP13NODET-NO,New Orleans,yes,167730.86,NO,MISS
2026-09-13T21:34:03+00:00,NFL,KXNFLGAME-26SEP13NODET-DET,Detroit,yes,1270.53,YES,HIT
2026-09-13T21:34:03+00:00,NFL,KXNFLGAME-26SEP13NODET-DET,Detroit,yes,6902.96,YES,HIT
2026-09-13T21:34:03+00:00,NFL,KXNFLGAME-26SEP13NODET-DET,Detroit,yes,1646.54,YES,HIT
2026-09-13T21:34:03+00:00,NFL,KXNFLGAME-26SEP13NODET-DET,Detroit,yes,1223.41,YES,HIT
2026-09-13T21:34:03+00:00,NFL,KXNFLGAME-26SEP13NODET-DET,Detroit,yes,5231.56,YES,HIT
2026-09-13T21:34:03+00:00,NFL,KXNFLGAME-26SEP13NODET-DET,Detroit,yes,2462.34,YES,HIT
2026-09-13T21:34:03+00:00,NFL,KXNFLGAME-26SEP13NODET-DET,Detroit,yes,1027.28,YES,HIT
2026-09-13T21:34:03+00:00,NFL,KXNFLGAME-26SEP13NODET-DET,Detroit,yes,5459.85,YES,HIT
2026-09-13T21:34:03+00:00,NFL,KXNFLGAME-26SEP13NODET-DET,Detroit,yes,1181.33,YES,HIT
2026-09-13T21:34:03+00:00,NFL,KXNFLGAME-26SEP13NODET-DET,Detroit,yes,3317.81,YES,HIT
2026-09-13T21:34:03+00:00,NFL,KXNFLGAME-26SEP13NODET-DET,Detroit,yes,5459.85,YES,HIT
2026-09-13T21:34:03+00:00,NFL,KXNFLGAME-26SEP13NODET-DET,Detroit,yes,1181.33,YES,HIT
2026-09-13T21:34:03+00:00,NFL,KXNFLGAME-26SEP13NODET-DET,Detroit,yes,3685.45,YES,HIT
2026-09-13T21:34:03+00:00,NFL,KXNFLGAME-26SEP13NODET-DET,Detroit,yes,8332.77,YES,HIT
2026-09-13T21:34:03+00:00,NFL,KXNFLGAME-26SEP13NODET-DET,Detroit,yes,1426.53,YES,HIT
2026-09-13T21:34:03+00:00,NFL,KXNFLGAME-26SEP13NODET-DET,Detroit,yes,2268.04,YES,HIT
2026-09-13T21:34:03+00:00,NFL,KXNFLGAME-26SEP13NODET-DET,Detroit,yes,33143.14,YES,HIT
2026-09-13T21:34:03+00:00,NFL,KXNFLGAME-26SEP13NODET-DET,Detroit,yes,3725.09,YES,HIT
2026-09-13T21:34:03+00:00,NFL,KXNFLGAME-26SEP13NODET-DET,Detroit,yes,1306.39,YES,HIT
2026-09-13T21:34:03+00:00,NFL,KXNFLGAME-26SEP13NODET-DET,Detroit,yes,6724.12,YES,HIT
2026-09-13T21:34:03+00:00,NFL,KXNFLGAME-26SEP13NODET-DET,Detroit,yes,1207.88,YES,HIT
2026-09-13T21:34:03+00:00,NFL,KXNFLGAME-26SEP13NODET-DET,Detroit,yes,1235.13,YES,HIT
2026-09-13T21:34:03+00:00,NFL,KXNFLGAME-26SEP13NODET-DET,Detroit,yes,3786.11,YES,HIT
2026-09-13T21:34:03+00:00,NFL,KXNFLGAME-26SEP13NODET-DET,Detroit,yes,1159.47,YES,HIT
2026-09-13T21:34:03+00:00,NFL,KXNFLGAME-26SEP13NODET-DET,Detroit,yes,1167.81,YES,HIT
2026-09-13T21:34:03+00:00,NFL,KXNFLGAME-26SEP13NODET-DET,Detroit,yes,43198.91,YES,HIT
2026-09-13T21:34:03+00:00,NFL,KXNFLGAME-26SEP13NODET-DET,Detroit,no,4272.09,YES,MISS
2026-09-13T21:34:03+00:00,NFL,KXNFLGAME-26SEP13NODET-DET,Detroit,no,2042.16,YES,MISS
2026-09-13T21:34:03+00:00,NFL,KXNFLGAME-26SEP13NODET-DET,Detroit,yes,1020271.6,YES,HIT
2026-09-13T21:34:03+00:00,NFL,KXNFLGAME-26SEP13NODET-DET,Detroit,no,43411.3,YES,MISS
2026-09-13T21:34:03+00:00,NFL,KXNFLGAME-26SEP13NODET-DET,Detroit,yes,1022530.29,YES,HIT
2026-09-13T21:34:03+00:00,NFL,KXNFLGAME-26SEP13NYJTEN-NYJ,New York J,yes,3385.56,YES,HIT
2026-09-13T21:34:03+00:00,NFL,KXNFLGAME-26SEP13NYJTEN-NYJ,New York J,yes,7009.6,YES,HIT
2026-09-13T21:34:03+00:00,NFL,KXNFLGAME-26SEP13NYJTEN-NYJ,New York J,yes,2426.96,YES,HIT
2026-09-13T21:34:03+00:00,NFL,KXNFLGAME-26SEP13NYJTEN-NYJ,New York J,yes,7009.6,YES,HIT
2026-09-13T21:34:03+00:00,NFL,KXNFLGAME-26SEP13NYJTEN-NYJ,New York J,yes,2426.96,YES,HIT
2026-09-13T21:34:03+00:00,NFL,KXNFLGAME-26SEP13NYJTEN-NYJ,New York J,yes,1784.09,YES,HIT
2026-09-13T21:34:03+00:00,NFL,KXNFLGAME-26SEP13NYJTEN-NYJ,New York J,yes,1557.06,YES,HIT
2026-09-13T21:34:03+00:00,NFL,KXNFLGAME-26SEP13NYJTEN-NYJ,New York J,yes,1051.29,YES,HIT
2026-09-13T21:34:03+00:00,NFL,KXNFLGAME-26SEP13NYJTEN-NYJ,New York J,yes,2746.33,YES,HIT
2026-09-13T21:34:03+00:00,NFL,KXNFLGAME-26SEP13NYJTEN-NYJ,New York J,yes,5976.08,YES,HIT
2026-09-13T21:34:03+00:00,NFL,KXNFLGAME-26SEP13NYJTEN-NYJ,New York J,yes,1643.9,YES,HIT
2026-09-13T21:34:03+00:00,NFL,KXNFLGAME-26SEP13NYJTEN-NYJ,New York J,yes,1591.44,YES,HIT
2026-09-13T21:34:03+00:00,NFL,KXNFLGAME-26SEP13NYJTEN-NYJ,New York J,yes,1993.72,YES,HIT
2026-09-13T21:34:03+00:00,NFL,KXNFLGAME-26SEP13NYJTEN-NYJ,New York J,yes,1968.5,YES,HIT
2026-09-13T21:34:03+00:00,NFL,KXNFLGAME-26SEP13NYJTEN-NYJ,New York J,yes,1033.59,YES,HIT
2026-09-13T21:34:03+00:00,NFL,KXNFLGAME-26SEP13NYJTEN-NYJ,New York J,yes,3809.71,YES,HIT
2026-09-13T21:34:03+00:00,NFL,KXNFLGAME-26SEP13NYJTEN-NYJ,New York J,yes,3157.34,YES,HIT
2026-09-13T21:34:03+00:00,NFL,KXNFLGAME-26SEP13NYJTEN-NYJ,New York J,no,1008.52,YES,MISS
2026-09-13T21:34:03+00:00,NFL,KXNFLGAME-26SEP13NYJTEN-NYJ,New York J,no,4837.46,YES,MISS
2026-09-13T21:34:03+00:00,NFL,KXNFLGAME-26SEP13NYJTEN-NYJ,New York J,no,23221.15,YES,MISS
2026-09-13T21:34:03+00:00,NFL,KXNFLGAME-26SEP13NYJTEN-NYJ,New York J,no,3259.12,YES,MISS
2026-09-13T21:34:03+00:00,NFL,KXNFLGAME-26SEP13NYJTEN-NYJ,New York J,no,9419.72,YES,MISS
2026-09-13T21:34:03+00:00,NFL,KXNFLGAME-26SEP13NYJTEN-NYJ,New York J,no,11826.72,YES,MISS
2026-09-13T21:34:03+00:00,NFL,KXNFLGAME-26SEP13NYJTEN-NYJ,New York J,yes,2618.9,YES,HIT
2026-09-13T21:34:03+00:00,NFL,KXNFLGAME-26SEP13TBCIN-TB,Tampa Bay,yes,1028.52,NO,MISS
2026-09-13T21:34:03+00:00,NFL,KXNFLGAME-26SEP13TBCIN-TB,Tampa Bay,yes,4817.64,NO,MISS
2026-09-13T21:34:03+00:00,NFL,KXNFLGAME-26SEP13TBCIN-TB,Tampa Bay,yes,4817.64,NO,MISS
2026-09-13T21:34:03+00:00,NFL,KXNFLGAME-26SEP13TBCIN-TB,Tampa Bay,yes,3206.03,NO,MISS
2026-09-13T21:34:03+00:00,NFL,KXNFLGAME-26SEP13TBCIN-TB,Tampa Bay,yes,4264.9,NO,MISS
2026-09-13T21:34:03+00:00,NFL,KXNFLGAME-26SEP13TBCIN-TB,Tampa Bay,yes,1012.44,NO,MISS
2026-09-13T21:34:03+00:00,NFL,KXNFLGAME-26SEP13TBCIN-TB,Tampa Bay,yes,3349.22,NO,MISS
2026-09-13T21:34:03+00:00,NFL,KXNFLGAME-26SEP13TBCIN-TB,Tampa Bay,no,3900.0,NO,HIT
2026-09-13T21:34:03+00:00,NFL,KXNFLGAME-26SEP13TBCIN-TB,Tampa Bay,no,1300.0,NO,HIT
2026-09-13T21:34:03+00:00,NFL,KXNFLGAME-26SEP13TBCIN-TB,Tampa Bay,no,14715.86,NO,HIT
2026-09-13T21:34:03+00:00,NFL,KXNFLGAME-26SEP13TBCIN-TB,Tampa Bay,no,30314.9,NO,HIT
2026-09-13T21:34:03+00:00,NFL,KXNFLGAME-26SEP13TBCIN-TB,Tampa Bay,yes,170733.03,NO,MISS
2026-09-13T21:34:03+00:00,NFL,KXNFLGAME-26SEP13TBCIN-TB,Tampa Bay,no,129453.01,NO,HIT
2026-09-13T21:34:03+00:00,NFL,KXNFLGAME-26SEP13TBCIN-TB,Tampa Bay,no,243111.91,NO,HIT
2026-09-13T21:34:03+00:00,NFL,KXNFLGAME-26SEP13TBCIN-TB,Tampa Bay,yes,157342.81,NO,MISS
2026-09-13T21:34:03+00:00,NFL,KXNFLGAME-26SEP13TBCIN-TB,Tampa Bay,no,87427.96,NO,HIT
2026-09-13T21:34:03+00:00,NFL,KXNFLGAME-26SEP13TBCIN-CIN,Cincinnati,yes,1697.45,YES,HIT
2026-09-13T21:34:03+00:00,NFL,KXNFLGAME-26SEP13TBCIN-CIN,Cincinnati,yes,1428.29,YES,HIT
2026-09-13T21:34:03+00:00,NFL,KXNFLGAME-26SEP13TBCIN-CIN,Cincinnati,yes,1160.14,YES,HIT
2026-09-13T21:34:03+00:00,NFL,KXNFLGAME-26SEP13TBCIN-CIN,Cincinnati,yes,1162.58,YES,HIT
2026-09-13T21:34:03+00:00,NFL,KXNFLGAME-26SEP13TBCIN-CIN,Cincinnati,yes,3379.76,YES,HIT
2026-09-13T21:34:03+00:00,NFL,KXNFLGAME-26SEP13TBCIN-CIN,Cincinnati,yes,2941.5,YES,HIT
2026-09-13T21:34:03+00:00,NFL,KXNFLGAME-26SEP13TBCIN-CIN,Cincinnati,yes,1647.67,YES,HIT
2026-09-13T21:34:03+00:00,NFL,KXNFLGAME-26SEP13TBCIN-CIN,Cincinnati,yes,6390.04,YES,HIT
2026-09-13T21:34:03+00:00,NFL,KXNFLGAME-26SEP13TBCIN-CIN,Cincinnati,yes,1357.75,YES,HIT
2026-09-13T21:34:03+00:00,NFL,KXNFLGAME-26SEP13TBCIN-CIN,Cincinnati,no,21971.8,YES,MISS
2026-09-13T21:34:03+00:00,NFL,KXNFLGAME-26SEP13CLEJAC-JAC,Jacksonville,yes,2963.24,YES,HIT
2026-09-13T21:34:03+00:00,NFL,KXNFLGAME-26SEP13CLEJAC-JAC,Jacksonville,yes,7312.81,YES,HIT
2026-09-13T21:34:03+00:00,NFL,KXNFLGAME-26SEP13CLEJAC-JAC,Jacksonville,yes,1008.55,YES,HIT
2026-09-13T21:34:03+00:00,NFL,KXNFLGAME-26SEP13CLEJAC-JAC,Jacksonville,yes,2966.09,YES,HIT
2026-09-13T21:34:03+00:00,NFL,KXNFLGAME-26SEP13CLEJAC-JAC,Jacksonville,yes,1091.05,YES,HIT
2026-09-13T21:34:03+00:00,NFL,KXNFLGAME-26SEP13CLEJAC-JAC,Jacksonville,yes,2100.33,YES,HIT
2026-09-13T21:34:03+00:00,NFL,KXNFLGAME-26SEP13CLEJAC-JAC,Jacksonville,yes,1091.05,YES,HIT
2026-09-13T21:34:03+00:00,NFL,KXNFLGAME-26SEP13CLEJAC-JAC,Jacksonville,yes,2100.33,YES,HIT
2026-09-13T21:34:03+00:00,NFL,KXNFLGAME-26SEP13CLEJAC-JAC,Jacksonville,yes,2002.13,YES,HIT
2026-09-13T21:34:03+00:00,NFL,KXNFLGAME-26SEP13CLEJAC-JAC,Jacksonville,yes,1088.36,YES,HIT
2026-09-13T21:34:03+00:00,NFL,KXNFLGAME-26SEP13CLEJAC-JAC,Jacksonville,yes,6679.04,YES,HIT
2026-09-13T21:34:03+00:00,NFL,KXNFLGAME-26SEP13CLEJAC-JAC,Jacksonville,yes,14513.53,YES,HIT
2026-09-13T21:34:03+00:00,NFL,KXNFLGAME-26SEP13CLEJAC-JAC,Jacksonville,yes,10500.1,YES,HIT
2026-09-13T21:34:03+00:00,NFL,KXNFLGAME-26SEP13CLEJAC-JAC,Jacksonville,yes,1270.71,YES,HIT
2026-09-13T21:34:03+00:00,NFL,KXNFLGAME-26SEP13CLEJAC-JAC,Jacksonville,yes,1390.57,YES,HIT
2026-09-13T21:34:03+00:00,NFL,KXNFLGAME-26SEP13CLEJAC-JAC,Jacksonville,yes,1640.21,YES,HIT
2026-09-13T21:34:03+00:00,NFL,KXNFLGAME-26SEP13CLEJAC-JAC,Jacksonville,yes,3187.43,YES,HIT
2026-09-13T21:34:03+00:00,NFL,KXNFLGAME-26SEP13CLEJAC-JAC,Jacksonville,yes,8508.97,YES,HIT
2026-09-13T21:34:03+00:00,NFL,KXNFLGAME-26SEP13CLEJAC-JAC,Jacksonville,no,1826.09,YES,MISS
2026-09-13T21:34:03+00:00,NFL,KXNFLGAME-26SEP13CLEJAC-JAC,Jacksonville,no,1389.99,YES,MISS
2026-09-13T21:34:03+00:00,NFL,KXNFLGAME-26SEP13CLEJAC-JAC,Jacksonville,no,11515.35,YES,MISS
2026-09-13T21:34:03+00:00,NFL,KXNFLGAME-26SEP13ATLPIT-PIT,Pittsburgh,yes,1197.23,YES,HIT
2026-09-13T21:34:03+00:00,NFL,KXNFLGAME-26SEP13ATLPIT-PIT,Pittsburgh,yes,1079.96,YES,HIT
2026-09-13T21:34:03+00:00,NFL,KXNFLGAME-26SEP13ATLPIT-PIT,Pittsburgh,yes,1284.21,YES,HIT
2026-09-13T21:34:03+00:00,NFL,KXNFLGAME-26SEP13ATLPIT-PIT,Pittsburgh,yes,2484.97,YES,HIT
2026-09-13T21:34:03+00:00,NFL,KXNFLGAME-26SEP13ATLPIT-PIT,Pittsburgh,yes,4194.79,YES,HIT
2026-09-13T21:34:03+00:00,NFL,KXNFLGAME-26SEP13ATLPIT-PIT,Pittsburgh,yes,7270.12,YES,HIT
2026-09-13T21:34:03+00:00,NFL,KXNFLGAME-26SEP13ATLPIT-PIT,Pittsburgh,yes,1739.61,YES,HIT
2026-09-13T21:34:03+00:00,NFL,KXNFLGAME-26SEP13ATLPIT-PIT,Pittsburgh,yes,1290.88,YES,HIT
2026-09-13T21:34:03+00:00,NFL,KXNFLGAME-26SEP13ATLPIT-PIT,Pittsburgh,yes,1224.12,YES,HIT
2026-09-13T21:34:03+00:00,NFL,KXNFLGAME-26SEP13ATLPIT-PIT,Pittsburgh,yes,11605.07,YES,HIT
2026-09-13T21:34:03+00:00,NFL,KXNFLGAME-26SEP13ATLPIT-PIT,Pittsburgh,yes,1342.4,YES,HIT
2026-09-13T21:34:03+00:00,NFL,KXNFLGAME-26SEP13ATLPIT-PIT,Pittsburgh,yes,2140.96,YES,HIT
2026-09-13T21:34:03+00:00,NFL,KXNFLGAME-26SEP13ATLPIT-PIT,Pittsburgh,yes,5083.81,YES,HIT
2026-09-13T21:34:03+00:00,NFL,KXNFLGAME-26SEP13ATLPIT-PIT,Pittsburgh,yes,1761.33,YES,HIT
2026-09-13T21:34:03+00:00,NFL,KXNFLGAME-26SEP13ATLPIT-PIT,Pittsburgh,yes,1423.92,YES,HIT
2026-09-13T21:34:03+00:00,NFL,KXNFLGAME-26SEP13ATLPIT-PIT,Pittsburgh,yes,1397.66,YES,HIT
2026-09-13T21:34:03+00:00,NFL,KXNFLGAME-26SEP13ATLPIT-PIT,Pittsburgh,yes,3140.86,YES,HIT
2026-09-13T21:34:03+00:00,NFL,KXNFLGAME-26SEP13ATLPIT-PIT,Pittsburgh,yes,1233.18,YES,HIT
2026-09-13T21:34:03+00:00,NFL,KXNFLGAME-26SEP13ATLPIT-PIT,Pittsburgh,yes,1424.37,YES,HIT
2026-09-13T21:34:03+00:00,NFL,KXNFLGAME-26SEP13ATLPIT-PIT,Pittsburgh,yes,6849.43,YES,HIT
2026-09-13T21:34:03+00:00,NFL,KXNFLGAME-26SEP13ATLPIT-PIT,Pittsburgh,yes,6468.34,YES,HIT
2026-09-13T21:34:03+00:00,NFL,KXNFLGAME-26SEP13ATLPIT-PIT,Pittsburgh,yes,3203.39,YES,HIT
2026-09-13T21:34:03+00:00,NFL,KXNFLGAME-26SEP13ATLPIT-PIT,Pittsburgh,yes,1748.81,YES,HIT
2026-09-13T21:34:03+00:00,NFL,KXNFLGAME-26SEP13ATLPIT-PIT,Pittsburgh,yes,1232.17,YES,HIT
2026-09-13T21:34:03+00:00,NFL,KXNFLGAME-26SEP13ATLPIT-PIT,Pittsburgh,yes,1302.84,YES,HIT
2026-09-13T21:34:03+00:00,NFL,KXNFLGAME-26SEP13ATLPIT-PIT,Pittsburgh,yes,3203.39,YES,HIT
2026-09-13T21:34:03+00:00,NFL,KXNFLGAME-26SEP13ATLPIT-PIT,Pittsburgh,yes,1748.81,YES,HIT
2026-09-13T21:34:03+00:00,NFL,KXNFLGAME-26SEP13ATLPIT-PIT,Pittsburgh,yes,1232.17,YES,HIT
2026-09-13T21:34:03+00:00,NFL,KXNFLGAME-26SEP13ATLPIT-PIT,Pittsburgh,yes,1302.84,YES,HIT
2026-09-13T21:34:03+00:00,NFL,KXNFLGAME-26SEP13ATLPIT-PIT,Pittsburgh,yes,1332.31,YES,HIT
2026-09-13T21:34:03+00:00,NFL,KXNFLGAME-26SEP13ATLPIT-PIT,Pittsburgh,yes,1739.46,YES,HIT
2026-09-13T21:34:03+00:00,NFL,KXNFLGAME-26SEP13ATLPIT-PIT,Pittsburgh,yes,1216.05,YES,HIT
2026-09-13T21:34:03+00:00,NFL,KXNFLGAME-26SEP13ATLPIT-PIT,Pittsburgh,yes,1893.78,YES,HIT
2026-09-13T21:34:03+00:00,NFL,KXNFLGAME-26SEP13ATLPIT-PIT,Pittsburgh,yes,1216.05,YES,HIT
2026-09-13T21:34:03+00:00,NFL,KXNFLGAME-26SEP13ATLPIT-PIT,Pittsburgh,yes,1893.78,YES,HIT
2026-09-13T21:34:03+00:00,NFL,KXNFLGAME-26SEP13ATLPIT-PIT,Pittsburgh,yes,6693.36,YES,HIT
2026-09-13T21:34:03+00:00,NFL,KXNFLGAME-26SEP13ATLPIT-PIT,Pittsburgh,yes,4525.0,YES,HIT
2026-09-13T21:34:03+00:00,NFL,KXNFLGAME-26SEP13ATLPIT-PIT,Pittsburgh,yes,5596.77,YES,HIT
2026-09-13T21:34:03+00:00,NFL,KXNFLGAME-26SEP13ATLPIT-PIT,Pittsburgh,yes,1365.37,YES,HIT
2026-09-13T21:34:03+00:00,NFL,KXNFLGAME-26SEP13ATLPIT-PIT,Pittsburgh,yes,2171.74,YES,HIT
2026-09-13T21:34:03+00:00,NFL,KXNFLGAME-26SEP13ATLPIT-PIT,Pittsburgh,yes,2260.09,YES,HIT
2026-09-13T21:34:03+00:00,NFL,KXNFLGAME-26SEP13ATLPIT-PIT,Pittsburgh,yes,2138.68,YES,HIT
2026-09-13T21:34:03+00:00,NFL,KXNFLGAME-26SEP13ATLPIT-PIT,Pittsburgh,yes,2281.69,YES,HIT
2026-09-13T21:34:03+00:00,NFL,KXNFLGAME-26SEP13ATLPIT-PIT,Pittsburgh,yes,1129.54,YES,HIT
2026-09-13T21:34:03+00:00,NFL,KXNFLGAME-26SEP13ATLPIT-PIT,Pittsburgh,yes,5677.37,YES,HIT
2026-09-13T21:34:03+00:00,NFL,KXNFLGAME-26SEP13ATLPIT-PIT,Pittsburgh,yes,35530.24,YES,HIT
2026-09-13T21:34:03+00:00,NFL,KXNFLGAME-26SEP13ATLPIT-PIT,Pittsburgh,no,5619.56,YES,MISS
2026-09-13T21:34:03+00:00,NFL,KXNFLGAME-26SEP13ATLPIT-PIT,Pittsburgh,no,4955.75,YES,MISS
2026-09-13T21:34:03+00:00,NFL,KXNFLGAME-26SEP13ATLPIT-PIT,Pittsburgh,yes,1089556.32,YES,HIT
2026-09-13T21:34:03+00:00,NFL,KXNFLGAME-26SEP13ATLPIT-PIT,Pittsburgh,no,4785.27,YES,MISS
2026-09-13T21:34:03+00:00,NFL,KXNFLGAME-26SEP13ATLPIT-PIT,Pittsburgh,yes,1121444.31,YES,HIT
2026-09-13T21:34:03+00:00,NFL,KXNFLGAME-26SEP13ATLPIT-ATL,Atlanta,yes,15040.34,NO,MISS
2026-09-13T21:34:03+00:00,NFL,KXNFLGAME-26SEP13ATLPIT-ATL,Atlanta,no,6599.84,NO,HIT
2026-09-13T21:34:03+00:00,NFL,KXNFLGAME-26SEP13ATLPIT-ATL,Atlanta,no,42070.47,NO,HIT
2026-09-13T21:34:03+00:00,NFL,KXNFLGAME-26SEP13ATLPIT-ATL,Atlanta,no,1365.53,NO,HIT
2026-09-13T21:34:03+00:00,NFL,KXNFLGAME-26SEP13ATLPIT-ATL,Atlanta,yes,3109.06,NO,MISS
2026-09-13T21:34:03+00:00,NFL,KXNFLGAME-26SEP13ATLPIT-ATL,Atlanta,no,3621.36,NO,HIT
2026-09-13T21:34:03+00:00,NFL,KXNFLGAME-26SEP13ATLPIT-ATL,Atlanta,yes,1769.76,NO,MISS
2026-09-13T21:34:03+00:00,NFL,KXNFLGAME-26SEP13ATLPIT-ATL,Atlanta,no,1272.43,NO,HIT
2026-09-13T21:34:03+00:00,NFL,KXNFLGAME-26SEP13ATLPIT-ATL,Atlanta,yes,1428.98,NO,MISS
2026-09-13T21:34:03+00:00,NFL,KXNFLGAME-26SEP13ATLPIT-ATL,Atlanta,yes,2082.16,NO,MISS
2026-09-13T21:34:03+00:00,NFL,KXNFLGAME-26SEP13ATLPIT-ATL,Atlanta,yes,1767.79,NO,MISS
2026-09-13T21:34:03+00:00,NFL,KXNFLGAME-26SEP13ATLPIT-ATL,Atlanta,no,2235.62,NO,HIT
2026-09-13T21:34:03+00:00,NFL,KXNFLGAME-26SEP13ATLPIT-ATL,Atlanta,no,8905.72,NO,HIT
2026-09-13T21:34:03+00:00,NFL,KXNFLGAME-26SEP13ATLPIT-ATL,Atlanta,no,6794.29,NO,HIT
2026-09-13T21:34:03+00:00,NFL,KXNFLGAME-26SEP13ATLPIT-ATL,Atlanta,yes,267240.83,NO,MISS
2026-09-13T21:34:03+00:00,NFL,KXNFLGAME-26SEP13ATLPIT-ATL,Atlanta,no,508916.96,NO,HIT
2026-09-13T21:34:03+00:00,NFL,KXNFLGAME-26SEP13ATLPIT-ATL,Atlanta,yes,248275.0,NO,MISS
2026-09-13T21:34:03+00:00,NFL,KXNFLGAME-26SEP13ATLPIT-ATL,Atlanta,no,544713.74,NO,HIT
2026-09-13T21:34:03+00:00,NFL,KXNFLGAME-26SEP13BALIND-BAL,Baltimore,yes,1013.51,YES,HIT
2026-09-13T21:34:03+00:00,NFL,KXNFLGAME-26SEP13BALIND-BAL,Baltimore,yes,1760.42,YES,HIT
2026-09-13T21:34:03+00:00,NFL,KXNFLGAME-26SEP13BALIND-BAL,Baltimore,yes,1491.32,YES,HIT
2026-09-13T21:34:03+00:00,NFL,KXNFLGAME-26SEP13BALIND-BAL,Baltimore,yes,1013.69,YES,HIT
2026-09-13T21:34:03+00:00,NFL,KXNFLGAME-26SEP13BALIND-BAL,Baltimore,no,3255.39,YES,MISS
2026-09-13T21:34:03+00:00,NFL,KXNFLGAME-26SEP13BALIND-BAL,Baltimore,no,3255.39,YES,MISS
2026-09-13T21:34:03+00:00,NFL,KXNFLGAME-26SEP13BALIND-BAL,Baltimore,yes,1599.37,YES,HIT
2026-09-13T21:34:03+00:00,NFL,KXNFLGAME-26SEP13BALIND-BAL,Baltimore,yes,1599.37,YES,HIT
2026-09-13T21:34:03+00:00,NFL,KXNFLGAME-26SEP13BALIND-BAL,Baltimore,yes,3001.76,YES,HIT
2026-09-13T21:34:03+00:00,NFL,KXNFLGAME-26SEP13BALIND-BAL,Baltimore,yes,3001.76,YES,HIT
2026-09-13T21:34:03+00:00,NFL,KXNFLGAME-26SEP13BALIND-BAL,Baltimore,yes,1627.03,YES,HIT
2026-09-13T21:34:03+00:00,NFL,KXNFLGAME-26SEP13BALIND-BAL,Baltimore,yes,18199.59,YES,HIT
2026-09-13T21:34:03+00:00,NFL,KXNFLGAME-26SEP13BALIND-BAL,Baltimore,yes,1129.1,YES,HIT
2026-09-13T21:34:03+00:00,NFL,KXNFLGAME-26SEP13BALIND-BAL,Baltimore,yes,3631.09,YES,HIT
2026-09-13T21:34:03+00:00,NFL,KXNFLGAME-26SEP13BALIND-BAL,Baltimore,yes,3131.11,YES,HIT
2026-09-13T21:34:03+00:00,NFL,KXNFLGAME-26SEP13BALIND-BAL,Baltimore,yes,1367.69,YES,HIT
2026-09-13T21:34:03+00:00,NFL,KXNFLGAME-26SEP13BALIND-BAL,Baltimore,yes,9087.63,YES,HIT
2026-09-13T21:34:03+00:00,NFL,KXNFLGAME-26SEP13BALIND-BAL,Baltimore,yes,3634.14,YES,HIT
2026-09-13T21:34:03+00:00,NFL,KXNFLGAME-26SEP13BALIND-BAL,Baltimore,yes,1444.88,YES,HIT
2026-09-13T21:34:03+00:00,NFL,KXNFLGAME-26SEP13BALIND-BAL,Baltimore,yes,4487.26,YES,HIT
2026-09-13T21:34:03+00:00,NFL,KXNFLGAME-26SEP13BALIND-BAL,Baltimore,yes,1944.97,YES,HIT
2026-09-13T21:34:03+00:00,NFL,KXNFLGAME-26SEP13BALIND-BAL,Baltimore,yes,1089.04,YES,HIT
2026-09-13T21:34:03+00:00,NFL,KXNFLGAME-26SEP13BALIND-BAL,Baltimore,yes,5048.68,YES,HIT
2026-09-13T21:34:03+00:00,NFL,KXNFLGAME-26SEP13BALIND-BAL,Baltimore,yes,4697.66,YES,HIT
2026-09-13T21:34:03+00:00,NFL,KXNFLGAME-26SEP13BALIND-BAL,Baltimore,no,2491.51,YES,MISS
2026-09-13T21:34:03+00:00,NFL,KXNFLGAME-26SEP13BALIND-BAL,Baltimore,no,8279.8,YES,MISS
2026-09-13T21:34:03+00:00,NFL,KXNFLGAME-26SEP13BALIND-BAL,Baltimore,no,5646.08,YES,MISS
2026-09-13T21:34:03+00:00,NFL,KXNFLGAME-26SEP13BALIND-BAL,Baltimore,no,5812.48,YES,MISS
2026-09-13T21:34:03+00:00,NFL,KXNFLGAME-26SEP13BALIND-BAL,Baltimore,no,7748.74,YES,MISS
2026-09-13T21:34:03+00:00,NFL,KXNFLGAME-26SEP13BALIND-BAL,Baltimore,yes,1233501.59,YES,HIT
2026-09-13T21:34:03+00:00,NFL,KXNFLGAME-26SEP13BALIND-BAL,Baltimore,no,56685.27,YES,MISS
2026-09-13T21:34:03+00:00,NFL,KXNFLGAME-26SEP13BALIND-BAL,Baltimore,yes,1292468.06,YES,HIT
2026-09-13T21:34:03+00:00,NFL,KXNFLGAME-26SEP13BALIND-BAL,Baltimore,no,50430.54,YES,MISS
2026-09-13T21:34:03+00:00,NFL,KXNFLGAME-26SEP13CHICAR-CHI,Chicago,yes,1020.01,YES,HIT
2026-09-13T21:34:03+00:00,NFL,KXNFLGAME-26SEP13CHICAR-CHI,Chicago,no,1082.46,YES,MISS
2026-09-13T21:34:03+00:00,NFL,KXNFLGAME-26SEP13CHICAR-CHI,Chicago,yes,4797.12,YES,HIT
2026-09-13T21:34:03+00:00,NFL,KXNFLGAME-26SEP13CHICAR-CHI,Chicago,yes,1112.77,YES,HIT
2026-09-13T21:34:03+00:00,NFL,KXNFLGAME-26SEP13CHICAR-CHI,Chicago,yes,1112.77,YES,HIT
2026-09-13T21:34:03+00:00,NFL,KXNFLGAME-26SEP13CHICAR-CHI,Chicago,yes,1062.68,YES,HIT
2026-09-13T21:34:03+00:00,NFL,KXNFLGAME-26SEP13CHICAR-CHI,Chicago,yes,2686.75,YES,HIT
2026-09-13T21:34:03+00:00,NFL,KXNFLGAME-26SEP13CHICAR-CHI,Chicago,yes,2308.51,YES,HIT
2026-09-13T21:34:03+00:00,NFL,KXNFLGAME-26SEP13CHICAR-CHI,Chicago,yes,6068.25,YES,HIT
2026-09-13T21:34:03+00:00,NFL,KXNFLGAME-26SEP13CHICAR-CHI,Chicago,yes,1472.85,YES,HIT
2026-09-13T21:34:03+00:00,NFL,KXNFLGAME-26SEP13CHICAR-CHI,Chicago,yes,1445.41,YES,HIT
2026-09-13T21:34:03+00:00,NFL,KXNFLGAME-26SEP13CHICAR-CHI,Chicago,yes,6068.25,YES,HIT
2026-09-13T21:34:03+00:00,NFL,KXNFLGAME-26SEP13CHICAR-CHI,Chicago,yes,1472.85,YES,HIT
2026-09-13T21:34:03+00:00,NFL,KXNFLGAME-26SEP13CHICAR-CHI,Chicago,yes,2250.86,YES,HIT
2026-09-13T21:34:03+00:00,NFL,KXNFLGAME-26SEP13CHICAR-CHI,Chicago,yes,14362.87,YES,HIT
2026-09-13T21:34:03+00:00,NFL,KXNFLGAME-26SEP13CHICAR-CHI,Chicago,yes,16299.32,YES,HIT
2026-09-13T21:34:03+00:00,NFL,KXNFLGAME-26SEP13CHICAR-CHI,Chicago,yes,1167.94,YES,HIT
2026-09-13T21:34:03+00:00,NFL,KXNFLGAME-26SEP13CHICAR-CHI,Chicago,yes,7093.42,YES,HIT
2026-09-13T21:34:03+00:00,NFL,KXNFLGAME-26SEP13CHICAR-CHI,Chicago,yes,1135.31,YES,HIT
2026-09-13T21:34:03+00:00,NFL,KXNFLGAME-26SEP13CHICAR-CHI,Chicago,yes,2632.46,YES,HIT
2026-09-13T21:34:03+00:00,NFL,KXNFLGAME-26SEP13CHICAR-CHI,Chicago,yes,8713.63,YES,HIT
2026-09-13T21:34:03+00:00,NFL,KXNFLGAME-26SEP13CHICAR-CHI,Chicago,yes,8504.18,YES,HIT
2026-09-13T21:34:03+00:00,NFL,KXNFLGAME-26SEP13CHICAR-CHI,Chicago,yes,1777.29,YES,HIT
2026-09-13T21:34:03+00:00,NFL,KXNFLGAME-26SEP13CHICAR-CHI,Chicago,yes,1230.44,YES,HIT
2026-09-13T21:34:03+00:00,NFL,KXNFLGAME-26SEP13CHICAR-CHI,Chicago,yes,2153.84,YES,HIT
2026-09-13T21:34:03+00:00,NFL,KXNFLGAME-26SEP13CHICAR-CHI,Chicago,yes,3359.63,YES,HIT
2026-09-13T21:34:03+00:00,NFL,KXNFLGAME-26SEP13CHICAR-CHI,Chicago,yes,22772.83,YES,HIT
2026-09-13T21:34:03+00:00,NFL,KXNFLGAME-26SEP13CHICAR-CHI,Chicago,no,1528.86,YES,MISS
2026-09-13T21:34:03+00:00,NFL,KXNFLGAME-26SEP13CHICAR-CHI,Chicago,no,1661.8,YES,MISS
2026-09-13T21:34:03+00:00,NFL,KXNFLGAME-26SEP13CHICAR-CHI,Chicago,no,2465.79,YES,MISS
2026-09-13T21:34:03+00:00,NFL,KXNFLGAME-26SEP13CHICAR-CHI,Chicago,yes,18430.03,YES,HIT
2026-09-13T21:34:03+00:00,NFL,KXNFLGAME-26SEP13CHICAR-CHI,Chicago,no,27250.32,YES,MISS
2026-09-13T21:34:03+00:00,NFL,KXNFLGAME-26SEP13CHICAR-CHI,Chicago,yes,463138.75,YES,HIT
2026-09-13T21:34:03+00:00,NFL,KXNFLGAME-26SEP13CHICAR-CHI,Chicago,no,43471.43,YES,MISS
2026-09-13T21:34:03+00:00,NFL,KXNFLGAME-26SEP13CHICAR-CHI,Chicago,no,113227.82,YES,MISS
2026-09-13T21:34:03+00:00,NFL,KXNFLGAME-26SEP13CHICAR-CHI,Chicago,yes,401243.3,YES,HIT
2026-09-13T21:34:03+00:00,NFL,KXNFLGAME-26SEP13CHICAR-CHI,Chicago,yes,410167.09,YES,HIT
2026-09-13T21:34:03+00:00,NFL,KXNFLGAME-26SEP13CHICAR-CHI,Chicago,no,110537.51,YES,MISS
2026-09-13T21:34:03+00:00,MLB,KXMLBGAME-26SEP131335NYMNYY-NYY,New York Y,yes,1479.92,YES,HIT
2026-09-13T21:34:03+00:00,MLB,KXMLBGAME-26SEP131335NYMNYY-NYY,New York Y,yes,1233.89,YES,HIT
2026-09-13T21:34:03+00:00,MLB,KXMLBGAME-26SEP131335NYMNYY-NYY,New York Y,no,1692.16,YES,MISS
2026-09-13T21:34:03+00:00,MLB,KXMLBGAME-26SEP131335NYMNYY-NYY,New York Y,no,1692.16,YES,MISS
2026-09-13T21:34:03+00:00,MLB,KXMLBGAME-26SEP131335NYMNYY-NYY,New York Y,yes,2633.58,YES,HIT
2026-09-13T21:34:03+00:00,MLB,KXMLBGAME-26SEP131335NYMNYY-NYY,New York Y,yes,2277.74,YES,HIT
2026-09-13T21:34:03+00:00,MLB,KXMLBGAME-26SEP131335NYMNYY-NYY,New York Y,yes,1244.46,YES,HIT
2026-09-13T21:34:03+00:00,MLB,KXMLBGAME-26SEP131335NYMNYY-NYY,New York Y,yes,1037.74,YES,HIT
2026-09-13T21:34:03+00:00,MLB,KXMLBGAME-26SEP131335NYMNYY-NYY,New York Y,yes,1162.31,YES,HIT
2026-09-13T21:34:03+00:00,MLB,KXMLBGAME-26SEP131335NYMNYY-NYY,New York Y,yes,2449.02,YES,HIT
2026-09-13T21:34:03+00:00,MLB,KXMLBGAME-26SEP131335NYMNYY-NYY,New York Y,yes,6536.98,YES,HIT
2026-09-13T21:34:03+00:00,MLB,KXMLBGAME-26SEP131335NYMNYY-NYY,New York Y,yes,1006.7,YES,HIT
2026-09-13T21:34:03+00:00,MLB,KXMLBGAME-26SEP131335NYMNYY-NYY,New York Y,yes,5843.46,YES,HIT
2026-09-13T21:34:03+00:00,MLB,KXMLBGAME-26SEP131335NYMNYY-NYY,New York Y,yes,1607.42,YES,HIT
2026-09-13T21:34:03+00:00,MLB,KXMLBGAME-26SEP131335NYMNYY-NYY,New York Y,no,3216.0,YES,MISS
2026-09-13T21:34:03+00:00,MLB,KXMLBGAME-26SEP131335NYMNYY-NYY,New York Y,no,1293.03,YES,MISS
2026-09-13T21:34:03+00:00,MLB,KXMLBGAME-26SEP131335NYMNYY-NYY,New York Y,no,2592.08,YES,MISS
2026-09-13T21:34:03+00:00,MLB,KXMLBGAME-26SEP131335NYMNYY-NYY,New York Y,no,2575.59,YES,MISS
2026-09-13T21:34:03+00:00,MLB,KXMLBGAME-26SEP131420PITCHC-CHC,Chicago C,yes,1045.32,NO,MISS
2026-09-13T21:34:03+00:00,MLB,KXMLBGAME-26SEP131420PITCHC-CHC,Chicago C,no,1171.28,NO,HIT
2026-09-13T21:34:03+00:00,MLB,KXMLBGAME-26SEP131420PITCHC-CHC,Chicago C,no,1171.28,NO,HIT
2026-09-13T21:34:03+00:00,MLB,KXMLBGAME-26SEP131420PITCHC-CHC,Chicago C,yes,1354.61,NO,MISS
2026-09-13T21:34:03+00:00,MLB,KXMLBGAME-26SEP131420PITCHC-CHC,Chicago C,yes,4834.72,NO,MISS
2026-09-13T21:34:03+00:00,MLB,KXMLBGAME-26SEP131420PITCHC-CHC,Chicago C,yes,1978.62,NO,MISS
2026-09-13T21:34:03+00:00,MLB,KXMLBGAME-26SEP131420PITCHC-CHC,Chicago C,yes,2216.6,NO,MISS
2026-09-13T21:34:03+00:00,MLB,KXMLBGAME-26SEP131420PITCHC-CHC,Chicago C,yes,1609.15,NO,MISS
2026-09-13T21:34:03+00:00,MLB,KXMLBGAME-26SEP131420PITCHC-CHC,Chicago C,yes,1126.94,NO,MISS
2026-09-13T21:34:03+00:00,MLB,KXMLBGAME-26SEP131420PITCHC-CHC,Chicago C,yes,1485.54,NO,MISS
2026-09-13T21:34:03+00:00,MLB,KXMLBGAME-26SEP131420PITCHC-CHC,Chicago C,yes,1402.91,NO,MISS
2026-09-13T21:34:03+00:00,MLB,KXMLBGAME-26SEP131420PITCHC-CHC,Chicago C,yes,4818.69,NO,MISS
2026-09-13T21:34:03+00:00,MLB,KXMLBGAME-26SEP131420PITCHC-CHC,Chicago C,yes,66312.02,NO,MISS
2026-09-13T21:34:03+00:00,MLB,KXMLBGAME-26SEP131420PITCHC-CHC,Chicago C,no,8016.91,NO,HIT
2026-09-13T21:34:03+00:00,MLB,KXMLBGAME-26SEP131420PITCHC-CHC,Chicago C,no,7650.98,NO,HIT
2026-09-13T21:34:03+00:00,MLB,KXMLBGAME-26SEP131420PITCHC-CHC,Chicago C,no,1265.22,NO,HIT
2026-09-13T21:34:03+00:00,MLB,KXMLBGAME-26SEP131420PITCHC-CHC,Chicago C,no,1261.23,NO,HIT
2026-09-13T21:34:03+00:00,MLB,KXMLBGAME-26SEP131420PITCHC-CHC,Chicago C,no,1377.15,NO,HIT
2026-09-13T21:34:03+00:00,MLB,KXMLBGAME-26SEP131420PITCHC-CHC,Chicago C,no,3353.33,NO,HIT
2026-09-13T21:34:03+00:00,MLB,KXMLBGAME-26SEP131420PITCHC-CHC,Chicago C,no,1047.81,NO,HIT
2026-09-13T21:34:03+00:00,MLB,KXMLBGAME-26SEP131410CLEMIN-MIN,Minnesota,yes,2800.0,NO,MISS
2026-09-13T21:34:03+00:00,MLB,KXMLBGAME-26SEP131410CLEMIN-MIN,Minnesota,yes,2800.0,NO,MISS
2026-09-13T21:34:03+00:00,MLB,KXMLBGAME-26SEP131410CLEMIN-MIN,Minnesota,yes,1081.81,NO,MISS
2026-09-13T21:34:03+00:00,MLB,KXMLBGAME-26SEP131410CLEMIN-MIN,Minnesota,yes,1552.34,NO,MISS
2026-09-13T21:34:03+00:00,MLB,KXMLBGAME-26SEP131410CLEMIN-MIN,Minnesota,yes,1584.89,NO,MISS
2026-09-13T21:34:03+00:00,MLB,KXMLBGAME-26SEP131410CLEMIN-MIN,Minnesota,yes,6499.53,NO,MISS
2026-09-13T21:34:03+00:00,MLB,KXMLBGAME-26SEP131410CLEMIN-MIN,Minnesota,yes,1322.37,NO,MISS
2026-09-13T21:34:03+00:00,MLB,KXMLBGAME-26SEP131410CLEMIN-MIN,Minnesota,no,1500.81,NO,HIT
2026-09-13T21:34:03+00:00,MLB,KXMLBGAME-26SEP131410CLEMIN-MIN,Minnesota,no,1320.6,NO,HIT
2026-09-13T21:34:03+00:00,MLB,KXMLBGAME-26SEP131410CLEMIN-MIN,Minnesota,no,1245.65,NO,HIT
2026-09-13T21:34:03+00:00,MLB,KXMLBGAME-26SEP131410CLEMIN-MIN,Minnesota,no,1452.18,NO,HIT
2026-09-13T21:34:03+00:00,MLB,KXMLBGAME-26SEP131410CLEMIN-MIN,Minnesota,no,3741.32,NO,HIT
2026-09-13T21:34:03+00:00,MLB,KXMLBGAME-26SEP131410CLEMIN-MIN,Minnesota,no,4106.73,NO,HIT
2026-09-13T21:34:03+00:00,MLB,KXMLBGAME-26SEP131410CLEMIN-MIN,Minnesota,no,3538.37,NO,HIT
2026-09-13T21:34:03+00:00,MLB,KXMLBGAME-26SEP131410CLEMIN-MIN,Minnesota,no,5022.83,NO,HIT
2026-09-13T21:34:03+00:00,MLB,KXMLBGAME-26SEP131410CLEMIN-MIN,Minnesota,no,3249.89,NO,HIT
2026-09-13T21:34:03+00:00,MLB,KXMLBGAME-26SEP131410CLEMIN-MIN,Minnesota,no,1979.27,NO,HIT
2026-09-13T21:34:03+00:00,MLB,KXMLBGAME-26SEP131420PITCHC-PIT,Pittsburgh,yes,1906.14,YES,HIT
2026-09-13T21:34:03+00:00,MLB,KXMLBGAME-26SEP131420PITCHC-PIT,Pittsburgh,yes,1906.14,YES,HIT
2026-09-13T21:34:03+00:00,MLB,KXMLBGAME-26SEP131420PITCHC-PIT,Pittsburgh,yes,3927.26,YES,HIT
2026-09-13T21:34:03+00:00,MLB,KXMLBGAME-26SEP131420PITCHC-PIT,Pittsburgh,yes,1527.04,YES,HIT
2026-09-13T21:34:03+00:00,MLB,KXMLBGAME-26SEP131420PITCHC-PIT,Pittsburgh,no,1201.32,YES,MISS
2026-09-13T21:34:03+00:00,MLB,KXMLBGAME-26SEP131420PITCHC-PIT,Pittsburgh,no,10609.0,YES,MISS
2026-09-13T21:34:03+00:00,MLB,KXMLBGAME-26SEP131420PITCHC-PIT,Pittsburgh,no,6335.77,YES,MISS
2026-09-13T21:34:03+00:00,MLB,KXMLBGAME-26SEP131420PITCHC-PIT,Pittsburgh,yes,32823.11,YES,HIT
2026-09-13T21:34:03+00:00,MLB,KXMLBGAME-26SEP131420PITCHC-PIT,Pittsburgh,yes,1078.21,YES,HIT
2026-09-13T21:34:03+00:00,MLB,KXMLBGAME-26SEP131420PITCHC-PIT,Pittsburgh,yes,1821.47,YES,HIT
2026-09-13T21:34:03+00:00,MLB,KXMLBGAME-26SEP131420PITCHC-PIT,Pittsburgh,yes,9938.24,YES,HIT
2026-09-13T21:34:03+00:00,MLB,KXMLBGAME-26SEP131420PITCHC-PIT,Pittsburgh,no,9607.17,YES,MISS
2026-09-13T21:34:03+00:00,MLB,KXMLBGAME-26SEP131420PITCHC-PIT,Pittsburgh,no,1559.6,YES,MISS
2026-09-13T21:34:03+00:00,MLB,KXMLBGAME-26SEP131335PHIATL-ATL,Atlanta,yes,1200.55,NO,MISS
2026-09-13T21:34:03+00:00,MLB,KXMLBGAME-26SEP131335PHIATL-ATL,Atlanta,no,1044.92,NO,HIT
2026-09-13T21:34:03+00:00,MLB,KXMLBGAME-26SEP131335PHIATL-ATL,Atlanta,yes,1277.96,NO,MISS
2026-09-13T21:34:03+00:00,MLB,KXMLBGAME-26SEP131335PHIATL-ATL,Atlanta,yes,1348.44,NO,MISS
2026-09-13T21:34:03+00:00,MLB,KXMLBGAME-26SEP131335PHIATL-ATL,Atlanta,yes,14772.57,NO,MISS
2026-09-13T21:34:03+00:00,MLB,KXMLBGAME-26SEP131335PHIATL-ATL,Atlanta,yes,6353.09,NO,MISS
2026-09-13T21:34:03+00:00,MLB,KXMLBGAME-26SEP131335PHIATL-ATL,Atlanta,yes,1576.17,NO,MISS
2026-09-13T21:34:03+00:00,MLB,KXMLBGAME-26SEP131335PHIATL-ATL,Atlanta,yes,4912.8,NO,MISS
2026-09-13T21:34:03+00:00,MLB,KXMLBGAME-26SEP131335PHIATL-ATL,Atlanta,yes,2399.02,NO,MISS
2026-09-13T21:34:03+00:00,MLB,KXMLBGAME-26SEP131335PHIATL-ATL,Atlanta,yes,1527.65,NO,MISS
2026-09-13T21:34:03+00:00,MLB,KXMLBGAME-26SEP131335PHIATL-ATL,Atlanta,yes,1236.46,NO,MISS
2026-09-13T21:34:03+00:00,MLB,KXMLBGAME-26SEP131335PHIATL-ATL,Atlanta,yes,1080.44,NO,MISS
2026-09-13T21:34:03+00:00,MLB,KXMLBGAME-26SEP131335PHIATL-ATL,Atlanta,yes,2099.48,NO,MISS
2026-09-13T21:34:03+00:00,MLB,KXMLBGAME-26SEP131335PHIATL-ATL,Atlanta,yes,1752.87,NO,MISS
2026-09-13T21:34:03+00:00,MLB,KXMLBGAME-26SEP131335PHIATL-ATL,Atlanta,no,1170.54,NO,HIT
2026-09-13T21:34:03+00:00,MLB,KXMLBGAME-26SEP131335PHIATL-ATL,Atlanta,no,19095.95,NO,HIT
2026-09-13T21:34:03+00:00,MLB,KXMLBGAME-26SEP131335PHIATL-ATL,Atlanta,no,4475.5,NO,HIT
2026-09-13T21:34:03+00:00,MLB,KXMLBGAME-26SEP131335PHIATL-ATL,Atlanta,no,2297.4,NO,HIT
2026-09-13T21:34:03+00:00,MLB,KXMLBGAME-26SEP131335PHIATL-ATL,Atlanta,no,52727.29,NO,HIT
2026-09-13T21:34:03+00:00,NFL,KXNFLGAME-26SEP13NYJTEN-TEN,Tennessee,yes,4848.91,NO,MISS
2026-09-13T21:34:03+00:00,NFL,KXNFLGAME-26SEP13NYJTEN-TEN,Tennessee,yes,4848.91,NO,MISS
2026-09-13T21:34:03+00:00,NFL,KXNFLGAME-26SEP13NYJTEN-TEN,Tennessee,yes,2956.71,NO,MISS
2026-09-13T21:34:03+00:00,NFL,KXNFLGAME-26SEP13NYJTEN-TEN,Tennessee,yes,2028.97,NO,MISS
2026-09-13T21:34:03+00:00,NFL,KXNFLGAME-26SEP13NYJTEN-TEN,Tennessee,yes,1177.7,NO,MISS
2026-09-13T21:34:03+00:00,NFL,KXNFLGAME-26SEP13NYJTEN-TEN,Tennessee,yes,1071.94,NO,MISS
2026-09-13T21:34:03+00:00,NFL,KXNFLGAME-26SEP13NYJTEN-TEN,Tennessee,yes,1203.7,NO,MISS
2026-09-13T21:34:03+00:00,NFL,KXNFLGAME-26SEP13NYJTEN-TEN,Tennessee,yes,2116.62,NO,MISS
2026-09-13T21:34:03+00:00,NFL,KXNFLGAME-26SEP13NYJTEN-TEN,Tennessee,yes,1256.38,NO,MISS
2026-09-13T21:34:03+00:00,NFL,KXNFLGAME-26SEP13NYJTEN-TEN,Tennessee,yes,2869.45,NO,MISS
2026-09-13T21:34:03+00:00,NFL,KXNFLGAME-26SEP13NYJTEN-TEN,Tennessee,no,1072.12,NO,HIT
2026-09-13T21:34:03+00:00,NFL,KXNFLGAME-26SEP13NYJTEN-TEN,Tennessee,no,27898.12,NO,HIT
2026-09-13T21:34:03+00:00,NFL,KXNFLGAME-26SEP13NYJTEN-TEN,Tennessee,no,454018.84,NO,HIT
2026-09-13T21:34:03+00:00,NFL,KXNFLGAME-26SEP13CHICAR-CAR,Carolina,yes,5044.35,NO,MISS
2026-09-13T21:34:03+00:00,NFL,KXNFLGAME-26SEP13CHICAR-CAR,Carolina,yes,5092.26,NO,MISS
2026-09-13T21:34:03+00:00,NFL,KXNFLGAME-26SEP13CHICAR-CAR,Carolina,yes,1035.76,NO,MISS
2026-09-13T21:34:03+00:00,NFL,KXNFLGAME-26SEP13CHICAR-CAR,Carolina,yes,1087.72,NO,MISS
2026-09-13T21:34:03+00:00,NFL,KXNFLGAME-26SEP13CHICAR-CAR,Carolina,yes,7751.52,NO,MISS
2026-09-13T21:34:03+00:00,NFL,KXNFLGAME-26SEP13CHICAR-CAR,Carolina,no,14524.29,NO,HIT
2026-09-13T21:34:03+00:00,NFL,KXNFLGAME-26SEP13CHICAR-CAR,Carolina,no,1237.28,NO,HIT
2026-09-13T21:34:03+00:00,NFL,KXNFLGAME-26SEP13CHICAR-CAR,Carolina,yes,367456.44,NO,MISS
2026-09-13T21:34:03+00:00,NFL,KXNFLGAME-26SEP13CHICAR-CAR,Carolina,no,127434.41,NO,HIT
2026-09-13T21:34:03+00:00,NFL,KXNFLGAME-26SEP13CHICAR-CAR,Carolina,yes,346514.56,NO,MISS
2026-09-13T21:34:03+00:00,NFL,KXNFLGAME-26SEP13CHICAR-CAR,Carolina,no,164092.22,NO,HIT
2026-09-13T21:34:03+00:00,MLB,KXMLBGAME-26SEP131410CINMIL-MIL,Milwaukee,yes,1027.98,NO,MISS
2026-09-13T21:34:03+00:00,MLB,KXMLBGAME-26SEP131410CINMIL-MIL,Milwaukee,yes,1641.21,NO,MISS
2026-09-13T21:34:03+00:00,MLB,KXMLBGAME-26SEP131410CINMIL-MIL,Milwaukee,yes,1608.35,NO,MISS
2026-09-13T21:34:03+00:00,MLB,KXMLBGAME-26SEP131410CINMIL-MIL,Milwaukee,yes,1009.05,NO,MISS
2026-09-13T21:34:03+00:00,MLB,KXMLBGAME-26SEP131410CINMIL-MIL,Milwaukee,yes,5212.83,NO,MISS
2026-09-13T21:34:03+00:00,MLB,KXMLBGAME-26SEP131410CINMIL-MIL,Milwaukee,yes,1634.92,NO,MISS
2026-09-13T21:34:03+00:00,MLB,KXMLBGAME-26SEP131410CINMIL-MIL,Milwaukee,yes,4821.62,NO,MISS
2026-09-13T21:34:03+00:00,MLB,KXMLBGAME-26SEP131410CINMIL-MIL,Milwaukee,yes,3558.08,NO,MISS
2026-09-13T21:34:03+00:00,MLB,KXMLBGAME-26SEP131410CINMIL-MIL,Milwaukee,yes,3166.49,NO,MISS
2026-09-13T21:34:03+00:00,MLB,KXMLBGAME-26SEP131410CINMIL-MIL,Milwaukee,yes,1586.71,NO,MISS
2026-09-13T21:34:03+00:00,MLB,KXMLBGAME-26SEP131410CINMIL-MIL,Milwaukee,yes,5321.93,NO,MISS
2026-09-13T21:34:03+00:00,MLB,KXMLBGAME-26SEP131410CINMIL-MIL,Milwaukee,yes,53649.5,NO,MISS
2026-09-13T21:34:03+00:00,MLB,KXMLBGAME-26SEP131410CINMIL-MIL,Milwaukee,yes,4757.64,NO,MISS
2026-09-13T21:34:03+00:00,MLB,KXMLBGAME-26SEP131410CINMIL-MIL,Milwaukee,no,1455.92,NO,HIT
2026-09-13T21:34:03+00:00,MLB,KXMLBGAME-26SEP131410CINMIL-MIL,Milwaukee,no,1670.49,NO,HIT
2026-09-13T21:34:03+00:00,MLB,KXMLBGAME-26SEP131410CINMIL-MIL,Milwaukee,no,3074.84,NO,HIT
2026-09-13T21:34:03+00:00,MLB,KXMLBGAME-26SEP131410CINMIL-MIL,Milwaukee,no,1189.15,NO,HIT
2026-09-13T21:34:03+00:00,MLB,KXMLBGAME-26SEP131410CINMIL-MIL,Milwaukee,yes,16791.7,NO,MISS
2026-09-13T21:34:03+00:00,MLB,KXMLBGAME-26SEP131410CINMIL-MIL,Milwaukee,no,9177.95,NO,HIT
2026-09-13T21:34:03+00:00,NFL,KXNFLGAME-26SEP13CLEJAC-CLE,Cleveland,yes,1350.56,NO,MISS
2026-09-13T21:34:03+00:00,NFL,KXNFLGAME-26SEP13CLEJAC-CLE,Cleveland,no,1082.97,NO,HIT
2026-09-13T21:34:03+00:00,NFL,KXNFLGAME-26SEP13CLEJAC-CLE,Cleveland,yes,2012.41,NO,MISS
2026-09-13T21:34:03+00:00,NFL,KXNFLGAME-26SEP13CLEJAC-CLE,Cleveland,no,1724.05,NO,HIT
2026-09-13T21:34:03+00:00,NFL,KXNFLGAME-26SEP13CLEJAC-CLE,Cleveland,yes,2787.45,NO,MISS
2026-09-13T21:34:03+00:00,NFL,KXNFLGAME-26SEP13CLEJAC-CLE,Cleveland,no,18778.19,NO,HIT
2026-09-13T21:34:03+00:00,NFL,KXNFLGAME-26SEP13CLEJAC-CLE,Cleveland,no,209308.34,NO,HIT
2026-09-13T21:34:03+00:00,NFL,KXNFLGAME-26SEP13CLEJAC-CLE,Cleveland,no,106063.44,NO,HIT
2026-09-13T21:34:03+00:00,NFL,KXNFLGAME-26SEP13BALIND-IND,Indianapolis,yes,1068.32,NO,MISS
2026-09-13T21:34:03+00:00,NFL,KXNFLGAME-26SEP13BALIND-IND,Indianapolis,yes,2313.33,NO,MISS
2026-09-13T21:34:03+00:00,NFL,KXNFLGAME-26SEP13BALIND-IND,Indianapolis,yes,2933.78,NO,MISS
2026-09-13T21:34:03+00:00,NFL,KXNFLGAME-26SEP13BALIND-IND,Indianapolis,yes,3196.4,NO,MISS
2026-09-13T21:34:03+00:00,NFL,KXNFLGAME-26SEP13BALIND-IND,Indianapolis,no,6812.22,NO,HIT
2026-09-13T21:34:03+00:00,NFL,KXNFLGAME-26SEP13BALIND-IND,Indianapolis,no,4310.25,NO,HIT
2026-09-13T21:34:03+00:00,NFL,KXNFLGAME-26SEP13BALIND-IND,Indianapolis,no,104270.0,NO,HIT
2026-09-13T21:34:03+00:00,NFL,KXNFLGAME-26SEP13BALIND-IND,Indianapolis,yes,404484.62,NO,MISS
2026-09-13T21:34:03+00:00,NFL,KXNFLGAME-26SEP13BALIND-IND,Indianapolis,yes,300204.61,NO,MISS
2026-09-13T21:34:03+00:00,MLB,KXMLBGAME-26SEP131415CWSSTL-CWS,Chicago WS,yes,1126.8,NO,MISS
2026-09-13T21:34:03+00:00,MLB,KXMLBGAME-26SEP131415CWSSTL-CWS,Chicago WS,yes,1026.73,NO,MISS
2026-09-13T21:34:03+00:00,MLB,KXMLBGAME-26SEP131415CWSSTL-CWS,Chicago WS,yes,5950.84,NO,MISS
2026-09-13T21:34:03+00:00,MLB,KXMLBGAME-26SEP131415CWSSTL-CWS,Chicago WS,yes,1582.27,NO,MISS
2026-09-13T21:34:03+00:00,MLB,KXMLBGAME-26SEP131415CWSSTL-CWS,Chicago WS,yes,54313.64,NO,MISS
2026-09-13T21:34:03+00:00,MLB,KXMLBGAME-26SEP131415CWSSTL-CWS,Chicago WS,yes,3576.34,NO,MISS
2026-09-13T21:34:03+00:00,MLB,KXMLBGAME-26SEP131415CWSSTL-CWS,Chicago WS,yes,3959.91,NO,MISS
2026-09-13T21:34:03+00:00,MLB,KXMLBGAME-26SEP131415CWSSTL-CWS,Chicago WS,no,2026.37,NO,HIT
2026-09-13T21:34:03+00:00,MLB,KXMLBGAME-26SEP131415CWSSTL-CWS,Chicago WS,no,1542.6,NO,HIT
2026-09-13T21:34:03+00:00,MLB,KXMLBGAME-26SEP131415CWSSTL-CWS,Chicago WS,yes,9625.37,NO,MISS
2026-09-13T21:34:03+00:00,MLB,KXMLBGAME-26SEP131340HOUTB-HOU,Houston,yes,1725.12,NO,MISS
2026-09-13T21:34:03+00:00,MLB,KXMLBGAME-26SEP131340HOUTB-HOU,Houston,yes,1604.58,NO,MISS
2026-09-13T21:34:03+00:00,MLB,KXMLBGAME-26SEP131340HOUTB-HOU,Houston,yes,1081.79,NO,MISS
2026-09-13T21:34:03+00:00,MLB,KXMLBGAME-26SEP131340HOUTB-HOU,Houston,yes,1221.06,NO,MISS
2026-09-13T21:34:03+00:00,MLB,KXMLBGAME-26SEP131340HOUTB-HOU,Houston,yes,1952.41,NO,MISS
2026-09-13T21:34:03+00:00,MLB,KXMLBGAME-26SEP131340HOUTB-HOU,Houston,yes,1993.71,NO,MISS
2026-09-13T21:34:03+00:00,MLB,KXMLBGAME-26SEP131340HOUTB-HOU,Houston,yes,3829.77,NO,MISS
2026-09-13T21:34:03+00:00,MLB,KXMLBGAME-26SEP131340HOUTB-HOU,Houston,yes,2443.56,NO,MISS
2026-09-13T21:34:03+00:00,MLB,KXMLBGAME-26SEP131340HOUTB-HOU,Houston,yes,3221.75,NO,MISS
2026-09-13T21:34:03+00:00,MLB,KXMLBGAME-26SEP131340HOUTB-HOU,Houston,yes,1027.85,NO,MISS
2026-09-13T21:34:03+00:00,MLB,KXMLBGAME-26SEP131340HOUTB-HOU,Houston,yes,4130.75,NO,MISS
2026-09-13T21:34:03+00:00,MLB,KXMLBGAME-26SEP131340HOUTB-HOU,Houston,yes,8441.07,NO,MISS
2026-09-13T21:34:03+00:00,MLB,KXMLBGAME-26SEP131340HOUTB-HOU,Houston,no,4411.56,NO,HIT
2026-09-13T21:34:03+00:00,MLB,KXMLBGAME-26SEP131340HOUTB-HOU,Houston,no,1179.12,NO,HIT
2026-09-13T21:34:03+00:00,MLB,KXMLBGAME-26SEP131340HOUTB-HOU,Houston,no,13679.84,NO,HIT
2026-09-13T21:34:03+00:00,MLB,KXMLBGAME-26SEP131340HOUTB-HOU,Houston,no,2251.53,NO,HIT
2026-09-13T21:34:03+00:00,MLB,KXMLBGAME-26SEP131340HOUTB-HOU,Houston,no,2405.11,NO,HIT
2026-09-13T21:34:03+00:00,MLB,KXMLBGAME-26SEP131340HOUTB-HOU,Houston,no,25602.61,NO,HIT
2026-09-13T21:34:03+00:00,MLB,KXMLBGAME-26SEP131340HOUTB-HOU,Houston,no,1417.16,NO,HIT
2026-09-13T21:34:03+00:00,MLB,KXMLBGAME-26SEP131340HOUTB-HOU,Houston,no,33802.9,NO,HIT
2026-09-13T21:34:03+00:00,MLB,KXMLBGAME-26SEP131340LADMIA-LAD,Los Angeles D,yes,1387.46,NO,MISS
2026-09-13T21:34:03+00:00,MLB,KXMLBGAME-26SEP131340LADMIA-LAD,Los Angeles D,yes,1118.0,NO,MISS
2026-09-13T21:34:03+00:00,MLB,KXMLBGAME-26SEP131340LADMIA-LAD,Los Angeles D,yes,4837.63,NO,MISS
2026-09-13T21:34:03+00:00,MLB,KXMLBGAME-26SEP131340LADMIA-LAD,Los Angeles D,yes,2191.58,NO,MISS
2026-09-13T21:34:03+00:00,MLB,KXMLBGAME-26SEP131340LADMIA-LAD,Los Angeles D,yes,3088.2,NO,MISS
2026-09-13T21:34:03+00:00,MLB,KXMLBGAME-26SEP131340LADMIA-LAD,Los Angeles D,yes,1351.51,NO,MISS
2026-09-13T21:34:03+00:00,MLB,KXMLBGAME-26SEP131340LADMIA-LAD,Los Angeles D,yes,2145.15,NO,MISS
2026-09-13T21:34:03+00:00,MLB,KXMLBGAME-26SEP131340LADMIA-LAD,Los Angeles D,no,10881.58,NO,HIT
2026-09-13T21:34:03+00:00,MLB,KXMLBGAME-26SEP131340LADMIA-LAD,Los Angeles D,yes,8915.28,NO,MISS
2026-09-13T21:34:03+00:00,MLB,KXMLBGAME-26SEP131340LADMIA-LAD,Los Angeles D,no,3048.91,NO,HIT
2026-09-13T21:34:03+00:00,MLB,KXMLBGAME-26SEP131340LADMIA-LAD,Los Angeles D,no,2034.52,NO,HIT
2026-09-13T21:34:03+00:00,MLB,KXMLBGAME-26SEP131340LADMIA-LAD,Los Angeles D,no,5214.46,NO,HIT
2026-09-13T21:34:03+00:00,MLB,KXMLBGAME-26SEP131340LADMIA-LAD,Los Angeles D,no,15769.69,NO,HIT
2026-09-13T21:34:03+00:00,MLB,KXMLBGAME-26SEP131335LAAWSH-LAA,Los Angeles A,yes,1021.41,NO,MISS
2026-09-13T21:34:03+00:00,MLB,KXMLBGAME-26SEP131335LAAWSH-LAA,Los Angeles A,yes,2063.25,NO,MISS
2026-09-13T21:34:03+00:00,MLB,KXMLBGAME-26SEP131335LAAWSH-LAA,Los Angeles A,yes,1748.63,NO,MISS
2026-09-13T21:34:03+00:00,MLB,KXMLBGAME-26SEP131335LAAWSH-LAA,Los Angeles A,yes,2026.89,NO,MISS
2026-09-13T21:34:03+00:00,MLB,KXMLBGAME-26SEP131335LAAWSH-LAA,Los Angeles A,yes,4207.86,NO,MISS
2026-09-13T21:34:03+00:00,MLB,KXMLBGAME-26SEP131335LAAWSH-LAA,Los Angeles A,yes,2560.36,NO,MISS
2026-09-13T21:34:03+00:00,MLB,KXMLBGAME-26SEP131335LAAWSH-LAA,Los Angeles A,yes,3626.0,NO,MISS
2026-09-13T21:34:03+00:00,MLB,KXMLBGAME-26SEP131335LAAWSH-LAA,Los Angeles A,yes,2778.12,NO,MISS
2026-09-13T21:34:03+00:00,MLB,KXMLBGAME-26SEP131335LAAWSH-LAA,Los Angeles A,yes,45326.36,NO,MISS
2026-09-13T21:34:03+00:00,MLB,KXMLBGAME-26SEP131335LAAWSH-LAA,Los Angeles A,no,1040.26,NO,HIT
2026-09-13T21:34:03+00:00,MLB,KXMLBGAME-26SEP131335LAAWSH-LAA,Los Angeles A,no,2112.94,NO,HIT
2026-09-13T21:34:03+00:00,MLB,KXMLBGAME-26SEP131335LAAWSH-LAA,Los Angeles A,no,1232.22,NO,HIT
2026-09-13T21:34:03+00:00,MLB,KXMLBGAME-26SEP131335LAAWSH-LAA,Los Angeles A,no,7542.82,NO,HIT
2026-09-13T21:34:03+00:00,MLB,KXMLBGAME-26SEP131335LAAWSH-LAA,Los Angeles A,no,1209.1,NO,HIT
2026-09-13T21:34:03+00:00,MLB,KXMLBGAME-26SEP131335LAAWSH-LAA,Los Angeles A,no,2661.21,NO,HIT
2026-09-13T21:34:03+00:00,MLB,KXMLBGAME-26SEP131335LAAWSH-LAA,Los Angeles A,no,5336.91,NO,HIT
2026-09-13T21:34:03+00:00,MLB,KXMLBGAME-26SEP131335LAAWSH-LAA,Los Angeles A,no,1389.6,NO,HIT
2026-09-13T21:34:03+00:00,MLB,KXMLBGAME-26SEP131335LAAWSH-LAA,Los Angeles A,no,1649.72,NO,HIT
2026-09-13T21:34:03+00:00,MLB,KXMLBGAME-26SEP131335LAAWSH-LAA,Los Angeles A,no,1248.54,NO,HIT
2026-09-13T21:34:03+00:00,MLB,KXMLBGAME-26SEP131335LAAWSH-LAA,Los Angeles A,no,1276.46,NO,HIT
2026-09-13T21:34:03+00:00,MLB,KXMLBGAME-26SEP131335LAAWSH-LAA,Los Angeles A,no,7245.03,NO,HIT
2026-09-13T21:34:03+00:00,MLB,KXMLBGAME-26SEP131335LAAWSH-LAA,Los Angeles A,no,2621.9,NO,HIT
2026-09-13T21:34:03+00:00,MLB,KXMLBGAME-26SEP131335LAAWSH-LAA,Los Angeles A,no,11989.09,NO,HIT
2026-09-13T21:34:03+00:00,MLB,KXMLBGAME-26SEP131335PHIATL-PHI,Philadelphia,yes,1058.98,YES,HIT
2026-09-13T21:34:03+00:00,MLB,KXMLBGAME-26SEP131335PHIATL-PHI,Philadelphia,yes,2777.88,YES,HIT
2026-09-13T21:34:03+00:00,MLB,KXMLBGAME-26SEP131335PHIATL-PHI,Philadelphia,yes,1502.35,YES,HIT
2026-09-13T21:34:03+00:00,MLB,KXMLBGAME-26SEP131335PHIATL-PHI,Philadelphia,yes,4482.57,YES,HIT
2026-09-13T21:34:03+00:00,MLB,KXMLBGAME-26SEP131335PHIATL-PHI,Philadelphia,no,2120.01,YES,MISS
2026-09-13T21:34:03+00:00,MLB,KXMLBGAME-26SEP131335PHIATL-PHI,Philadelphia,no,1190.58,YES,MISS
2026-09-13T21:34:03+00:00,MLB,KXMLBGAME-26SEP131335PHIATL-PHI,Philadelphia,no,1726.61,YES,MISS
2026-09-13T21:34:03+00:00,MLB,KXMLBGAME-26SEP131335PHIATL-PHI,Philadelphia,no,1052.55,YES,MISS
2026-09-13T21:34:03+00:00,MLB,KXMLBGAME-26SEP131335PHIATL-PHI,Philadelphia,no,17914.69,YES,MISS
2026-09-13T21:34:03+00:00,MLB,KXMLBGAME-26SEP131335PHIATL-PHI,Philadelphia,no,2085.39,YES,MISS
2026-09-13T21:34:03+00:00,MLB,KXMLBGAME-26SEP131335PHIATL-PHI,Philadelphia,no,6022.31,YES,MISS
2026-09-13T21:34:03+00:00,MLB,KXMLBGAME-26SEP131335PHIATL-PHI,Philadelphia,no,6993.0,YES,MISS
2026-09-13T21:34:03+00:00,MLB,KXMLBGAME-26SEP131340HOUTB-TB,Tampa Bay,yes,1428.5,YES,HIT
2026-09-13T21:34:03+00:00,MLB,KXMLBGAME-26SEP131340HOUTB-TB,Tampa Bay,no,1583.86,YES,MISS
2026-09-13T21:34:03+00:00,MLB,KXMLBGAME-26SEP131340HOUTB-TB,Tampa Bay,yes,15462.79,YES,HIT
2026-09-13T21:34:03+00:00,MLB,KXMLBGAME-26SEP131340HOUTB-TB,Tampa Bay,yes,35084.35,YES,HIT
2026-09-13T21:34:03+00:00,MLB,KXMLBGAME-26SEP131340HOUTB-TB,Tampa Bay,yes,36675.37,YES,HIT
2026-09-13T21:34:03+00:00,MLB,KXMLBGAME-26SEP131340HOUTB-TB,Tampa Bay,yes,9866.86,YES,HIT
2026-09-13T21:34:03+00:00,MLB,KXMLBGAME-26SEP131340HOUTB-TB,Tampa Bay,yes,29974.63,YES,HIT
2026-09-13T21:34:03+00:00,MLB,KXMLBGAME-26SEP131340HOUTB-TB,Tampa Bay,no,1812.9,YES,MISS
2026-09-13T21:34:03+00:00,MLB,KXMLBGAME-26SEP131340LADMIA-MIA,Miami,no,1003.0,YES,MISS
2026-09-13T21:34:03+00:00,MLB,KXMLBGAME-26SEP131340LADMIA-MIA,Miami,yes,1065.15,YES,HIT
2026-09-13T21:34:03+00:00,MLB,KXMLBGAME-26SEP131340LADMIA-MIA,Miami,yes,1083.36,YES,HIT
2026-09-13T21:34:03+00:00,MLB,KXMLBGAME-26SEP131340LADMIA-MIA,Miami,yes,1276.19,YES,HIT
2026-09-13T21:34:03+00:00,MLB,KXMLBGAME-26SEP131340LADMIA-MIA,Miami,yes,1960.88,YES,HIT
2026-09-13T21:34:03+00:00,MLB,KXMLBGAME-26SEP131340LADMIA-MIA,Miami,no,1740.0,YES,MISS
2026-09-13T21:34:03+00:00,MLB,KXMLBGAME-26SEP131340LADMIA-MIA,Miami,no,2800.0,YES,MISS
2026-09-13T21:34:03+00:00,MLB,KXMLBGAME-26SEP131340LADMIA-MIA,Miami,yes,2088.41,YES,HIT
2026-09-13T21:34:03+00:00,MLB,KXMLBGAME-26SEP131340LADMIA-MIA,Miami,yes,5790.44,YES,HIT
2026-09-13T21:34:03+00:00,MLB,KXMLBGAME-26SEP131340LADMIA-MIA,Miami,yes,5682.13,YES,HIT
2026-09-13T21:34:03+00:00,MLB,KXMLBGAME-26SEP131340LADMIA-MIA,Miami,yes,24386.69,YES,HIT
2026-09-13T21:34:03+00:00,MLB,KXMLBGAME-26SEP131340LADMIA-MIA,Miami,no,2848.74,YES,MISS
2026-09-13T21:34:03+00:00,MLB,KXMLBGAME-26SEP131340LADMIA-MIA,Miami,no,1223.37,YES,MISS
2026-09-13T21:34:03+00:00,MLB,KXMLBGAME-26SEP131340LADMIA-MIA,Miami,no,5635.28,YES,MISS
2026-09-13T21:34:03+00:00,MLB,KXMLBGAME-26SEP131340LADMIA-MIA,Miami,no,5307.21,YES,MISS
2026-09-13T21:34:03+00:00,MLB,KXMLBGAME-26SEP131340LADMIA-MIA,Miami,no,1402.77,YES,MISS
2026-09-13T21:34:03+00:00,MLB,KXMLBGAME-26SEP131340LADMIA-MIA,Miami,no,1243.5,YES,MISS
2026-09-13T21:34:03+00:00,MLB,KXMLBGAME-26SEP131340LADMIA-MIA,Miami,no,1712.62,YES,MISS
2026-09-13T21:34:03+00:00,MLB,KXMLBGAME-26SEP131340LADMIA-MIA,Miami,no,1082.21,YES,MISS
2026-09-13T21:34:03+00:00,MLB,KXMLBGAME-26SEP131340LADMIA-MIA,Miami,no,1825.52,YES,MISS
2026-09-13T21:34:03+00:00,MLB,KXMLBGAME-26SEP131340LADMIA-MIA,Miami,no,5999.42,YES,MISS
2026-09-13T21:34:03+00:00,MLB,KXMLBGAME-26SEP131340LADMIA-MIA,Miami,no,2991.7,YES,MISS
2026-09-13T21:34:03+00:00,MLB,KXMLBGAME-26SEP131340LADMIA-MIA,Miami,no,2866.49,YES,MISS
2026-09-13T21:34:03+00:00,TENNIS,KXWTAMATCH-26SEP13YOUBOS-BOS,Victoria Bosio,no,1147.94,NO,HIT
2026-09-13T21:34:03+00:00,TENNIS,KXWTAMATCH-26SEP13YOUBOS-BOS,Victoria Bosio,yes,9033.21,NO,MISS
2026-09-13T21:34:03+00:00,TENNIS,KXWTAMATCH-26SEP13YOUBOS-BOS,Victoria Bosio,yes,2145.26,NO,MISS
2026-09-13T21:34:03+00:00,TENNIS,KXWTAMATCH-26SEP13YOUBOS-BOS,Victoria Bosio,no,6049.69,NO,HIT
2026-09-13T21:34:03+00:00,TENNIS,KXWTAMATCH-26SEP13YOUBOS-BOS,Victoria Bosio,no,2159.43,NO,HIT
2026-09-13T21:34:03+00:00,TENNIS,KXWTAMATCH-26SEP13YOUBOS-BOS,Victoria Bosio,no,1693.64,NO,HIT
2026-09-13T21:34:03+00:00,TENNIS,KXWTAMATCH-26SEP13YOUBOS-BOS,Victoria Bosio,no,2359.31,NO,HIT
2026-09-13T21:34:03+00:00,TENNIS,KXWTAMATCH-26SEP13YOUBOS-BOS,Victoria Bosio,no,3384.3,NO,HIT
2026-09-13T21:34:03+00:00,TENNIS,KXWTAMATCH-26SEP13YOUBOS-BOS,Victoria Bosio,no,1298.23,NO,HIT
2026-09-13T21:34:03+00:00,TENNIS,KXWTAMATCH-26SEP13YOUBOS-BOS,Victoria Bosio,no,7789.7,NO,HIT
2026-09-13T21:34:03+00:00,MLB,KXMLBGAME-26SEP131410CINMIL-CIN,Cincinnati,yes,1956.18,YES,HIT
2026-09-13T21:34:03+00:00,MLB,KXMLBGAME-26SEP131410CINMIL-CIN,Cincinnati,yes,1045.05,YES,HIT
2026-09-13T21:34:03+00:00,MLB,KXMLBGAME-26SEP131410CINMIL-CIN,Cincinnati,yes,3096.42,YES,HIT
2026-09-13T21:34:03+00:00,MLB,KXMLBGAME-26SEP131410CINMIL-CIN,Cincinnati,yes,28339.65,YES,HIT
2026-09-13T21:34:03+00:00,MLB,KXMLBGAME-26SEP131410CINMIL-CIN,Cincinnati,no,2410.07,YES,MISS
2026-09-13T21:34:03+00:00,MLB,KXMLBGAME-26SEP131410CINMIL-CIN,Cincinnati,no,2764.89,YES,MISS
2026-09-13T21:34:03+00:00,MLB,KXMLBGAME-26SEP131410CINMIL-CIN,Cincinnati,no,8613.0,YES,MISS
2026-09-13T21:34:03+00:00,MLB,KXMLBGAME-26SEP131410CINMIL-CIN,Cincinnati,no,3943.55,YES,MISS
2026-09-13T21:34:03+00:00,MLB,KXMLBGAME-26SEP131410CINMIL-CIN,Cincinnati,no,1492.42,YES,MISS
2026-09-13T21:34:03+00:00,MLB,KXMLBGAME-26SEP131410CINMIL-CIN,Cincinnati,no,3634.76,YES,MISS
2026-09-13T21:34:03+00:00,MLB,KXMLBGAME-26SEP131410CINMIL-CIN,Cincinnati,no,6973.04,YES,MISS
2026-09-13T21:34:03+00:00,MLB,KXMLBGAME-26SEP131410CINMIL-CIN,Cincinnati,no,4645.01,YES,MISS
2026-09-13T21:34:03+00:00,MLB,KXMLBGAME-26SEP131410CINMIL-CIN,Cincinnati,no,3708.74,YES,MISS
2026-09-13T21:34:03+00:00,MLB,KXMLBGAME-26SEP131410CINMIL-CIN,Cincinnati,no,1955.21,YES,MISS
2026-09-13T21:34:03+00:00,MLB,KXMLBGAME-26SEP131337BALTOR-TOR,Toronto,yes,1089.36,YES,HIT
2026-09-13T21:34:03+00:00,MLB,KXMLBGAME-26SEP131337BALTOR-TOR,Toronto,yes,1071.62,YES,HIT
2026-09-13T21:34:03+00:00,MLB,KXMLBGAME-26SEP131337BALTOR-TOR,Toronto,yes,3177.47,YES,HIT
2026-09-13T21:34:03+00:00,MLB,KXMLBGAME-26SEP131337BALTOR-TOR,Toronto,yes,1100.56,YES,HIT
2026-09-13T21:34:03+00:00,MLB,KXMLBGAME-26SEP131337BALTOR-TOR,Toronto,yes,1274.75,YES,HIT
2026-09-13T21:34:03+00:00,MLB,KXMLBGAME-26SEP131337BALTOR-TOR,Toronto,yes,4659.27,YES,HIT
2026-09-13T21:34:03+00:00,MLB,KXMLBGAME-26SEP131337BALTOR-TOR,Toronto,yes,1999.28,YES,HIT
2026-09-13T21:34:03+00:00,MLB,KXMLBGAME-26SEP131337BALTOR-TOR,Toronto,yes,3515.46,YES,HIT
2026-09-13T21:34:03+00:00,MLB,KXMLBGAME-26SEP131337BALTOR-TOR,Toronto,yes,1409.98,YES,HIT
2026-09-13T21:34:03+00:00,MLB,KXMLBGAME-26SEP131337BALTOR-TOR,Toronto,yes,4835.0,YES,HIT
2026-09-13T21:34:03+00:00,MLB,KXMLBGAME-26SEP131337BALTOR-TOR,Toronto,yes,58273.04,YES,HIT
2026-09-13T21:34:03+00:00,MLB,KXMLBGAME-26SEP131337BALTOR-TOR,Toronto,no,36519.57,YES,MISS
2026-09-13T21:34:03+00:00,MLB,KXMLBGAME-26SEP131337BALTOR-TOR,Toronto,no,7970.72,YES,MISS
2026-09-13T21:34:03+00:00,MLB,KXMLBGAME-26SEP131337BALTOR-TOR,Toronto,no,1418.05,YES,MISS
2026-09-13T21:34:03+00:00,MLB,KXMLBGAME-26SEP131337BALTOR-TOR,Toronto,no,12429.71,YES,MISS
2026-09-13T21:34:03+00:00,MLB,KXMLBGAME-26SEP131337BALTOR-TOR,Toronto,no,3506.98,YES,MISS
2026-09-13T21:34:03+00:00,MLB,KXMLBGAME-26SEP131415CWSSTL-STL,St. Louis,yes,4129.17,YES,HIT
2026-09-13T21:34:03+00:00,MLB,KXMLBGAME-26SEP131415CWSSTL-STL,St. Louis,yes,4677.0,YES,HIT
2026-09-13T21:34:03+00:00,MLB,KXMLBGAME-26SEP131415CWSSTL-STL,St. Louis,yes,4119.03,YES,HIT
2026-09-13T21:34:03+00:00,MLB,KXMLBGAME-26SEP131415CWSSTL-STL,St. Louis,yes,6552.61,YES,HIT
2026-09-13T21:34:03+00:00,MLB,KXMLBGAME-26SEP131415CWSSTL-STL,St. Louis,yes,1911.98,YES,HIT
2026-09-13T21:34:03+00:00,MLB,KXMLBGAME-26SEP131415CWSSTL-STL,St. Louis,yes,1582.2,YES,HIT
2026-09-13T21:34:03+00:00,MLB,KXMLBGAME-26SEP131415CWSSTL-STL,St. Louis,yes,8514.91,YES,HIT
2026-09-13T21:34:03+00:00,MLB,KXMLBGAME-26SEP131415CWSSTL-STL,St. Louis,no,2183.74,YES,MISS
2026-09-13T21:34:03+00:00,MLB,KXMLBGAME-26SEP131415CWSSTL-STL,St. Louis,no,2818.79,YES,MISS
2026-09-13T21:34:03+00:00,MLB,KXMLBGAME-26SEP131415CWSSTL-STL,St. Louis,no,1130.94,YES,MISS
2026-09-13T21:34:03+00:00,MLB,KXMLBGAME-26SEP131415CWSSTL-STL,St. Louis,no,2319.01,YES,MISS
2026-09-13T21:34:03+00:00,MLB,KXMLBGAME-26SEP131415CWSSTL-STL,St. Louis,no,1840.08,YES,MISS
2026-09-13T21:34:03+00:00,MLB,KXMLBGAME-26SEP131415CWSSTL-STL,St. Louis,no,1952.44,YES,MISS
2026-09-13T21:34:03+00:00,MLB,KXMLBGAME-26SEP131415CWSSTL-STL,St. Louis,no,1644.03,YES,MISS
2026-09-13T21:34:03+00:00,MLB,KXMLBGAME-26SEP131415CWSSTL-STL,St. Louis,no,2077.32,YES,MISS
2026-09-13T21:34:03+00:00,MLB,KXMLBGAME-26SEP131415CWSSTL-STL,St. Louis,no,4480.13,YES,MISS
2026-09-13T21:34:03+00:00,MLB,KXMLBGAME-26SEP131415CWSSTL-STL,St. Louis,no,7223.18,YES,MISS
2026-09-13T21:34:03+00:00,MLB,KXMLBGAME-26SEP131337BALTOR-BAL,Baltimore,yes,3046.1,NO,MISS
2026-09-13T21:34:03+00:00,MLB,KXMLBGAME-26SEP131337BALTOR-BAL,Baltimore,yes,158858.27,NO,MISS
2026-09-13T21:34:03+00:00,MLB,KXMLBGAME-26SEP131337BALTOR-BAL,Baltimore,no,2050.53,NO,HIT
2026-09-13T21:34:03+00:00,MLB,KXMLBGAME-26SEP131337BALTOR-BAL,Baltimore,no,10555.89,NO,HIT
2026-09-13T21:34:03+00:00,MLB,KXMLBGAME-26SEP131337BALTOR-BAL,Baltimore,no,10356.61,NO,HIT
2026-09-13T21:34:03+00:00,MLB,KXMLBGAME-26SEP131337BALTOR-BAL,Baltimore,no,1351.27,NO,HIT
2026-09-13T21:34:03+00:00,MLB,KXMLBGAME-26SEP131337BALTOR-BAL,Baltimore,no,4464.26,NO,HIT
2026-09-13T21:34:03+00:00,MLB,KXMLBGAME-26SEP131337BALTOR-BAL,Baltimore,no,1835.78,NO,HIT
2026-09-13T21:34:03+00:00,MLB,KXMLBGAME-26SEP131337BALTOR-BAL,Baltimore,no,1721.87,NO,HIT
2026-09-13T21:34:03+00:00,MLB,KXMLBGAME-26SEP131337BALTOR-BAL,Baltimore,no,1007.37,NO,HIT
2026-09-13T21:34:03+00:00,MLB,KXMLBGAME-26SEP131337BALTOR-BAL,Baltimore,no,18578.36,NO,HIT
2026-09-13T21:34:03+00:00,MLB,KXMLBGAME-26SEP131337BALTOR-BAL,Baltimore,no,2312.6,NO,HIT
2026-09-13T21:34:03+00:00,MLB,KXMLBGAME-26SEP131337BALTOR-BAL,Baltimore,no,12379.52,NO,HIT
2026-09-13T21:34:03+00:00,MLB,KXMLBGAME-26SEP131337BALTOR-BAL,Baltimore,no,8242.8,NO,HIT
2026-09-13T21:34:03+00:00,MLB,KXMLBGAME-26SEP131335NYMNYY-NYM,New York M,yes,1964.58,NO,MISS
2026-09-13T21:34:03+00:00,MLB,KXMLBGAME-26SEP131335NYMNYY-NYM,New York M,yes,4153.59,NO,MISS
2026-09-13T21:34:03+00:00,MLB,KXMLBGAME-26SEP131335NYMNYY-NYM,New York M,no,3456.24,NO,HIT
2026-09-13T21:34:03+00:00,MLB,KXMLBGAME-26SEP131335NYMNYY-NYM,New York M,no,1884.37,NO,HIT
2026-09-13T21:34:03+00:00,MLB,KXMLBGAME-26SEP131335NYMNYY-NYM,New York M,no,1925.76,NO,HIT
2026-09-13T21:34:03+00:00,MLB,KXMLBGAME-26SEP131335NYMNYY-NYM,New York M,no,1524.77,NO,HIT
2026-09-13T21:34:03+00:00,MLB,KXMLBGAME-26SEP131335NYMNYY-NYM,New York M,no,1885.17,NO,HIT
2026-09-13T21:34:03+00:00,MLB,KXMLBGAME-26SEP131335NYMNYY-NYM,New York M,no,1628.48,NO,HIT
2026-09-13T21:34:03+00:00,MLB,KXMLBGAME-26SEP131335NYMNYY-NYM,New York M,no,2396.47,NO,HIT
2026-09-13T21:34:03+00:00,MLB,KXMLBGAME-26SEP131335NYMNYY-NYM,New York M,no,8522.57,NO,HIT
2026-09-13T21:34:03+00:00,MLB,KXMLBGAME-26SEP131335NYMNYY-NYM,New York M,no,1788.41,NO,HIT
2026-09-13T21:34:03+00:00,MLB,KXMLBGAME-26SEP131335NYMNYY-NYM,New York M,no,1772.43,NO,HIT
2026-09-13T21:34:03+00:00,MLB,KXMLBGAME-26SEP131335NYMNYY-NYM,New York M,no,4134.96,NO,HIT
2026-09-13T21:34:03+00:00,MLB,KXMLBGAME-26SEP131335NYMNYY-NYM,New York M,no,1619.59,NO,HIT
2026-09-13T21:34:03+00:00,MLB,KXMLBGAME-26SEP131335LAAWSH-WSH,Washington,yes,1402.06,YES,HIT
2026-09-13T21:34:03+00:00,MLB,KXMLBGAME-26SEP131335LAAWSH-WSH,Washington,yes,2135.68,YES,HIT
2026-09-13T21:34:03+00:00,MLB,KXMLBGAME-26SEP131335LAAWSH-WSH,Washington,yes,1011.48,YES,HIT
2026-09-13T21:34:03+00:00,MLB,KXMLBGAME-26SEP131335LAAWSH-WSH,Washington,yes,21035.22,YES,HIT
2026-09-13T21:34:03+00:00,MLB,KXMLBGAME-26SEP131335LAAWSH-WSH,Washington,yes,57003.24,YES,HIT
2026-09-13T21:34:03+00:00,MLB,KXMLBGAME-26SEP131335LAAWSH-WSH,Washington,no,2940.93,YES,MISS
2026-09-13T21:34:03+00:00,MLB,KXMLBGAME-26SEP131335LAAWSH-WSH,Washington,no,2980.38,YES,MISS
2026-09-13T21:34:03+00:00,MLB,KXMLBGAME-26SEP131335LAAWSH-WSH,Washington,no,2640.0,YES,MISS
2026-09-13T21:34:03+00:00,MLB,KXMLBGAME-26SEP131335LAAWSH-WSH,Washington,no,1738.03,YES,MISS
2026-09-13T21:34:03+00:00,MLB,KXMLBGAME-26SEP131335LAAWSH-WSH,Washington,no,4474.24,YES,MISS
2026-09-13T21:34:03+00:00,MLB,KXMLBGAME-26SEP131335LAAWSH-WSH,Washington,no,2319.16,YES,MISS
2026-09-13T21:34:03+00:00,MLB,KXMLBGAME-26SEP131335LAAWSH-WSH,Washington,no,10823.93,YES,MISS
2026-09-13T21:34:03+00:00,MLB,KXMLBGAME-26SEP131335LAAWSH-WSH,Washington,no,7434.51,YES,MISS
2026-09-13T21:34:03+00:00,MLB,KXMLBGAME-26SEP131335LAAWSH-WSH,Washington,no,1720.44,YES,MISS
2026-09-13T21:34:03+00:00,MLB,KXMLBGAME-26SEP131335LAAWSH-WSH,Washington,no,13916.22,YES,MISS
2026-09-13T21:34:03+00:00,TENNIS,KXWTAMATCH-26SEP13MIKPAQ-MIK,Justina Mikulskyte,yes,2808.2,NO,MISS
2026-09-13T21:34:03+00:00,TENNIS,KXWTAMATCH-26SEP13MIKPAQ-MIK,Justina Mikulskyte,no,2663.39,NO,HIT
2026-09-13T21:34:03+00:00,TENNIS,KXWTAMATCH-26SEP13MIKPAQ-MIK,Justina Mikulskyte,yes,2885.42,NO,MISS
2026-09-13T21:34:03+00:00,TENNIS,KXWTAMATCH-26SEP13MIKPAQ-MIK,Justina Mikulskyte,yes,2295.05,NO,MISS
2026-09-13T21:34:03+00:00,TENNIS,KXWTAMATCH-26SEP13MIKPAQ-MIK,Justina Mikulskyte,yes,14138.92,NO,MISS
2026-09-13T21:34:03+00:00,TENNIS,KXWTAMATCH-26SEP13MIKPAQ-MIK,Justina Mikulskyte,no,7719.52,NO,HIT
2026-09-13T21:34:03+00:00,TENNIS,KXWTAMATCH-26SEP13MIKPAQ-MIK,Justina Mikulskyte,no,2123.98,NO,HIT
2026-09-13T21:34:03+00:00,TENNIS,KXWTAMATCH-26SEP13MIKPAQ-MIK,Justina Mikulskyte,no,2673.36,NO,HIT
2026-09-13T21:34:03+00:00,MLB,KXMLBGAME-26SEP131410CLEMIN-CLE,Cleveland,yes,1734.93,YES,HIT
2026-09-13T21:34:03+00:00,MLB,KXMLBGAME-26SEP131410CLEMIN-CLE,Cleveland,no,1149.26,YES,MISS
2026-09-13T21:34:03+00:00,MLB,KXMLBGAME-26SEP131410CLEMIN-CLE,Cleveland,no,1519.36,YES,MISS
2026-09-13T21:34:03+00:00,MLB,KXMLBGAME-26SEP131410CLEMIN-CLE,Cleveland,no,4024.59,YES,MISS
2026-09-13T21:34:03+00:00,MLB,KXMLBGAME-26SEP131410CLEMIN-CLE,Cleveland,no,2186.98,YES,MISS
2026-09-13T21:34:03+00:00,MLB,KXMLBGAME-26SEP131410CLEMIN-CLE,Cleveland,yes,10277.87,YES,HIT
2026-09-13T21:34:03+00:00,MLB,KXMLBGAME-26SEP131410CLEMIN-CLE,Cleveland,yes,1454.36,YES,HIT
2026-09-13T21:34:03+00:00,MLB,KXMLBGAME-26SEP131410CLEMIN-CLE,Cleveland,yes,15122.6,YES,HIT
2026-09-13T21:34:03+00:00,MLB,KXMLBGAME-26SEP131410CLEMIN-CLE,Cleveland,yes,4007.49,YES,HIT
2026-09-13T21:34:03+00:00,MLB,KXMLBGAME-26SEP131410CLEMIN-CLE,Cleveland,yes,9134.5,YES,HIT
2026-09-13T21:34:03+00:00,TENNIS,KXWTAMATCH-26SEP13PARLEP-PAR,Alycia Parks,yes,3350.03,YES,HIT
2026-09-13T21:34:03+00:00,TENNIS,KXWTAMATCH-26SEP13PARLEP-PAR,Alycia Parks,yes,25522.2,YES,HIT
2026-09-13T21:34:03+00:00,TENNIS,KXWTAMATCH-26SEP13STEARA-STE,Peyton Stearns,yes,1876.95,YES,HIT
2026-09-13T21:34:03+00:00,TENNIS,KXWTAMATCH-26SEP13STEARA-STE,Peyton Stearns,yes,3400.0,YES,HIT
2026-09-13T21:34:03+00:00,TENNIS,KXWTAMATCH-26SEP13STEARA-STE,Peyton Stearns,yes,21257.81,YES,HIT
2026-09-13T21:34:03+00:00,TENNIS,KXWTAMATCH-26SEP13STEARA-STE,Peyton Stearns,no,3756.04,YES,MISS
2026-09-13T21:34:03+00:00,TENNIS,KXWTAMATCH-26SEP13STEARA-STE,Peyton Stearns,yes,4276.72,YES,HIT
2026-09-13T21:34:03+00:00,TENNIS,KXWTAMATCH-26SEP13MIKPAQ-PAQ,Chloe Paquet,yes,24390.25,YES,HIT
2026-09-13T21:34:03+00:00,TENNIS,KXWTAMATCH-26SEP13YOUBOS-YOU,Xiaodi You,yes,9120.89,YES,HIT
2026-09-13T21:34:03+00:00,TENNIS,KXWTAMATCH-26SEP13YOUBOS-YOU,Xiaodi You,yes,3285.1,YES,HIT
2026-09-13T21:34:03+00:00,TENNIS,KXWTAMATCH-26SEP13YOUBOS-YOU,Xiaodi You,yes,36894.32,YES,HIT
2026-09-13T21:34:03+00:00,TENNIS,KXWTAMATCH-26SEP13PARLEP-LEP,Varvara Lepchenko,no,1984.76,NO,HIT
2026-09-13T21:34:03+00:00,TENNIS,KXWTAMATCH-26SEP13STEARA-ARA,Emiliana Arango,no,4329.05,NO,HIT
2026-09-13T21:34:03+00:00,TENNIS,KXWTAMATCH-26SEP13STEARA-ARA,Emiliana Arango,yes,16472.04,NO,MISS
2026-09-13T23:25:45+00:00,TENNIS,KXATPMATCH-26SEP13ZVESHE-ZVE,Alexander Zverev,yes,2778.81,YES,HIT
2026-09-13T23:25:45+00:00,TENNIS,KXATPMATCH-26SEP13ZVESHE-ZVE,Alexander Zverev,yes,2125.16,YES,HIT
2026-09-13T23:25:45+00:00,TENNIS,KXATPMATCH-26SEP13ZVESHE-ZVE,Alexander Zverev,yes,3630.42,YES,HIT
2026-09-13T23:25:45+00:00,TENNIS,KXATPMATCH-26SEP13ZVESHE-ZVE,Alexander Zverev,yes,1344.74,YES,HIT
2026-09-13T23:25:45+00:00,TENNIS,KXATPMATCH-26SEP13ZVESHE-ZVE,Alexander Zverev,yes,4445.39,YES,HIT
2026-09-13T23:25:45+00:00,TENNIS,KXATPMATCH-26SEP13ZVESHE-ZVE,Alexander Zverev,yes,1400.79,YES,HIT
2026-09-13T23:25:45+00:00,TENNIS,KXATPMATCH-26SEP13ZVESHE-ZVE,Alexander Zverev,yes,2273.1,YES,HIT
2026-09-13T23:25:45+00:00,TENNIS,KXATPMATCH-26SEP13ZVESHE-ZVE,Alexander Zverev,yes,1170.27,YES,HIT
2026-09-13T23:25:45+00:00,TENNIS,KXATPMATCH-26SEP13ZVESHE-ZVE,Alexander Zverev,yes,4881.87,YES,HIT
2026-09-13T23:25:45+00:00,TENNIS,KXATPMATCH-26SEP13ZVESHE-ZVE,Alexander Zverev,yes,2727.14,YES,HIT
2026-09-13T23:25:45+00:00,TENNIS,KXATPMATCH-26SEP13ZVESHE-ZVE,Alexander Zverev,yes,1061.18,YES,HIT
2026-09-13T23:25:45+00:00,TENNIS,KXATPMATCH-26SEP13ZVESHE-ZVE,Alexander Zverev,yes,1634.78,YES,HIT
2026-09-13T23:25:45+00:00,TENNIS,KXATPMATCH-26SEP13ZVESHE-ZVE,Alexander Zverev,yes,1154.05,YES,HIT
2026-09-13T23:25:45+00:00,TENNIS,KXATPMATCH-26SEP13ZVESHE-ZVE,Alexander Zverev,no,1147.44,YES,MISS
2026-09-13T23:25:45+00:00,TENNIS,KXATPMATCH-26SEP13ZVESHE-ZVE,Alexander Zverev,yes,1945.21,YES,HIT
2026-09-13T23:25:45+00:00,TENNIS,KXATPMATCH-26SEP13ZVESHE-ZVE,Alexander Zverev,yes,1647.91,YES,HIT
2026-09-13T23:25:45+00:00,TENNIS,KXATPMATCH-26SEP13ZVESHE-ZVE,Alexander Zverev,yes,1113.44,YES,HIT
2026-09-13T23:25:45+00:00,TENNIS,KXATPMATCH-26SEP13ZVESHE-ZVE,Alexander Zverev,yes,1554.73,YES,HIT
2026-09-13T23:25:45+00:00,TENNIS,KXATPMATCH-26SEP13ZVESHE-ZVE,Alexander Zverev,yes,1113.44,YES,HIT
2026-09-13T23:25:45+00:00,TENNIS,KXATPMATCH-26SEP13ZVESHE-ZVE,Alexander Zverev,yes,1554.73,YES,HIT
2026-09-13T23:25:45+00:00,TENNIS,KXATPMATCH-26SEP13ZVESHE-ZVE,Alexander Zverev,yes,1774.09,YES,HIT
2026-09-13T23:25:45+00:00,TENNIS,KXATPMATCH-26SEP13ZVESHE-ZVE,Alexander Zverev,yes,1460.98,YES,HIT
2026-09-13T23:25:45+00:00,TENNIS,KXATPMATCH-26SEP13ZVESHE-ZVE,Alexander Zverev,yes,1774.09,YES,HIT
2026-09-13T23:25:45+00:00,TENNIS,KXATPMATCH-26SEP13ZVESHE-ZVE,Alexander Zverev,yes,1460.98,YES,HIT
2026-09-13T23:25:45+00:00,TENNIS,KXATPMATCH-26SEP13ZVESHE-ZVE,Alexander Zverev,yes,12527.28,YES,HIT
2026-09-13T23:25:45+00:00,TENNIS,KXATPMATCH-26SEP13ZVESHE-ZVE,Alexander Zverev,yes,3980.97,YES,HIT
2026-09-13T23:25:45+00:00,TENNIS,KXATPMATCH-26SEP13ZVESHE-ZVE,Alexander Zverev,yes,3455.62,YES,HIT
2026-09-13T23:25:45+00:00,TENNIS,KXATPMATCH-26SEP13ZVESHE-ZVE,Alexander Zverev,yes,1741.18,YES,HIT
2026-09-13T23:25:45+00:00,TENNIS,KXATPMATCH-26SEP13ZVESHE-ZVE,Alexander Zverev,yes,9852.18,YES,HIT
2026-09-13T23:25:45+00:00,TENNIS,KXATPMATCH-26SEP13ZVESHE-ZVE,Alexander Zverev,yes,4327.29,YES,HIT
2026-09-13T23:25:45+00:00,TENNIS,KXATPMATCH-26SEP13ZVESHE-ZVE,Alexander Zverev,yes,1714.13,YES,HIT
2026-09-13T23:25:45+00:00,TENNIS,KXATPMATCH-26SEP13ZVESHE-ZVE,Alexander Zverev,yes,8357.9,YES,HIT
2026-09-13T23:25:45+00:00,TENNIS,KXATPMATCH-26SEP13ZVESHE-ZVE,Alexander Zverev,yes,2240.74,YES,HIT
2026-09-13T23:25:45+00:00,TENNIS,KXATPMATCH-26SEP13ZVESHE-ZVE,Alexander Zverev,yes,1741.18,YES,HIT
2026-09-13T23:25:45+00:00,TENNIS,KXATPMATCH-26SEP13ZVESHE-ZVE,Alexander Zverev,yes,9852.18,YES,HIT
2026-09-13T23:25:45+00:00,TENNIS,KXATPMATCH-26SEP13ZVESHE-ZVE,Alexander Zverev,yes,4327.29,YES,HIT
2026-09-13T23:25:45+00:00,TENNIS,KXATPMATCH-26SEP13ZVESHE-ZVE,Alexander Zverev,yes,1714.13,YES,HIT
2026-09-13T23:25:45+00:00,TENNIS,KXATPMATCH-26SEP13ZVESHE-ZVE,Alexander Zverev,yes,8357.9,YES,HIT
2026-09-13T23:25:45+00:00,TENNIS,KXATPMATCH-26SEP13ZVESHE-ZVE,Alexander Zverev,yes,2240.74,YES,HIT
2026-09-13T23:25:45+00:00,TENNIS,KXATPMATCH-26SEP13ZVESHE-ZVE,Alexander Zverev,yes,1049.6,YES,HIT
2026-09-13T23:25:45+00:00,TENNIS,KXATPMATCH-26SEP13ZVESHE-ZVE,Alexander Zverev,yes,3154.72,YES,HIT
2026-09-13T23:25:45+00:00,TENNIS,KXATPMATCH-26SEP13ZVESHE-ZVE,Alexander Zverev,yes,2922.77,YES,HIT
2026-09-13T23:25:45+00:00,TENNIS,KXATPMATCH-26SEP13ZVESHE-ZVE,Alexander Zverev,yes,1081.51,YES,HIT
2026-09-13T23:25:45+00:00,TENNIS,KXATPMATCH-26SEP13ZVESHE-ZVE,Alexander Zverev,yes,4757.68,YES,HIT
2026-09-13T23:25:45+00:00,TENNIS,KXATPMATCH-26SEP13ZVESHE-ZVE,Alexander Zverev,yes,1103.8,YES,HIT
2026-09-13T23:25:45+00:00,TENNIS,KXATPMATCH-26SEP13ZVESHE-ZVE,Alexander Zverev,yes,1451.47,YES,HIT
2026-09-13T23:25:45+00:00,TENNIS,KXATPMATCH-26SEP13ZVESHE-ZVE,Alexander Zverev,yes,4471.13,YES,HIT
2026-09-13T23:25:45+00:00,TENNIS,KXATPMATCH-26SEP13ZVESHE-ZVE,Alexander Zverev,yes,1088.25,YES,HIT
2026-09-13T23:25:45+00:00,TENNIS,KXATPMATCH-26SEP13ZVESHE-ZVE,Alexander Zverev,yes,9585.87,YES,HIT
2026-09-13T23:25:45+00:00,TENNIS,KXATPMATCH-26SEP13ZVESHE-ZVE,Alexander Zverev,yes,2023.64,YES,HIT
2026-09-13T23:25:45+00:00,TENNIS,KXATPMATCH-26SEP13ZVESHE-ZVE,Alexander Zverev,yes,5030.25,YES,HIT
2026-09-13T23:25:45+00:00,TENNIS,KXATPMATCH-26SEP13ZVESHE-ZVE,Alexander Zverev,yes,7655.81,YES,HIT
2026-09-13T23:25:45+00:00,TENNIS,KXATPMATCH-26SEP13ZVESHE-ZVE,Alexander Zverev,no,2186.69,YES,MISS
2026-09-13T23:25:45+00:00,TENNIS,KXATPMATCH-26SEP13ZVESHE-ZVE,Alexander Zverev,yes,134236.29,YES,HIT
2026-09-13T23:25:45+00:00,TENNIS,KXATPMATCH-26SEP13ZVESHE-ZVE,Alexander Zverev,yes,9002.19,YES,HIT
2026-09-13T23:25:45+00:00,TENNIS,KXATPMATCH-26SEP13ZVESHE-ZVE,Alexander Zverev,no,1026.84,YES,MISS
2026-09-13T23:25:45+00:00,TENNIS,KXATPMATCH-26SEP13ZVESHE-ZVE,Alexander Zverev,yes,7340.9,YES,HIT
2026-09-13T23:25:45+00:00,TENNIS,KXATPMATCH-26SEP13ZVESHE-ZVE,Alexander Zverev,yes,1064.61,YES,HIT
2026-09-13T23:25:45+00:00,TENNIS,KXATPMATCH-26SEP13ZVESHE-ZVE,Alexander Zverev,yes,1740.0,YES,HIT
2026-09-13T23:25:45+00:00,TENNIS,KXATPMATCH-26SEP13ZVESHE-ZVE,Alexander Zverev,yes,1261.91,YES,HIT
2026-09-13T23:25:45+00:00,TENNIS,KXATPMATCH-26SEP13ZVESHE-ZVE,Alexander Zverev,yes,1048.17,YES,HIT
2026-09-13T23:25:45+00:00,TENNIS,KXATPMATCH-26SEP13ZVESHE-ZVE,Alexander Zverev,yes,2417.34,YES,HIT
2026-09-13T23:25:45+00:00,TENNIS,KXATPMATCH-26SEP13ZVESHE-ZVE,Alexander Zverev,yes,1146.39,YES,HIT
2026-09-13T23:25:45+00:00,TENNIS,KXATPMATCH-26SEP13ZVESHE-ZVE,Alexander Zverev,yes,3709.88,YES,HIT
2026-09-13T23:25:45+00:00,TENNIS,KXATPMATCH-26SEP13ZVESHE-ZVE,Alexander Zverev,yes,3800.56,YES,HIT
2026-09-13T23:25:45+00:00,TENNIS,KXATPMATCH-26SEP13ZVESHE-ZVE,Alexander Zverev,yes,1755.77,YES,HIT
2026-09-13T23:25:45+00:00,TENNIS,KXATPMATCH-26SEP13ZVESHE-ZVE,Alexander Zverev,yes,1043.54,YES,HIT
2026-09-13T23:25:45+00:00,TENNIS,KXATPMATCH-26SEP13ZVESHE-ZVE,Alexander Zverev,yes,2104.61,YES,HIT
2026-09-13T23:25:45+00:00,TENNIS,KXATPMATCH-26SEP13ZVESHE-ZVE,Alexander Zverev,yes,5108.69,YES,HIT
2026-09-13T23:25:45+00:00,TENNIS,KXATPMATCH-26SEP13ZVESHE-ZVE,Alexander Zverev,yes,3727.98,YES,HIT
2026-09-13T23:25:45+00:00,TENNIS,KXATPMATCH-26SEP13ZVESHE-ZVE,Alexander Zverev,yes,8661.76,YES,HIT
2026-09-13T23:25:45+00:00,TENNIS,KXATPMATCH-26SEP13ZVESHE-ZVE,Alexander Zverev,yes,1205.46,YES,HIT
2026-09-13T23:25:45+00:00,TENNIS,KXATPMATCH-26SEP13ZVESHE-ZVE,Alexander Zverev,yes,29032.9,YES,HIT
2026-09-13T23:25:45+00:00,TENNIS,KXATPMATCH-26SEP13ZVESHE-ZVE,Alexander Zverev,yes,1927737.07,YES,HIT
2026-09-13T23:25:45+00:00,TENNIS,KXATPMATCH-26SEP13ZVESHE-ZVE,Alexander Zverev,no,1360.83,YES,MISS
2026-09-13T23:25:45+00:00,TENNIS,KXATPMATCH-26SEP13ZVESHE-ZVE,Alexander Zverev,no,91560.6,YES,MISS
2026-09-13T23:25:45+00:00,TENNIS,KXATPMATCH-26SEP13ZVESHE-ZVE,Alexander Zverev,yes,2054795.13,YES,HIT
2026-09-13T23:25:45+00:00,TENNIS,KXATPMATCH-26SEP13ZVESHE-ZVE,Alexander Zverev,yes,1959358.6,YES,HIT
2026-09-13T23:25:45+00:00,TENNIS,KXATPMATCH-26SEP13ZVESHE-ZVE,Alexander Zverev,no,130902.39,YES,MISS
2026-09-13T23:25:45+00:00,TENNIS,KXATPMATCH-26SEP13ZVESHE-SHE,Ben Shelton,yes,15553.45,NO,MISS
2026-09-13T23:25:45+00:00,TENNIS,KXATPMATCH-26SEP13ZVESHE-SHE,Ben Shelton,yes,4285.12,NO,MISS
2026-09-13T23:25:45+00:00,TENNIS,KXATPMATCH-26SEP13ZVESHE-SHE,Ben Shelton,yes,2213.97,NO,MISS
2026-09-13T23:25:45+00:00,TENNIS,KXATPMATCH-26SEP13ZVESHE-SHE,Ben Shelton,yes,158960.07,NO,MISS
2026-09-13T23:25:45+00:00,TENNIS,KXATPMATCH-26SEP13ZVESHE-SHE,Ben Shelton,yes,3802.35,NO,MISS
2026-09-13T23:25:45+00:00,TENNIS,KXATPMATCH-26SEP13ZVESHE-SHE,Ben Shelton,yes,1110.32,NO,MISS
2026-09-13T23:25:45+00:00,TENNIS,KXATPMATCH-26SEP13ZVESHE-SHE,Ben Shelton,yes,22872.32,NO,MISS
2026-09-13T23:25:45+00:00,TENNIS,KXATPMATCH-26SEP13ZVESHE-SHE,Ben Shelton,yes,1866.19,NO,MISS
2026-09-13T23:25:45+00:00,TENNIS,KXATPMATCH-26SEP13ZVESHE-SHE,Ben Shelton,yes,1082.98,NO,MISS
2026-09-13T23:25:45+00:00,TENNIS,KXATPMATCH-26SEP13ZVESHE-SHE,Ben Shelton,yes,1025.44,NO,MISS
2026-09-13T23:25:45+00:00,TENNIS,KXATPMATCH-26SEP13ZVESHE-SHE,Ben Shelton,yes,2321.4,NO,MISS
2026-09-13T23:25:45+00:00,TENNIS,KXATPMATCH-26SEP13ZVESHE-SHE,Ben Shelton,yes,1941.76,NO,MISS
2026-09-13T23:25:45+00:00,TENNIS,KXATPMATCH-26SEP13ZVESHE-SHE,Ben Shelton,yes,1015.37,NO,MISS
2026-09-13T23:25:45+00:00,TENNIS,KXATPMATCH-26SEP13ZVESHE-SHE,Ben Shelton,yes,5445.68,NO,MISS
2026-09-13T23:25:45+00:00,TENNIS,KXATPMATCH-26SEP13ZVESHE-SHE,Ben Shelton,yes,1684.39,NO,MISS
2026-09-13T23:25:45+00:00,TENNIS,KXATPMATCH-26SEP13ZVESHE-SHE,Ben Shelton,yes,1084.99,NO,MISS
2026-09-13T23:25:45+00:00,TENNIS,KXATPMATCH-26SEP13ZVESHE-SHE,Ben Shelton,yes,4173.87,NO,MISS
2026-09-13T23:25:45+00:00,TENNIS,KXATPMATCH-26SEP13ZVESHE-SHE,Ben Shelton,yes,1013.11,NO,MISS
2026-09-13T23:25:45+00:00,TENNIS,KXATPMATCH-26SEP13ZVESHE-SHE,Ben Shelton,yes,4213.01,NO,MISS
2026-09-13T23:25:45+00:00,TENNIS,KXATPMATCH-26SEP13ZVESHE-SHE,Ben Shelton,yes,1546.95,NO,MISS
2026-09-13T23:25:45+00:00,TENNIS,KXATPMATCH-26SEP13ZVESHE-SHE,Ben Shelton,yes,4173.87,NO,MISS
2026-09-13T23:25:45+00:00,TENNIS,KXATPMATCH-26SEP13ZVESHE-SHE,Ben Shelton,yes,1013.11,NO,MISS
2026-09-13T23:25:45+00:00,TENNIS,KXATPMATCH-26SEP13ZVESHE-SHE,Ben Shelton,yes,4213.01,NO,MISS
2026-09-13T23:25:45+00:00,TENNIS,KXATPMATCH-26SEP13ZVESHE-SHE,Ben Shelton,yes,1546.95,NO,MISS
2026-09-13T23:25:45+00:00,TENNIS,KXATPMATCH-26SEP13ZVESHE-SHE,Ben Shelton,yes,9412.82,NO,MISS
2026-09-13T23:25:45+00:00,TENNIS,KXATPMATCH-26SEP13ZVESHE-SHE,Ben Shelton,yes,2468.45,NO,MISS
2026-09-13T23:25:45+00:00,TENNIS,KXATPMATCH-26SEP13ZVESHE-SHE,Ben Shelton,yes,9412.82,NO,MISS
2026-09-13T23:25:45+00:00,TENNIS,KXATPMATCH-26SEP13ZVESHE-SHE,Ben Shelton,yes,2468.45,NO,MISS
2026-09-13T23:25:45+00:00,TENNIS,KXATPMATCH-26SEP13ZVESHE-SHE,Ben Shelton,yes,1308.64,NO,MISS
2026-09-13T23:25:45+00:00,TENNIS,KXATPMATCH-26SEP13ZVESHE-SHE,Ben Shelton,yes,2554.09,NO,MISS
2026-09-13T23:25:45+00:00,TENNIS,KXATPMATCH-26SEP13ZVESHE-SHE,Ben Shelton,yes,13478.36,NO,MISS
2026-09-13T23:25:45+00:00,TENNIS,KXATPMATCH-26SEP13ZVESHE-SHE,Ben Shelton,yes,8187.39,NO,MISS
2026-09-13T23:25:45+00:00,TENNIS,KXATPMATCH-26SEP13ZVESHE-SHE,Ben Shelton,yes,5211.87,NO,MISS
2026-09-13T23:25:45+00:00,TENNIS,KXATPMATCH-26SEP13ZVESHE-SHE,Ben Shelton,yes,3990.08,NO,MISS
2026-09-13T23:25:45+00:00,TENNIS,KXATPMATCH-26SEP13ZVESHE-SHE,Ben Shelton,yes,1160.62,NO,MISS
2026-09-13T23:25:45+00:00,TENNIS,KXATPMATCH-26SEP13ZVESHE-SHE,Ben Shelton,yes,5211.87,NO,MISS
2026-09-13T23:25:45+00:00,TENNIS,KXATPMATCH-26SEP13ZVESHE-SHE,Ben Shelton,yes,3990.08,NO,MISS
2026-09-13T23:25:45+00:00,TENNIS,KXATPMATCH-26SEP13ZVESHE-SHE,Ben Shelton,yes,1160.62,NO,MISS
2026-09-13T23:25:45+00:00,TENNIS,KXATPMATCH-26SEP13ZVESHE-SHE,Ben Shelton,yes,3345.61,NO,MISS
2026-09-13T23:25:45+00:00,TENNIS,KXATPMATCH-26SEP13ZVESHE-SHE,Ben Shelton,yes,38737.31,NO,MISS
2026-09-13T23:25:45+00:00,TENNIS,KXATPMATCH-26SEP13ZVESHE-SHE,Ben Shelton,no,4852.32,NO,HIT
2026-09-13T23:25:45+00:00,TENNIS,KXATPMATCH-26SEP13ZVESHE-SHE,Ben Shelton,yes,12521.81,NO,MISS
2026-09-13T23:25:45+00:00,TENNIS,KXATPMATCH-26SEP13ZVESHE-SHE,Ben Shelton,yes,2099.42,NO,MISS
2026-09-13T23:25:45+00:00,TENNIS,KXATPMATCH-26SEP13ZVESHE-SHE,Ben Shelton,yes,2882.51,NO,MISS
2026-09-13T23:25:45+00:00,TENNIS,KXATPMATCH-26SEP13ZVESHE-SHE,Ben Shelton,yes,33900.1,NO,MISS
2026-09-13T23:25:45+00:00,TENNIS,KXATPMATCH-26SEP13ZVESHE-SHE,Ben Shelton,no,1450.0,NO,HIT
2026-09-13T23:25:45+00:00,TENNIS,KXATPMATCH-26SEP13ZVESHE-SHE,Ben Shelton,yes,70325.22,NO,MISS
2026-09-13T23:25:45+00:00,TENNIS,KXATPMATCH-26SEP13ZVESHE-SHE,Ben Shelton,yes,10734.78,NO,MISS
2026-09-13T23:25:45+00:00,TENNIS,KXATPMATCH-26SEP13ZVESHE-SHE,Ben Shelton,yes,8589.77,NO,MISS
2026-09-13T23:25:45+00:00,TENNIS,KXATPMATCH-26SEP13ZVESHE-SHE,Ben Shelton,yes,1746.98,NO,MISS
2026-09-13T23:25:45+00:00,TENNIS,KXATPMATCH-26SEP13ZVESHE-SHE,Ben Shelton,yes,3055.55,NO,MISS
2026-09-13T23:25:45+00:00,TENNIS,KXATPMATCH-26SEP13ZVESHE-SHE,Ben Shelton,yes,3416.84,NO,MISS
2026-09-13T23:25:45+00:00,TENNIS,KXATPMATCH-26SEP13ZVESHE-SHE,Ben Shelton,yes,1028.81,NO,MISS
2026-09-13T23:25:45+00:00,TENNIS,KXATPMATCH-26SEP13ZVESHE-SHE,Ben Shelton,yes,1268.79,NO,MISS
2026-09-13T23:25:45+00:00,TENNIS,KXATPMATCH-26SEP13ZVESHE-SHE,Ben Shelton,yes,3921.74,NO,MISS
2026-09-13T23:25:45+00:00,TENNIS,KXATPMATCH-26SEP13ZVESHE-SHE,Ben Shelton,yes,1181.33,NO,MISS
2026-09-13T23:25:45+00:00,TENNIS,KXATPMATCH-26SEP13ZVESHE-SHE,Ben Shelton,yes,2170.58,NO,MISS
2026-09-13T23:25:45+00:00,TENNIS,KXATPMATCH-26SEP13ZVESHE-SHE,Ben Shelton,yes,68194.63,NO,MISS
2026-09-13T23:25:45+00:00,TENNIS,KXATPMATCH-26SEP13ZVESHE-SHE,Ben Shelton,no,1267.14,NO,HIT
2026-09-13T23:25:45+00:00,TENNIS,KXATPMATCH-26SEP13ZVESHE-SHE,Ben Shelton,no,1098.67,NO,HIT
2026-09-13T23:25:45+00:00,TENNIS,KXATPMATCH-26SEP13ZVESHE-SHE,Ben Shelton,no,4782.71,NO,HIT
2026-09-13T23:25:45+00:00,TENNIS,KXATPMATCH-26SEP13ZVESHE-SHE,Ben Shelton,no,1497.36,NO,HIT
2026-09-13T23:25:45+00:00,TENNIS,KXATPMATCH-26SEP13ZVESHE-SHE,Ben Shelton,yes,5408.04,NO,MISS
2026-09-13T23:25:45+00:00,TENNIS,KXATPMATCH-26SEP13ZVESHE-SHE,Ben Shelton,no,2310.21,NO,HIT
2026-09-13T23:25:45+00:00,TENNIS,KXATPMATCH-26SEP13ZVESHE-SHE,Ben Shelton,no,2629.64,NO,HIT
2026-09-13T23:25:45+00:00,TENNIS,KXATPMATCH-26SEP13ZVESHE-SHE,Ben Shelton,no,1764.45,NO,HIT
2026-09-13T23:25:45+00:00,TENNIS,KXATPMATCH-26SEP13ZVESHE-SHE,Ben Shelton,yes,542539.94,NO,MISS
2026-09-13T23:25:45+00:00,TENNIS,KXATPMATCH-26SEP13ZVESHE-SHE,Ben Shelton,no,441873.63,NO,HIT
2026-09-13T23:25:45+00:00,TENNIS,KXATPMATCH-26SEP13ZVESHE-SHE,Ben Shelton,yes,512004.71,NO,MISS
2026-09-13T23:25:45+00:00,TENNIS,KXATPMATCH-26SEP13ZVESHE-SHE,Ben Shelton,no,508809.72,NO,HIT
2026-09-13T23:25:45+00:00,TENNIS,KXATPMATCH-26SEP13ZVESHE-SHE,Ben Shelton,yes,330082.65,NO,MISS
2026-09-13T23:25:45+00:00,TENNIS,KXATPMATCH-26SEP13ZVESHE-SHE,Ben Shelton,no,696714.64,NO,HIT
2026-09-13T23:25:45+00:00,MLB,KXMLBGAME-26SEP131610TEXAZ-AZ,Arizona,yes,1062.25,NO,MISS
2026-09-13T23:25:45+00:00,MLB,KXMLBGAME-26SEP131610TEXAZ-AZ,Arizona,yes,2950.0,NO,MISS
2026-09-13T23:25:45+00:00,MLB,KXMLBGAME-26SEP131610TEXAZ-AZ,Arizona,yes,1356.95,NO,MISS
2026-09-13T23:25:45+00:00,MLB,KXMLBGAME-26SEP131610TEXAZ-AZ,Arizona,yes,3741.07,NO,MISS
2026-09-13T23:25:45+00:00,MLB,KXMLBGAME-26SEP131610TEXAZ-AZ,Arizona,yes,5360.3,NO,MISS
2026-09-13T23:25:45+00:00,MLB,KXMLBGAME-26SEP131610TEXAZ-AZ,Arizona,yes,1293.34,NO,MISS
2026-09-13T23:25:45+00:00,MLB,KXMLBGAME-26SEP131610TEXAZ-AZ,Arizona,yes,2351.09,NO,MISS
2026-09-13T23:25:45+00:00,MLB,KXMLBGAME-26SEP131610TEXAZ-AZ,Arizona,no,41761.5,NO,HIT
2026-09-13T23:25:45+00:00,MLB,KXMLBGAME-26SEP131610TEXAZ-AZ,Arizona,no,1340.0,NO,HIT
2026-09-13T23:25:45+00:00,MLB,KXMLBGAME-26SEP131610TEXAZ-AZ,Arizona,no,7075.86,NO,HIT
2026-09-13T23:25:45+00:00,MLB,KXMLBGAME-26SEP131610TEXAZ-AZ,Arizona,no,7568.88,NO,HIT
2026-09-13T23:25:45+00:00,MLB,KXMLBGAME-26SEP131610TEXAZ-AZ,Arizona,no,26151.84,NO,HIT
2026-09-13T23:25:45+00:00,MLB,KXMLBGAME-26SEP131610TEXAZ-AZ,Arizona,yes,123848.22,NO,MISS
2026-09-13T23:25:45+00:00,TENNIS,KXWTAMATCH-26SEP13VIDTJE-VID,Darja Vidmanova,yes,2201.04,NO,MISS
2026-09-13T23:25:45+00:00,TENNIS,KXWTAMATCH-26SEP13VIDTJE-VID,Darja Vidmanova,yes,6843.38,NO,MISS
2026-09-13T23:25:45+00:00,TENNIS,KXWTAMATCH-26SEP13VIDTJE-VID,Darja Vidmanova,yes,13885.4,NO,MISS
2026-09-13T23:25:45+00:00,TENNIS,KXWTAMATCH-26SEP13VIDTJE-VID,Darja Vidmanova,no,1025.69,NO,HIT
2026-09-13T23:25:45+00:00,TENNIS,KXWTAMATCH-26SEP13VIDTJE-VID,Darja Vidmanova,no,2935.32,NO,HIT
2026-09-13T23:25:45+00:00,TENNIS,KXWTAMATCH-26SEP13VIDTJE-VID,Darja Vidmanova,no,5278.33,NO,HIT
2026-09-13T23:25:45+00:00,TENNIS,KXWTAMATCH-26SEP13VIDTJE-TJE,Janice Tjen,yes,1940.44,YES,HIT
2026-09-13T23:25:45+00:00,TENNIS,KXWTAMATCH-26SEP13VIDTJE-TJE,Janice Tjen,yes,1100.17,YES,HIT
2026-09-13T23:25:45+00:00,TENNIS,KXWTAMATCH-26SEP13VIDTJE-TJE,Janice Tjen,yes,1051.6,YES,HIT
2026-09-13T23:25:45+00:00,TENNIS,KXWTAMATCH-26SEP13VIDTJE-TJE,Janice Tjen,yes,42117.34,YES,HIT
2026-09-13T23:25:45+00:00,TENNIS,KXWTAMATCH-26SEP13VIDTJE-TJE,Janice Tjen,no,1941.73,YES,MISS
2026-09-13T23:25:45+00:00,TENNIS,KXWTAMATCH-26SEP13VIDTJE-TJE,Janice Tjen,no,2598.64,YES,MISS
2026-09-13T23:25:45+00:00,TENNIS,KXWTAMATCH-26SEP13VIDTJE-TJE,Janice Tjen,no,1534.88,YES,MISS
2026-09-13T23:25:45+00:00,TENNIS,KXWTAMATCH-26SEP13VIDTJE-TJE,Janice Tjen,no,1852.48,YES,MISS
2026-09-13T23:25:45+00:00,MLB,KXMLBGAME-26SEP131610TEXAZ-TEX,Texas,yes,1721.08,YES,HIT
2026-09-13T23:25:45+00:00,MLB,KXMLBGAME-26SEP131610TEXAZ-TEX,Texas,yes,81496.23,YES,HIT
2026-09-13T23:25:45+00:00,MLB,KXMLBGAME-26SEP131610TEXAZ-TEX,Texas,no,2315.32,YES,MISS
2026-09-13T23:25:45+00:00,MLB,KXMLBGAME-26SEP131610TEXAZ-TEX,Texas,no,2071.05,YES,MISS
2026-09-13T23:25:45+00:00,MLB,KXMLBGAME-26SEP131610TEXAZ-TEX,Texas,no,1340.35,YES,MISS
2026-09-13T23:25:45+00:00,TENNIS,KXWTAMATCH-26SEP13OSUTIK-TIK,Anastasia Tikhonova,yes,6850.05,NO,MISS
2026-09-13T23:25:45+00:00,TENNIS,KXWTAMATCH-26SEP13OSUTIK-TIK,Anastasia Tikhonova,yes,12567.64,NO,MISS
2026-09-13T23:25:45+00:00,TENNIS,KXWTAMATCH-26SEP13OSUTIK-TIK,Anastasia Tikhonova,no,4376.43,NO,HIT
2026-09-13T23:25:45+00:00,TENNIS,KXWTAMATCH-26SEP13OSUTIK-TIK,Anastasia Tikhonova,no,4226.43,NO,HIT
2026-09-13T23:25:45+00:00,TENNIS,KXWTAMATCH-26SEP13OSUTIK-TIK,Anastasia Tikhonova,no,2383.67,NO,HIT
2026-09-13T23:25:45+00:00,TENNIS,KXWTAMATCH-26SEP13OSUTIK-TIK,Anastasia Tikhonova,no,6072.65,NO,HIT
2026-09-13T23:25:45+00:00,TENNIS,KXWTAMATCH-26SEP13OSUTIK-TIK,Anastasia Tikhonova,no,4434.37,NO,HIT
2026-09-13T23:25:45+00:00,TENNIS,KXWTAMATCH-26SEP13OSUTIK-TIK,Anastasia Tikhonova,no,3622.76,NO,HIT
2026-09-13T23:25:45+00:00,TENNIS,KXWTAMATCH-26SEP13OSUTIK-TIK,Anastasia Tikhonova,no,1498.93,NO,HIT
2026-09-13T23:25:45+00:00,TENNIS,KXWTAMATCH-26SEP13OSUTIK-TIK,Anastasia Tikhonova,no,1997.98,NO,HIT
2026-09-13T23:25:45+00:00,TENNIS,KXWTAMATCH-26SEP13OSUTIK-TIK,Anastasia Tikhonova,no,16240.88,NO,HIT
2026-09-13T23:25:45+00:00,TENNIS,KXWTAMATCH-26SEP13OSUTIK-OSU,Whitney Osuigwe,yes,6080.01,YES,HIT
2026-09-13T23:25:45+00:00,TENNIS,KXWTAMATCH-26SEP13OSUTIK-OSU,Whitney Osuigwe,yes,144084.56,YES,HIT
2026-09-13T23:25:45+00:00,TENNIS,KXWTAMATCH-26SEP13OSUTIK-OSU,Whitney Osuigwe,no,1211.52,YES,MISS
2026-09-13T23:25:45+00:00,TENNIS,KXWTAMATCH-26SEP13OSUTIK-OSU,Whitney Osuigwe,no,2649.51,YES,MISS
2026-09-13T23:25:45+00:00,TENNIS,KXWTAMATCH-26SEP13OSUTIK-OSU,Whitney Osuigwe,no,1556.46,YES,MISS
2026-09-13T23:25:45+00:00,TENNIS,KXWTAMATCH-26SEP13KINBRA-KIN,Hayu Kinoshita,yes,1619.42,NO,MISS
2026-09-13T23:25:45+00:00,TENNIS,KXWTAMATCH-26SEP13KINBRA-KIN,Hayu Kinoshita,yes,10494.84,NO,MISS
2026-09-13T23:25:45+00:00,TENNIS,KXWTAMATCH-26SEP13KINBRA-KIN,Hayu Kinoshita,no,1232.77,NO,HIT
2026-09-13T23:25:45+00:00,TENNIS,KXWTAMATCH-26SEP13KINBRA-KIN,Hayu Kinoshita,no,4137.67,NO,HIT
2026-09-13T23:25:45+00:00,TENNIS,KXWTAMATCH-26SEP13KINBRA-BRA,Cadence Brace,yes,3487.9,YES,HIT
2026-09-13T23:25:45+00:00,TENNIS,KXWTAMATCH-26SEP13KINBRA-BRA,Cadence Brace,yes,1544.35,YES,HIT
2026-09-13T23:25:45+00:00,TENNIS,KXWTAMATCH-26SEP13KINBRA-BRA,Cadence Brace,yes,4453.82,YES,HIT
2026-09-13T23:25:45+00:00,TENNIS,KXWTAMATCH-26SEP13KINBRA-BRA,Cadence Brace,yes,4906.65,YES,HIT
2026-09-13T23:25:45+00:00,TENNIS,KXWTAMATCH-26SEP13KINBRA-BRA,Cadence Brace,yes,3642.48,YES,HIT
2026-09-13T23:25:45+00:00,TENNIS,KXWTAMATCH-26SEP13KINBRA-BRA,Cadence Brace,no,3318.7,YES,MISS
2026-09-13T23:25:45+00:00,TENNIS,KXWTAMATCH-26SEP13UDVBOI-UDV,Panna Udvardy,yes,33254.83,YES,HIT
2026-09-13T23:25:45+00:00,TENNIS,KXWTAMATCH-26SEP13UDVBOI-UDV,Panna Udvardy,yes,1339.15,YES,HIT
2026-09-13T23:25:45+00:00,TENNIS,KXWTAMATCH-26SEP13UDVBOI-UDV,Panna Udvardy,no,1033.78,YES,MISS
2026-09-13T23:25:45+00:00,TENNIS,KXWTAMATCH-26SEP13UDVBOI-UDV,Panna Udvardy,no,1364.83,YES,MISS
2026-09-13T23:25:45+00:00,TENNIS,KXWTAMATCH-26SEP13UDVBOI-UDV,Panna Udvardy,no,1126.64,YES,MISS
2026-09-13T23:25:45+00:00,TENNIS,KXWTAMATCH-26SEP13UDVBOI-BOI,Lois Boisson,yes,1939.45,NO,MISS
2026-09-13T23:25:45+00:00,TENNIS,KXWTAMATCH-26SEP13UDVBOI-BOI,Lois Boisson,yes,1624.74,NO,MISS
2026-09-13T23:25:45+00:00,TENNIS,KXWTAMATCH-26SEP13UDVBOI-BOI,Lois Boisson,yes,76408.55,NO,MISS
2026-09-13T23:25:45+00:00,TENNIS,KXWTAMATCH-26SEP13UDVBOI-BOI,Lois Boisson,no,3990.55,NO,HIT
2026-09-13T23:25:45+00:00,TENNIS,KXWTAMATCH-26SEP13UDVBOI-BOI,Lois Boisson,no,1474.9,NO,HIT
2026-09-13T23:25:45+00:00,TENNIS,KXWTAMATCH-26SEP13UDVBOI-BOI,Lois Boisson,no,1376.63,NO,HIT
2026-09-13T23:25:45+00:00,TENNIS,KXWTAMATCH-26SEP13UDVBOI-BOI,Lois Boisson,no,2467.74,NO,HIT
2026-09-13T23:34:03+00:00,NFL,KXNFLGAME-26SEP13MIALV-LV,Las Vegas,yes,1697.94,YES,HIT
2026-09-13T23:34:03+00:00,NFL,KXNFLGAME-26SEP13MIALV-LV,Las Vegas,yes,1847.2,YES,HIT
2026-09-13T23:34:03+00:00,NFL,KXNFLGAME-26SEP13MIALV-LV,Las Vegas,yes,1875.04,YES,HIT
2026-09-13T23:34:03+00:00,NFL,KXNFLGAME-26SEP13MIALV-LV,Las Vegas,yes,2861.45,YES,HIT
2026-09-13T23:34:03+00:00,NFL,KXNFLGAME-26SEP13MIALV-LV,Las Vegas,yes,1109.47,YES,HIT
2026-09-13T23:34:03+00:00,NFL,KXNFLGAME-26SEP13MIALV-LV,Las Vegas,yes,1038.31,YES,HIT
2026-09-13T23:34:03+00:00,NFL,KXNFLGAME-26SEP13MIALV-LV,Las Vegas,yes,2124.42,YES,HIT
2026-09-13T23:34:03+00:00,NFL,KXNFLGAME-26SEP13MIALV-LV,Las Vegas,yes,11485.73,YES,HIT
2026-09-13T23:34:03+00:00,NFL,KXNFLGAME-26SEP13MIALV-LV,Las Vegas,yes,726158.66,YES,HIT
2026-09-13T23:34:03+00:00,NFL,KXNFLGAME-26SEP13MIALV-LV,Las Vegas,no,2029.5,YES,MISS
2026-09-13T23:34:03+00:00,NFL,KXNFLGAME-26SEP13MIALV-LV,Las Vegas,no,36698.75,YES,MISS
2026-09-13T23:34:03+00:00,NFL,KXNFLGAME-26SEP13ARILAC-LAC,Los Angeles C,yes,1544.49,NO,MISS
2026-09-13T23:34:03+00:00,NFL,KXNFLGAME-26SEP13ARILAC-LAC,Los Angeles C,yes,1014.49,NO,MISS
2026-09-13T23:34:03+00:00,NFL,KXNFLGAME-26SEP13ARILAC-LAC,Los Angeles C,yes,1578.01,NO,MISS
2026-09-13T23:34:03+00:00,NFL,KXNFLGAME-26SEP13ARILAC-LAC,Los Angeles C,yes,1014.26,NO,MISS
2026-09-13T23:34:03+00:00,NFL,KXNFLGAME-26SEP13ARILAC-LAC,Los Angeles C,yes,1149.33,NO,MISS
2026-09-13T23:34:03+00:00,NFL,KXNFLGAME-26SEP13ARILAC-LAC,Los Angeles C,yes,1050.28,NO,MISS
2026-09-13T23:34:03+00:00,NFL,KXNFLGAME-26SEP13ARILAC-LAC,Los Angeles C,yes,2037.87,NO,MISS
2026-09-13T23:34:03+00:00,NFL,KXNFLGAME-26SEP13ARILAC-LAC,Los Angeles C,yes,1050.28,NO,MISS
2026-09-13T23:34:03+00:00,NFL,KXNFLGAME-26SEP13ARILAC-LAC,Los Angeles C,yes,2037.87,NO,MISS
2026-09-13T23:34:03+00:00,NFL,KXNFLGAME-26SEP13ARILAC-LAC,Los Angeles C,yes,4539.15,NO,MISS
2026-09-13T23:34:03+00:00,NFL,KXNFLGAME-26SEP13ARILAC-LAC,Los Angeles C,yes,2374.8,NO,MISS
2026-09-13T23:34:03+00:00,NFL,KXNFLGAME-26SEP13ARILAC-LAC,Los Angeles C,yes,3794.04,NO,MISS
2026-09-13T23:34:03+00:00,NFL,KXNFLGAME-26SEP13ARILAC-LAC,Los Angeles C,yes,5170.72,NO,MISS
2026-09-13T23:34:03+00:00,NFL,KXNFLGAME-26SEP13ARILAC-LAC,Los Angeles C,yes,1065.37,NO,MISS
2026-09-13T23:34:03+00:00,NFL,KXNFLGAME-26SEP13ARILAC-LAC,Los Angeles C,yes,1218.71,NO,MISS
2026-09-13T23:34:03+00:00,NFL,KXNFLGAME-26SEP13ARILAC-LAC,Los Angeles C,yes,1585.88,NO,MISS
2026-09-13T23:34:03+00:00,NFL,KXNFLGAME-26SEP13ARILAC-LAC,Los Angeles C,yes,1128.06,NO,MISS
2026-09-13T23:34:03+00:00,NFL,KXNFLGAME-26SEP13ARILAC-LAC,Los Angeles C,yes,952718.48,NO,MISS
2026-09-13T23:34:03+00:00,NFL,KXNFLGAME-26SEP13ARILAC-LAC,Los Angeles C,no,65647.46,NO,HIT
2026-09-13T23:34:03+00:00,TENNIS,KXATPMATCH-26SEP13ZVESHE-ZVE,Alexander Zverev,yes,2778.81,YES,HIT
2026-09-13T23:34:03+00:00,TENNIS,KXATPMATCH-26SEP13ZVESHE-ZVE,Alexander Zverev,yes,2125.16,YES,HIT
2026-09-13T23:34:03+00:00,TENNIS,KXATPMATCH-26SEP13ZVESHE-ZVE,Alexander Zverev,yes,3630.42,YES,HIT
2026-09-13T23:34:03+00:00,TENNIS,KXATPMATCH-26SEP13ZVESHE-ZVE,Alexander Zverev,yes,1344.74,YES,HIT
2026-09-13T23:34:03+00:00,TENNIS,KXATPMATCH-26SEP13ZVESHE-ZVE,Alexander Zverev,yes,4445.39,YES,HIT
2026-09-13T23:34:03+00:00,TENNIS,KXATPMATCH-26SEP13ZVESHE-ZVE,Alexander Zverev,yes,1400.79,YES,HIT
2026-09-13T23:34:03+00:00,TENNIS,KXATPMATCH-26SEP13ZVESHE-ZVE,Alexander Zverev,yes,2273.1,YES,HIT
2026-09-13T23:34:03+00:00,TENNIS,KXATPMATCH-26SEP13ZVESHE-ZVE,Alexander Zverev,yes,1170.27,YES,HIT
2026-09-13T23:34:03+00:00,TENNIS,KXATPMATCH-26SEP13ZVESHE-ZVE,Alexander Zverev,yes,4881.87,YES,HIT
2026-09-13T23:34:03+00:00,TENNIS,KXATPMATCH-26SEP13ZVESHE-ZVE,Alexander Zverev,yes,2727.14,YES,HIT
2026-09-13T23:34:03+00:00,TENNIS,KXATPMATCH-26SEP13ZVESHE-ZVE,Alexander Zverev,yes,1061.18,YES,HIT
2026-09-13T23:34:03+00:00,TENNIS,KXATPMATCH-26SEP13ZVESHE-ZVE,Alexander Zverev,yes,1634.78,YES,HIT
2026-09-13T23:34:03+00:00,TENNIS,KXATPMATCH-26SEP13ZVESHE-ZVE,Alexander Zverev,yes,1154.05,YES,HIT
2026-09-13T23:34:03+00:00,TENNIS,KXATPMATCH-26SEP13ZVESHE-ZVE,Alexander Zverev,no,1147.44,YES,MISS
2026-09-13T23:34:03+00:00,TENNIS,KXATPMATCH-26SEP13ZVESHE-ZVE,Alexander Zverev,yes,1945.21,YES,HIT
2026-09-13T23:34:03+00:00,TENNIS,KXATPMATCH-26SEP13ZVESHE-ZVE,Alexander Zverev,yes,1647.91,YES,HIT
2026-09-13T23:34:03+00:00,TENNIS,KXATPMATCH-26SEP13ZVESHE-ZVE,Alexander Zverev,yes,1113.44,YES,HIT
2026-09-13T23:34:03+00:00,TENNIS,KXATPMATCH-26SEP13ZVESHE-ZVE,Alexander Zverev,yes,1554.73,YES,HIT
2026-09-13T23:34:03+00:00,TENNIS,KXATPMATCH-26SEP13ZVESHE-ZVE,Alexander Zverev,yes,1113.44,YES,HIT
2026-09-13T23:34:03+00:00,TENNIS,KXATPMATCH-26SEP13ZVESHE-ZVE,Alexander Zverev,yes,1554.73,YES,HIT
2026-09-13T23:34:03+00:00,TENNIS,KXATPMATCH-26SEP13ZVESHE-ZVE,Alexander Zverev,yes,1774.09,YES,HIT
2026-09-13T23:34:03+00:00,TENNIS,KXATPMATCH-26SEP13ZVESHE-ZVE,Alexander Zverev,yes,1460.98,YES,HIT
2026-09-13T23:34:03+00:00,TENNIS,KXATPMATCH-26SEP13ZVESHE-ZVE,Alexander Zverev,yes,1774.09,YES,HIT
2026-09-13T23:34:03+00:00,TENNIS,KXATPMATCH-26SEP13ZVESHE-ZVE,Alexander Zverev,yes,1460.98,YES,HIT
2026-09-13T23:34:03+00:00,TENNIS,KXATPMATCH-26SEP13ZVESHE-ZVE,Alexander Zverev,yes,12527.28,YES,HIT
2026-09-13T23:34:03+00:00,TENNIS,KXATPMATCH-26SEP13ZVESHE-ZVE,Alexander Zverev,yes,3980.97,YES,HIT
2026-09-13T23:34:03+00:00,TENNIS,KXATPMATCH-26SEP13ZVESHE-ZVE,Alexander Zverev,yes,3455.62,YES,HIT
2026-09-13T23:34:03+00:00,TENNIS,KXATPMATCH-26SEP13ZVESHE-ZVE,Alexander Zverev,yes,1741.18,YES,HIT
2026-09-13T23:34:03+00:00,TENNIS,KXATPMATCH-26SEP13ZVESHE-ZVE,Alexander Zverev,yes,9852.18,YES,HIT
2026-09-13T23:34:03+00:00,TENNIS,KXATPMATCH-26SEP13ZVESHE-ZVE,Alexander Zverev,yes,4327.29,YES,HIT
2026-09-13T23:34:03+00:00,TENNIS,KXATPMATCH-26SEP13ZVESHE-ZVE,Alexander Zverev,yes,1714.13,YES,HIT
2026-09-13T23:34:03+00:00,TENNIS,KXATPMATCH-26SEP13ZVESHE-ZVE,Alexander Zverev,yes,8357.9,YES,HIT
2026-09-13T23:34:03+00:00,TENNIS,KXATPMATCH-26SEP13ZVESHE-ZVE,Alexander Zverev,yes,2240.74,YES,HIT
2026-09-13T23:34:03+00:00,TENNIS,KXATPMATCH-26SEP13ZVESHE-ZVE,Alexander Zverev,yes,1741.18,YES,HIT
2026-09-13T23:34:03+00:00,TENNIS,KXATPMATCH-26SEP13ZVESHE-ZVE,Alexander Zverev,yes,9852.18,YES,HIT
2026-09-13T23:34:03+00:00,TENNIS,KXATPMATCH-26SEP13ZVESHE-ZVE,Alexander Zverev,yes,4327.29,YES,HIT
2026-09-13T23:34:03+00:00,TENNIS,KXATPMATCH-26SEP13ZVESHE-ZVE,Alexander Zverev,yes,1714.13,YES,HIT
2026-09-13T23:34:03+00:00,TENNIS,KXATPMATCH-26SEP13ZVESHE-ZVE,Alexander Zverev,yes,8357.9,YES,HIT
2026-09-13T23:34:03+00:00,TENNIS,KXATPMATCH-26SEP13ZVESHE-ZVE,Alexander Zverev,yes,2240.74,YES,HIT
2026-09-13T23:34:03+00:00,TENNIS,KXATPMATCH-26SEP13ZVESHE-ZVE,Alexander Zverev,yes,1049.6,YES,HIT
2026-09-13T23:34:03+00:00,TENNIS,KXATPMATCH-26SEP13ZVESHE-ZVE,Alexander Zverev,yes,3154.72,YES,HIT
2026-09-13T23:34:03+00:00,TENNIS,KXATPMATCH-26SEP13ZVESHE-ZVE,Alexander Zverev,yes,2922.77,YES,HIT
2026-09-13T23:34:03+00:00,TENNIS,KXATPMATCH-26SEP13ZVESHE-ZVE,Alexander Zverev,yes,1081.51,YES,HIT
2026-09-13T23:34:03+00:00,TENNIS,KXATPMATCH-26SEP13ZVESHE-ZVE,Alexander Zverev,yes,4757.68,YES,HIT
2026-09-13T23:34:03+00:00,TENNIS,KXATPMATCH-26SEP13ZVESHE-ZVE,Alexander Zverev,yes,1103.8,YES,HIT
2026-09-13T23:34:03+00:00,TENNIS,KXATPMATCH-26SEP13ZVESHE-ZVE,Alexander Zverev,yes,1451.47,YES,HIT
2026-09-13T23:34:03+00:00,TENNIS,KXATPMATCH-26SEP13ZVESHE-ZVE,Alexander Zverev,yes,4471.13,YES,HIT
2026-09-13T23:34:03+00:00,TENNIS,KXATPMATCH-26SEP13ZVESHE-ZVE,Alexander Zverev,yes,1088.25,YES,HIT
2026-09-13T23:34:03+00:00,TENNIS,KXATPMATCH-26SEP13ZVESHE-ZVE,Alexander Zverev,yes,9585.87,YES,HIT
2026-09-13T23:34:03+00:00,TENNIS,KXATPMATCH-26SEP13ZVESHE-ZVE,Alexander Zverev,yes,2023.64,YES,HIT
2026-09-13T23:34:03+00:00,TENNIS,KXATPMATCH-26SEP13ZVESHE-ZVE,Alexander Zverev,yes,5030.25,YES,HIT
2026-09-13T23:34:03+00:00,TENNIS,KXATPMATCH-26SEP13ZVESHE-ZVE,Alexander Zverev,yes,7655.81,YES,HIT
2026-09-13T23:34:03+00:00,TENNIS,KXATPMATCH-26SEP13ZVESHE-ZVE,Alexander Zverev,no,2186.69,YES,MISS
2026-09-13T23:34:03+00:00,TENNIS,KXATPMATCH-26SEP13ZVESHE-ZVE,Alexander Zverev,yes,134236.29,YES,HIT
2026-09-13T23:34:03+00:00,TENNIS,KXATPMATCH-26SEP13ZVESHE-ZVE,Alexander Zverev,yes,9002.19,YES,HIT
2026-09-13T23:34:03+00:00,TENNIS,KXATPMATCH-26SEP13ZVESHE-ZVE,Alexander Zverev,no,1026.84,YES,MISS
2026-09-13T23:34:03+00:00,TENNIS,KXATPMATCH-26SEP13ZVESHE-ZVE,Alexander Zverev,yes,7340.9,YES,HIT
2026-09-13T23:34:03+00:00,TENNIS,KXATPMATCH-26SEP13ZVESHE-ZVE,Alexander Zverev,yes,1064.61,YES,HIT
2026-09-13T23:34:03+00:00,TENNIS,KXATPMATCH-26SEP13ZVESHE-ZVE,Alexander Zverev,yes,1740.0,YES,HIT
2026-09-13T23:34:03+00:00,TENNIS,KXATPMATCH-26SEP13ZVESHE-ZVE,Alexander Zverev,yes,1261.91,YES,HIT
2026-09-13T23:34:03+00:00,TENNIS,KXATPMATCH-26SEP13ZVESHE-ZVE,Alexander Zverev,yes,1048.17,YES,HIT
2026-09-13T23:34:03+00:00,TENNIS,KXATPMATCH-26SEP13ZVESHE-ZVE,Alexander Zverev,yes,2417.34,YES,HIT
2026-09-13T23:34:03+00:00,TENNIS,KXATPMATCH-26SEP13ZVESHE-ZVE,Alexander Zverev,yes,1146.39,YES,HIT
2026-09-13T23:34:03+00:00,TENNIS,KXATPMATCH-26SEP13ZVESHE-ZVE,Alexander Zverev,yes,3709.88,YES,HIT
2026-09-13T23:34:03+00:00,TENNIS,KXATPMATCH-26SEP13ZVESHE-ZVE,Alexander Zverev,yes,3800.56,YES,HIT
2026-09-13T23:34:03+00:00,TENNIS,KXATPMATCH-26SEP13ZVESHE-ZVE,Alexander Zverev,yes,1755.77,YES,HIT
2026-09-13T23:34:03+00:00,TENNIS,KXATPMATCH-26SEP13ZVESHE-ZVE,Alexander Zverev,yes,1043.54,YES,HIT
2026-09-13T23:34:03+00:00,TENNIS,KXATPMATCH-26SEP13ZVESHE-ZVE,Alexander Zverev,yes,2104.61,YES,HIT
2026-09-13T23:34:03+00:00,TENNIS,KXATPMATCH-26SEP13ZVESHE-ZVE,Alexander Zverev,yes,5108.69,YES,HIT
2026-09-13T23:34:03+00:00,TENNIS,KXATPMATCH-26SEP13ZVESHE-ZVE,Alexander Zverev,yes,3727.98,YES,HIT
2026-09-13T23:34:03+00:00,TENNIS,KXATPMATCH-26SEP13ZVESHE-ZVE,Alexander Zverev,yes,8661.76,YES,HIT
2026-09-13T23:34:03+00:00,TENNIS,KXATPMATCH-26SEP13ZVESHE-ZVE,Alexander Zverev,yes,1205.46,YES,HIT
2026-09-13T23:34:03+00:00,TENNIS,KXATPMATCH-26SEP13ZVESHE-ZVE,Alexander Zverev,yes,29032.9,YES,HIT
2026-09-13T23:34:03+00:00,TENNIS,KXATPMATCH-26SEP13ZVESHE-ZVE,Alexander Zverev,yes,1927737.07,YES,HIT
2026-09-13T23:34:03+00:00,TENNIS,KXATPMATCH-26SEP13ZVESHE-ZVE,Alexander Zverev,no,1360.83,YES,MISS
2026-09-13T23:34:03+00:00,TENNIS,KXATPMATCH-26SEP13ZVESHE-ZVE,Alexander Zverev,no,91560.6,YES,MISS
2026-09-13T23:34:03+00:00,TENNIS,KXATPMATCH-26SEP13ZVESHE-ZVE,Alexander Zverev,yes,2054795.13,YES,HIT
2026-09-13T23:34:03+00:00,TENNIS,KXATPMATCH-26SEP13ZVESHE-ZVE,Alexander Zverev,yes,1959358.6,YES,HIT
2026-09-13T23:34:03+00:00,TENNIS,KXATPMATCH-26SEP13ZVESHE-ZVE,Alexander Zverev,no,130902.39,YES,MISS
2026-09-13T23:34:03+00:00,TENNIS,KXATPMATCH-26SEP13ZVESHE-SHE,Ben Shelton,yes,15553.45,NO,MISS
2026-09-13T23:34:03+00:00,TENNIS,KXATPMATCH-26SEP13ZVESHE-SHE,Ben Shelton,yes,4285.12,NO,MISS
2026-09-13T23:34:03+00:00,TENNIS,KXATPMATCH-26SEP13ZVESHE-SHE,Ben Shelton,yes,2213.97,NO,MISS
2026-09-13T23:34:03+00:00,TENNIS,KXATPMATCH-26SEP13ZVESHE-SHE,Ben Shelton,yes,158960.07,NO,MISS
2026-09-13T23:34:03+00:00,TENNIS,KXATPMATCH-26SEP13ZVESHE-SHE,Ben Shelton,yes,3802.35,NO,MISS
2026-09-13T23:34:03+00:00,TENNIS,KXATPMATCH-26SEP13ZVESHE-SHE,Ben Shelton,yes,1110.32,NO,MISS
2026-09-13T23:34:03+00:00,TENNIS,KXATPMATCH-26SEP13ZVESHE-SHE,Ben Shelton,yes,22872.32,NO,MISS
2026-09-13T23:34:03+00:00,TENNIS,KXATPMATCH-26SEP13ZVESHE-SHE,Ben Shelton,yes,1866.19,NO,MISS
2026-09-13T23:34:03+00:00,TENNIS,KXATPMATCH-26SEP13ZVESHE-SHE,Ben Shelton,yes,1082.98,NO,MISS
2026-09-13T23:34:03+00:00,TENNIS,KXATPMATCH-26SEP13ZVESHE-SHE,Ben Shelton,yes,1025.44,NO,MISS
2026-09-13T23:34:03+00:00,TENNIS,KXATPMATCH-26SEP13ZVESHE-SHE,Ben Shelton,yes,2321.4,NO,MISS
2026-09-13T23:34:03+00:00,TENNIS,KXATPMATCH-26SEP13ZVESHE-SHE,Ben Shelton,yes,1941.76,NO,MISS
2026-09-13T23:34:03+00:00,TENNIS,KXATPMATCH-26SEP13ZVESHE-SHE,Ben Shelton,yes,1015.37,NO,MISS
2026-09-13T23:34:03+00:00,TENNIS,KXATPMATCH-26SEP13ZVESHE-SHE,Ben Shelton,yes,5445.68,NO,MISS
2026-09-13T23:34:03+00:00,TENNIS,KXATPMATCH-26SEP13ZVESHE-SHE,Ben Shelton,yes,1684.39,NO,MISS
2026-09-13T23:34:03+00:00,TENNIS,KXATPMATCH-26SEP13ZVESHE-SHE,Ben Shelton,yes,1084.99,NO,MISS
2026-09-13T23:34:03+00:00,TENNIS,KXATPMATCH-26SEP13ZVESHE-SHE,Ben Shelton,yes,4173.87,NO,MISS
2026-09-13T23:34:03+00:00,TENNIS,KXATPMATCH-26SEP13ZVESHE-SHE,Ben Shelton,yes,1013.11,NO,MISS
2026-09-13T23:34:03+00:00,TENNIS,KXATPMATCH-26SEP13ZVESHE-SHE,Ben Shelton,yes,4213.01,NO,MISS
2026-09-13T23:34:03+00:00,TENNIS,KXATPMATCH-26SEP13ZVESHE-SHE,Ben Shelton,yes,1546.95,NO,MISS
2026-09-13T23:34:03+00:00,TENNIS,KXATPMATCH-26SEP13ZVESHE-SHE,Ben Shelton,yes,4173.87,NO,MISS
2026-09-13T23:34:03+00:00,TENNIS,KXATPMATCH-26SEP13ZVESHE-SHE,Ben Shelton,yes,1013.11,NO,MISS
2026-09-13T23:34:03+00:00,TENNIS,KXATPMATCH-26SEP13ZVESHE-SHE,Ben Shelton,yes,4213.01,NO,MISS
2026-09-13T23:34:03+00:00,TENNIS,KXATPMATCH-26SEP13ZVESHE-SHE,Ben Shelton,yes,1546.95,NO,MISS
2026-09-13T23:34:03+00:00,TENNIS,KXATPMATCH-26SEP13ZVESHE-SHE,Ben Shelton,yes,9412.82,NO,MISS
2026-09-13T23:34:03+00:00,TENNIS,KXATPMATCH-26SEP13ZVESHE-SHE,Ben Shelton,yes,2468.45,NO,MISS
2026-09-13T23:34:03+00:00,TENNIS,KXATPMATCH-26SEP13ZVESHE-SHE,Ben Shelton,yes,9412.82,NO,MISS
2026-09-13T23:34:03+00:00,TENNIS,KXATPMATCH-26SEP13ZVESHE-SHE,Ben Shelton,yes,2468.45,NO,MISS
2026-09-13T23:34:03+00:00,TENNIS,KXATPMATCH-26SEP13ZVESHE-SHE,Ben Shelton,yes,1308.64,NO,MISS
2026-09-13T23:34:03+00:00,TENNIS,KXATPMATCH-26SEP13ZVESHE-SHE,Ben Shelton,yes,2554.09,NO,MISS
2026-09-13T23:34:03+00:00,TENNIS,KXATPMATCH-26SEP13ZVESHE-SHE,Ben Shelton,yes,13478.36,NO,MISS
2026-09-13T23:34:03+00:00,TENNIS,KXATPMATCH-26SEP13ZVESHE-SHE,Ben Shelton,yes,8187.39,NO,MISS
2026-09-13T23:34:03+00:00,TENNIS,KXATPMATCH-26SEP13ZVESHE-SHE,Ben Shelton,yes,5211.87,NO,MISS
2026-09-13T23:34:03+00:00,TENNIS,KXATPMATCH-26SEP13ZVESHE-SHE,Ben Shelton,yes,3990.08,NO,MISS
2026-09-13T23:34:03+00:00,TENNIS,KXATPMATCH-26SEP13ZVESHE-SHE,Ben Shelton,yes,1160.62,NO,MISS
2026-09-13T23:34:03+00:00,TENNIS,KXATPMATCH-26SEP13ZVESHE-SHE,Ben Shelton,yes,5211.87,NO,MISS
2026-09-13T23:34:03+00:00,TENNIS,KXATPMATCH-26SEP13ZVESHE-SHE,Ben Shelton,yes,3990.08,NO,MISS
2026-09-13T23:34:03+00:00,TENNIS,KXATPMATCH-26SEP13ZVESHE-SHE,Ben Shelton,yes,1160.62,NO,MISS
2026-09-13T23:34:03+00:00,TENNIS,KXATPMATCH-26SEP13ZVESHE-SHE,Ben Shelton,yes,3345.61,NO,MISS
2026-09-13T23:34:03+00:00,TENNIS,KXATPMATCH-26SEP13ZVESHE-SHE,Ben Shelton,yes,38737.31,NO,MISS
2026-09-13T23:34:03+00:00,TENNIS,KXATPMATCH-26SEP13ZVESHE-SHE,Ben Shelton,no,4852.32,NO,HIT
2026-09-13T23:34:03+00:00,TENNIS,KXATPMATCH-26SEP13ZVESHE-SHE,Ben Shelton,yes,12521.81,NO,MISS
2026-09-13T23:34:03+00:00,TENNIS,KXATPMATCH-26SEP13ZVESHE-SHE,Ben Shelton,yes,2099.42,NO,MISS
2026-09-13T23:34:03+00:00,TENNIS,KXATPMATCH-26SEP13ZVESHE-SHE,Ben Shelton,yes,2882.51,NO,MISS
2026-09-13T23:34:03+00:00,TENNIS,KXATPMATCH-26SEP13ZVESHE-SHE,Ben Shelton,yes,33900.1,NO,MISS
2026-09-13T23:34:03+00:00,TENNIS,KXATPMATCH-26SEP13ZVESHE-SHE,Ben Shelton,no,1450.0,NO,HIT
2026-09-13T23:34:03+00:00,TENNIS,KXATPMATCH-26SEP13ZVESHE-SHE,Ben Shelton,yes,70325.22,NO,MISS
2026-09-13T23:34:03+00:00,TENNIS,KXATPMATCH-26SEP13ZVESHE-SHE,Ben Shelton,yes,10734.78,NO,MISS
2026-09-13T23:34:03+00:00,TENNIS,KXATPMATCH-26SEP13ZVESHE-SHE,Ben Shelton,yes,8589.77,NO,MISS
2026-09-13T23:34:03+00:00,TENNIS,KXATPMATCH-26SEP13ZVESHE-SHE,Ben Shelton,yes,1746.98,NO,MISS
2026-09-13T23:34:03+00:00,TENNIS,KXATPMATCH-26SEP13ZVESHE-SHE,Ben Shelton,yes,3055.55,NO,MISS
2026-09-13T23:34:03+00:00,TENNIS,KXATPMATCH-26SEP13ZVESHE-SHE,Ben Shelton,yes,3416.84,NO,MISS
2026-09-13T23:34:03+00:00,TENNIS,KXATPMATCH-26SEP13ZVESHE-SHE,Ben Shelton,yes,1028.81,NO,MISS
2026-09-13T23:34:03+00:00,TENNIS,KXATPMATCH-26SEP13ZVESHE-SHE,Ben Shelton,yes,1268.79,NO,MISS
2026-09-13T23:34:03+00:00,TENNIS,KXATPMATCH-26SEP13ZVESHE-SHE,Ben Shelton,yes,3921.74,NO,MISS
2026-09-13T23:34:03+00:00,TENNIS,KXATPMATCH-26SEP13ZVESHE-SHE,Ben Shelton,yes,1181.33,NO,MISS
2026-09-13T23:34:03+00:00,TENNIS,KXATPMATCH-26SEP13ZVESHE-SHE,Ben Shelton,yes,2170.58,NO,MISS
2026-09-13T23:34:03+00:00,TENNIS,KXATPMATCH-26SEP13ZVESHE-SHE,Ben Shelton,yes,68194.63,NO,MISS
2026-09-13T23:34:03+00:00,TENNIS,KXATPMATCH-26SEP13ZVESHE-SHE,Ben Shelton,no,1267.14,NO,HIT
2026-09-13T23:34:03+00:00,TENNIS,KXATPMATCH-26SEP13ZVESHE-SHE,Ben Shelton,no,1098.67,NO,HIT
2026-09-13T23:34:03+00:00,TENNIS,KXATPMATCH-26SEP13ZVESHE-SHE,Ben Shelton,no,4782.71,NO,HIT
2026-09-13T23:34:03+00:00,TENNIS,KXATPMATCH-26SEP13ZVESHE-SHE,Ben Shelton,no,1497.36,NO,HIT
2026-09-13T23:34:03+00:00,TENNIS,KXATPMATCH-26SEP13ZVESHE-SHE,Ben Shelton,yes,5408.04,NO,MISS
2026-09-13T23:34:03+00:00,TENNIS,KXATPMATCH-26SEP13ZVESHE-SHE,Ben Shelton,no,2310.21,NO,HIT
2026-09-13T23:34:03+00:00,TENNIS,KXATPMATCH-26SEP13ZVESHE-SHE,Ben Shelton,no,2629.64,NO,HIT
2026-09-13T23:34:03+00:00,TENNIS,KXATPMATCH-26SEP13ZVESHE-SHE,Ben Shelton,no,1764.45,NO,HIT
2026-09-13T23:34:03+00:00,TENNIS,KXATPMATCH-26SEP13ZVESHE-SHE,Ben Shelton,yes,542539.94,NO,MISS
2026-09-13T23:34:03+00:00,TENNIS,KXATPMATCH-26SEP13ZVESHE-SHE,Ben Shelton,no,441873.63,NO,HIT
2026-09-13T23:34:03+00:00,TENNIS,KXATPMATCH-26SEP13ZVESHE-SHE,Ben Shelton,yes,512004.71,NO,MISS
2026-09-13T23:34:03+00:00,TENNIS,KXATPMATCH-26SEP13ZVESHE-SHE,Ben Shelton,no,508809.72,NO,HIT
2026-09-13T23:34:03+00:00,TENNIS,KXATPMATCH-26SEP13ZVESHE-SHE,Ben Shelton,yes,330082.65,NO,MISS
2026-09-13T23:34:03+00:00,TENNIS,KXATPMATCH-26SEP13ZVESHE-SHE,Ben Shelton,no,696714.64,NO,HIT
2026-09-13T23:34:03+00:00,MLB,KXMLBGAME-26SEP131610TEXAZ-AZ,Arizona,yes,1062.25,NO,MISS
2026-09-13T23:34:03+00:00,MLB,KXMLBGAME-26SEP131610TEXAZ-AZ,Arizona,yes,2950.0,NO,MISS
2026-09-13T23:34:03+00:00,MLB,KXMLBGAME-26SEP131610TEXAZ-AZ,Arizona,yes,1356.95,NO,MISS
2026-09-13T23:34:03+00:00,MLB,KXMLBGAME-26SEP131610TEXAZ-AZ,Arizona,yes,3741.07,NO,MISS
2026-09-13T23:34:03+00:00,MLB,KXMLBGAME-26SEP131610TEXAZ-AZ,Arizona,yes,5360.3,NO,MISS
2026-09-13T23:34:03+00:00,MLB,KXMLBGAME-26SEP131610TEXAZ-AZ,Arizona,yes,1293.34,NO,MISS
2026-09-13T23:34:03+00:00,MLB,KXMLBGAME-26SEP131610TEXAZ-AZ,Arizona,yes,2351.09,NO,MISS
2026-09-13T23:34:03+00:00,MLB,KXMLBGAME-26SEP131610TEXAZ-AZ,Arizona,no,41761.5,NO,HIT
2026-09-13T23:34:03+00:00,MLB,KXMLBGAME-26SEP131610TEXAZ-AZ,Arizona,no,1340.0,NO,HIT
2026-09-13T23:34:03+00:00,MLB,KXMLBGAME-26SEP131610TEXAZ-AZ,Arizona,no,7075.86,NO,HIT
2026-09-13T23:34:03+00:00,MLB,KXMLBGAME-26SEP131610TEXAZ-AZ,Arizona,no,7568.88,NO,HIT
2026-09-13T23:34:03+00:00,MLB,KXMLBGAME-26SEP131610TEXAZ-AZ,Arizona,no,26151.84,NO,HIT
2026-09-13T23:34:03+00:00,MLB,KXMLBGAME-26SEP131610TEXAZ-AZ,Arizona,yes,123848.22,NO,MISS
2026-09-13T23:34:03+00:00,NFL,KXNFLGAME-26SEP13MIALV-MIA,Miami,yes,1293.9,NO,MISS
2026-09-13T23:34:03+00:00,NFL,KXNFLGAME-26SEP13MIALV-MIA,Miami,yes,5371.59,NO,MISS
2026-09-13T23:34:03+00:00,NFL,KXNFLGAME-26SEP13MIALV-MIA,Miami,yes,273233.96,NO,MISS
2026-09-13T23:34:03+00:00,NFL,KXNFLGAME-26SEP13MIALV-MIA,Miami,no,131747.52,NO,HIT
2026-09-13T23:34:03+00:00,NFL,KXNFLGAME-26SEP13ARILAC-ARI,Arizona,yes,2186.31,YES,HIT
2026-09-13T23:34:03+00:00,NFL,KXNFLGAME-26SEP13ARILAC-ARI,Arizona,yes,1144.13,YES,HIT
2026-09-13T23:34:03+00:00,NFL,KXNFLGAME-26SEP13ARILAC-ARI,Arizona,no,1234.53,YES,MISS
2026-09-13T23:34:03+00:00,NFL,KXNFLGAME-26SEP13ARILAC-ARI,Arizona,no,1021.05,YES,MISS
2026-09-13T23:34:03+00:00,NFL,KXNFLGAME-26SEP13ARILAC-ARI,Arizona,yes,1626.65,YES,HIT
2026-09-13T23:34:03+00:00,NFL,KXNFLGAME-26SEP13ARILAC-ARI,Arizona,yes,8179.95,YES,HIT
2026-09-13T23:34:03+00:00,NFL,KXNFLGAME-26SEP13ARILAC-ARI,Arizona,no,1952.37,YES,MISS
2026-09-13T23:34:03+00:00,NFL,KXNFLGAME-26SEP13ARILAC-ARI,Arizona,no,94097.7,YES,MISS
2026-09-13T23:34:03+00:00,NFL,KXNFLGAME-26SEP13ARILAC-ARI,Arizona,yes,328563.08,YES,HIT
2026-09-13T23:34:03+00:00,TENNIS,KXWTAMATCH-26SEP13VIDTJE-VID,Darja Vidmanova,yes,2201.04,NO,MISS
2026-09-13T23:34:03+00:00,TENNIS,KXWTAMATCH-26SEP13VIDTJE-VID,Darja Vidmanova,yes,6843.38,NO,MISS
2026-09-13T23:34:03+00:00,TENNIS,KXWTAMATCH-26SEP13VIDTJE-VID,Darja Vidmanova,yes,13885.4,NO,MISS
2026-09-13T23:34:03+00:00,TENNIS,KXWTAMATCH-26SEP13VIDTJE-VID,Darja Vidmanova,no,1025.69,NO,HIT
2026-09-13T23:34:03+00:00,TENNIS,KXWTAMATCH-26SEP13VIDTJE-VID,Darja Vidmanova,no,2935.32,NO,HIT
2026-09-13T23:34:03+00:00,TENNIS,KXWTAMATCH-26SEP13VIDTJE-VID,Darja Vidmanova,no,5278.33,NO,HIT
2026-09-13T23:34:03+00:00,TENNIS,KXWTAMATCH-26SEP13VIDTJE-TJE,Janice Tjen,yes,1940.44,YES,HIT
2026-09-13T23:34:03+00:00,TENNIS,KXWTAMATCH-26SEP13VIDTJE-TJE,Janice Tjen,yes,1100.17,YES,HIT
2026-09-13T23:34:03+00:00,TENNIS,KXWTAMATCH-26SEP13VIDTJE-TJE,Janice Tjen,yes,1051.6,YES,HIT
2026-09-13T23:34:03+00:00,TENNIS,KXWTAMATCH-26SEP13VIDTJE-TJE,Janice Tjen,yes,42117.34,YES,HIT
2026-09-13T23:34:03+00:00,TENNIS,KXWTAMATCH-26SEP13VIDTJE-TJE,Janice Tjen,no,1941.73,YES,MISS
2026-09-13T23:34:03+00:00,TENNIS,KXWTAMATCH-26SEP13VIDTJE-TJE,Janice Tjen,no,2598.64,YES,MISS
2026-09-13T23:34:03+00:00,TENNIS,KXWTAMATCH-26SEP13VIDTJE-TJE,Janice Tjen,no,1534.88,YES,MISS
2026-09-13T23:34:03+00:00,TENNIS,KXWTAMATCH-26SEP13VIDTJE-TJE,Janice Tjen,no,1852.48,YES,MISS
2026-09-13T23:34:03+00:00,MLB,KXMLBGAME-26SEP131610TEXAZ-TEX,Texas,yes,1721.08,YES,HIT
2026-09-13T23:34:03+00:00,MLB,KXMLBGAME-26SEP131610TEXAZ-TEX,Texas,yes,81496.23,YES,HIT
2026-09-13T23:34:03+00:00,MLB,KXMLBGAME-26SEP131610TEXAZ-TEX,Texas,no,2315.32,YES,MISS
2026-09-13T23:34:03+00:00,MLB,KXMLBGAME-26SEP131610TEXAZ-TEX,Texas,no,2071.05,YES,MISS
2026-09-13T23:34:03+00:00,MLB,KXMLBGAME-26SEP131610TEXAZ-TEX,Texas,no,1340.35,YES,MISS
2026-09-13T23:34:03+00:00,TENNIS,KXWTAMATCH-26SEP13OSUTIK-TIK,Anastasia Tikhonova,yes,6850.05,NO,MISS
2026-09-13T23:34:03+00:00,TENNIS,KXWTAMATCH-26SEP13OSUTIK-TIK,Anastasia Tikhonova,yes,12567.64,NO,MISS
2026-09-13T23:34:03+00:00,TENNIS,KXWTAMATCH-26SEP13OSUTIK-TIK,Anastasia Tikhonova,no,4376.43,NO,HIT
2026-09-13T23:34:03+00:00,TENNIS,KXWTAMATCH-26SEP13OSUTIK-TIK,Anastasia Tikhonova,no,4226.43,NO,HIT
2026-09-13T23:34:03+00:00,TENNIS,KXWTAMATCH-26SEP13OSUTIK-TIK,Anastasia Tikhonova,no,2383.67,NO,HIT
2026-09-13T23:34:03+00:00,TENNIS,KXWTAMATCH-26SEP13OSUTIK-TIK,Anastasia Tikhonova,no,6072.65,NO,HIT
2026-09-13T23:34:03+00:00,TENNIS,KXWTAMATCH-26SEP13OSUTIK-TIK,Anastasia Tikhonova,no,4434.37,NO,HIT
2026-09-13T23:34:03+00:00,TENNIS,KXWTAMATCH-26SEP13OSUTIK-TIK,Anastasia Tikhonova,no,3622.76,NO,HIT
2026-09-13T23:34:03+00:00,TENNIS,KXWTAMATCH-26SEP13OSUTIK-TIK,Anastasia Tikhonova,no,1498.93,NO,HIT
2026-09-13T23:34:03+00:00,TENNIS,KXWTAMATCH-26SEP13OSUTIK-TIK,Anastasia Tikhonova,no,1997.98,NO,HIT
2026-09-13T23:34:03+00:00,TENNIS,KXWTAMATCH-26SEP13OSUTIK-TIK,Anastasia Tikhonova,no,16240.88,NO,HIT
2026-09-13T23:34:03+00:00,TENNIS,KXWTAMATCH-26SEP13OSUTIK-OSU,Whitney Osuigwe,yes,6080.01,YES,HIT
2026-09-13T23:34:03+00:00,TENNIS,KXWTAMATCH-26SEP13OSUTIK-OSU,Whitney Osuigwe,yes,144084.56,YES,HIT
2026-09-13T23:34:03+00:00,TENNIS,KXWTAMATCH-26SEP13OSUTIK-OSU,Whitney Osuigwe,no,1211.52,YES,MISS
2026-09-13T23:34:03+00:00,TENNIS,KXWTAMATCH-26SEP13OSUTIK-OSU,Whitney Osuigwe,no,2649.51,YES,MISS
2026-09-13T23:34:03+00:00,TENNIS,KXWTAMATCH-26SEP13OSUTIK-OSU,Whitney Osuigwe,no,1556.46,YES,MISS
2026-09-13T23:34:03+00:00,TENNIS,KXWTAMATCH-26SEP13KINBRA-KIN,Hayu Kinoshita,yes,1619.42,NO,MISS
2026-09-13T23:34:03+00:00,TENNIS,KXWTAMATCH-26SEP13KINBRA-KIN,Hayu Kinoshita,yes,10494.84,NO,MISS
2026-09-13T23:34:03+00:00,TENNIS,KXWTAMATCH-26SEP13KINBRA-KIN,Hayu Kinoshita,no,1232.77,NO,HIT
2026-09-13T23:34:03+00:00,TENNIS,KXWTAMATCH-26SEP13KINBRA-KIN,Hayu Kinoshita,no,4137.67,NO,HIT
2026-09-13T23:34:03+00:00,TENNIS,KXWTAMATCH-26SEP13KINBRA-BRA,Cadence Brace,yes,3487.9,YES,HIT
2026-09-13T23:34:03+00:00,TENNIS,KXWTAMATCH-26SEP13KINBRA-BRA,Cadence Brace,yes,1544.35,YES,HIT
2026-09-13T23:34:03+00:00,TENNIS,KXWTAMATCH-26SEP13KINBRA-BRA,Cadence Brace,yes,4453.82,YES,HIT
2026-09-13T23:34:03+00:00,TENNIS,KXWTAMATCH-26SEP13KINBRA-BRA,Cadence Brace,yes,4906.65,YES,HIT
2026-09-13T23:34:03+00:00,TENNIS,KXWTAMATCH-26SEP13KINBRA-BRA,Cadence Brace,yes,3642.48,YES,HIT
2026-09-13T23:34:03+00:00,TENNIS,KXWTAMATCH-26SEP13KINBRA-BRA,Cadence Brace,no,3318.7,YES,MISS
2026-09-13T23:34:03+00:00,TENNIS,KXWTAMATCH-26SEP13UDVBOI-UDV,Panna Udvardy,yes,33254.83,YES,HIT
2026-09-13T23:34:03+00:00,TENNIS,KXWTAMATCH-26SEP13UDVBOI-UDV,Panna Udvardy,yes,1339.15,YES,HIT
2026-09-13T23:34:03+00:00,TENNIS,KXWTAMATCH-26SEP13UDVBOI-UDV,Panna Udvardy,no,1033.78,YES,MISS
2026-09-13T23:34:03+00:00,TENNIS,KXWTAMATCH-26SEP13UDVBOI-UDV,Panna Udvardy,no,1364.83,YES,MISS
2026-09-13T23:34:03+00:00,TENNIS,KXWTAMATCH-26SEP13UDVBOI-UDV,Panna Udvardy,no,1126.64,YES,MISS
2026-09-13T23:34:03+00:00,TENNIS,KXWTAMATCH-26SEP13UDVBOI-BOI,Lois Boisson,yes,1939.45,NO,MISS
2026-09-13T23:34:03+00:00,TENNIS,KXWTAMATCH-26SEP13UDVBOI-BOI,Lois Boisson,yes,1624.74,NO,MISS
2026-09-13T23:34:03+00:00,TENNIS,KXWTAMATCH-26SEP13UDVBOI-BOI,Lois Boisson,yes,76408.55,NO,MISS
2026-09-13T23:34:03+00:00,TENNIS,KXWTAMATCH-26SEP13UDVBOI-BOI,Lois Boisson,no,3990.55,NO,HIT
2026-09-13T23:34:03+00:00,TENNIS,KXWTAMATCH-26SEP13UDVBOI-BOI,Lois Boisson,no,1474.9,NO,HIT
2026-09-13T23:34:03+00:00,TENNIS,KXWTAMATCH-26SEP13UDVBOI-BOI,Lois Boisson,no,1376.63,NO,HIT
2026-09-13T23:34:03+00:00,TENNIS,KXWTAMATCH-26SEP13UDVBOI-BOI,Lois Boisson,no,2467.74,NO,HIT
2026-09-14T01:32:26+00:00,NFL,KXNFLGAME-26SEP13GBMIN-GB,Green Bay,yes,1019.2,NO,MISS
2026-09-14T01:32:26+00:00,NFL,KXNFLGAME-26SEP13GBMIN-GB,Green Bay,yes,1949.07,NO,MISS
2026-09-14T01:32:26+00:00,NFL,KXNFLGAME-26SEP13GBMIN-GB,Green Bay,yes,2626.16,NO,MISS
2026-09-14T01:32:26+00:00,NFL,KXNFLGAME-26SEP13GBMIN-GB,Green Bay,yes,2626.16,NO,MISS
2026-09-14T01:32:26+00:00,NFL,KXNFLGAME-26SEP13GBMIN-GB,Green Bay,yes,1157.76,NO,MISS
2026-09-14T01:32:26+00:00,NFL,KXNFLGAME-26SEP13GBMIN-GB,Green Bay,yes,1939.05,NO,MISS
2026-09-14T01:32:26+00:00,NFL,KXNFLGAME-26SEP13GBMIN-GB,Green Bay,yes,1096.41,NO,MISS
2026-09-14T01:32:26+00:00,NFL,KXNFLGAME-26SEP13GBMIN-GB,Green Bay,yes,1157.76,NO,MISS
2026-09-14T01:32:26+00:00,NFL,KXNFLGAME-26SEP13GBMIN-GB,Green Bay,yes,1939.05,NO,MISS
2026-09-14T01:32:26+00:00,NFL,KXNFLGAME-26SEP13GBMIN-GB,Green Bay,yes,1096.41,NO,MISS
2026-09-14T01:32:26+00:00,NFL,KXNFLGAME-26SEP13GBMIN-GB,Green Bay,yes,1034.38,NO,MISS
2026-09-14T01:32:26+00:00,NFL,KXNFLGAME-26SEP13GBMIN-GB,Green Bay,yes,1759.57,NO,MISS
2026-09-14T01:32:26+00:00,NFL,KXNFLGAME-26SEP13GBMIN-GB,Green Bay,yes,1722.99,NO,MISS
2026-09-14T01:32:26+00:00,NFL,KXNFLGAME-26SEP13GBMIN-GB,Green Bay,yes,2335.61,NO,MISS
2026-09-14T01:32:26+00:00,NFL,KXNFLGAME-26SEP13GBMIN-GB,Green Bay,yes,3337.76,NO,MISS
2026-09-14T01:32:26+00:00,NFL,KXNFLGAME-26SEP13GBMIN-GB,Green Bay,yes,1088.54,NO,MISS
2026-09-14T01:32:26+00:00,NFL,KXNFLGAME-26SEP13GBMIN-GB,Green Bay,yes,2335.61,NO,MISS
2026-09-14T01:32:26+00:00,NFL,KXNFLGAME-26SEP13GBMIN-GB,Green Bay,yes,3337.76,NO,MISS
2026-09-14T01:32:26+00:00,NFL,KXNFLGAME-26SEP13GBMIN-GB,Green Bay,yes,1088.54,NO,MISS
2026-09-14T01:32:26+00:00,NFL,KXNFLGAME-26SEP13GBMIN-GB,Green Bay,yes,1415.69,NO,MISS
2026-09-14T01:32:26+00:00,NFL,KXNFLGAME-26SEP13GBMIN-GB,Green Bay,yes,6719.05,NO,MISS
2026-09-14T01:32:26+00:00,NFL,KXNFLGAME-26SEP13GBMIN-GB,Green Bay,no,1728.15,NO,HIT
2026-09-14T01:32:26+00:00,NFL,KXNFLGAME-26SEP13GBMIN-GB,Green Bay,yes,2181.74,NO,MISS
2026-09-14T01:32:26+00:00,NFL,KXNFLGAME-26SEP13GBMIN-GB,Green Bay,yes,1840.06,NO,MISS
2026-09-14T01:32:26+00:00,NFL,KXNFLGAME-26SEP13GBMIN-GB,Green Bay,yes,1734.26,NO,MISS
2026-09-14T01:32:26+00:00,NFL,KXNFLGAME-26SEP13GBMIN-GB,Green Bay,yes,5165.68,NO,MISS
2026-09-14T01:32:26+00:00,NFL,KXNFLGAME-26SEP13GBMIN-GB,Green Bay,no,35823.27,NO,HIT
2026-09-14T01:32:26+00:00,NFL,KXNFLGAME-26SEP13GBMIN-GB,Green Bay,yes,240446.04,NO,MISS
2026-09-14T01:32:26+00:00,NFL,KXNFLGAME-26SEP13GBMIN-GB,Green Bay,no,5865.25,NO,HIT
2026-09-14T01:32:26+00:00,NFL,KXNFLGAME-26SEP13GBMIN-GB,Green Bay,yes,243517.73,NO,MISS
2026-09-14T01:32:26+00:00,NFL,KXNFLGAME-26SEP13GBMIN-GB,Green Bay,yes,648766.94,NO,MISS
2026-09-14T01:32:26+00:00,NFL,KXNFLGAME-26SEP13GBMIN-GB,Green Bay,no,65954.52,NO,HIT
2026-09-14T01:32:26+00:00,NFL,KXNFLGAME-26SEP13GBMIN-GB,Green Bay,no,1147619.42,NO,HIT
2026-09-14T01:32:26+00:00,NFL,KXNFLGAME-26SEP13GBMIN-GB,Green Bay,yes,94632.58,NO,MISS
2026-09-14T01:32:26+00:00,NFL,KXNFLGAME-26SEP13GBMIN-GB,Green Bay,yes,87577.53,NO,MISS
2026-09-14T01:32:26+00:00,NFL,KXNFLGAME-26SEP13GBMIN-GB,Green Bay,no,1126077.88,NO,HIT
2026-09-14T01:32:26+00:00,NFL,KXNFLGAME-26SEP13WASPHI-PHI,Philadelphia,yes,3022.6,YES,HIT
2026-09-14T01:32:26+00:00,NFL,KXNFLGAME-26SEP13WASPHI-PHI,Philadelphia,yes,1102.65,YES,HIT
2026-09-14T01:32:26+00:00,NFL,KXNFLGAME-26SEP13WASPHI-PHI,Philadelphia,yes,1159.01,YES,HIT
2026-09-14T01:32:26+00:00,NFL,KXNFLGAME-26SEP13WASPHI-PHI,Philadelphia,yes,7879.09,YES,HIT
2026-09-14T01:32:26+00:00,NFL,KXNFLGAME-26SEP13WASPHI-PHI,Philadelphia,yes,6774.23,YES,HIT
2026-09-14T01:32:26+00:00,NFL,KXNFLGAME-26SEP13WASPHI-PHI,Philadelphia,yes,1107.6,YES,HIT
2026-09-14T01:32:26+00:00,NFL,KXNFLGAME-26SEP13WASPHI-PHI,Philadelphia,yes,5871.93,YES,HIT
2026-09-14T01:32:26+00:00,NFL,KXNFLGAME-26SEP13WASPHI-PHI,Philadelphia,yes,1280.38,YES,HIT
2026-09-14T01:32:26+00:00,NFL,KXNFLGAME-26SEP13WASPHI-PHI,Philadelphia,yes,1084.72,YES,HIT
2026-09-14T01:32:26+00:00,NFL,KXNFLGAME-26SEP13WASPHI-PHI,Philadelphia,yes,1020.97,YES,HIT
2026-09-14T01:32:26+00:00,NFL,KXNFLGAME-26SEP13WASPHI-PHI,Philadelphia,yes,1000.47,YES,HIT
2026-09-14T01:32:26+00:00,NFL,KXNFLGAME-26SEP13WASPHI-PHI,Philadelphia,yes,3337.08,YES,HIT
2026-09-14T01:32:26+00:00,NFL,KXNFLGAME-26SEP13WASPHI-PHI,Philadelphia,yes,3126.99,YES,HIT
2026-09-14T01:32:26+00:00,NFL,KXNFLGAME-26SEP13WASPHI-PHI,Philadelphia,yes,1937.69,YES,HIT
2026-09-14T01:32:26+00:00,NFL,KXNFLGAME-26SEP13WASPHI-PHI,Philadelphia,yes,4587.43,YES,HIT
2026-09-14T01:32:26+00:00,NFL,KXNFLGAME-26SEP13WASPHI-PHI,Philadelphia,no,1885.71,YES,MISS
2026-09-14T01:32:26+00:00,NFL,KXNFLGAME-26SEP13WASPHI-PHI,Philadelphia,yes,601664.62,YES,HIT
2026-09-14T01:32:26+00:00,NFL,KXNFLGAME-26SEP13WASPHI-PHI,Philadelphia,no,38034.16,YES,MISS
2026-09-14T01:32:26+00:00,NFL,KXNFLGAME-26SEP13WASPHI-PHI,Philadelphia,yes,1250096.59,YES,HIT
2026-09-14T01:32:26+00:00,NFL,KXNFLGAME-26SEP13WASPHI-PHI,Philadelphia,no,78630.26,YES,MISS
2026-09-14T01:32:26+00:00,NFL,KXNFLGAME-26SEP13WASPHI-PHI,Philadelphia,yes,3449877.8,YES,HIT
2026-09-14T01:32:26+00:00,NFL,KXNFLGAME-26SEP13WASPHI-PHI,Philadelphia,no,157003.03,YES,MISS
2026-09-14T01:32:26+00:00,NFL,KXNFLGAME-26SEP13GBMIN-MIN,Minnesota,yes,2940.28,YES,HIT
2026-09-14T01:32:26+00:00,NFL,KXNFLGAME-26SEP13GBMIN-MIN,Minnesota,yes,1806.51,YES,HIT
2026-09-14T01:32:26+00:00,NFL,KXNFLGAME-26SEP13GBMIN-MIN,Minnesota,yes,13894.75,YES,HIT
2026-09-14T01:32:26+00:00,NFL,KXNFLGAME-26SEP13GBMIN-MIN,Minnesota,yes,2230.11,YES,HIT
2026-09-14T01:32:26+00:00,NFL,KXNFLGAME-26SEP13GBMIN-MIN,Minnesota,yes,2466.01,YES,HIT
2026-09-14T01:32:26+00:00,NFL,KXNFLGAME-26SEP13GBMIN-MIN,Minnesota,yes,3581.37,YES,HIT
2026-09-14T01:32:26+00:00,NFL,KXNFLGAME-26SEP13GBMIN-MIN,Minnesota,yes,1455.54,YES,HIT
2026-09-14T01:32:26+00:00,NFL,KXNFLGAME-26SEP13GBMIN-MIN,Minnesota,yes,1264.3,YES,HIT
2026-09-14T01:32:26+00:00,NFL,KXNFLGAME-26SEP13GBMIN-MIN,Minnesota,yes,1633.93,YES,HIT
2026-09-14T01:32:26+00:00,NFL,KXNFLGAME-26SEP13GBMIN-MIN,Minnesota,yes,2082.07,YES,HIT
2026-09-14T01:32:26+00:00,NFL,KXNFLGAME-26SEP13GBMIN-MIN,Minnesota,yes,1030.19,YES,HIT
2026-09-14T01:32:26+00:00,NFL,KXNFLGAME-26SEP13GBMIN-MIN,Minnesota,yes,1305.41,YES,HIT
2026-09-14T01:32:26+00:00,NFL,KXNFLGAME-26SEP13GBMIN-MIN,Minnesota,yes,1112.93,YES,HIT
2026-09-14T01:32:26+00:00,NFL,KXNFLGAME-26SEP13GBMIN-MIN,Minnesota,yes,1932.22,YES,HIT
2026-09-14T01:32:26+00:00,NFL,KXNFLGAME-26SEP13GBMIN-MIN,Minnesota,yes,1380.96,YES,HIT
2026-09-14T01:32:26+00:00,NFL,KXNFLGAME-26SEP13GBMIN-MIN,Minnesota,no,7503.17,YES,MISS
2026-09-14T01:32:26+00:00,NFL,KXNFLGAME-26SEP13GBMIN-MIN,Minnesota,yes,2922.13,YES,HIT
2026-09-14T01:32:26+00:00,NFL,KXNFLGAME-26SEP13GBMIN-MIN,Minnesota,no,1127.72,YES,MISS
2026-09-14T01:32:26+00:00,NFL,KXNFLGAME-26SEP13GBMIN-MIN,Minnesota,yes,326654.4,YES,HIT
2026-09-14T01:32:26+00:00,NFL,KXNFLGAME-26SEP13GBMIN-MIN,Minnesota,no,313104.31,YES,MISS
2026-09-14T01:32:26+00:00,NFL,KXNFLGAME-26SEP13GBMIN-MIN,Minnesota,yes,1113295.41,YES,HIT
2026-09-14T01:32:26+00:00,NFL,KXNFLGAME-26SEP13GBMIN-MIN,Minnesota,no,60284.52,YES,MISS
2026-09-14T01:32:26+00:00,NFL,KXNFLGAME-26SEP13GBMIN-MIN,Minnesota,yes,1054031.75,YES,HIT
2026-09-14T01:32:26+00:00,NFL,KXNFLGAME-26SEP13GBMIN-MIN,Minnesota,no,52694.8,YES,MISS
2026-09-14T01:32:26+00:00,MLB,KXMLBGAME-26SEP131605SEAATH-ATH,A's,no,2900.0,YES,MISS
2026-09-14T01:32:26+00:00,MLB,KXMLBGAME-26SEP131605SEAATH-ATH,A's,yes,3922.84,YES,HIT
2026-09-14T01:32:26+00:00,MLB,KXMLBGAME-26SEP131605SEAATH-ATH,A's,yes,1961.58,YES,HIT
2026-09-14T01:32:26+00:00,MLB,KXMLBGAME-26SEP131605SEAATH-ATH,A's,no,2800.0,YES,MISS
2026-09-14T01:32:26+00:00,MLB,KXMLBGAME-26SEP131605SEAATH-ATH,A's,yes,5492.46,YES,HIT
2026-09-14T01:32:26+00:00,MLB,KXMLBGAME-26SEP131605SEAATH-ATH,A's,no,2750.0,YES,MISS
2026-09-14T01:32:26+00:00,MLB,KXMLBGAME-26SEP131605SEAATH-ATH,A's,yes,1054.14,YES,HIT
2026-09-14T01:32:26+00:00,MLB,KXMLBGAME-26SEP131605SEAATH-ATH,A's,yes,1527.72,YES,HIT
2026-09-14T01:32:26+00:00,MLB,KXMLBGAME-26SEP131605SEAATH-ATH,A's,yes,25058.5,YES,HIT
2026-09-14T01:32:26+00:00,MLB,KXMLBGAME-26SEP131605SEAATH-ATH,A's,yes,43233.92,YES,HIT
2026-09-14T01:32:26+00:00,MLB,KXMLBGAME-26SEP131605SEAATH-ATH,A's,no,2222.26,YES,MISS
2026-09-14T01:32:26+00:00,MLB,KXMLBGAME-26SEP131605SEAATH-ATH,A's,no,2018.73,YES,MISS
2026-09-14T01:32:26+00:00,MLB,KXMLBGAME-26SEP131605SEAATH-ATH,A's,no,6142.45,YES,MISS
2026-09-14T01:32:26+00:00,MLB,KXMLBGAME-26SEP131605SEAATH-ATH,A's,no,10915.5,YES,MISS
2026-09-14T01:32:26+00:00,MLB,KXMLBGAME-26SEP131605SEAATH-ATH,A's,no,29765.79,YES,MISS
2026-09-14T01:32:26+00:00,MLB,KXMLBGAME-26SEP131605SEAATH-ATH,A's,no,2999.48,YES,MISS
2026-09-14T01:32:26+00:00,MLB,KXMLBGAME-26SEP131605SEAATH-ATH,A's,no,1827.79,YES,MISS
2026-09-14T01:32:26+00:00,MLB,KXMLBGAME-26SEP131605SEAATH-ATH,A's,no,109573.42,YES,MISS
2026-09-14T01:32:26+00:00,MLB,KXMLBGAME-26SEP131605SEAATH-ATH,A's,no,29765.79,YES,MISS
2026-09-14T01:32:26+00:00,MLB,KXMLBGAME-26SEP131605SEAATH-ATH,A's,no,2999.48,YES,MISS
2026-09-14T01:32:26+00:00,MLB,KXMLBGAME-26SEP131605SEAATH-ATH,A's,no,1827.79,YES,MISS
2026-09-14T01:32:26+00:00,MLB,KXMLBGAME-26SEP131605SEAATH-ATH,A's,no,117542.01,YES,MISS
2026-09-14T01:32:26+00:00,NFL,KXNFLGAME-26SEP13WASPHI-WAS,Washington,yes,1047.62,NO,MISS
2026-09-14T01:32:26+00:00,NFL,KXNFLGAME-26SEP13WASPHI-WAS,Washington,no,44458.99,NO,HIT
2026-09-14T01:32:26+00:00,NFL,KXNFLGAME-26SEP13WASPHI-WAS,Washington,yes,3573.52,NO,MISS
2026-09-14T01:32:26+00:00,NFL,KXNFLGAME-26SEP13WASPHI-WAS,Washington,yes,1141.69,NO,MISS
2026-09-14T01:32:26+00:00,NFL,KXNFLGAME-26SEP13WASPHI-WAS,Washington,no,4022.95,NO,HIT
2026-09-14T01:32:26+00:00,NFL,KXNFLGAME-26SEP13WASPHI-WAS,Washington,no,4200.0,NO,HIT
2026-09-14T01:32:26+00:00,NFL,KXNFLGAME-26SEP13WASPHI-WAS,Washington,no,4430.01,NO,HIT
2026-09-14T01:32:26+00:00,NFL,KXNFLGAME-26SEP13WASPHI-WAS,Washington,yes,277559.01,NO,MISS
2026-09-14T01:32:26+00:00,NFL,KXNFLGAME-26SEP13WASPHI-WAS,Washington,no,143651.24,NO,HIT
2026-09-14T01:32:26+00:00,NFL,KXNFLGAME-26SEP13WASPHI-WAS,Washington,yes,195168.06,NO,MISS
2026-09-14T01:32:26+00:00,NFL,KXNFLGAME-26SEP13WASPHI-WAS,Washington,no,501472.85,NO,HIT
2026-09-14T01:32:26+00:00,NFL,KXNFLGAME-26SEP13WASPHI-WAS,Washington,yes,90416.16,NO,MISS
2026-09-14T01:32:26+00:00,NFL,KXNFLGAME-26SEP13WASPHI-WAS,Washington,no,1154219.82,NO,HIT
2026-09-14T01:32:26+00:00,TENNIS,KXWTAMATCH-26SEP13BUCAND-BUC,Cristina Bucsa,yes,1318.38,YES,HIT
2026-09-14T01:32:26+00:00,TENNIS,KXWTAMATCH-26SEP13BUCAND-BUC,Cristina Bucsa,yes,103664.54,YES,HIT
2026-09-14T01:32:26+00:00,TENNIS,KXWTAMATCH-26SEP13BUCAND-BUC,Cristina Bucsa,yes,166509.71,YES,HIT
2026-09-14T01:32:26+00:00,TENNIS,KXWTAMATCH-26SEP13BUCAND-BUC,Cristina Bucsa,no,4526.75,YES,MISS
2026-09-14T01:32:26+00:00,MLB,KXMLBGAME-26SEP131335KCBOS-KC,Kansas City,yes,3915.04,NO,MISS
2026-09-14T01:32:26+00:00,MLB,KXMLBGAME-26SEP131335KCBOS-KC,Kansas City,yes,1611.89,NO,MISS
2026-09-14T01:32:26+00:00,MLB,KXMLBGAME-26SEP131335KCBOS-KC,Kansas City,yes,1432.35,NO,MISS
2026-09-14T01:32:26+00:00,MLB,KXMLBGAME-26SEP131335KCBOS-KC,Kansas City,yes,20997.55,NO,MISS
2026-09-14T01:32:26+00:00,MLB,KXMLBGAME-26SEP131335KCBOS-KC,Kansas City,no,2734.8,NO,HIT
2026-09-14T01:32:26+00:00,MLB,KXMLBGAME-26SEP131335KCBOS-KC,Kansas City,no,7280.49,NO,HIT
2026-09-14T01:32:26+00:00,MLB,KXMLBGAME-26SEP131335KCBOS-KC,Kansas City,no,11131.21,NO,HIT
2026-09-14T01:32:26+00:00,MLB,KXMLBGAME-26SEP131335KCBOS-KC,Kansas City,no,113377.12,NO,HIT
2026-09-14T01:32:26+00:00,MLB,KXMLBGAME-26SEP131335KCBOS-KC,Kansas City,no,7280.49,NO,HIT
2026-09-14T01:32:26+00:00,MLB,KXMLBGAME-26SEP131335KCBOS-KC,Kansas City,no,11131.21,NO,HIT
2026-09-14T01:32:26+00:00,MLB,KXMLBGAME-26SEP131335KCBOS-KC,Kansas City,no,174126.02,NO,HIT
2026-09-14T01:32:26+00:00,MLB,KXMLBGAME-26SEP131335KCBOS-BOS,Boston,yes,1099.05,YES,HIT
2026-09-14T01:32:26+00:00,MLB,KXMLBGAME-26SEP131335KCBOS-BOS,Boston,yes,1116.09,YES,HIT
2026-09-14T01:32:26+00:00,MLB,KXMLBGAME-26SEP131335KCBOS-BOS,Boston,no,1095.25,YES,MISS
2026-09-14T01:32:26+00:00,MLB,KXMLBGAME-26SEP131335KCBOS-BOS,Boston,yes,5555.6,YES,HIT
2026-09-14T01:32:26+00:00,MLB,KXMLBGAME-26SEP131335KCBOS-BOS,Boston,yes,2416.12,YES,HIT
2026-09-14T01:32:26+00:00,MLB,KXMLBGAME-26SEP131335KCBOS-BOS,Boston,yes,1928.45,YES,HIT
2026-09-14T01:32:26+00:00,MLB,KXMLBGAME-26SEP131335KCBOS-BOS,Boston,yes,4625.46,YES,HIT
2026-09-14T01:32:26+00:00,MLB,KXMLBGAME-26SEP131335KCBOS-BOS,Boston,yes,53458.12,YES,HIT
2026-09-14T01:32:26+00:00,MLB,KXMLBGAME-26SEP131335KCBOS-BOS,Boston,no,2016.48,YES,MISS
2026-09-14T01:32:26+00:00,MLB,KXMLBGAME-26SEP131335KCBOS-BOS,Boston,no,3802.94,YES,MISS
2026-09-14T01:32:26+00:00,MLB,KXMLBGAME-26SEP131335KCBOS-BOS,Boston,no,16039.23,YES,MISS
2026-09-14T01:32:26+00:00,MLB,KXMLBGAME-26SEP131335KCBOS-BOS,Boston,no,3814.73,YES,MISS
2026-09-14T01:32:26+00:00,MLB,KXMLBGAME-26SEP131335KCBOS-BOS,Boston,no,3802.94,YES,MISS
2026-09-14T01:32:26+00:00,MLB,KXMLBGAME-26SEP131335KCBOS-BOS,Boston,no,16039.23,YES,MISS
2026-09-14T01:32:26+00:00,MLB,KXMLBGAME-26SEP131335KCBOS-BOS,Boston,no,9667.32,YES,MISS
2026-09-14T01:32:26+00:00,TENNIS,KXWTAMATCH-26SEP13BUCAND-AND,Bianca Andreescu,no,1440.0,NO,HIT
2026-09-14T01:32:26+00:00,TENNIS,KXWTAMATCH-26SEP13BUCAND-AND,Bianca Andreescu,yes,12599.76,NO,MISS
2026-09-14T01:32:26+00:00,TENNIS,KXWTAMATCH-26SEP13BUCAND-AND,Bianca Andreescu,no,1914.43,NO,HIT
2026-09-14T01:32:26+00:00,TENNIS,KXWTAMATCH-26SEP13BUCAND-AND,Bianca Andreescu,yes,34041.25,NO,MISS
2026-09-14T01:32:26+00:00,TENNIS,KXWTAMATCH-26SEP13BUCAND-AND,Bianca Andreescu,no,1914.43,NO,HIT
2026-09-14T01:32:26+00:00,MLB,KXMLBGAME-26SEP131605SEAATH-SEA,Seattle,yes,1125.8,NO,MISS
2026-09-14T01:32:26+00:00,MLB,KXMLBGAME-26SEP131605SEAATH-SEA,Seattle,yes,1225.38,NO,MISS
2026-09-14T01:32:26+00:00,MLB,KXMLBGAME-26SEP131605SEAATH-SEA,Seattle,yes,1156.71,NO,MISS
2026-09-14T01:32:26+00:00,MLB,KXMLBGAME-26SEP131605SEAATH-SEA,Seattle,yes,161118.32,NO,MISS
2026-09-14T01:32:26+00:00,MLB,KXMLBGAME-26SEP131605SEAATH-SEA,Seattle,no,7976.9,NO,HIT
2026-09-14T01:32:26+00:00,MLB,KXMLBGAME-26SEP131605SEAATH-SEA,Seattle,no,9140.91,NO,HIT
2026-09-14T01:32:26+00:00,MLB,KXMLBGAME-26SEP131605SEAATH-SEA,Seattle,no,1666.54,NO,HIT
2026-09-14T01:32:26+00:00,MLB,KXMLBGAME-26SEP131605SEAATH-SEA,Seattle,no,13720.0,NO,HIT
2026-09-14T01:32:26+00:00,MLB,KXMLBGAME-26SEP131605SEAATH-SEA,Seattle,no,8322.18,NO,HIT
2026-09-14T01:32:26+00:00,MLB,KXMLBGAME-26SEP131605SEAATH-SEA,Seattle,yes,133666.36,NO,MISS
2026-09-14T01:32:26+00:00,MLB,KXMLBGAME-26SEP131605SEAATH-SEA,Seattle,yes,159541.35,NO,MISS
2026-09-14T01:32:26+00:00,NFL,KXNFLGAME-26SEP13MIALV-MIA,Miami,no,679795.64,NO,HIT
2026-09-14T01:32:26+00:00,NFL,KXNFLGAME-26SEP13MIALV-MIA,Miami,no,10121.8,NO,HIT
2026-09-14T01:32:26+00:00,NFL,KXNFLGAME-26SEP13MIALV-MIA,Miami,yes,241030.63,NO,MISS
2026-09-14T01:32:26+00:00,NFL,KXNFLGAME-26SEP13MIALV-LV,Las Vegas,yes,1451080.41,YES,HIT
2026-09-14T01:32:26+00:00,NFL,KXNFLGAME-26SEP13MIALV-LV,Las Vegas,yes,14562.08,YES,HIT
2026-09-14T01:32:26+00:00,NFL,KXNFLGAME-26SEP13MIALV-LV,Las Vegas,no,71495.33,YES,MISS
2026-09-14T01:32:26+00:00,NFL,KXNFLGAME-26SEP13ARILAC-LAC,Los Angeles C,no,1011040.3,NO,HIT
2026-09-14T01:32:26+00:00,NFL,KXNFLGAME-26SEP13ARILAC-LAC,Los Angeles C,no,54339.89,NO,HIT
2026-09-14T01:32:26+00:00,NFL,KXNFLGAME-26SEP13ARILAC-LAC,Los Angeles C,yes,402907.44,NO,MISS
2026-09-14T01:32:26+00:00,NFL,KXNFLGAME-26SEP13ARILAC-ARI,Arizona,no,77778.26,YES,MISS
2026-09-14T01:32:26+00:00,NFL,KXNFLGAME-26SEP13ARILAC-ARI,Arizona,yes,1228656.49,YES,HIT
2026-09-14T01:32:26+00:00,NFL,KXNFLGAME-26SEP13ARILAC-ARI,Arizona,yes,120281.36,YES,HIT
2026-09-14T01:34:03+00:00,NFL,KXNFLGAME-26SEP13GBMIN-GB,Green Bay,yes,1019.2,NO,MISS
2026-09-14T01:34:03+00:00,NFL,KXNFLGAME-26SEP13GBMIN-GB,Green Bay,yes,1949.07,NO,MISS
2026-09-14T01:34:03+00:00,NFL,KXNFLGAME-26SEP13GBMIN-GB,Green Bay,yes,2626.16,NO,MISS
2026-09-14T01:34:03+00:00,NFL,KXNFLGAME-26SEP13GBMIN-GB,Green Bay,yes,2626.16,NO,MISS
2026-09-14T01:34:03+00:00,NFL,KXNFLGAME-26SEP13GBMIN-GB,Green Bay,yes,1157.76,NO,MISS
2026-09-14T01:34:03+00:00,NFL,KXNFLGAME-26SEP13GBMIN-GB,Green Bay,yes,1939.05,NO,MISS
2026-09-14T01:34:03+00:00,NFL,KXNFLGAME-26SEP13GBMIN-GB,Green Bay,yes,1096.41,NO,MISS
2026-09-14T01:34:03+00:00,NFL,KXNFLGAME-26SEP13GBMIN-GB,Green Bay,yes,1157.76,NO,MISS
2026-09-14T01:34:03+00:00,NFL,KXNFLGAME-26SEP13GBMIN-GB,Green Bay,yes,1939.05,NO,MISS
2026-09-14T01:34:03+00:00,NFL,KXNFLGAME-26SEP13GBMIN-GB,Green Bay,yes,1096.41,NO,MISS
2026-09-14T01:34:03+00:00,NFL,KXNFLGAME-26SEP13GBMIN-GB,Green Bay,yes,1034.38,NO,MISS
2026-09-14T01:34:03+00:00,NFL,KXNFLGAME-26SEP13GBMIN-GB,Green Bay,yes,1759.57,NO,MISS
2026-09-14T01:34:03+00:00,NFL,KXNFLGAME-26SEP13GBMIN-GB,Green Bay,yes,1722.99,NO,MISS
2026-09-14T01:34:03+00:00,NFL,KXNFLGAME-26SEP13GBMIN-GB,Green Bay,yes,2335.61,NO,MISS
2026-09-14T01:34:03+00:00,NFL,KXNFLGAME-26SEP13GBMIN-GB,Green Bay,yes,3337.76,NO,MISS
2026-09-14T01:34:03+00:00,NFL,KXNFLGAME-26SEP13GBMIN-GB,Green Bay,yes,1088.54,NO,MISS
2026-09-14T01:34:03+00:00,NFL,KXNFLGAME-26SEP13GBMIN-GB,Green Bay,yes,2335.61,NO,MISS
2026-09-14T01:34:03+00:00,NFL,KXNFLGAME-26SEP13GBMIN-GB,Green Bay,yes,3337.76,NO,MISS
2026-09-14T01:34:03+00:00,NFL,KXNFLGAME-26SEP13GBMIN-GB,Green Bay,yes,1088.54,NO,MISS
2026-09-14T01:34:03+00:00,NFL,KXNFLGAME-26SEP13GBMIN-GB,Green Bay,yes,1415.69,NO,MISS
2026-09-14T01:34:03+00:00,NFL,KXNFLGAME-26SEP13GBMIN-GB,Green Bay,yes,6719.05,NO,MISS
2026-09-14T01:34:03+00:00,NFL,KXNFLGAME-26SEP13GBMIN-GB,Green Bay,no,1728.15,NO,HIT
2026-09-14T01:34:03+00:00,NFL,KXNFLGAME-26SEP13GBMIN-GB,Green Bay,yes,2181.74,NO,MISS
2026-09-14T01:34:03+00:00,NFL,KXNFLGAME-26SEP13GBMIN-GB,Green Bay,yes,1840.06,NO,MISS
2026-09-14T01:34:03+00:00,NFL,KXNFLGAME-26SEP13GBMIN-GB,Green Bay,yes,1734.26,NO,MISS
2026-09-14T01:34:03+00:00,NFL,KXNFLGAME-26SEP13GBMIN-GB,Green Bay,yes,5165.68,NO,MISS
2026-09-14T01:34:03+00:00,NFL,KXNFLGAME-26SEP13GBMIN-GB,Green Bay,no,35823.27,NO,HIT
2026-09-14T01:34:03+00:00,NFL,KXNFLGAME-26SEP13GBMIN-GB,Green Bay,yes,240446.04,NO,MISS
2026-09-14T01:34:03+00:00,NFL,KXNFLGAME-26SEP13GBMIN-GB,Green Bay,no,5865.25,NO,HIT
2026-09-14T01:34:03+00:00,NFL,KXNFLGAME-26SEP13GBMIN-GB,Green Bay,yes,243517.73,NO,MISS
2026-09-14T01:34:03+00:00,NFL,KXNFLGAME-26SEP13GBMIN-GB,Green Bay,yes,648766.94,NO,MISS
2026-09-14T01:34:03+00:00,NFL,KXNFLGAME-26SEP13GBMIN-GB,Green Bay,no,65954.52,NO,HIT
2026-09-14T01:34:03+00:00,NFL,KXNFLGAME-26SEP13GBMIN-GB,Green Bay,no,1147619.42,NO,HIT
2026-09-14T01:34:03+00:00,NFL,KXNFLGAME-26SEP13GBMIN-GB,Green Bay,yes,94632.58,NO,MISS
2026-09-14T01:34:03+00:00,NFL,KXNFLGAME-26SEP13GBMIN-GB,Green Bay,yes,87577.53,NO,MISS
2026-09-14T01:34:03+00:00,NFL,KXNFLGAME-26SEP13GBMIN-GB,Green Bay,no,1126077.88,NO,HIT
2026-09-14T01:34:03+00:00,NFL,KXNFLGAME-26SEP13WASPHI-PHI,Philadelphia,yes,3022.6,YES,HIT
2026-09-14T01:34:03+00:00,NFL,KXNFLGAME-26SEP13WASPHI-PHI,Philadelphia,yes,1102.65,YES,HIT
2026-09-14T01:34:03+00:00,NFL,KXNFLGAME-26SEP13WASPHI-PHI,Philadelphia,yes,1159.01,YES,HIT
2026-09-14T01:34:03+00:00,NFL,KXNFLGAME-26SEP13WASPHI-PHI,Philadelphia,yes,7879.09,YES,HIT
2026-09-14T01:34:03+00:00,NFL,KXNFLGAME-26SEP13WASPHI-PHI,Philadelphia,yes,6774.23,YES,HIT
2026-09-14T01:34:03+00:00,NFL,KXNFLGAME-26SEP13WASPHI-PHI,Philadelphia,yes,1107.6,YES,HIT
2026-09-14T01:34:03+00:00,NFL,KXNFLGAME-26SEP13WASPHI-PHI,Philadelphia,yes,5871.93,YES,HIT
2026-09-14T01:34:03+00:00,NFL,KXNFLGAME-26SEP13WASPHI-PHI,Philadelphia,yes,1280.38,YES,HIT
2026-09-14T01:34:03+00:00,NFL,KXNFLGAME-26SEP13WASPHI-PHI,Philadelphia,yes,1084.72,YES,HIT
2026-09-14T01:34:03+00:00,NFL,KXNFLGAME-26SEP13WASPHI-PHI,Philadelphia,yes,1020.97,YES,HIT
2026-09-14T01:34:03+00:00,NFL,KXNFLGAME-26SEP13WASPHI-PHI,Philadelphia,yes,1000.47,YES,HIT
2026-09-14T01:34:03+00:00,NFL,KXNFLGAME-26SEP13WASPHI-PHI,Philadelphia,yes,3337.08,YES,HIT
2026-09-14T01:34:03+00:00,NFL,KXNFLGAME-26SEP13WASPHI-PHI,Philadelphia,yes,3126.99,YES,HIT
2026-09-14T01:34:03+00:00,NFL,KXNFLGAME-26SEP13WASPHI-PHI,Philadelphia,yes,1937.69,YES,HIT
2026-09-14T01:34:03+00:00,NFL,KXNFLGAME-26SEP13WASPHI-PHI,Philadelphia,yes,4587.43,YES,HIT
2026-09-14T01:34:03+00:00,NFL,KXNFLGAME-26SEP13WASPHI-PHI,Philadelphia,no,1885.71,YES,MISS
2026-09-14T01:34:03+00:00,NFL,KXNFLGAME-26SEP13WASPHI-PHI,Philadelphia,yes,601664.62,YES,HIT
2026-09-14T01:34:03+00:00,NFL,KXNFLGAME-26SEP13WASPHI-PHI,Philadelphia,no,38034.16,YES,MISS
2026-09-14T01:34:03+00:00,NFL,KXNFLGAME-26SEP13WASPHI-PHI,Philadelphia,yes,1250096.59,YES,HIT
2026-09-14T01:34:03+00:00,NFL,KXNFLGAME-26SEP13WASPHI-PHI,Philadelphia,no,78630.26,YES,MISS
2026-09-14T01:34:03+00:00,NFL,KXNFLGAME-26SEP13WASPHI-PHI,Philadelphia,yes,3449877.8,YES,HIT
2026-09-14T01:34:03+00:00,NFL,KXNFLGAME-26SEP13WASPHI-PHI,Philadelphia,no,157003.03,YES,MISS
2026-09-14T01:34:03+00:00,NFL,KXNFLGAME-26SEP13GBMIN-MIN,Minnesota,yes,2940.28,YES,HIT
2026-09-14T01:34:03+00:00,NFL,KXNFLGAME-26SEP13GBMIN-MIN,Minnesota,yes,1806.51,YES,HIT
2026-09-14T01:34:03+00:00,NFL,KXNFLGAME-26SEP13GBMIN-MIN,Minnesota,yes,13894.75,YES,HIT
2026-09-14T01:34:03+00:00,NFL,KXNFLGAME-26SEP13GBMIN-MIN,Minnesota,yes,2230.11,YES,HIT
2026-09-14T01:34:03+00:00,NFL,KXNFLGAME-26SEP13GBMIN-MIN,Minnesota,yes,2466.01,YES,HIT
2026-09-14T01:34:03+00:00,NFL,KXNFLGAME-26SEP13GBMIN-MIN,Minnesota,yes,3581.37,YES,HIT
2026-09-14T01:34:03+00:00,NFL,KXNFLGAME-26SEP13GBMIN-MIN,Minnesota,yes,1455.54,YES,HIT
2026-09-14T01:34:03+00:00,NFL,KXNFLGAME-26SEP13GBMIN-MIN,Minnesota,yes,1264.3,YES,HIT
2026-09-14T01:34:03+00:00,NFL,KXNFLGAME-26SEP13GBMIN-MIN,Minnesota,yes,1633.93,YES,HIT
2026-09-14T01:34:03+00:00,NFL,KXNFLGAME-26SEP13GBMIN-MIN,Minnesota,yes,2082.07,YES,HIT
2026-09-14T01:34:03+00:00,NFL,KXNFLGAME-26SEP13GBMIN-MIN,Minnesota,yes,1030.19,YES,HIT
2026-09-14T01:34:03+00:00,NFL,KXNFLGAME-26SEP13GBMIN-MIN,Minnesota,yes,1305.41,YES,HIT
2026-09-14T01:34:03+00:00,NFL,KXNFLGAME-26SEP13GBMIN-MIN,Minnesota,yes,1112.93,YES,HIT
2026-09-14T01:34:03+00:00,NFL,KXNFLGAME-26SEP13GBMIN-MIN,Minnesota,yes,1932.22,YES,HIT
2026-09-14T01:34:03+00:00,NFL,KXNFLGAME-26SEP13GBMIN-MIN,Minnesota,yes,1380.96,YES,HIT
2026-09-14T01:34:03+00:00,NFL,KXNFLGAME-26SEP13GBMIN-MIN,Minnesota,no,7503.17,YES,MISS
2026-09-14T01:34:03+00:00,NFL,KXNFLGAME-26SEP13GBMIN-MIN,Minnesota,yes,2922.13,YES,HIT
2026-09-14T01:34:03+00:00,NFL,KXNFLGAME-26SEP13GBMIN-MIN,Minnesota,no,1127.72,YES,MISS
2026-09-14T01:34:03+00:00,NFL,KXNFLGAME-26SEP13GBMIN-MIN,Minnesota,yes,326654.4,YES,HIT
2026-09-14T01:34:03+00:00,NFL,KXNFLGAME-26SEP13GBMIN-MIN,Minnesota,no,313104.31,YES,MISS
2026-09-14T01:34:03+00:00,NFL,KXNFLGAME-26SEP13GBMIN-MIN,Minnesota,yes,1113295.41,YES,HIT
2026-09-14T01:34:03+00:00,NFL,KXNFLGAME-26SEP13GBMIN-MIN,Minnesota,no,60284.52,YES,MISS
2026-09-14T01:34:03+00:00,NFL,KXNFLGAME-26SEP13GBMIN-MIN,Minnesota,yes,1054031.75,YES,HIT
2026-09-14T01:34:03+00:00,NFL,KXNFLGAME-26SEP13GBMIN-MIN,Minnesota,no,52694.8,YES,MISS
2026-09-14T01:34:03+00:00,MLB,KXMLBGAME-26SEP131605SEAATH-ATH,A's,no,2900.0,YES,MISS
2026-09-14T01:34:03+00:00,MLB,KXMLBGAME-26SEP131605SEAATH-ATH,A's,yes,3922.84,YES,HIT
2026-09-14T01:34:03+00:00,MLB,KXMLBGAME-26SEP131605SEAATH-ATH,A's,yes,1961.58,YES,HIT
2026-09-14T01:34:03+00:00,MLB,KXMLBGAME-26SEP131605SEAATH-ATH,A's,no,2800.0,YES,MISS
2026-09-14T01:34:03+00:00,MLB,KXMLBGAME-26SEP131605SEAATH-ATH,A's,yes,5492.46,YES,HIT
2026-09-14T01:34:03+00:00,MLB,KXMLBGAME-26SEP131605SEAATH-ATH,A's,no,2750.0,YES,MISS
2026-09-14T01:34:03+00:00,MLB,KXMLBGAME-26SEP131605SEAATH-ATH,A's,yes,1054.14,YES,HIT
2026-09-14T01:34:03+00:00,MLB,KXMLBGAME-26SEP131605SEAATH-ATH,A's,yes,1527.72,YES,HIT
2026-09-14T01:34:03+00:00,MLB,KXMLBGAME-26SEP131605SEAATH-ATH,A's,yes,25058.5,YES,HIT
2026-09-14T01:34:03+00:00,MLB,KXMLBGAME-26SEP131605SEAATH-ATH,A's,yes,43233.92,YES,HIT
2026-09-14T01:34:03+00:00,MLB,KXMLBGAME-26SEP131605SEAATH-ATH,A's,no,2222.26,YES,MISS
2026-09-14T01:34:03+00:00,MLB,KXMLBGAME-26SEP131605SEAATH-ATH,A's,no,2018.73,YES,MISS
2026-09-14T01:34:03+00:00,MLB,KXMLBGAME-26SEP131605SEAATH-ATH,A's,no,6142.45,YES,MISS
2026-09-14T01:34:03+00:00,MLB,KXMLBGAME-26SEP131605SEAATH-ATH,A's,no,10915.5,YES,MISS
2026-09-14T01:34:03+00:00,MLB,KXMLBGAME-26SEP131605SEAATH-ATH,A's,no,29765.79,YES,MISS
2026-09-14T01:34:03+00:00,MLB,KXMLBGAME-26SEP131605SEAATH-ATH,A's,no,2999.48,YES,MISS
2026-09-14T01:34:03+00:00,MLB,KXMLBGAME-26SEP131605SEAATH-ATH,A's,no,1827.79,YES,MISS
2026-09-14T01:34:03+00:00,MLB,KXMLBGAME-26SEP131605SEAATH-ATH,A's,no,109573.42,YES,MISS
2026-09-14T01:34:03+00:00,MLB,KXMLBGAME-26SEP131605SEAATH-ATH,A's,no,29765.79,YES,MISS
2026-09-14T01:34:03+00:00,MLB,KXMLBGAME-26SEP131605SEAATH-ATH,A's,no,2999.48,YES,MISS
2026-09-14T01:34:03+00:00,MLB,KXMLBGAME-26SEP131605SEAATH-ATH,A's,no,1827.79,YES,MISS
2026-09-14T01:34:03+00:00,MLB,KXMLBGAME-26SEP131605SEAATH-ATH,A's,no,117542.01,YES,MISS
2026-09-14T01:34:03+00:00,NFL,KXNFLGAME-26SEP13WASPHI-WAS,Washington,yes,1047.62,NO,MISS
2026-09-14T01:34:03+00:00,NFL,KXNFLGAME-26SEP13WASPHI-WAS,Washington,no,44458.99,NO,HIT
2026-09-14T01:34:03+00:00,NFL,KXNFLGAME-26SEP13WASPHI-WAS,Washington,yes,3573.52,NO,MISS
2026-09-14T01:34:03+00:00,NFL,KXNFLGAME-26SEP13WASPHI-WAS,Washington,yes,1141.69,NO,MISS
2026-09-14T01:34:03+00:00,NFL,KXNFLGAME-26SEP13WASPHI-WAS,Washington,no,4022.95,NO,HIT
2026-09-14T01:34:03+00:00,NFL,KXNFLGAME-26SEP13WASPHI-WAS,Washington,no,4200.0,NO,HIT
2026-09-14T01:34:03+00:00,NFL,KXNFLGAME-26SEP13WASPHI-WAS,Washington,no,4430.01,NO,HIT
2026-09-14T01:34:03+00:00,NFL,KXNFLGAME-26SEP13WASPHI-WAS,Washington,yes,277559.01,NO,MISS
2026-09-14T01:34:03+00:00,NFL,KXNFLGAME-26SEP13WASPHI-WAS,Washington,no,143651.24,NO,HIT
2026-09-14T01:34:03+00:00,NFL,KXNFLGAME-26SEP13WASPHI-WAS,Washington,yes,195168.06,NO,MISS
2026-09-14T01:34:03+00:00,NFL,KXNFLGAME-26SEP13WASPHI-WAS,Washington,no,501472.85,NO,HIT
2026-09-14T01:34:03+00:00,NFL,KXNFLGAME-26SEP13WASPHI-WAS,Washington,yes,90416.16,NO,MISS
2026-09-14T01:34:03+00:00,NFL,KXNFLGAME-26SEP13WASPHI-WAS,Washington,no,1154219.82,NO,HIT
2026-09-14T01:34:03+00:00,TENNIS,KXWTAMATCH-26SEP13BUCAND-BUC,Cristina Bucsa,yes,1318.38,YES,HIT
2026-09-14T01:34:03+00:00,TENNIS,KXWTAMATCH-26SEP13BUCAND-BUC,Cristina Bucsa,yes,103664.54,YES,HIT
2026-09-14T01:34:03+00:00,TENNIS,KXWTAMATCH-26SEP13BUCAND-BUC,Cristina Bucsa,yes,166509.71,YES,HIT
2026-09-14T01:34:03+00:00,TENNIS,KXWTAMATCH-26SEP13BUCAND-BUC,Cristina Bucsa,no,4526.75,YES,MISS
2026-09-14T01:34:03+00:00,MLB,KXMLBGAME-26SEP131335KCBOS-KC,Kansas City,yes,3915.04,NO,MISS
2026-09-14T01:34:03+00:00,MLB,KXMLBGAME-26SEP131335KCBOS-KC,Kansas City,yes,1611.89,NO,MISS
2026-09-14T01:34:03+00:00,MLB,KXMLBGAME-26SEP131335KCBOS-KC,Kansas City,yes,1432.35,NO,MISS
2026-09-14T01:34:03+00:00,MLB,KXMLBGAME-26SEP131335KCBOS-KC,Kansas City,yes,20997.55,NO,MISS
2026-09-14T01:34:03+00:00,MLB,KXMLBGAME-26SEP131335KCBOS-KC,Kansas City,no,2734.8,NO,HIT
2026-09-14T01:34:03+00:00,MLB,KXMLBGAME-26SEP131335KCBOS-KC,Kansas City,no,7280.49,NO,HIT
2026-09-14T01:34:03+00:00,MLB,KXMLBGAME-26SEP131335KCBOS-KC,Kansas City,no,11131.21,NO,HIT
2026-09-14T01:34:03+00:00,MLB,KXMLBGAME-26SEP131335KCBOS-KC,Kansas City,no,113377.12,NO,HIT
2026-09-14T01:34:03+00:00,MLB,KXMLBGAME-26SEP131335KCBOS-KC,Kansas City,no,7280.49,NO,HIT
2026-09-14T01:34:03+00:00,MLB,KXMLBGAME-26SEP131335KCBOS-KC,Kansas City,no,11131.21,NO,HIT
2026-09-14T01:34:03+00:00,MLB,KXMLBGAME-26SEP131335KCBOS-KC,Kansas City,no,174126.02,NO,HIT
2026-09-14T01:34:03+00:00,MLB,KXMLBGAME-26SEP131335KCBOS-BOS,Boston,yes,1099.05,YES,HIT
2026-09-14T01:34:03+00:00,MLB,KXMLBGAME-26SEP131335KCBOS-BOS,Boston,yes,1116.09,YES,HIT
2026-09-14T01:34:03+00:00,MLB,KXMLBGAME-26SEP131335KCBOS-BOS,Boston,no,1095.25,YES,MISS
2026-09-14T01:34:03+00:00,MLB,KXMLBGAME-26SEP131335KCBOS-BOS,Boston,yes,5555.6,YES,HIT
2026-09-14T01:34:03+00:00,MLB,KXMLBGAME-26SEP131335KCBOS-BOS,Boston,yes,2416.12,YES,HIT
2026-09-14T01:34:03+00:00,MLB,KXMLBGAME-26SEP131335KCBOS-BOS,Boston,yes,1928.45,YES,HIT
2026-09-14T01:34:03+00:00,MLB,KXMLBGAME-26SEP131335KCBOS-BOS,Boston,yes,4625.46,YES,HIT
2026-09-14T01:34:03+00:00,MLB,KXMLBGAME-26SEP131335KCBOS-BOS,Boston,yes,53458.12,YES,HIT
2026-09-14T01:34:03+00:00,MLB,KXMLBGAME-26SEP131335KCBOS-BOS,Boston,no,2016.48,YES,MISS
2026-09-14T01:34:03+00:00,MLB,KXMLBGAME-26SEP131335KCBOS-BOS,Boston,no,3802.94,YES,MISS
2026-09-14T01:34:03+00:00,MLB,KXMLBGAME-26SEP131335KCBOS-BOS,Boston,no,16039.23,YES,MISS
2026-09-14T01:34:03+00:00,MLB,KXMLBGAME-26SEP131335KCBOS-BOS,Boston,no,3814.73,YES,MISS
2026-09-14T01:34:03+00:00,MLB,KXMLBGAME-26SEP131335KCBOS-BOS,Boston,no,3802.94,YES,MISS
2026-09-14T01:34:03+00:00,MLB,KXMLBGAME-26SEP131335KCBOS-BOS,Boston,no,16039.23,YES,MISS
2026-09-14T01:34:03+00:00,MLB,KXMLBGAME-26SEP131335KCBOS-BOS,Boston,no,9667.32,YES,MISS
2026-09-14T01:34:03+00:00,TENNIS,KXWTAMATCH-26SEP13BUCAND-AND,Bianca Andreescu,no,1440.0,NO,HIT
2026-09-14T01:34:03+00:00,TENNIS,KXWTAMATCH-26SEP13BUCAND-AND,Bianca Andreescu,yes,12599.76,NO,MISS
2026-09-14T01:34:03+00:00,TENNIS,KXWTAMATCH-26SEP13BUCAND-AND,Bianca Andreescu,no,1914.43,NO,HIT
2026-09-14T01:34:03+00:00,TENNIS,KXWTAMATCH-26SEP13BUCAND-AND,Bianca Andreescu,yes,34041.25,NO,MISS
2026-09-14T01:34:03+00:00,TENNIS,KXWTAMATCH-26SEP13BUCAND-AND,Bianca Andreescu,no,1914.43,NO,HIT
2026-09-14T01:34:03+00:00,MLB,KXMLBGAME-26SEP131605SEAATH-SEA,Seattle,yes,1125.8,NO,MISS
2026-09-14T01:34:03+00:00,MLB,KXMLBGAME-26SEP131605SEAATH-SEA,Seattle,yes,1225.38,NO,MISS
2026-09-14T01:34:03+00:00,MLB,KXMLBGAME-26SEP131605SEAATH-SEA,Seattle,yes,1156.71,NO,MISS
2026-09-14T01:34:03+00:00,MLB,KXMLBGAME-26SEP131605SEAATH-SEA,Seattle,yes,161118.32,NO,MISS
2026-09-14T01:34:03+00:00,MLB,KXMLBGAME-26SEP131605SEAATH-SEA,Seattle,no,7976.9,NO,HIT
2026-09-14T01:34:03+00:00,MLB,KXMLBGAME-26SEP131605SEAATH-SEA,Seattle,no,9140.91,NO,HIT
2026-09-14T01:34:03+00:00,MLB,KXMLBGAME-26SEP131605SEAATH-SEA,Seattle,no,1666.54,NO,HIT
2026-09-14T01:34:03+00:00,MLB,KXMLBGAME-26SEP131605SEAATH-SEA,Seattle,no,13720.0,NO,HIT
2026-09-14T01:34:03+00:00,MLB,KXMLBGAME-26SEP131605SEAATH-SEA,Seattle,no,8322.18,NO,HIT
2026-09-14T01:34:03+00:00,MLB,KXMLBGAME-26SEP131605SEAATH-SEA,Seattle,yes,133666.36,NO,MISS
2026-09-14T01:34:03+00:00,MLB,KXMLBGAME-26SEP131605SEAATH-SEA,Seattle,yes,159541.35,NO,MISS
2026-09-14T01:34:03+00:00,NFL,KXNFLGAME-26SEP13MIALV-MIA,Miami,no,679795.64,NO,HIT
2026-09-14T01:34:03+00:00,NFL,KXNFLGAME-26SEP13MIALV-MIA,Miami,no,10121.8,NO,HIT
2026-09-14T01:34:03+00:00,NFL,KXNFLGAME-26SEP13MIALV-MIA,Miami,yes,241030.63,NO,MISS
2026-09-14T01:34:03+00:00,NFL,KXNFLGAME-26SEP13MIALV-LV,Las Vegas,yes,1451080.41,YES,HIT
2026-09-14T01:34:03+00:00,NFL,KXNFLGAME-26SEP13MIALV-LV,Las Vegas,yes,14562.08,YES,HIT
2026-09-14T01:34:03+00:00,NFL,KXNFLGAME-26SEP13MIALV-LV,Las Vegas,no,71495.33,YES,MISS
2026-09-14T01:34:03+00:00,NFL,KXNFLGAME-26SEP13ARILAC-LAC,Los Angeles C,no,1011040.3,NO,HIT
2026-09-14T01:34:03+00:00,NFL,KXNFLGAME-26SEP13ARILAC-LAC,Los Angeles C,no,54339.89,NO,HIT
2026-09-14T01:34:03+00:00,NFL,KXNFLGAME-26SEP13ARILAC-LAC,Los Angeles C,yes,402907.44,NO,MISS
2026-09-14T01:34:03+00:00,NFL,KXNFLGAME-26SEP13ARILAC-ARI,Arizona,no,77778.26,YES,MISS
2026-09-14T01:34:03+00:00,NFL,KXNFLGAME-26SEP13ARILAC-ARI,Arizona,yes,1228656.49,YES,HIT
2026-09-14T01:34:03+00:00,NFL,KXNFLGAME-26SEP13ARILAC-ARI,Arizona,yes,120281.36,YES,HIT
2026-09-14T03:34:01+00:00,MLB,KXMLBGAME-26SEP131920SDSF-SF,San Francisco,yes,1963.07,NO,MISS
2026-09-14T03:34:01+00:00,MLB,KXMLBGAME-26SEP131920SDSF-SF,San Francisco,yes,1255.17,NO,MISS
2026-09-14T03:34:01+00:00,MLB,KXMLBGAME-26SEP131920SDSF-SF,San Francisco,yes,1387.13,NO,MISS
2026-09-14T03:34:01+00:00,MLB,KXMLBGAME-26SEP131920SDSF-SF,San Francisco,yes,1596.52,NO,MISS
2026-09-14T03:34:01+00:00,MLB,KXMLBGAME-26SEP131920SDSF-SF,San Francisco,yes,3458.07,NO,MISS
2026-09-14T03:34:01+00:00,MLB,KXMLBGAME-26SEP131920SDSF-SF,San Francisco,no,4403.89,NO,HIT
2026-09-14T03:34:01+00:00,MLB,KXMLBGAME-26SEP131920SDSF-SF,San Francisco,no,1970.34,NO,HIT
2026-09-14T03:34:01+00:00,MLB,KXMLBGAME-26SEP131920SDSF-SF,San Francisco,no,3236.68,NO,HIT
2026-09-14T03:34:01+00:00,MLB,KXMLBGAME-26SEP131920SDSF-SF,San Francisco,no,1727.16,NO,HIT
2026-09-14T03:34:01+00:00,MLB,KXMLBGAME-26SEP131920SDSF-SF,San Francisco,no,12651.74,NO,HIT
2026-09-14T03:34:01+00:00,MLB,KXMLBGAME-26SEP131920SDSF-SF,San Francisco,no,3236.68,NO,HIT
2026-09-14T03:34:01+00:00,MLB,KXMLBGAME-26SEP131920SDSF-SF,San Francisco,no,1727.16,NO,HIT
2026-09-14T03:34:01+00:00,MLB,KXMLBGAME-26SEP131920SDSF-SF,San Francisco,no,21269.33,NO,HIT
2026-09-14T03:34:01+00:00,MLB,KXMLBGAME-26SEP131920SDSF-SF,San Francisco,no,426641.33,NO,HIT
2026-09-14T03:34:01+00:00,MLB,KXMLBGAME-26SEP131920SDSF-SF,San Francisco,yes,179001.26,NO,MISS
2026-09-14T03:34:01+00:00,MLB,KXMLBGAME-26SEP131920SDSF-SF,San Francisco,yes,180662.96,NO,MISS
2026-09-14T03:34:01+00:00,MLB,KXMLBGAME-26SEP131920SDSF-SF,San Francisco,no,384492.82,NO,HIT
2026-09-14T03:34:01+00:00,MLB,KXMLBGAME-26SEP131920SDSF-SD,San Diego,yes,2031.38,YES,HIT
2026-09-14T03:34:01+00:00,MLB,KXMLBGAME-26SEP131920SDSF-SD,San Diego,yes,1005.56,YES,HIT
2026-09-14T03:34:01+00:00,MLB,KXMLBGAME-26SEP131920SDSF-SD,San Diego,yes,5255.12,YES,HIT
2026-09-14T03:34:01+00:00,MLB,KXMLBGAME-26SEP131920SDSF-SD,San Diego,yes,1197.13,YES,HIT
2026-09-14T03:34:01+00:00,MLB,KXMLBGAME-26SEP131920SDSF-SD,San Diego,no,1646.79,YES,MISS
2026-09-14T03:34:01+00:00,MLB,KXMLBGAME-26SEP131920SDSF-SD,San Diego,yes,1376.37,YES,HIT
2026-09-14T03:34:01+00:00,MLB,KXMLBGAME-26SEP131920SDSF-SD,San Diego,yes,1051.0,YES,HIT
2026-09-14T03:34:01+00:00,MLB,KXMLBGAME-26SEP131920SDSF-SD,San Diego,yes,1989.05,YES,HIT
2026-09-14T03:34:01+00:00,MLB,KXMLBGAME-26SEP131920SDSF-SD,San Diego,yes,27974.4,YES,HIT
2026-09-14T03:34:01+00:00,MLB,KXMLBGAME-26SEP131920SDSF-SD,San Diego,no,1685.23,YES,MISS
2026-09-14T03:34:01+00:00,MLB,KXMLBGAME-26SEP131920SDSF-SD,San Diego,no,1528.72,YES,MISS
2026-09-14T03:34:01+00:00,MLB,KXMLBGAME-26SEP131920SDSF-SD,San Diego,no,1685.23,YES,MISS
2026-09-14T03:34:01+00:00,MLB,KXMLBGAME-26SEP131920SDSF-SD,San Diego,no,4288.07,YES,MISS
2026-09-14T03:34:01+00:00,MLB,KXMLBGAME-26SEP131920SDSF-SD,San Diego,yes,726151.59,YES,HIT
2026-09-14T03:34:01+00:00,MLB,KXMLBGAME-26SEP131920SDSF-SD,San Diego,yes,723642.12,YES,HIT
2026-09-14T05:34:01+00:00,NFL,KXNFLGAME-26SEP13DALNYG-NYG,New York G,yes,2035.58,YES,HIT
2026-09-14T05:34:01+00:00,NFL,KXNFLGAME-26SEP13DALNYG-NYG,New York G,yes,4999.99,YES,HIT
2026-09-14T05:34:01+00:00,NFL,KXNFLGAME-26SEP13DALNYG-NYG,New York G,yes,1142.58,YES,HIT
2026-09-14T05:34:01+00:00,NFL,KXNFLGAME-26SEP13DALNYG-NYG,New York G,yes,2301.36,YES,HIT
2026-09-14T05:34:01+00:00,NFL,KXNFLGAME-26SEP13DALNYG-NYG,New York G,no,1452.37,YES,MISS
2026-09-14T05:34:01+00:00,NFL,KXNFLGAME-26SEP13DALNYG-NYG,New York G,yes,1054.7,YES,HIT
2026-09-14T05:34:01+00:00,NFL,KXNFLGAME-26SEP13DALNYG-NYG,New York G,yes,1054.7,YES,HIT
2026-09-14T05:34:01+00:00,NFL,KXNFLGAME-26SEP13DALNYG-NYG,New York G,yes,1035.55,YES,HIT
2026-09-14T05:34:01+00:00,NFL,KXNFLGAME-26SEP13DALNYG-NYG,New York G,yes,1035.55,YES,HIT
2026-09-14T05:34:01+00:00,NFL,KXNFLGAME-26SEP13DALNYG-NYG,New York G,yes,1494.61,YES,HIT
2026-09-14T05:34:01+00:00,NFL,KXNFLGAME-26SEP13DALNYG-NYG,New York G,yes,3891.62,YES,HIT
2026-09-14T05:34:01+00:00,NFL,KXNFLGAME-26SEP13DALNYG-NYG,New York G,no,1287.7,YES,MISS
2026-09-14T05:34:01+00:00,NFL,KXNFLGAME-26SEP13DALNYG-NYG,New York G,no,24448.83,YES,MISS
2026-09-14T05:34:01+00:00,NFL,KXNFLGAME-26SEP13DALNYG-NYG,New York G,yes,295702.65,YES,HIT
2026-09-14T05:34:01+00:00,NFL,KXNFLGAME-26SEP13DALNYG-NYG,New York G,no,2438.57,YES,MISS
2026-09-14T05:34:01+00:00,NFL,KXNFLGAME-26SEP13DALNYG-NYG,New York G,no,2770.62,YES,MISS
2026-09-14T05:34:01+00:00,NFL,KXNFLGAME-26SEP13DALNYG-NYG,New York G,no,20271.22,YES,MISS
2026-09-14T05:34:01+00:00,NFL,KXNFLGAME-26SEP13DALNYG-NYG,New York G,yes,366448.63,YES,HIT
2026-09-14T05:34:01+00:00,NFL,KXNFLGAME-26SEP13DALNYG-NYG,New York G,no,2438.57,YES,MISS
2026-09-14T05:34:01+00:00,NFL,KXNFLGAME-26SEP13DALNYG-NYG,New York G,no,2770.62,YES,MISS
2026-09-14T05:34:01+00:00,NFL,KXNFLGAME-26SEP13DALNYG-NYG,New York G,no,26775.38,YES,MISS
2026-09-14T05:34:01+00:00,NFL,KXNFLGAME-26SEP13DALNYG-NYG,New York G,yes,576129.23,YES,HIT
2026-09-14T05:34:01+00:00,NFL,KXNFLGAME-26SEP13DALNYG-NYG,New York G,no,154979.69,YES,MISS
2026-09-14T05:34:01+00:00,NFL,KXNFLGAME-26SEP13DALNYG-NYG,New York G,yes,586657.19,YES,HIT
2026-09-14T05:34:01+00:00,NFL,KXNFLGAME-26SEP13DALNYG-NYG,New York G,no,193695.12,YES,MISS
2026-09-14T05:34:01+00:00,NFL,KXNFLGAME-26SEP13DALNYG-DAL,Dallas,yes,1965.76,NO,MISS
2026-09-14T05:34:01+00:00,NFL,KXNFLGAME-26SEP13DALNYG-DAL,Dallas,yes,1073.26,NO,MISS
2026-09-14T05:34:01+00:00,NFL,KXNFLGAME-26SEP13DALNYG-DAL,Dallas,yes,1152.97,NO,MISS
2026-09-14T05:34:01+00:00,NFL,KXNFLGAME-26SEP13DALNYG-DAL,Dallas,yes,1315.05,NO,MISS
2026-09-14T05:34:01+00:00,NFL,KXNFLGAME-26SEP13DALNYG-DAL,Dallas,yes,1182.17,NO,MISS
2026-09-14T05:34:01+00:00,NFL,KXNFLGAME-26SEP13DALNYG-DAL,Dallas,yes,1301.78,NO,MISS
2026-09-14T05:34:01+00:00,NFL,KXNFLGAME-26SEP13DALNYG-DAL,Dallas,yes,1328.56,NO,MISS
2026-09-14T05:34:01+00:00,NFL,KXNFLGAME-26SEP13DALNYG-DAL,Dallas,yes,3948.59,NO,MISS
2026-09-14T05:34:01+00:00,NFL,KXNFLGAME-26SEP13DALNYG-DAL,Dallas,yes,1031.11,NO,MISS
2026-09-14T05:34:01+00:00,NFL,KXNFLGAME-26SEP13DALNYG-DAL,Dallas,yes,1486.91,NO,MISS
2026-09-14T05:34:01+00:00,NFL,KXNFLGAME-26SEP13DALNYG-DAL,Dallas,yes,1786.91,NO,MISS
2026-09-14T05:34:01+00:00,NFL,KXNFLGAME-26SEP13DALNYG-DAL,Dallas,yes,1950.26,NO,MISS
2026-09-14T05:34:01+00:00,NFL,KXNFLGAME-26SEP13DALNYG-DAL,Dallas,yes,1326.52,NO,MISS
2026-09-14T05:34:01+00:00,NFL,KXNFLGAME-26SEP13DALNYG-DAL,Dallas,yes,2177.52,NO,MISS
2026-09-14T05:34:01+00:00,NFL,KXNFLGAME-26SEP13DALNYG-DAL,Dallas,yes,1961.51,NO,MISS
2026-09-14T05:34:01+00:00,NFL,KXNFLGAME-26SEP13DALNYG-DAL,Dallas,yes,1585.18,NO,MISS
2026-09-14T05:34:01+00:00,NFL,KXNFLGAME-26SEP13DALNYG-DAL,Dallas,yes,2954.07,NO,MISS
2026-09-14T05:34:01+00:00,NFL,KXNFLGAME-26SEP13DALNYG-DAL,Dallas,yes,1472.18,NO,MISS
2026-09-14T05:34:01+00:00,NFL,KXNFLGAME-26SEP13DALNYG-DAL,Dallas,yes,3199.65,NO,MISS
2026-09-14T05:34:01+00:00,NFL,KXNFLGAME-26SEP13DALNYG-DAL,Dallas,yes,1219.87,NO,MISS
2026-09-14T05:34:01+00:00,NFL,KXNFLGAME-26SEP13DALNYG-DAL,Dallas,yes,1496.19,NO,MISS
2026-09-14T05:34:01+00:00,NFL,KXNFLGAME-26SEP13DALNYG-DAL,Dallas,yes,1712.04,NO,MISS
2026-09-14T05:34:01+00:00,NFL,KXNFLGAME-26SEP13DALNYG-DAL,Dallas,yes,1236.18,NO,MISS
2026-09-14T05:34:01+00:00,NFL,KXNFLGAME-26SEP13DALNYG-DAL,Dallas,yes,1236.18,NO,MISS
2026-09-14T05:34:01+00:00,NFL,KXNFLGAME-26SEP13DALNYG-DAL,Dallas,yes,1898.29,NO,MISS
2026-09-14T05:34:01+00:00,NFL,KXNFLGAME-26SEP13DALNYG-DAL,Dallas,yes,1930.21,NO,MISS
2026-09-14T05:34:01+00:00,NFL,KXNFLGAME-26SEP13DALNYG-DAL,Dallas,yes,1262.79,NO,MISS
2026-09-14T05:34:01+00:00,NFL,KXNFLGAME-26SEP13DALNYG-DAL,Dallas,yes,1898.29,NO,MISS
2026-09-14T05:34:01+00:00,NFL,KXNFLGAME-26SEP13DALNYG-DAL,Dallas,yes,1930.21,NO,MISS
2026-09-14T05:34:01+00:00,NFL,KXNFLGAME-26SEP13DALNYG-DAL,Dallas,yes,1262.79,NO,MISS
2026-09-14T05:34:01+00:00,NFL,KXNFLGAME-26SEP13DALNYG-DAL,Dallas,yes,1584.58,NO,MISS
2026-09-14T05:34:01+00:00,NFL,KXNFLGAME-26SEP13DALNYG-DAL,Dallas,yes,6203.58,NO,MISS
2026-09-14T05:34:01+00:00,NFL,KXNFLGAME-26SEP13DALNYG-DAL,Dallas,yes,1755.62,NO,MISS
2026-09-14T05:34:01+00:00,NFL,KXNFLGAME-26SEP13DALNYG-DAL,Dallas,yes,2959.15,NO,MISS
2026-09-14T05:34:01+00:00,NFL,KXNFLGAME-26SEP13DALNYG-DAL,Dallas,yes,3526.39,NO,MISS
2026-09-14T05:34:01+00:00,NFL,KXNFLGAME-26SEP13DALNYG-DAL,Dallas,yes,6903.12,NO,MISS
2026-09-14T05:34:01+00:00,NFL,KXNFLGAME-26SEP13DALNYG-DAL,Dallas,yes,2959.15,NO,MISS
2026-09-14T05:34:01+00:00,NFL,KXNFLGAME-26SEP13DALNYG-DAL,Dallas,yes,3526.39,NO,MISS
2026-09-14T05:34:01+00:00,NFL,KXNFLGAME-26SEP13DALNYG-DAL,Dallas,yes,9748.32,NO,MISS
2026-09-14T05:34:01+00:00,NFL,KXNFLGAME-26SEP13DALNYG-DAL,Dallas,yes,28588.3,NO,MISS
2026-09-14T05:34:01+00:00,NFL,KXNFLGAME-26SEP13DALNYG-DAL,Dallas,yes,1406.23,NO,MISS
2026-09-14T05:34:01+00:00,NFL,KXNFLGAME-26SEP13DALNYG-DAL,Dallas,yes,2903.44,NO,MISS
2026-09-14T05:34:01+00:00,NFL,KXNFLGAME-26SEP13DALNYG-DAL,Dallas,yes,2533.68,NO,MISS
2026-09-14T05:34:01+00:00,NFL,KXNFLGAME-26SEP13DALNYG-DAL,Dallas,yes,2655.25,NO,MISS
2026-09-14T05:34:01+00:00,NFL,KXNFLGAME-26SEP13DALNYG-DAL,Dallas,yes,1998.38,NO,MISS
2026-09-14T05:34:01+00:00,NFL,KXNFLGAME-26SEP13DALNYG-DAL,Dallas,yes,1509.48,NO,MISS
2026-09-14T05:34:01+00:00,NFL,KXNFLGAME-26SEP13DALNYG-DAL,Dallas,yes,5877.3,NO,MISS
2026-09-14T05:34:01+00:00,NFL,KXNFLGAME-26SEP13DALNYG-DAL,Dallas,yes,36524.99,NO,MISS
2026-09-14T05:34:01+00:00,NFL,KXNFLGAME-26SEP13DALNYG-DAL,Dallas,yes,20588.73,NO,MISS
2026-09-14T05:34:01+00:00,NFL,KXNFLGAME-26SEP13DALNYG-DAL,Dallas,yes,392954.34,NO,MISS
2026-09-14T05:34:01+00:00,NFL,KXNFLGAME-26SEP13DALNYG-DAL,Dallas,no,2100.96,NO,HIT
2026-09-14T05:34:01+00:00,NFL,KXNFLGAME-26SEP13DALNYG-DAL,Dallas,yes,680854.85,NO,MISS
2026-09-14T05:34:01+00:00,NFL,KXNFLGAME-26SEP13DALNYG-DAL,Dallas,no,2394.14,NO,HIT
2026-09-14T05:34:01+00:00,NFL,KXNFLGAME-26SEP13DALNYG-DAL,Dallas,no,5699.96,NO,HIT
2026-09-14T05:34:01+00:00,NFL,KXNFLGAME-26SEP13DALNYG-DAL,Dallas,no,3093.03,NO,HIT
2026-09-14T05:34:01+00:00,NFL,KXNFLGAME-26SEP13DALNYG-DAL,Dallas,yes,777908.36,NO,MISS
2026-09-14T05:34:01+00:00,NFL,KXNFLGAME-26SEP13DALNYG-DAL,Dallas,no,5699.96,NO,HIT
2026-09-14T05:34:01+00:00,NFL,KXNFLGAME-26SEP13DALNYG-DAL,Dallas,no,5687.57,NO,HIT
2026-09-14T05:34:01+00:00,NFL,KXNFLGAME-26SEP13DALNYG-DAL,Dallas,yes,588532.26,NO,MISS
2026-09-14T05:34:01+00:00,NFL,KXNFLGAME-26SEP13DALNYG-DAL,Dallas,no,254443.45,NO,HIT
2026-09-14T05:34:01+00:00,NFL,KXNFLGAME-26SEP13DALNYG-DAL,Dallas,yes,619623.59,NO,MISS
2026-09-14T05:34:01+00:00,NFL,KXNFLGAME-26SEP13DALNYG-DAL,Dallas,no,269889.13,NO,HIT
2026-09-14T11:34:03+00:00,WEATHER,KXHIGHMIA-26SEP13-T85,Miami 84° or below,no,306.27,NO,HIT
2026-09-14T11:34:03+00:00,WEATHER,KXHIGHNY-26SEP13-T85,New York City 86° or above,no,305.25,NO,HIT
2026-09-14T11:34:03+00:00,WEATHER,KXHIGHNY-26SEP13-T85,New York City 86° or above,no,457.83,NO,HIT
2026-09-14T11:34:03+00:00,WEATHER,KXHIGHNY-26SEP13-T85,New York City 86° or above,no,457.83,NO,HIT
2026-09-14T11:34:03+00:00,WEATHER,KXHIGHTBOS-26SEP13-T76,Boston 77° or above,no,305.25,NO,HIT
2026-09-14T11:34:03+00:00,WEATHER,KXHIGHNY-26SEP13-T78,New York City 77° or below,no,437.67,NO,HIT
2026-09-14T11:34:03+00:00,WEATHER,KXHIGHNY-26SEP13-T78,New York City 77° or below,no,437.67,NO,HIT
2026-09-14T11:34:03+00:00,WEATHER,KXHIGHNY-26SEP13-T78,New York City 77° or below,no,274.09,NO,HIT
2026-09-14T11:34:03+00:00,WEATHER,KXHIGHNY-26SEP13-T78,New York City 77° or below,yes,472.19,NO,MISS
2026-09-14T11:34:03+00:00,WEATHER,KXHIGHNY-26SEP13-T78,New York City 77° or below,yes,337.87,NO,MISS
2026-09-14T11:34:03+00:00,WEATHER,KXHIGHNY-26SEP13-T78,New York City 77° or below,yes,278.01,NO,MISS
2026-09-14T11:34:03+00:00,WEATHER,KXHIGHNY-26SEP13-T78,New York City 77° or below,yes,923.16,NO,MISS
2026-09-14T11:34:03+00:00,WEATHER,KXHIGHNY-26SEP13-T78,New York City 77° or below,no,269.49,NO,HIT
2026-09-14T11:34:03+00:00,WEATHER,KXHIGHNY-26SEP13-T78,New York City 77° or below,no,764.95,NO,HIT
2026-09-14T11:34:03+00:00,WEATHER,KXHIGHNY-26SEP13-T78,New York City 77° or below,yes,326.1,NO,MISS
2026-09-14T11:34:03+00:00,WEATHER,KXHIGHNY-26SEP13-T78,New York City 77° or below,yes,412.9,NO,MISS
2026-09-14T11:34:03+00:00,WEATHER,KXHIGHNY-26SEP13-T78,New York City 77° or below,yes,1057.51,NO,MISS
2026-09-14T11:34:03+00:00,WEATHER,KXHIGHNY-26SEP13-T78,New York City 77° or below,yes,440.85,NO,MISS
2026-09-14T11:34:03+00:00,WEATHER,KXHIGHNY-26SEP13-T78,New York City 77° or below,yes,788.41,NO,MISS
2026-09-14T11:34:03+00:00,WEATHER,KXHIGHNY-26SEP13-T78,New York City 77° or below,no,604.09,NO,HIT
2026-09-14T11:34:03+00:00,WEATHER,KXHIGHNY-26SEP13-T78,New York City 77° or below,no,461.15,NO,HIT
2026-09-14T11:34:03+00:00,WEATHER,KXHIGHNY-26SEP13-T78,New York City 77° or below,no,1947.94,NO,HIT
2026-09-14T11:34:03+00:00,WEATHER,KXHIGHNY-26SEP13-T78,New York City 77° or below,yes,294.39,NO,MISS
2026-09-14T11:34:03+00:00,WEATHER,KXHIGHNY-26SEP13-B82.5,New York City 82° to 83°,no,522.58,NO,HIT
2026-09-14T11:34:03+00:00,WEATHER,KXHIGHNY-26SEP13-B82.5,New York City 82° to 83°,no,522.58,NO,HIT
2026-09-14T11:34:03+00:00,WEATHER,KXHIGHNY-26SEP13-B82.5,New York City 82° to 83°,no,338.21,NO,HIT
2026-09-14T11:34:03+00:00,WEATHER,KXHIGHNY-26SEP13-B82.5,New York City 82° to 83°,no,350.46,NO,HIT
2026-09-14T11:34:03+00:00,WEATHER,KXHIGHMIA-26SEP13-T92,Miami 93° or above,no,288.96,NO,HIT
2026-09-14T11:34:03+00:00,WEATHER,KXHIGHMIA-26SEP13-T92,Miami 93° or above,no,292.4,NO,HIT
2026-09-14T11:34:03+00:00,WEATHER,KXHIGHMIA-26SEP13-T92,Miami 93° or above,no,1579.4,NO,HIT
2026-09-14T11:34:03+00:00,WEATHER,KXHIGHMIA-26SEP13-T92,Miami 93° or above,yes,254.26,NO,MISS
2026-09-14T11:34:03+00:00,WEATHER,KXHIGHMIA-26SEP13-T92,Miami 93° or above,yes,394.09,NO,MISS
2026-09-14T11:34:03+00:00,WEATHER,KXHIGHMIA-26SEP13-T92,Miami 93° or above,no,344.01,NO,HIT
2026-09-14T11:34:03+00:00,WEATHER,KXHIGHMIA-26SEP13-T92,Miami 93° or above,no,519.66,NO,HIT
2026-09-14T11:34:03+00:00,WEATHER,KXHIGHMIA-26SEP13-T92,Miami 93° or above,no,1509.47,NO,HIT
2026-09-14T11:34:03+00:00,WEATHER,KXHIGHMIA-26SEP13-T92,Miami 93° or above,no,1995.21,NO,HIT
2026-09-14T11:34:03+00:00,WEATHER,KXHIGHTBOS-26SEP13-B69.5,Boston 69° to 70°,no,1169.81,YES,MISS
2026-09-14T11:34:03+00:00,WEATHER,KXHIGHTBOS-26SEP13-B69.5,Boston 69° to 70°,yes,424.87,YES,HIT
2026-09-14T11:34:03+00:00,WEATHER,KXHIGHNY-26SEP13-B84.5,New York City 84° to 85°,no,311.16,NO,HIT
2026-09-14T11:34:03+00:00,WEATHER,KXHIGHMIA-26SEP13-B89.5,Miami 89° to 90°,no,280.87,NO,HIT
2026-09-14T11:34:03+00:00,WEATHER,KXHIGHMIA-26SEP13-B89.5,Miami 89° to 90°,no,262.4,NO,HIT
2026-09-14T11:34:03+00:00,WEATHER,KXHIGHMIA-26SEP13-B89.5,Miami 89° to 90°,no,457.04,NO,HIT
2026-09-14T11:34:03+00:00,WEATHER,KXHIGHMIA-26SEP13-B89.5,Miami 89° to 90°,no,1440.0,NO,HIT
2026-09-14T11:34:03+00:00,WEATHER,KXHIGHTBOS-26SEP13-T69,Boston 68° or below,no,1166.5,NO,HIT
2026-09-14T11:34:03+00:00,WEATHER,KXHIGHMIA-26SEP13-B91.5,Miami 91° to 92°,no,488.43,YES,MISS
2026-09-14T11:34:03+00:00,WEATHER,KXHIGHMIA-26SEP13-B91.5,Miami 91° to 92°,no,321.51,YES,MISS
2026-09-14T11:34:03+00:00,WEATHER,KXHIGHMIA-26SEP13-B91.5,Miami 91° to 92°,yes,620.14,YES,HIT
2026-09-14T11:34:03+00:00,WEATHER,KXHIGHMIA-26SEP13-B91.5,Miami 91° to 92°,no,256.77,YES,MISS
2026-09-14T11:34:03+00:00,WEATHER,KXHIGHMIA-26SEP13-B91.5,Miami 91° to 92°,yes,634.91,YES,HIT
2026-09-14T11:34:03+00:00,WEATHER,KXHIGHMIA-26SEP13-B91.5,Miami 91° to 92°,yes,422.17,YES,HIT
2026-09-14T11:34:03+00:00,WEATHER,KXHIGHMIA-26SEP13-B91.5,Miami 91° to 92°,yes,250.31,YES,HIT
2026-09-14T11:34:03+00:00,WEATHER,KXHIGHMIA-26SEP13-B91.5,Miami 91° to 92°,yes,2649.21,YES,HIT
2026-09-14T11:34:03+00:00,WEATHER,KXHIGHMIA-26SEP13-B91.5,Miami 91° to 92°,yes,2428.94,YES,HIT
2026-09-14T11:34:03+00:00,WEATHER,KXHIGHMIA-26SEP13-B91.5,Miami 91° to 92°,yes,535.7,YES,HIT
2026-09-14T11:34:03+00:00,WEATHER,KXHIGHMIA-26SEP13-B87.5,Miami 87° to 88°,no,399.69,NO,HIT
2026-09-14T11:34:03+00:00,WEATHER,KXHIGHNY-26SEP13-B78.5,New York City 78° to 79°,no,607.14,YES,MISS
2026-09-14T11:34:03+00:00,WEATHER,KXHIGHNY-26SEP13-B78.5,New York City 78° to 79°,no,435.55,YES,MISS
2026-09-14T11:34:03+00:00,WEATHER,KXHIGHNY-26SEP13-B78.5,New York City 78° to 79°,yes,752.48,YES,HIT
2026-09-14T11:34:03+00:00,WEATHER,KXHIGHNY-26SEP13-B78.5,New York City 78° to 79°,no,653.5,YES,MISS
2026-09-14T11:34:03+00:00,WEATHER,KXHIGHNY-26SEP13-B78.5,New York City 78° to 79°,yes,4330.84,YES,HIT
2026-09-14T11:34:03+00:00,WEATHER,KXHIGHNY-26SEP13-B78.5,New York City 78° to 79°,yes,1807.47,YES,HIT
2026-09-14T11:34:03+00:00,WEATHER,KXHIGHNY-26SEP13-B78.5,New York City 78° to 79°,yes,1795.13,YES,HIT
2026-09-14T11:34:03+00:00,WEATHER,KXHIGHNY-26SEP13-B78.5,New York City 78° to 79°,yes,721.97,YES,HIT
2026-09-14T11:34:03+00:00,WEATHER,KXHIGHNY-26SEP13-B78.5,New York City 78° to 79°,yes,2285.6,YES,HIT
2026-09-14T11:34:03+00:00,WEATHER,KXHIGHNY-26SEP13-B78.5,New York City 78° to 79°,no,427.0,YES,MISS
2026-09-14T11:34:03+00:00,WEATHER,KXHIGHNY-26SEP13-B78.5,New York City 78° to 79°,yes,1077.17,YES,HIT
2026-09-14T11:34:03+00:00,WEATHER,KXHIGHNY-26SEP13-B78.5,New York City 78° to 79°,yes,384.82,YES,HIT
2026-09-14T11:34:03+00:00,WEATHER,KXHIGHNY-26SEP13-B78.5,New York City 78° to 79°,yes,261.0,YES,HIT
2026-09-14T11:34:03+00:00,WEATHER,KXHIGHNY-26SEP13-B78.5,New York City 78° to 79°,yes,774.31,YES,HIT
2026-09-14T11:34:03+00:00,WEATHER,KXHIGHNY-26SEP13-B78.5,New York City 78° to 79°,yes,280.55,YES,HIT
2026-09-14T11:34:03+00:00,WEATHER,KXHIGHNY-26SEP13-B78.5,New York City 78° to 79°,yes,1626.54,YES,HIT
2026-09-14T11:34:03+00:00,WEATHER,KXHIGHNY-26SEP13-B78.5,New York City 78° to 79°,yes,1077.17,YES,HIT
2026-09-14T11:34:03+00:00,WEATHER,KXHIGHNY-26SEP13-B78.5,New York City 78° to 79°,yes,384.82,YES,HIT
2026-09-14T11:34:03+00:00,WEATHER,KXHIGHNY-26SEP13-B78.5,New York City 78° to 79°,yes,261.0,YES,HIT
2026-09-14T11:34:03+00:00,WEATHER,KXHIGHNY-26SEP13-B78.5,New York City 78° to 79°,yes,774.31,YES,HIT
2026-09-14T11:34:03+00:00,WEATHER,KXHIGHNY-26SEP13-B78.5,New York City 78° to 79°,yes,280.55,YES,HIT
2026-09-14T11:34:03+00:00,WEATHER,KXHIGHNY-26SEP13-B78.5,New York City 78° to 79°,yes,1626.54,YES,HIT
2026-09-14T11:34:03+00:00,WEATHER,KXHIGHNY-26SEP13-B78.5,New York City 78° to 79°,yes,618.39,YES,HIT
2026-09-14T11:34:03+00:00,WEATHER,KXHIGHNY-26SEP13-B78.5,New York City 78° to 79°,yes,618.39,YES,HIT
2026-09-14T11:34:03+00:00,WEATHER,KXHIGHNY-26SEP13-B80.5,New York City 80° to 81°,no,722.64,NO,HIT
2026-09-14T11:34:03+00:00,WEATHER,KXHIGHNY-26SEP13-B80.5,New York City 80° to 81°,no,319.8,NO,HIT
2026-09-14T11:34:03+00:00,WEATHER,KXHIGHNY-26SEP13-B80.5,New York City 80° to 81°,no,2063.3,NO,HIT
2026-09-14T11:34:03+00:00,WEATHER,KXHIGHNY-26SEP13-B80.5,New York City 80° to 81°,no,2570.05,NO,HIT
2026-09-14T11:34:03+00:00,WEATHER,KXHIGHNY-26SEP13-B80.5,New York City 80° to 81°,no,381.68,NO,HIT
2026-09-14T11:34:03+00:00,WEATHER,KXHIGHNY-26SEP13-B80.5,New York City 80° to 81°,no,500.65,NO,HIT
2026-09-14T11:34:03+00:00,WEATHER,KXHIGHNY-26SEP13-B80.5,New York City 80° to 81°,yes,477.32,NO,MISS
2026-09-14T11:34:03+00:00,WEATHER,KXHIGHNY-26SEP13-B80.5,New York City 80° to 81°,no,272.04,NO,HIT
2026-09-14T11:34:03+00:00,WEATHER,KXHIGHNY-26SEP13-B80.5,New York City 80° to 81°,no,536.71,NO,HIT
2026-09-14T11:34:03+00:00,WEATHER,KXHIGHNY-26SEP13-B80.5,New York City 80° to 81°,no,497.61,NO,HIT
2026-09-14T11:34:03+00:00,WEATHER,KXHIGHNY-26SEP13-B80.5,New York City 80° to 81°,no,317.29,NO,HIT
2026-09-14T11:34:03+00:00,WEATHER,KXHIGHNY-26SEP13-B80.5,New York City 80° to 81°,no,300.19,NO,HIT
2026-09-14T11:34:03+00:00,WEATHER,KXHIGHNY-26SEP13-B80.5,New York City 80° to 81°,no,429.16,NO,HIT
2026-09-14T11:34:03+00:00,WEATHER,KXHIGHNY-26SEP13-B80.5,New York City 80° to 81°,no,478.79,NO,HIT
2026-09-14T11:34:03+00:00,WEATHER,KXHIGHNY-26SEP13-B80.5,New York City 80° to 81°,no,322.16,NO,HIT
2026-09-14T11:34:03+00:00,WEATHER,KXHIGHNY-26SEP13-B80.5,New York City 80° to 81°,no,339.4,NO,HIT
2026-09-14T11:34:03+00:00,WEATHER,KXHIGHNY-26SEP13-B80.5,New York City 80° to 81°,no,1379.6,NO,HIT
2026-09-14T11:34:03+00:00,WEATHER,KXHIGHNY-26SEP13-B80.5,New York City 80° to 81°,no,292.74,NO,HIT
2026-09-14T11:34:03+00:00,WEATHER,KXHIGHNY-26SEP13-B80.5,New York City 80° to 81°,no,1810.85,NO,HIT
2026-09-14T11:34:03+00:00,WEATHER,KXHIGHNY-26SEP13-B80.5,New York City 80° to 81°,no,828.07,NO,HIT
2026-09-14T11:34:03+00:00,WEATHER,KXHIGHNY-26SEP13-B80.5,New York City 80° to 81°,no,260.9,NO,HIT
2026-09-14T11:34:03+00:00,WEATHER,KXHIGHNY-26SEP13-B80.5,New York City 80° to 81°,no,322.82,NO,HIT
2026-09-14T11:34:03+00:00,WEATHER,KXHIGHNY-26SEP13-B80.5,New York City 80° to 81°,no,343.02,NO,HIT
2026-09-14T11:34:03+00:00,WEATHER,KXHIGHNY-26SEP13-B80.5,New York City 80° to 81°,no,668.44,NO,HIT
2026-09-14T11:34:03+00:00,WEATHER,KXHIGHNY-26SEP13-B80.5,New York City 80° to 81°,no,1208.24,NO,HIT
2026-09-14T11:34:03+00:00,WEATHER,KXHIGHNY-26SEP13-B80.5,New York City 80° to 81°,no,1107.05,NO,HIT
2026-09-14T11:34:03+00:00,WEATHER,KXHIGHNY-26SEP13-B80.5,New York City 80° to 81°,no,292.74,NO,HIT
2026-09-14T11:34:03+00:00,WEATHER,KXHIGHNY-26SEP13-B80.5,New York City 80° to 81°,no,1810.85,NO,HIT
2026-09-14T11:34:03+00:00,WEATHER,KXHIGHNY-26SEP13-B80.5,New York City 80° to 81°,no,828.07,NO,HIT
2026-09-14T11:34:03+00:00,WEATHER,KXHIGHNY-26SEP13-B80.5,New York City 80° to 81°,no,260.9,NO,HIT
2026-09-14T11:34:03+00:00,WEATHER,KXHIGHNY-26SEP13-B80.5,New York City 80° to 81°,no,322.82,NO,HIT
2026-09-14T11:34:03+00:00,WEATHER,KXHIGHNY-26SEP13-B80.5,New York City 80° to 81°,no,343.02,NO,HIT
2026-09-14T11:34:03+00:00,WEATHER,KXHIGHNY-26SEP13-B80.5,New York City 80° to 81°,no,668.44,NO,HIT
2026-09-14T11:34:03+00:00,WEATHER,KXHIGHNY-26SEP13-B80.5,New York City 80° to 81°,no,1208.24,NO,HIT
2026-09-14T11:34:03+00:00,WEATHER,KXHIGHNY-26SEP13-B80.5,New York City 80° to 81°,no,1107.05,NO,HIT
2026-09-14T11:34:03+00:00,WEATHER,KXHIGHNY-26SEP13-B80.5,New York City 80° to 81°,no,449.25,NO,HIT
2026-09-14T11:34:03+00:00,WEATHER,KXHIGHNY-26SEP13-B80.5,New York City 80° to 81°,no,449.25,NO,HIT
2026-09-14T11:34:03+00:00,WEATHER,KXHIGHPHIL-26SEP13-B84.5,Philadelphia 84° to 85°,no,308.86,YES,MISS
2026-09-14T11:34:03+00:00,WEATHER,KXHIGHPHIL-26SEP13-B84.5,Philadelphia 84° to 85°,yes,463.6,YES,HIT
2026-09-14T11:34:03+00:00,WEATHER,KXHIGHPHIL-26SEP13-B84.5,Philadelphia 84° to 85°,yes,257.88,YES,HIT
2026-09-14T11:34:03+00:00,WEATHER,KXHIGHPHIL-26SEP13-B84.5,Philadelphia 84° to 85°,yes,264.27,YES,HIT
2026-09-14T11:34:03+00:00,WEATHER,KXHIGHPHIL-26SEP13-B84.5,Philadelphia 84° to 85°,yes,589.05,YES,HIT
2026-09-14T11:34:03+00:00,WEATHER,KXHIGHPHIL-26SEP13-B84.5,Philadelphia 84° to 85°,yes,589.05,YES,HIT
2026-09-14T11:34:03+00:00,WEATHER,KXHIGHTBOS-26SEP13-B73.5,Boston 73° to 74°,no,401.02,NO,HIT
2026-09-14T11:34:03+00:00,WEATHER,KXHIGHTBOS-26SEP13-B71.5,Boston 71° to 72°,no,835.79,NO,HIT
2026-09-14T11:34:03+00:00,WEATHER,KXHIGHPHIL-26SEP13-T87,Philadelphia 88° or above,no,281.16,NO,HIT
2026-09-14T11:34:03+00:00,WEATHER,KXHIGHPHIL-26SEP13-B82.5,Philadelphia 82° to 83°,no,804.18,NO,HIT
2026-09-14T11:34:03+00:00,WEATHER,KXHIGHPHIL-26SEP13-B80.5,Philadelphia 80° to 81°,no,395.72,NO,HIT
2026-09-14T11:34:03+00:00,WEATHER,KXHIGHPHIL-26SEP13-B86.5,Philadelphia 86° to 87°,no,541.38,NO,HIT
2026-09-14T11:34:03+00:00,WEATHER,KXHIGHTATL-26SEP13-B92.5,Atlanta 92° to 93°,no,555.39,NO,HIT
2026-09-14T11:34:03+00:00,WEATHER,KXHIGHTATL-26SEP13-B90.5,Atlanta 90° to 91°,yes,349.61,YES,HIT
2026-09-14T11:34:03+00:00,WEATHER,KXHIGHTATL-26SEP13-B88.5,Atlanta 88° to 89°,no,459.83,NO,HIT
2026-09-14T11:34:03+00:00,WEATHER,KXHIGHTDC-26SEP13-B88.5,Washington DC 88° to 89°,yes,903.85,YES,HIT
2026-09-14T11:34:03+00:00,WEATHER,KXHIGHTDC-26SEP13-B86.5,Washington DC 86° to 87°,no,1103.98,NO,HIT
2026-09-14T13:34:03+00:00,WEATHER,KXHIGHAUS-26SEP13-T97,Austin 96° or below,no,399.15,NO,HIT
2026-09-14T13:34:03+00:00,WEATHER,KXHIGHAUS-26SEP13-T97,Austin 96° or below,no,795.78,NO,HIT
2026-09-14T13:34:03+00:00,WEATHER,KXHIGHAUS-26SEP13-T104,Austin 105° or above,no,400.95,NO,HIT
2026-09-14T13:34:03+00:00,WEATHER,KXHIGHCHI-26SEP13-T79,Chicago 80° or above,no,281.2,NO,HIT
2026-09-14T13:34:03+00:00,WEATHER,KXHIGHCHI-26SEP13-T79,Chicago 80° or above,no,305.25,NO,HIT
2026-09-14T13:34:03+00:00,WEATHER,KXHIGHTDAL-26SEP13-T105,Dallas 106° or above,no,314.82,NO,HIT
2026-09-14T13:34:03+00:00,WEATHER,KXHIGHTOKC-26SEP13-T104,Oklahoma City 105° or above,no,294.0,NO,HIT
2026-09-14T13:34:03+00:00,WEATHER,KXHIGHTOKC-26SEP13-T104,Oklahoma City 105° or above,no,457.38,NO,HIT
2026-09-14T13:34:03+00:00,WEATHER,KXHIGHCHI-26SEP13-B78.5,Chicago 78° to 79°,no,500.27,NO,HIT
2026-09-14T13:34:03+00:00,WEATHER,KXHIGHCHI-26SEP13-B78.5,Chicago 78° to 79°,no,500.27,NO,HIT
2026-09-14T13:34:03+00:00,WEATHER,KXHIGHCHI-26SEP13-B78.5,Chicago 78° to 79°,no,808.38,NO,HIT
2026-09-14T13:34:03+00:00,WEATHER,KXHIGHAUS-26SEP13-B101.5,Austin 101° to 102°,yes,486.54,YES,HIT
2026-09-14T13:34:03+00:00,WEATHER,KXHIGHAUS-26SEP13-B101.5,Austin 101° to 102°,yes,254.87,YES,HIT
2026-09-14T13:34:03+00:00,WEATHER,KXHIGHAUS-26SEP13-B101.5,Austin 101° to 102°,yes,337.83,YES,HIT
2026-09-14T13:34:03+00:00,WEATHER,KXHIGHAUS-26SEP13-B101.5,Austin 101° to 102°,yes,422.07,YES,HIT
2026-09-14T13:34:03+00:00,WEATHER,KXHIGHAUS-26SEP13-B101.5,Austin 101° to 102°,yes,1490.94,YES,HIT
2026-09-14T13:34:03+00:00,WEATHER,KXHIGHCHI-26SEP13-T72,Chicago 71° or below,no,305.29,NO,HIT
2026-09-14T13:34:03+00:00,WEATHER,KXHIGHCHI-26SEP13-T72,Chicago 71° or below,no,538.8,NO,HIT
2026-09-14T13:34:03+00:00,WEATHER,KXHIGHDEN-26SEP13-T89,Denver 88° or below,no,285.53,NO,HIT
2026-09-14T13:34:03+00:00,WEATHER,KXHIGHTDAL-26SEP13-T98,Dallas 97° or below,no,541.47,NO,HIT
2026-09-14T13:34:03+00:00,WEATHER,KXHIGHCHI-26SEP13-B72.5,Chicago 72° to 73°,no,293.75,NO,HIT
2026-09-14T13:34:03+00:00,WEATHER,KXHIGHCHI-26SEP13-B72.5,Chicago 72° to 73°,no,1487.28,NO,HIT
2026-09-14T13:34:03+00:00,WEATHER,KXHIGHTDAL-26SEP13-B102.5,Dallas 102° to 103°,no,612.03,NO,HIT
2026-09-14T13:34:03+00:00,WEATHER,KXHIGHTDAL-26SEP13-B102.5,Dallas 102° to 103°,no,1411.95,NO,HIT
2026-09-14T13:34:03+00:00,WEATHER,KXHIGHTDAL-26SEP13-B102.5,Dallas 102° to 103°,no,345.43,NO,HIT
2026-09-14T13:34:03+00:00,WEATHER,KXHIGHTDAL-26SEP13-B102.5,Dallas 102° to 103°,no,345.43,NO,HIT
2026-09-14T13:34:03+00:00,WEATHER,KXHIGHTMIN-26SEP13-B67.5,Minneapolis 67° to 68°,no,356.96,NO,HIT
2026-09-14T13:34:03+00:00,WEATHER,KXHIGHTMIN-26SEP13-B67.5,Minneapolis 67° to 68°,no,286.43,NO,HIT
2026-09-14T13:34:03+00:00,WEATHER,KXHIGHAUS-26SEP13-B99.5,Austin 99° to 100°,no,447.81,NO,HIT
2026-09-14T13:34:03+00:00,WEATHER,KXHIGHAUS-26SEP13-B99.5,Austin 99° to 100°,no,1121.88,NO,HIT
2026-09-14T13:34:03+00:00,WEATHER,KXHIGHAUS-26SEP13-B99.5,Austin 99° to 100°,no,932.9,NO,HIT
2026-09-14T13:34:03+00:00,WEATHER,KXHIGHDEN-26SEP13-B89.5,Denver 89° to 90°,no,272.23,NO,HIT
2026-09-14T13:34:03+00:00,WEATHER,KXHIGHDEN-26SEP13-B89.5,Denver 89° to 90°,no,327.57,NO,HIT
2026-09-14T13:34:03+00:00,WEATHER,KXHIGHDEN-26SEP13-B89.5,Denver 89° to 90°,no,475.0,NO,HIT
2026-09-14T13:34:03+00:00,WEATHER,KXHIGHDEN-26SEP13-B89.5,Denver 89° to 90°,no,326.0,NO,HIT
2026-09-14T13:34:03+00:00,WEATHER,KXHIGHTOKC-26SEP13-T97,Oklahoma City 96° or below,no,934.57,NO,HIT
2026-09-14T13:34:03+00:00,WEATHER,KXHIGHTOKC-26SEP13-T97,Oklahoma City 96° or below,no,269.98,NO,HIT
2026-09-14T13:34:03+00:00,WEATHER,KXHIGHTOKC-26SEP13-B97.5,Oklahoma City 97° to 98°,no,777.7,NO,HIT
2026-09-14T13:34:03+00:00,WEATHER,KXHIGHTOKC-26SEP13-B103.5,Oklahoma City 103° to 104°,no,282.13,NO,HIT
2026-09-14T13:34:03+00:00,WEATHER,KXHIGHTSATX-26SEP13-B98.5,San Antonio 98° to 99°,no,288.49,NO,HIT
2026-09-14T13:34:03+00:00,WEATHER,KXHIGHTSATX-26SEP13-B98.5,San Antonio 98° to 99°,no,1010.32,NO,HIT
2026-09-14T13:34:03+00:00,WEATHER,KXHIGHTOKC-26SEP13-B101.5,Oklahoma City 101° to 102°,no,399.5,YES,MISS
2026-09-14T13:34:03+00:00,WEATHER,KXHIGHTOKC-26SEP13-B101.5,Oklahoma City 101° to 102°,yes,294.46,YES,HIT
2026-09-14T13:34:03+00:00,WEATHER,KXHIGHTOKC-26SEP13-B101.5,Oklahoma City 101° to 102°,yes,1059.74,YES,HIT
2026-09-14T13:34:03+00:00,WEATHER,KXHIGHAUS-26SEP13-B97.5,Austin 97° to 98°,no,362.72,NO,HIT
2026-09-14T13:34:03+00:00,WEATHER,KXHIGHCHI-26SEP13-B76.5,Chicago 76° to 77°,no,339.86,NO,HIT
2026-09-14T13:34:03+00:00,WEATHER,KXHIGHCHI-26SEP13-B76.5,Chicago 76° to 77°,no,438.25,NO,HIT
2026-09-14T13:34:03+00:00,WEATHER,KXHIGHCHI-26SEP13-B74.5,Chicago 74° to 75°,yes,566.05,YES,HIT
2026-09-14T13:34:03+00:00,WEATHER,KXHIGHCHI-26SEP13-B74.5,Chicago 74° to 75°,yes,952.6,YES,HIT
2026-09-14T13:34:03+00:00,WEATHER,KXHIGHCHI-26SEP13-B74.5,Chicago 74° to 75°,yes,409.78,YES,HIT
2026-09-14T13:34:03+00:00,WEATHER,KXHIGHCHI-26SEP13-B74.5,Chicago 74° to 75°,yes,365.21,YES,HIT
2026-09-14T13:34:03+00:00,WEATHER,KXHIGHCHI-26SEP13-B74.5,Chicago 74° to 75°,yes,745.7,YES,HIT
2026-09-14T13:34:03+00:00,WEATHER,KXHIGHCHI-26SEP13-B74.5,Chicago 74° to 75°,yes,384.12,YES,HIT
2026-09-14T13:34:03+00:00,WEATHER,KXHIGHCHI-26SEP13-B74.5,Chicago 74° to 75°,yes,914.54,YES,HIT
2026-09-14T13:34:03+00:00,WEATHER,KXHIGHCHI-26SEP13-B74.5,Chicago 74° to 75°,yes,3143.23,YES,HIT
2026-09-14T13:34:03+00:00,WEATHER,KXHIGHDEN-26SEP13-B93.5,Denver 93° to 94°,yes,265.56,YES,HIT
2026-09-14T13:34:03+00:00,WEATHER,KXHIGHDEN-26SEP13-B93.5,Denver 93° to 94°,yes,302.38,YES,HIT
2026-09-14T13:34:03+00:00,WEATHER,KXHIGHDEN-26SEP13-B93.5,Denver 93° to 94°,yes,605.65,YES,HIT
2026-09-14T13:34:03+00:00,WEATHER,KXHIGHDEN-26SEP13-B93.5,Denver 93° to 94°,yes,642.91,YES,HIT
2026-09-14T13:34:03+00:00,WEATHER,KXHIGHDEN-26SEP13-B93.5,Denver 93° to 94°,yes,302.38,YES,HIT
2026-09-14T13:34:03+00:00,WEATHER,KXHIGHDEN-26SEP13-B93.5,Denver 93° to 94°,yes,605.65,YES,HIT
2026-09-14T13:34:03+00:00,WEATHER,KXHIGHDEN-26SEP13-B93.5,Denver 93° to 94°,yes,642.91,YES,HIT
2026-09-14T13:34:03+00:00,WEATHER,KXHIGHTDAL-26SEP13-B98.5,Dallas 98° to 99°,no,383.02,NO,HIT
2026-09-14T13:34:03+00:00,WEATHER,KXHIGHTDAL-26SEP13-B98.5,Dallas 98° to 99°,no,953.55,NO,HIT
2026-09-14T13:34:03+00:00,WEATHER,KXHIGHTHOU-26SEP13-T91,Houston 90° or below,no,612.44,NO,HIT
2026-09-14T13:34:03+00:00,WEATHER,KXHIGHTHOU-26SEP13-B91.5,Houston 91° to 92°,no,561.49,NO,HIT
2026-09-14T13:34:03+00:00,WEATHER,KXHIGHAUS-26SEP13-B103.5,Austin 103° to 104°,no,498.82,NO,HIT
2026-09-14T13:34:03+00:00,WEATHER,KXHIGHAUS-26SEP13-B103.5,Austin 103° to 104°,no,336.5,NO,HIT
2026-09-14T13:34:03+00:00,WEATHER,KXHIGHDEN-26SEP13-B95.5,Denver 95° to 96°,no,297.64,NO,HIT
2026-09-14T13:34:03+00:00,WEATHER,KXHIGHDEN-26SEP13-B95.5,Denver 95° to 96°,no,423.01,NO,HIT
2026-09-14T13:34:03+00:00,WEATHER,KXHIGHDEN-26SEP13-B95.5,Denver 95° to 96°,no,999.9,NO,HIT
2026-09-14T13:34:03+00:00,WEATHER,KXHIGHDEN-26SEP13-B95.5,Denver 95° to 96°,no,423.01,NO,HIT
2026-09-14T13:34:03+00:00,WEATHER,KXHIGHDEN-26SEP13-B95.5,Denver 95° to 96°,no,999.9,NO,HIT
2026-09-14T13:34:03+00:00,WEATHER,KXHIGHDEN-26SEP13-B91.5,Denver 91° to 92°,no,400.4,NO,HIT
2026-09-14T13:34:03+00:00,WEATHER,KXHIGHTHOU-26SEP13-B95.5,Houston 95° to 96°,no,395.21,NO,HIT
2026-09-14T13:34:03+00:00,WEATHER,KXHIGHTHOU-26SEP13-B93.5,Houston 93° to 94°,yes,327.47,YES,HIT
2026-09-14T13:34:03+00:00,WEATHER,KXHIGHTHOU-26SEP13-B93.5,Houston 93° to 94°,yes,1724.46,YES,HIT
2026-09-14T13:34:03+00:00,WEATHER,KXHIGHTMIN-26SEP13-T72,Minneapolis 73° or above,no,267.73,NO,HIT
2026-09-14T13:34:03+00:00,WEATHER,KXHIGHTMIN-26SEP13-B69.5,Minneapolis 69° to 70°,no,750.92,NO,HIT
2026-09-14T13:34:03+00:00,WEATHER,KXHIGHTNOLA-26SEP13-B92.5,New Orleans 92° to 93°,yes,1406.16,YES,HIT
2026-09-14T13:34:03+00:00,WEATHER,KXHIGHTNOLA-26SEP13-B92.5,New Orleans 92° to 93°,yes,359.37,YES,HIT
2026-09-14T13:34:03+00:00,WEATHER,KXHIGHTNOLA-26SEP13-B90.5,New Orleans 90° to 91°,no,798.64,NO,HIT
2026-09-14T13:34:03+00:00,WEATHER,KXHIGHTOKC-26SEP13-B99.5,Oklahoma City 99° to 100°,no,264.12,NO,HIT
2026-09-14T13:34:03+00:00,WEATHER,KXHIGHTOKC-26SEP13-B99.5,Oklahoma City 99° to 100°,no,1357.91,NO,HIT
2026-09-14T13:34:03+00:00,WEATHER,KXHIGHTSATX-26SEP13-T98,San Antonio 97° or below,no,301.66,NO,HIT
2026-09-14T13:34:03+00:00,WEATHER,KXHIGHTSATX-26SEP13-B100.5,San Antonio 100° to 101°,yes,642.48,YES,HIT
2026-09-14T13:34:03+00:00,WEATHER,KXHIGHTSATX-26SEP13-B100.5,San Antonio 100° to 101°,yes,292.58,YES,HIT
2026-09-14T13:34:03+00:00,WEATHER,KXHIGHTSATX-26SEP13-B100.5,San Antonio 100° to 101°,yes,488.07,YES,HIT
2026-09-14T13:34:03+00:00,WEATHER,KXHIGHTDAL-26SEP13-B100.5,Dallas 100° to 101°,yes,591.16,YES,HIT
2026-09-14T13:34:03+00:00,WEATHER,KXHIGHTDAL-26SEP13-B100.5,Dallas 100° to 101°,yes,591.16,YES,HIT
2026-09-14T13:34:03+00:00,WEATHER,KXHIGHTMIN-26SEP13-B71.5,Minneapolis 71° to 72°,yes,348.47,YES,HIT
2026-09-14T13:34:03+00:00,WEATHER,KXHIGHTMIN-26SEP13-B71.5,Minneapolis 71° to 72°,yes,348.47,YES,HIT
2026-09-14T14:22:32+00:00,WEATHER,KXHIGHLAX-26SEP13-T76,Los Angeles 75° or below,no,396.0,NO,HIT
2026-09-14T14:22:32+00:00,WEATHER,KXHIGHLAX-26SEP13-T76,Los Angeles 75° or below,no,305.28,NO,HIT
2026-09-14T14:22:32+00:00,WEATHER,KXHIGHLAX-26SEP13-T76,Los Angeles 75° or below,no,554.56,NO,HIT
2026-09-14T14:22:32+00:00,WEATHER,KXHIGHLAX-26SEP13-T76,Los Angeles 75° or below,no,554.56,NO,HIT
2026-09-14T14:22:32+00:00,WEATHER,KXHIGHLAX-26SEP13-T76,Los Angeles 75° or below,no,345.52,NO,HIT
2026-09-14T14:22:32+00:00,WEATHER,KXHIGHLAX-26SEP13-T76,Los Angeles 75° or below,no,413.78,NO,HIT
2026-09-14T14:22:32+00:00,WEATHER,KXHIGHTLV-26SEP13-T98,Las Vegas 97° or below,no,490.68,NO,HIT
2026-09-14T14:22:32+00:00,WEATHER,KXHIGHLAX-26SEP13-T83,Los Angeles 84° or above,no,536.31,NO,HIT
2026-09-14T14:22:32+00:00,WEATHER,KXHIGHLAX-26SEP13-T83,Los Angeles 84° or above,no,536.31,NO,HIT
2026-09-14T14:22:32+00:00,WEATHER,KXHIGHLAX-26SEP13-T83,Los Angeles 84° or above,no,302.2,NO,HIT
2026-09-14T14:22:32+00:00,WEATHER,KXHIGHLAX-26SEP13-T83,Los Angeles 84° or above,yes,480.35,NO,MISS
2026-09-14T14:22:32+00:00,WEATHER,KXHIGHLAX-26SEP13-T83,Los Angeles 84° or above,no,610.17,NO,HIT
2026-09-14T14:22:32+00:00,WEATHER,KXHIGHLAX-26SEP13-T83,Los Angeles 84° or above,no,804.2,NO,HIT
2026-09-14T14:22:32+00:00,WEATHER,KXHIGHLAX-26SEP13-T83,Los Angeles 84° or above,no,979.18,NO,HIT
2026-09-14T14:22:32+00:00,WEATHER,KXHIGHLAX-26SEP13-T83,Los Angeles 84° or above,no,353.96,NO,HIT
2026-09-14T14:22:32+00:00,WEATHER,KXHIGHLAX-26SEP13-T83,Los Angeles 84° or above,no,339.31,NO,HIT
2026-09-14T14:22:32+00:00,WEATHER,KXHIGHLAX-26SEP13-T83,Los Angeles 84° or above,no,490.0,NO,HIT
2026-09-14T14:22:32+00:00,WEATHER,KXHIGHLAX-26SEP13-T83,Los Angeles 84° or above,no,1333.98,NO,HIT
2026-09-14T14:22:32+00:00,WEATHER,KXHIGHLAX-26SEP13-T83,Los Angeles 84° or above,no,1621.27,NO,HIT
2026-09-14T14:22:32+00:00,WEATHER,KXHIGHLAX-26SEP13-T83,Los Angeles 84° or above,no,1270.05,NO,HIT
2026-09-14T14:22:32+00:00,WEATHER,KXHIGHTSEA-26SEP13-B70.5,Seattle 70° to 71°,no,252.85,NO,HIT
2026-09-14T14:22:32+00:00,WEATHER,KXHIGHTSEA-26SEP13-B70.5,Seattle 70° to 71°,no,252.85,NO,HIT
2026-09-14T14:22:32+00:00,WEATHER,KXHIGHTSEA-26SEP13-B66.5,Seattle 66° to 67°,no,285.38,NO,HIT
2026-09-14T14:22:32+00:00,WEATHER,KXHIGHTSEA-26SEP13-B66.5,Seattle 66° to 67°,no,285.38,NO,HIT
2026-09-14T14:22:32+00:00,WEATHER,KXHIGHTSEA-26SEP13-B66.5,Seattle 66° to 67°,no,261.87,NO,HIT
2026-09-14T14:22:32+00:00,WEATHER,KXHIGHTSEA-26SEP13-B66.5,Seattle 66° to 67°,no,261.87,NO,HIT
2026-09-14T14:22:32+00:00,WEATHER,KXHIGHLAX-26SEP13-B76.5,Los Angeles 76° to 77°,no,448.94,NO,HIT
2026-09-14T14:22:32+00:00,WEATHER,KXHIGHLAX-26SEP13-B76.5,Los Angeles 76° to 77°,no,1099.17,NO,HIT
2026-09-14T14:22:32+00:00,WEATHER,KXHIGHLAX-26SEP13-B76.5,Los Angeles 76° to 77°,no,884.11,NO,HIT
2026-09-14T14:22:32+00:00,WEATHER,KXHIGHLAX-26SEP13-B76.5,Los Angeles 76° to 77°,no,403.48,NO,HIT
2026-09-14T14:22:32+00:00,WEATHER,KXHIGHLAX-26SEP13-B76.5,Los Angeles 76° to 77°,no,262.94,NO,HIT
2026-09-14T14:22:32+00:00,WEATHER,KXHIGHLAX-26SEP13-B76.5,Los Angeles 76° to 77°,no,703.26,NO,HIT
2026-09-14T14:22:32+00:00,WEATHER,KXHIGHLAX-26SEP13-B76.5,Los Angeles 76° to 77°,yes,274.36,NO,MISS
2026-09-14T14:22:32+00:00,WEATHER,KXHIGHLAX-26SEP13-B76.5,Los Angeles 76° to 77°,yes,735.35,NO,MISS
2026-09-14T14:22:32+00:00,WEATHER,KXHIGHLAX-26SEP13-B76.5,Los Angeles 76° to 77°,no,406.45,NO,HIT
2026-09-14T14:22:32+00:00,WEATHER,KXHIGHLAX-26SEP13-B76.5,Los Angeles 76° to 77°,no,670.69,NO,HIT
2026-09-14T14:22:32+00:00,WEATHER,KXHIGHLAX-26SEP13-B76.5,Los Angeles 76° to 77°,no,418.35,NO,HIT
2026-09-14T14:22:32+00:00,WEATHER,KXHIGHLAX-26SEP13-B76.5,Los Angeles 76° to 77°,no,5308.96,NO,HIT
2026-09-14T14:22:32+00:00,WEATHER,KXHIGHLAX-26SEP13-B80.5,Los Angeles 80° to 81°,yes,339.85,NO,MISS
2026-09-14T14:22:32+00:00,WEATHER,KXHIGHLAX-26SEP13-B80.5,Los Angeles 80° to 81°,yes,415.05,NO,MISS
2026-09-14T14:22:32+00:00,WEATHER,KXHIGHLAX-26SEP13-B80.5,Los Angeles 80° to 81°,yes,290.97,NO,MISS
2026-09-14T14:22:32+00:00,WEATHER,KXHIGHLAX-26SEP13-B80.5,Los Angeles 80° to 81°,yes,514.72,NO,MISS
2026-09-14T14:22:32+00:00,WEATHER,KXHIGHLAX-26SEP13-B80.5,Los Angeles 80° to 81°,no,313.87,NO,HIT
2026-09-14T14:22:32+00:00,WEATHER,KXHIGHLAX-26SEP13-B80.5,Los Angeles 80° to 81°,yes,266.59,NO,MISS
2026-09-14T14:22:32+00:00,WEATHER,KXHIGHLAX-26SEP13-B80.5,Los Angeles 80° to 81°,no,582.33,NO,HIT
2026-09-14T14:22:32+00:00,WEATHER,KXHIGHLAX-26SEP13-B80.5,Los Angeles 80° to 81°,yes,268.85,NO,MISS
2026-09-14T14:22:32+00:00,WEATHER,KXHIGHLAX-26SEP13-B80.5,Los Angeles 80° to 81°,no,488.41,NO,HIT
2026-09-14T14:22:32+00:00,WEATHER,KXHIGHLAX-26SEP13-B80.5,Los Angeles 80° to 81°,yes,634.38,NO,MISS
2026-09-14T14:22:32+00:00,WEATHER,KXHIGHLAX-26SEP13-B80.5,Los Angeles 80° to 81°,yes,870.62,NO,MISS
2026-09-14T14:22:32+00:00,WEATHER,KXHIGHLAX-26SEP13-B80.5,Los Angeles 80° to 81°,no,922.06,NO,HIT
2026-09-14T14:22:32+00:00,WEATHER,KXHIGHLAX-26SEP13-B80.5,Los Angeles 80° to 81°,no,580.33,NO,HIT
2026-09-14T14:22:32+00:00,WEATHER,KXHIGHLAX-26SEP13-B80.5,Los Angeles 80° to 81°,no,426.63,NO,HIT
2026-09-14T14:22:32+00:00,WEATHER,KXHIGHLAX-26SEP13-B80.5,Los Angeles 80° to 81°,no,703.69,NO,HIT
2026-09-14T14:22:32+00:00,WEATHER,KXHIGHLAX-26SEP13-B80.5,Los Angeles 80° to 81°,no,410.73,NO,HIT
2026-09-14T14:22:32+00:00,WEATHER,KXHIGHLAX-26SEP13-B80.5,Los Angeles 80° to 81°,no,489.83,NO,HIT
2026-09-14T14:22:32+00:00,WEATHER,KXHIGHLAX-26SEP13-B80.5,Los Angeles 80° to 81°,no,924.47,NO,HIT
2026-09-14T14:22:32+00:00,WEATHER,KXHIGHLAX-26SEP13-B80.5,Los Angeles 80° to 81°,no,365.47,NO,HIT
2026-09-14T14:22:32+00:00,WEATHER,KXHIGHLAX-26SEP13-B80.5,Los Angeles 80° to 81°,no,318.85,NO,HIT
2026-09-14T14:22:32+00:00,WEATHER,KXHIGHLAX-26SEP13-B80.5,Los Angeles 80° to 81°,no,932.29,NO,HIT
2026-09-14T14:22:32+00:00,WEATHER,KXHIGHLAX-26SEP13-B80.5,Los Angeles 80° to 81°,no,712.03,NO,HIT
2026-09-14T14:22:32+00:00,WEATHER,KXHIGHLAX-26SEP13-B80.5,Los Angeles 80° to 81°,no,987.73,NO,HIT
2026-09-14T14:22:32+00:00,WEATHER,KXHIGHLAX-26SEP13-B80.5,Los Angeles 80° to 81°,yes,468.08,NO,MISS
2026-09-14T14:22:32+00:00,WEATHER,KXHIGHLAX-26SEP13-B80.5,Los Angeles 80° to 81°,no,398.34,NO,HIT
2026-09-14T14:22:32+00:00,WEATHER,KXHIGHLAX-26SEP13-B80.5,Los Angeles 80° to 81°,no,266.79,NO,HIT
2026-09-14T14:22:32+00:00,WEATHER,KXHIGHLAX-26SEP13-B80.5,Los Angeles 80° to 81°,no,497.93,NO,HIT
2026-09-14T14:22:32+00:00,WEATHER,KXHIGHLAX-26SEP13-B80.5,Los Angeles 80° to 81°,no,598.95,NO,HIT
2026-09-14T14:22:32+00:00,WEATHER,KXHIGHLAX-26SEP13-B80.5,Los Angeles 80° to 81°,no,640.05,NO,HIT
2026-09-14T14:22:32+00:00,WEATHER,KXHIGHLAX-26SEP13-B80.5,Los Angeles 80° to 81°,no,801.63,NO,HIT
2026-09-14T14:22:32+00:00,WEATHER,KXHIGHLAX-26SEP13-B80.5,Los Angeles 80° to 81°,no,832.73,NO,HIT
2026-09-14T14:22:32+00:00,WEATHER,KXHIGHLAX-26SEP13-B80.5,Los Angeles 80° to 81°,no,638.82,NO,HIT
2026-09-14T14:22:32+00:00,WEATHER,KXHIGHLAX-26SEP13-B80.5,Los Angeles 80° to 81°,no,607.5,NO,HIT
2026-09-14T14:22:32+00:00,WEATHER,KXHIGHLAX-26SEP13-B82.5,Los Angeles 82° to 83°,no,977.88,NO,HIT
2026-09-14T14:22:32+00:00,WEATHER,KXHIGHLAX-26SEP13-B82.5,Los Angeles 82° to 83°,no,446.05,NO,HIT
2026-09-14T14:22:32+00:00,WEATHER,KXHIGHLAX-26SEP13-B82.5,Los Angeles 82° to 83°,no,529.39,NO,HIT
2026-09-14T14:22:32+00:00,WEATHER,KXHIGHLAX-26SEP13-B82.5,Los Angeles 82° to 83°,no,562.35,NO,HIT
2026-09-14T14:22:32+00:00,WEATHER,KXHIGHLAX-26SEP13-B82.5,Los Angeles 82° to 83°,no,961.54,NO,HIT
2026-09-14T14:22:32+00:00,WEATHER,KXHIGHLAX-26SEP13-B82.5,Los Angeles 82° to 83°,no,276.9,NO,HIT
2026-09-14T14:22:32+00:00,WEATHER,KXHIGHLAX-26SEP13-B82.5,Los Angeles 82° to 83°,no,605.53,NO,HIT
2026-09-14T14:22:32+00:00,WEATHER,KXHIGHLAX-26SEP13-B82.5,Los Angeles 82° to 83°,no,464.25,NO,HIT
2026-09-14T14:22:32+00:00,WEATHER,KXHIGHLAX-26SEP13-B82.5,Los Angeles 82° to 83°,no,1674.21,NO,HIT
2026-09-14T14:22:32+00:00,WEATHER,KXHIGHLAX-26SEP13-B82.5,Los Angeles 82° to 83°,no,346.56,NO,HIT
2026-09-14T14:22:32+00:00,WEATHER,KXHIGHLAX-26SEP13-B82.5,Los Angeles 82° to 83°,no,1426.66,NO,HIT
2026-09-14T14:22:32+00:00,WEATHER,KXHIGHLAX-26SEP13-B82.5,Los Angeles 82° to 83°,no,574.75,NO,HIT
2026-09-14T14:22:32+00:00,WEATHER,KXHIGHLAX-26SEP13-B82.5,Los Angeles 82° to 83°,no,1756.18,NO,HIT
2026-09-14T14:22:32+00:00,WEATHER,KXHIGHLAX-26SEP13-B78.5,Los Angeles 78° to 79°,yes,315.88,YES,HIT
2026-09-14T14:22:32+00:00,WEATHER,KXHIGHLAX-26SEP13-B78.5,Los Angeles 78° to 79°,yes,1019.09,YES,HIT
2026-09-14T14:22:32+00:00,WEATHER,KXHIGHLAX-26SEP13-B78.5,Los Angeles 78° to 79°,no,792.32,YES,MISS
2026-09-14T14:22:32+00:00,WEATHER,KXHIGHLAX-26SEP13-B78.5,Los Angeles 78° to 79°,yes,269.33,YES,HIT
2026-09-14T14:22:32+00:00,WEATHER,KXHIGHLAX-26SEP13-B78.5,Los Angeles 78° to 79°,no,293.07,YES,MISS
2026-09-14T14:22:32+00:00,WEATHER,KXHIGHLAX-26SEP13-B78.5,Los Angeles 78° to 79°,yes,832.92,YES,HIT
2026-09-14T14:22:32+00:00,WEATHER,KXHIGHLAX-26SEP13-B78.5,Los Angeles 78° to 79°,no,255.13,YES,MISS
2026-09-14T14:22:32+00:00,WEATHER,KXHIGHLAX-26SEP13-B78.5,Los Angeles 78° to 79°,no,777.9,YES,MISS
2026-09-14T14:22:32+00:00,WEATHER,KXHIGHLAX-26SEP13-B78.5,Los Angeles 78° to 79°,yes,387.32,YES,HIT
2026-09-14T14:22:32+00:00,WEATHER,KXHIGHLAX-26SEP13-B78.5,Los Angeles 78° to 79°,yes,395.69,YES,HIT
2026-09-14T14:22:32+00:00,WEATHER,KXHIGHLAX-26SEP13-B78.5,Los Angeles 78° to 79°,yes,2943.43,YES,HIT
2026-09-14T14:22:32+00:00,WEATHER,KXHIGHLAX-26SEP13-B78.5,Los Angeles 78° to 79°,yes,964.04,YES,HIT
2026-09-14T14:22:32+00:00,WEATHER,KXHIGHLAX-26SEP13-B78.5,Los Angeles 78° to 79°,yes,1104.96,YES,HIT
2026-09-14T14:22:32+00:00,WEATHER,KXHIGHLAX-26SEP13-B78.5,Los Angeles 78° to 79°,yes,1880.71,YES,HIT
2026-09-14T14:22:32+00:00,WEATHER,KXHIGHLAX-26SEP13-B78.5,Los Angeles 78° to 79°,yes,902.05,YES,HIT
2026-09-14T14:22:32+00:00,WEATHER,KXHIGHLAX-26SEP13-B78.5,Los Angeles 78° to 79°,yes,676.5,YES,HIT
2026-09-14T14:22:32+00:00,WEATHER,KXHIGHLAX-26SEP13-B78.5,Los Angeles 78° to 79°,yes,1632.63,YES,HIT
2026-09-14T14:22:32+00:00,WEATHER,KXHIGHLAX-26SEP13-B78.5,Los Angeles 78° to 79°,yes,905.96,YES,HIT
2026-09-14T14:22:32+00:00,WEATHER,KXHIGHLAX-26SEP13-B78.5,Los Angeles 78° to 79°,yes,810.53,YES,HIT
2026-09-14T14:22:32+00:00,WEATHER,KXHIGHLAX-26SEP13-B78.5,Los Angeles 78° to 79°,yes,698.5,YES,HIT
2026-09-14T14:22:32+00:00,WEATHER,KXHIGHLAX-26SEP13-B78.5,Los Angeles 78° to 79°,yes,301.93,YES,HIT
2026-09-14T14:22:32+00:00,WEATHER,KXHIGHLAX-26SEP13-B78.5,Los Angeles 78° to 79°,yes,1378.47,YES,HIT
2026-09-14T14:22:32+00:00,WEATHER,KXHIGHTSEA-26SEP13-B68.5,Seattle 68° to 69°,no,260.37,NO,HIT
2026-09-14T14:22:32+00:00,WEATHER,KXHIGHTSFO-26SEP13-T74,San Francisco 75° or above,no,284.28,NO,HIT
2026-09-14T14:22:32+00:00,WEATHER,KXHIGHTSFO-26SEP13-B73.5,San Francisco 73° to 74°,no,303.13,NO,HIT
2026-09-14T14:22:32+00:00,WEATHER,KXHIGHTSFO-26SEP13-B73.5,San Francisco 73° to 74°,no,759.0,NO,HIT
2026-09-14T14:22:32+00:00,WEATHER,KXHIGHTSFO-26SEP13-B71.5,San Francisco 71° to 72°,no,263.61,YES,MISS
2026-09-14T14:22:32+00:00,WEATHER,KXHIGHTSFO-26SEP13-B71.5,San Francisco 71° to 72°,yes,495.94,YES,HIT
2026-09-14T14:22:32+00:00,WEATHER,KXHIGHTSFO-26SEP13-B71.5,San Francisco 71° to 72°,yes,289.01,YES,HIT
2026-09-14T14:22:32+00:00,WEATHER,KXHIGHTSFO-26SEP13-B71.5,San Francisco 71° to 72°,yes,1303.13,YES,HIT
2026-09-14T14:22:32+00:00,WEATHER,KXHIGHTSFO-26SEP13-B71.5,San Francisco 71° to 72°,yes,289.01,YES,HIT
2026-09-14T14:22:32+00:00,WEATHER,KXHIGHTSFO-26SEP13-B71.5,San Francisco 71° to 72°,yes,1303.13,YES,HIT
2026-09-14T14:22:32+00:00,WEATHER,KXHIGHTSEA-26SEP13-T64,Seattle 63° or below,yes,463.71,YES,HIT
2026-09-14T14:22:32+00:00,WEATHER,KXHIGHTSEA-26SEP13-T64,Seattle 63° or below,yes,1006.33,YES,HIT
2026-09-14T14:22:32+00:00,WEATHER,KXHIGHTSEA-26SEP13-T64,Seattle 63° or below,yes,1006.33,YES,HIT
2026-09-14T14:22:32+00:00,WEATHER,KXHIGHTLV-26SEP13-B100.5,Las Vegas 100° to 101°,no,292.08,NO,HIT
2026-09-14T14:22:32+00:00,WEATHER,KXHIGHTLV-26SEP13-B100.5,Las Vegas 100° to 101°,no,1202.68,NO,HIT
2026-09-14T14:22:32+00:00,WEATHER,KXHIGHTSFO-26SEP13-B67.5,San Francisco 67° to 68°,no,311.74,NO,HIT
2026-09-14T14:22:32+00:00,WEATHER,KXHIGHTLV-26SEP13-B102.5,Las Vegas 102° to 103°,yes,257.36,YES,HIT
2026-09-14T14:22:32+00:00,WEATHER,KXHIGHTLV-26SEP13-B102.5,Las Vegas 102° to 103°,yes,344.62,YES,HIT
2026-09-14T14:22:32+00:00,WEATHER,KXHIGHTPHX-26SEP13-B105.5,Phoenix 105° to 106°,yes,823.65,YES,HIT
2026-09-14T14:22:32+00:00,WEATHER,KXHIGHTPHX-26SEP13-B105.5,Phoenix 105° to 106°,yes,851.41,YES,HIT
2026-09-14T14:22:32+00:00,WEATHER,KXHIGHTPHX-26SEP13-B105.5,Phoenix 105° to 106°,yes,851.41,YES,HIT
2026-09-14T14:22:32+00:00,WEATHER,KXHIGHTPHX-26SEP13-B103.5,Phoenix 103° to 104°,no,533.96,NO,HIT
2026-09-14T14:22:32+00:00,WEATHER,KXHIGHTPHX-26SEP13-B103.5,Phoenix 103° to 104°,no,1077.22,NO,HIT
2026-09-14T14:22:32+00:00,WEATHER,KXHIGHTPHX-26SEP13-B101.5,Phoenix 101° to 102°,no,971.62,NO,HIT
2026-09-14T14:22:32+00:00,WEATHER,KXHIGHTSFO-26SEP13-B69.5,San Francisco 69° to 70°,no,933.06,NO,HIT
2026-09-14T14:22:32+00:00,WEATHER,KXHIGHTLV-26SEP13-B104.5,Las Vegas 104° to 105°,no,425.01,NO,HIT
2026-09-14T14:22:32+00:00,WEATHER,KXHIGHTLV-26SEP13-B104.5,Las Vegas 104° to 105°,no,425.01,NO,HIT
2026-09-14T14:22:32+00:00,WEATHER,KXHIGHTSEA-26SEP13-B64.5,Seattle 64° to 65°,no,420.33,NO,HIT
2026-09-14T14:22:32+00:00,WEATHER,KXHIGHTSEA-26SEP13-B64.5,Seattle 64° to 65°,no,420.33,NO,HIT
2026-09-14T21:34:03+00:00,TENNIS,KXWTAMATCH-26SEP13KALDAY-KAL,Elvina Kalieva,yes,2080.3,NO,MISS
2026-09-14T21:34:03+00:00,TENNIS,KXWTAMATCH-26SEP13KALDAY-KAL,Elvina Kalieva,no,1500.04,NO,HIT
2026-09-14T21:34:03+00:00,TENNIS,KXWTAMATCH-26SEP13KALDAY-KAL,Elvina Kalieva,yes,1997.95,NO,MISS
2026-09-14T21:34:03+00:00,TENNIS,KXWTAMATCH-26SEP13KALDAY-KAL,Elvina Kalieva,yes,175290.11,NO,MISS
2026-09-14T21:34:03+00:00,TENNIS,KXWTAMATCH-26SEP13KALDAY-KAL,Elvina Kalieva,no,2544.58,NO,HIT
2026-09-14T21:34:03+00:00,TENNIS,KXWTAMATCH-26SEP13KALDAY-KAL,Elvina Kalieva,no,2411.59,NO,HIT
2026-09-14T21:34:03+00:00,TENNIS,KXWTAMATCH-26SEP13KALDAY-KAL,Elvina Kalieva,no,2661.94,NO,HIT
2026-09-14T21:34:03+00:00,TENNIS,KXWTAMATCH-26SEP13KALDAY-KAL,Elvina Kalieva,no,22080.82,NO,HIT
2026-09-14T21:34:03+00:00,TENNIS,KXWTAMATCH-26SEP13KALDAY-KAL,Elvina Kalieva,no,21334.83,NO,HIT
2026-09-14T21:34:03+00:00,TENNIS,KXWTAMATCH-26SEP13KALDAY-KAL,Elvina Kalieva,no,33763.04,NO,HIT
2026-09-14T21:34:03+00:00,TENNIS,KXWTAMATCH-26SEP14MONSTE-STE,Sloane Stephens,yes,2032.19,YES,HIT
2026-09-14T21:34:03+00:00,TENNIS,KXWTAMATCH-26SEP14MONSTE-STE,Sloane Stephens,yes,1852.51,YES,HIT
2026-09-14T21:34:03+00:00,TENNIS,KXWTAMATCH-26SEP14MONSTE-STE,Sloane Stephens,yes,2721.22,YES,HIT
2026-09-14T21:34:03+00:00,TENNIS,KXWTAMATCH-26SEP14MONSTE-STE,Sloane Stephens,yes,382874.95,YES,HIT
2026-09-14T21:34:03+00:00,TENNIS,KXWTAMATCH-26SEP14MONSTE-STE,Sloane Stephens,no,1374.6,YES,MISS
2026-09-14T21:34:03+00:00,TENNIS,KXWTAMATCH-26SEP14MONSTE-STE,Sloane Stephens,no,1360.18,YES,MISS
2026-09-14T21:34:03+00:00,TENNIS,KXWTAMATCH-26SEP14MONSTE-STE,Sloane Stephens,no,6478.71,YES,MISS
2026-09-14T21:34:03+00:00,TENNIS,KXWTAMATCH-26SEP14MONSTE-STE,Sloane Stephens,no,17351.65,YES,MISS
2026-09-14T21:34:03+00:00,TENNIS,KXWTAMATCH-26SEP14MONSTE-MON,Carole Monnet,yes,16206.23,NO,MISS
2026-09-14T21:34:03+00:00,TENNIS,KXWTAMATCH-26SEP14MONSTE-MON,Carole Monnet,no,1044.78,NO,HIT
2026-09-14T21:34:03+00:00,TENNIS,KXWTAMATCH-26SEP14MONSTE-MON,Carole Monnet,no,5004.75,NO,HIT
2026-09-14T21:34:03+00:00,TENNIS,KXWTAMATCH-26SEP14MONSTE-MON,Carole Monnet,no,10259.65,NO,HIT
2026-09-14T21:34:03+00:00,TENNIS,KXWTAMATCH-26SEP14MONSTE-MON,Carole Monnet,no,7262.92,NO,HIT
2026-09-14T21:34:03+00:00,TENNIS,KXWTAMATCH-26SEP14MONSTE-MON,Carole Monnet,no,6909.59,NO,HIT
2026-09-14T21:34:03+00:00,TENNIS,KXWTAMATCH-26SEP14MONSTE-MON,Carole Monnet,no,9923.97,NO,HIT
2026-09-14T21:34:03+00:00,TENNIS,KXWTAMATCH-26SEP13KALDAY-DAY,Kayla Day,yes,144358.6,YES,HIT
2026-09-14T21:34:03+00:00,TENNIS,KXWTAMATCH-26SEP13KALDAY-DAY,Kayla Day,no,1966.3,YES,MISS
2026-09-14T21:34:03+00:00,TENNIS,KXWTAMATCH-26SEP13KALDAY-DAY,Kayla Day,no,6900.19,YES,MISS
2026-09-14T21:34:03+00:00,TENNIS,KXWTAMATCH-26SEP13KALDAY-DAY,Kayla Day,no,19772.95,YES,MISS
2026-09-14T23:34:03+00:00,TENNIS,KXWTAMATCH-26SEP13MARTOW-TOW,Taylor Townsend,yes,4112.67,YES,HIT
2026-09-14T23:34:03+00:00,TENNIS,KXWTAMATCH-26SEP13MARTOW-TOW,Taylor Townsend,yes,5760.0,YES,HIT
2026-09-14T23:34:03+00:00,TENNIS,KXWTAMATCH-26SEP13MARTOW-TOW,Taylor Townsend,yes,3241.98,YES,HIT
2026-09-14T23:34:03+00:00,TENNIS,KXWTAMATCH-26SEP13MARTOW-TOW,Taylor Townsend,yes,2508.53,YES,HIT
2026-09-14T23:34:03+00:00,TENNIS,KXWTAMATCH-26SEP13MARTOW-TOW,Taylor Townsend,yes,2009.85,YES,HIT
2026-09-14T23:34:03+00:00,TENNIS,KXWTAMATCH-26SEP13MARTOW-TOW,Taylor Townsend,yes,1110.0,YES,HIT
2026-09-14T23:34:03+00:00,TENNIS,KXWTAMATCH-26SEP13MARTOW-TOW,Taylor Townsend,yes,2932.81,YES,HIT
2026-09-14T23:34:03+00:00,TENNIS,KXWTAMATCH-26SEP13MARTOW-TOW,Taylor Townsend,yes,1137.53,YES,HIT
2026-09-14T23:34:03+00:00,TENNIS,KXWTAMATCH-26SEP13MARTOW-TOW,Taylor Townsend,yes,2184.84,YES,HIT
2026-09-14T23:34:03+00:00,TENNIS,KXWTAMATCH-26SEP13MARTOW-TOW,Taylor Townsend,yes,3531.69,YES,HIT
2026-09-14T23:34:03+00:00,TENNIS,KXWTAMATCH-26SEP13MARTOW-TOW,Taylor Townsend,yes,3485.82,YES,HIT
2026-09-14T23:34:03+00:00,TENNIS,KXWTAMATCH-26SEP13MARTOW-TOW,Taylor Townsend,yes,213203.2,YES,HIT
2026-09-14T23:34:03+00:00,TENNIS,KXWTAMATCH-26SEP13MARTOW-TOW,Taylor Townsend,no,12374.28,YES,MISS
2026-09-14T23:34:03+00:00,TENNIS,KXWTAMATCH-26SEP13MARTOW-TOW,Taylor Townsend,no,1698.05,YES,MISS
2026-09-14T23:34:03+00:00,TENNIS,KXWTAMATCH-26SEP14ZARDOL-DOL,Caroline Dolehide,yes,1090.64,YES,HIT
2026-09-14T23:34:03+00:00,TENNIS,KXWTAMATCH-26SEP14ZARDOL-DOL,Caroline Dolehide,yes,6042.22,YES,HIT
2026-09-14T23:34:03+00:00,TENNIS,KXWTAMATCH-26SEP14ZARDOL-DOL,Caroline Dolehide,yes,3710.25,YES,HIT
2026-09-14T23:34:03+00:00,TENNIS,KXWTAMATCH-26SEP14ZARDOL-DOL,Caroline Dolehide,yes,2364.8,YES,HIT
2026-09-14T23:34:03+00:00,TENNIS,KXWTAMATCH-26SEP14ZARDOL-DOL,Caroline Dolehide,yes,2085.44,YES,HIT
2026-09-14T23:34:03+00:00,TENNIS,KXWTAMATCH-26SEP14ZARDOL-DOL,Caroline Dolehide,yes,5437.48,YES,HIT
2026-09-14T23:34:03+00:00,TENNIS,KXWTAMATCH-26SEP14ZARDOL-DOL,Caroline Dolehide,yes,64318.38,YES,HIT
2026-09-14T23:34:03+00:00,TENNIS,KXWTAMATCH-26SEP14ZARDOL-DOL,Caroline Dolehide,no,1274.91,YES,MISS
2026-09-14T23:34:03+00:00,TENNIS,KXWTAMATCH-26SEP14ZARDOL-ZAR,Renata Zarazua,yes,3374.5,NO,MISS
2026-09-14T23:34:03+00:00,TENNIS,KXWTAMATCH-26SEP14ZARDOL-ZAR,Renata Zarazua,yes,2146.36,NO,MISS
2026-09-14T23:34:03+00:00,TENNIS,KXWTAMATCH-26SEP14ZARDOL-ZAR,Renata Zarazua,yes,27399.77,NO,MISS
2026-09-14T23:34:03+00:00,TENNIS,KXWTAMATCH-26SEP14ZARDOL-ZAR,Renata Zarazua,no,2655.65,NO,HIT
2026-09-14T23:34:03+00:00,TENNIS,KXWTAMATCH-26SEP14ZARDOL-ZAR,Renata Zarazua,no,2712.0,NO,HIT
2026-09-14T23:34:03+00:00,TENNIS,KXWTAMATCH-26SEP13MARTOW-MAR,Tatjana Maria,yes,86252.73,NO,MISS
2026-09-14T23:34:03+00:00,TENNIS,KXWTAMATCH-26SEP13MARTOW-MAR,Tatjana Maria,no,15326.7,NO,HIT
2026-09-15T01:34:03+00:00,MLB,KXMLBGAME-26SEP141840LADCIN-LAD,Los Angeles D,yes,1578.56,YES,HIT
2026-09-15T01:34:03+00:00,MLB,KXMLBGAME-26SEP141840LADCIN-LAD,Los Angeles D,yes,1578.56,YES,HIT
2026-09-15T01:34:03+00:00,MLB,KXMLBGAME-26SEP141840LADCIN-LAD,Los Angeles D,yes,4468.38,YES,HIT
2026-09-15T01:34:03+00:00,MLB,KXMLBGAME-26SEP141840LADCIN-LAD,Los Angeles D,yes,2248.97,YES,HIT
2026-09-15T01:34:03+00:00,MLB,KXMLBGAME-26SEP141840LADCIN-LAD,Los Angeles D,yes,4468.38,YES,HIT
2026-09-15T01:34:03+00:00,MLB,KXMLBGAME-26SEP141840LADCIN-LAD,Los Angeles D,yes,2248.97,YES,HIT
2026-09-15T01:34:03+00:00,MLB,KXMLBGAME-26SEP141840LADCIN-LAD,Los Angeles D,yes,10367.42,YES,HIT
2026-09-15T01:34:03+00:00,MLB,KXMLBGAME-26SEP141840LADCIN-LAD,Los Angeles D,yes,3177.87,YES,HIT
2026-09-15T01:34:03+00:00,MLB,KXMLBGAME-26SEP141840LADCIN-LAD,Los Angeles D,yes,1093.23,YES,HIT
2026-09-15T01:34:03+00:00,MLB,KXMLBGAME-26SEP141840LADCIN-LAD,Los Angeles D,yes,10367.42,YES,HIT
2026-09-15T01:34:03+00:00,MLB,KXMLBGAME-26SEP141840LADCIN-LAD,Los Angeles D,yes,3177.87,YES,HIT
2026-09-15T01:34:03+00:00,MLB,KXMLBGAME-26SEP141840LADCIN-LAD,Los Angeles D,yes,1095.17,YES,HIT
2026-09-15T01:34:03+00:00,MLB,KXMLBGAME-26SEP141840LADCIN-LAD,Los Angeles D,yes,2021.88,YES,HIT
2026-09-15T01:34:03+00:00,MLB,KXMLBGAME-26SEP141840LADCIN-LAD,Los Angeles D,yes,3057.32,YES,HIT
2026-09-15T01:34:03+00:00,MLB,KXMLBGAME-26SEP141840LADCIN-LAD,Los Angeles D,yes,3600.87,YES,HIT
2026-09-15T01:34:03+00:00,MLB,KXMLBGAME-26SEP141840LADCIN-LAD,Los Angeles D,yes,6470.99,YES,HIT
2026-09-15T01:34:03+00:00,MLB,KXMLBGAME-26SEP141840LADCIN-LAD,Los Angeles D,yes,2042.67,YES,HIT
2026-09-15T01:34:03+00:00,MLB,KXMLBGAME-26SEP141840LADCIN-LAD,Los Angeles D,yes,1233.78,YES,HIT
2026-09-15T01:34:03+00:00,MLB,KXMLBGAME-26SEP141840LADCIN-LAD,Los Angeles D,yes,8519.98,YES,HIT
2026-09-15T01:34:03+00:00,MLB,KXMLBGAME-26SEP141840LADCIN-LAD,Los Angeles D,yes,2543.66,YES,HIT
2026-09-15T01:34:03+00:00,MLB,KXMLBGAME-26SEP141840LADCIN-LAD,Los Angeles D,yes,5186.98,YES,HIT
2026-09-15T01:34:03+00:00,MLB,KXMLBGAME-26SEP141840LADCIN-LAD,Los Angeles D,yes,10944.31,YES,HIT
2026-09-15T01:34:03+00:00,MLB,KXMLBGAME-26SEP141840LADCIN-LAD,Los Angeles D,yes,29502.51,YES,HIT
2026-09-15T01:34:03+00:00,MLB,KXMLBGAME-26SEP141840LADCIN-LAD,Los Angeles D,yes,3258.78,YES,HIT
2026-09-15T01:34:03+00:00,MLB,KXMLBGAME-26SEP141840LADCIN-LAD,Los Angeles D,no,10601.58,YES,MISS
2026-09-15T01:34:03+00:00,MLB,KXMLBGAME-26SEP141840LADCIN-LAD,Los Angeles D,no,16195.98,YES,MISS
2026-09-15T01:34:03+00:00,MLB,KXMLBGAME-26SEP141840LADCIN-CIN,Cincinnati,no,4020.0,NO,HIT
2026-09-15T01:34:03+00:00,MLB,KXMLBGAME-26SEP141840LADCIN-CIN,Cincinnati,no,4020.0,NO,HIT
2026-09-15T01:34:03+00:00,MLB,KXMLBGAME-26SEP141840LADCIN-CIN,Cincinnati,yes,1031.17,NO,MISS
2026-09-15T01:34:03+00:00,MLB,KXMLBGAME-26SEP141840LADCIN-CIN,Cincinnati,yes,71774.6,NO,MISS
2026-09-15T01:34:03+00:00,MLB,KXMLBGAME-26SEP141840LADCIN-CIN,Cincinnati,no,3847.39,NO,HIT
2026-09-15T01:34:03+00:00,MLB,KXMLBGAME-26SEP141840LADCIN-CIN,Cincinnati,no,7575.14,NO,HIT
2026-09-15T01:34:03+00:00,MLB,KXMLBGAME-26SEP141840LADCIN-CIN,Cincinnati,no,5351.88,NO,HIT
2026-09-15T01:34:03+00:00,MLB,KXMLBGAME-26SEP141840LADCIN-CIN,Cincinnati,no,15896.04,NO,HIT
2026-09-15T01:34:03+00:00,TENNIS,KXWTAMATCH-26SEP14SONSHY-SHY,Iryna Shymanovich,yes,1013.67,NO,MISS
2026-09-15T01:34:03+00:00,TENNIS,KXWTAMATCH-26SEP14SONSHY-SHY,Iryna Shymanovich,yes,12262.81,NO,MISS
2026-09-15T01:34:03+00:00,TENNIS,KXWTAMATCH-26SEP14SONSHY-SHY,Iryna Shymanovich,yes,1927.16,NO,MISS
2026-09-15T01:34:03+00:00,TENNIS,KXWTAMATCH-26SEP14SONSHY-SHY,Iryna Shymanovich,no,2480.61,NO,HIT
2026-09-15T01:34:03+00:00,TENNIS,KXWTAMATCH-26SEP14SONSHY-SHY,Iryna Shymanovich,no,1720.36,NO,HIT
2026-09-15T01:34:03+00:00,TENNIS,KXWTAMATCH-26SEP14SONSHY-SHY,Iryna Shymanovich,no,2317.1,NO,HIT
2026-09-15T01:34:03+00:00,TENNIS,KXWTAMATCH-26SEP14SONSHY-SHY,Iryna Shymanovich,no,4890.49,NO,HIT
2026-09-15T01:34:03+00:00,TENNIS,KXWTAMATCH-26SEP14FREHIB-FRE,Magdalena Frech,yes,1479.36,YES,HIT
2026-09-15T01:34:03+00:00,TENNIS,KXWTAMATCH-26SEP14FREHIB-FRE,Magdalena Frech,yes,1975.76,YES,HIT
2026-09-15T01:34:03+00:00,TENNIS,KXWTAMATCH-26SEP14FREHIB-FRE,Magdalena Frech,yes,1001.44,YES,HIT
2026-09-15T01:34:03+00:00,TENNIS,KXWTAMATCH-26SEP14FREHIB-FRE,Magdalena Frech,yes,1837.97,YES,HIT
2026-09-15T01:34:03+00:00,TENNIS,KXWTAMATCH-26SEP14FREHIB-FRE,Magdalena Frech,yes,64282.03,YES,HIT
2026-09-15T01:34:03+00:00,TENNIS,KXWTAMATCH-26SEP14SONSHY-SON,Zeynep Sonmez,no,1076.43,YES,MISS
2026-09-15T01:34:03+00:00,TENNIS,KXWTAMATCH-26SEP14SONSHY-SON,Zeynep Sonmez,yes,1501.61,YES,HIT
2026-09-15T01:34:03+00:00,TENNIS,KXWTAMATCH-26SEP14SONSHY-SON,Zeynep Sonmez,yes,5357.54,YES,HIT
2026-09-15T01:34:03+00:00,TENNIS,KXWTAMATCH-26SEP14SONSHY-SON,Zeynep Sonmez,yes,81105.91,YES,HIT
2026-09-15T01:34:03+00:00,TENNIS,KXWTAMATCH-26SEP14SONSHY-SON,Zeynep Sonmez,no,1503.63,YES,MISS
2026-09-15T01:34:03+00:00,TENNIS,KXWTAMATCH-26SEP14FREHIB-HIB,Nao Hibino,yes,9493.63,NO,MISS
2026-09-15T01:34:03+00:00,TENNIS,KXWTAMATCH-26SEP14FREHIB-HIB,Nao Hibino,no,1728.71,NO,HIT
2026-09-15T01:34:03+00:00,TENNIS,KXWTAMATCH-26SEP14FREHIB-HIB,Nao Hibino,yes,5070.21,NO,MISS
2026-09-15T01:34:03+00:00,TENNIS,KXWTAMATCH-26SEP14FREHIB-HIB,Nao Hibino,yes,2347.64,NO,MISS
2026-09-15T01:34:03+00:00,TENNIS,KXWTAMATCH-26SEP14FREHIB-HIB,Nao Hibino,no,16470.25,NO,HIT
2026-09-15T01:34:03+00:00,TENNIS,KXWTAMATCH-26SEP14FREHIB-HIB,Nao Hibino,no,11579.73,NO,HIT
2026-09-15T01:34:03+00:00,TENNIS,KXWTAMATCH-26SEP14FREHIB-HIB,Nao Hibino,no,8433.75,NO,HIT
2026-09-15T03:34:02+00:00,NFL,KXNFLGAME-26SEP14DENKC-KC,Kansas City,yes,5820.72,YES,HIT
2026-09-15T03:34:02+00:00,NFL,KXNFLGAME-26SEP14DENKC-KC,Kansas City,yes,1014.62,YES,HIT
2026-09-15T03:34:02+00:00,NFL,KXNFLGAME-26SEP14DENKC-KC,Kansas City,yes,3522.57,YES,HIT
2026-09-15T03:34:02+00:00,NFL,KXNFLGAME-26SEP14DENKC-KC,Kansas City,yes,1303.9,YES,HIT
2026-09-15T03:34:02+00:00,NFL,KXNFLGAME-26SEP14DENKC-KC,Kansas City,yes,9417.86,YES,HIT
2026-09-15T03:34:02+00:00,NFL,KXNFLGAME-26SEP14DENKC-KC,Kansas City,no,2411.05,YES,MISS
2026-09-15T03:34:02+00:00,NFL,KXNFLGAME-26SEP14DENKC-KC,Kansas City,no,1498.42,YES,MISS
2026-09-15T03:34:02+00:00,NFL,KXNFLGAME-26SEP14DENKC-KC,Kansas City,no,2411.05,YES,MISS
2026-09-15T03:34:02+00:00,NFL,KXNFLGAME-26SEP14DENKC-KC,Kansas City,no,1498.42,YES,MISS
2026-09-15T03:34:02+00:00,NFL,KXNFLGAME-26SEP14DENKC-KC,Kansas City,no,22245.35,YES,MISS
2026-09-15T03:34:02+00:00,NFL,KXNFLGAME-26SEP14DENKC-KC,Kansas City,no,3955.67,YES,MISS
2026-09-15T03:34:02+00:00,NFL,KXNFLGAME-26SEP14DENKC-KC,Kansas City,no,1749.6,YES,MISS
2026-09-15T03:34:02+00:00,NFL,KXNFLGAME-26SEP14DENKC-KC,Kansas City,yes,3130.48,YES,HIT
2026-09-15T03:34:02+00:00,NFL,KXNFLGAME-26SEP14DENKC-KC,Kansas City,yes,1619.03,YES,HIT
2026-09-15T03:34:02+00:00,NFL,KXNFLGAME-26SEP14DENKC-KC,Kansas City,yes,5164.44,YES,HIT
2026-09-15T03:34:02+00:00,NFL,KXNFLGAME-26SEP14DENKC-KC,Kansas City,yes,298885.51,YES,HIT
2026-09-15T03:34:02+00:00,NFL,KXNFLGAME-26SEP14DENKC-KC,Kansas City,yes,285025.04,YES,HIT
2026-09-15T03:34:02+00:00,NFL,KXNFLGAME-26SEP14DENKC-KC,Kansas City,yes,249313.44,YES,HIT
2026-09-15T03:34:02+00:00,NFL,KXNFLGAME-26SEP14DENKC-KC,Kansas City,no,15073.89,YES,MISS
2026-09-15T03:34:02+00:00,NFL,KXNFLGAME-26SEP14DENKC-KC,Kansas City,yes,129580.05,YES,HIT
2026-09-15T03:34:02+00:00,NFL,KXNFLGAME-26SEP14DENKC-KC,Kansas City,no,6146.29,YES,MISS
2026-09-15T03:34:02+00:00,NFL,KXNFLGAME-26SEP14DENKC-KC,Kansas City,no,1621.64,YES,MISS
2026-09-15T03:34:02+00:00,NFL,KXNFLGAME-26SEP14DENKC-KC,Kansas City,yes,614284.37,YES,HIT
2026-09-15T03:34:02+00:00,NFL,KXNFLGAME-26SEP14DENKC-KC,Kansas City,no,1184.27,YES,MISS
2026-09-15T03:34:02+00:00,NFL,KXNFLGAME-26SEP14DENKC-KC,Kansas City,yes,624353.9,YES,HIT
2026-09-15T03:34:02+00:00,NFL,KXNFLGAME-26SEP14DENKC-KC,Kansas City,yes,608960.68,YES,HIT
2026-09-15T03:34:02+00:00,NFL,KXNFLGAME-26SEP14DENKC-KC,Kansas City,no,1222.7,YES,MISS
2026-09-15T03:34:02+00:00,NFL,KXNFLGAME-26SEP14DENKC-KC,Kansas City,no,1365.76,YES,MISS
2026-09-15T03:34:02+00:00,NFL,KXNFLGAME-26SEP14DENKC-KC,Kansas City,no,2073.56,YES,MISS
2026-09-15T03:34:02+00:00,NFL,KXNFLGAME-26SEP14DENKC-KC,Kansas City,no,526633.82,YES,MISS
2026-09-15T03:34:02+00:00,NFL,KXNFLGAME-26SEP14DENKC-KC,Kansas City,yes,979584.64,YES,HIT
2026-09-15T03:34:02+00:00,NFL,KXNFLGAME-26SEP14DENKC-KC,Kansas City,no,13656.81,YES,MISS
2026-09-15T03:34:02+00:00,NFL,KXNFLGAME-26SEP14DENKC-KC,Kansas City,yes,1098189.46,YES,HIT
2026-09-15T03:34:02+00:00,NFL,KXNFLGAME-26SEP14DENKC-KC,Kansas City,no,17527.4,YES,MISS
2026-09-15T03:34:02+00:00,NFL,KXNFLGAME-26SEP14DENKC-KC,Kansas City,yes,894880.13,YES,HIT
2026-09-15T03:34:02+00:00,NFL,KXNFLGAME-26SEP14DENKC-KC,Kansas City,no,268905.16,YES,MISS
2026-09-15T03:34:02+00:00,NFL,KXNFLGAME-26SEP14DENKC-DEN,Denver,yes,1237.06,NO,MISS
2026-09-15T03:34:02+00:00,NFL,KXNFLGAME-26SEP14DENKC-DEN,Denver,yes,1233.86,NO,MISS
2026-09-15T03:34:02+00:00,NFL,KXNFLGAME-26SEP14DENKC-DEN,Denver,yes,1573.02,NO,MISS
2026-09-15T03:34:02+00:00,NFL,KXNFLGAME-26SEP14DENKC-DEN,Denver,yes,1573.02,NO,MISS
2026-09-15T03:34:02+00:00,NFL,KXNFLGAME-26SEP14DENKC-DEN,Denver,yes,1425.32,NO,MISS
2026-09-15T03:34:02+00:00,NFL,KXNFLGAME-26SEP14DENKC-DEN,Denver,yes,2160.39,NO,MISS
2026-09-15T03:34:02+00:00,NFL,KXNFLGAME-26SEP14DENKC-DEN,Denver,yes,1910.21,NO,MISS
2026-09-15T03:34:02+00:00,NFL,KXNFLGAME-26SEP14DENKC-DEN,Denver,yes,4203.98,NO,MISS
2026-09-15T03:34:02+00:00,NFL,KXNFLGAME-26SEP14DENKC-DEN,Denver,no,9697.54,NO,HIT
2026-09-15T03:34:02+00:00,NFL,KXNFLGAME-26SEP14DENKC-DEN,Denver,no,1698.77,NO,HIT
2026-09-15T03:34:02+00:00,NFL,KXNFLGAME-26SEP14DENKC-DEN,Denver,no,9697.54,NO,HIT
2026-09-15T03:34:02+00:00,NFL,KXNFLGAME-26SEP14DENKC-DEN,Denver,no,1698.77,NO,HIT
2026-09-15T03:34:02+00:00,NFL,KXNFLGAME-26SEP14DENKC-DEN,Denver,no,4425.18,NO,HIT
2026-09-15T03:34:02+00:00,NFL,KXNFLGAME-26SEP14DENKC-DEN,Denver,yes,410717.7,NO,MISS
2026-09-15T03:34:02+00:00,NFL,KXNFLGAME-26SEP14DENKC-DEN,Denver,yes,423245.64,NO,MISS
2026-09-15T03:34:02+00:00,NFL,KXNFLGAME-26SEP14DENKC-DEN,Denver,yes,382069.34,NO,MISS
2026-09-15T03:34:02+00:00,NFL,KXNFLGAME-26SEP14DENKC-DEN,Denver,yes,399997.29,NO,MISS
2026-09-15T03:34:02+00:00,NFL,KXNFLGAME-26SEP14DENKC-DEN,Denver,yes,386950.94,NO,MISS
2026-09-15T03:34:02+00:00,NFL,KXNFLGAME-26SEP14DENKC-DEN,Denver,yes,49714.69,NO,MISS
2026-09-15T03:34:02+00:00,NFL,KXNFLGAME-26SEP14DENKC-DEN,Denver,yes,267395.19,NO,MISS
2026-09-15T03:34:02+00:00,NFL,KXNFLGAME-26SEP14DENKC-DEN,Denver,yes,181954.84,NO,MISS
2026-09-15T03:34:02+00:00,NFL,KXNFLGAME-26SEP14DENKC-DEN,Denver,yes,61604.58,NO,MISS
2026-09-15T03:34:02+00:00,NFL,KXNFLGAME-26SEP14DENKC-DEN,Denver,no,5255.47,NO,HIT
2026-09-15T03:34:02+00:00,NFL,KXNFLGAME-26SEP14DENKC-DEN,Denver,yes,492254.64,NO,MISS
2026-09-15T03:34:02+00:00,NFL,KXNFLGAME-26SEP14DENKC-DEN,Denver,no,1252.98,NO,HIT
2026-09-15T03:34:02+00:00,NFL,KXNFLGAME-26SEP14DENKC-DEN,Denver,no,1341.3,NO,HIT
2026-09-15T03:34:02+00:00,NFL,KXNFLGAME-26SEP14DENKC-DEN,Denver,no,1755.09,NO,HIT
2026-09-15T03:34:02+00:00,NFL,KXNFLGAME-26SEP14DENKC-DEN,Denver,yes,495920.71,NO,MISS
2026-09-15T03:34:02+00:00,NFL,KXNFLGAME-26SEP14DENKC-DEN,Denver,no,1324.91,NO,HIT
2026-09-15T03:34:02+00:00,NFL,KXNFLGAME-26SEP14DENKC-DEN,Denver,no,2168.37,NO,HIT
2026-09-15T03:34:02+00:00,NFL,KXNFLGAME-26SEP14DENKC-DEN,Denver,no,1502.37,NO,HIT
2026-09-15T03:34:02+00:00,NFL,KXNFLGAME-26SEP14DENKC-DEN,Denver,no,7118.35,NO,HIT
2026-09-15T03:34:02+00:00,NFL,KXNFLGAME-26SEP14DENKC-DEN,Denver,no,4508.83,NO,HIT
2026-09-15T03:34:02+00:00,NFL,KXNFLGAME-26SEP14DENKC-DEN,Denver,no,1041.21,NO,HIT
2026-09-15T03:34:02+00:00,NFL,KXNFLGAME-26SEP14DENKC-DEN,Denver,yes,402884.4,NO,MISS
2026-09-15T03:34:02+00:00,NFL,KXNFLGAME-26SEP14DENKC-DEN,Denver,yes,450384.54,NO,MISS
2026-09-15T03:34:02+00:00,NFL,KXNFLGAME-26SEP14DENKC-DEN,Denver,no,1270.81,NO,HIT
2026-09-15T03:34:02+00:00,NFL,KXNFLGAME-26SEP14DENKC-DEN,Denver,no,1629.49,NO,HIT
2026-09-15T03:34:02+00:00,NFL,KXNFLGAME-26SEP14DENKC-DEN,Denver,no,1654.27,NO,HIT
2026-09-15T03:34:02+00:00,NFL,KXNFLGAME-26SEP14DENKC-DEN,Denver,no,3714.24,NO,HIT
2026-09-15T03:34:02+00:00,NFL,KXNFLGAME-26SEP14DENKC-DEN,Denver,no,4281.87,NO,HIT
2026-09-15T03:34:02+00:00,NFL,KXNFLGAME-26SEP14DENKC-DEN,Denver,no,2120.37,NO,HIT
2026-09-15T03:34:02+00:00,NFL,KXNFLGAME-26SEP14DENKC-DEN,Denver,no,12698.38,NO,HIT
2026-09-15T03:34:02+00:00,NFL,KXNFLGAME-26SEP14DENKC-DEN,Denver,yes,459782.38,NO,MISS
2026-09-15T03:34:02+00:00,NFL,KXNFLGAME-26SEP14DENKC-DEN,Denver,yes,502672.13,NO,MISS
2026-09-15T03:34:02+00:00,NFL,KXNFLGAME-26SEP14DENKC-DEN,Denver,no,7996.95,NO,HIT
2026-09-15T03:34:02+00:00,NFL,KXNFLGAME-26SEP14DENKC-DEN,Denver,yes,418782.28,NO,MISS
2026-09-15T03:34:02+00:00,NFL,KXNFLGAME-26SEP14DENKC-DEN,Denver,no,263506.84,NO,HIT
2026-09-15T03:34:02+00:00,MLB,KXMLBGAME-26SEP141910BALNYM-BAL,Baltimore,yes,2886.45,YES,HIT
2026-09-15T03:34:02+00:00,MLB,KXMLBGAME-26SEP141910BALNYM-BAL,Baltimore,yes,3928.5,YES,HIT
2026-09-15T03:34:02+00:00,MLB,KXMLBGAME-26SEP141910BALNYM-BAL,Baltimore,yes,4161.7,YES,HIT
2026-09-15T03:34:02+00:00,MLB,KXMLBGAME-26SEP141910BALNYM-BAL,Baltimore,no,1973.57,YES,MISS
2026-09-15T03:34:02+00:00,MLB,KXMLBGAME-26SEP141910BALNYM-BAL,Baltimore,no,1849.68,YES,MISS
2026-09-15T03:34:02+00:00,MLB,KXMLBGAME-26SEP141910BALNYM-BAL,Baltimore,yes,3006.47,YES,HIT
2026-09-15T03:34:02+00:00,MLB,KXMLBGAME-26SEP141910BALNYM-BAL,Baltimore,yes,4329.67,YES,HIT
2026-09-15T03:34:02+00:00,MLB,KXMLBGAME-26SEP141910BALNYM-BAL,Baltimore,yes,30174.94,YES,HIT
2026-09-15T03:34:02+00:00,MLB,KXMLBGAME-26SEP141910BALNYM-BAL,Baltimore,no,8752.75,YES,MISS
2026-09-15T03:34:02+00:00,MLB,KXMLBGAME-26SEP141910BALNYM-BAL,Baltimore,no,1354.45,YES,MISS
2026-09-15T03:34:02+00:00,MLB,KXMLBGAME-26SEP141910BALNYM-BAL,Baltimore,no,1045.05,YES,MISS
2026-09-15T03:34:02+00:00,MLB,KXMLBGAME-26SEP141910BALNYM-BAL,Baltimore,no,2153.7,YES,MISS
2026-09-15T03:34:02+00:00,MLB,KXMLBGAME-26SEP141910BALNYM-BAL,Baltimore,no,1884.63,YES,MISS
2026-09-15T03:34:02+00:00,MLB,KXMLBGAME-26SEP141910BALNYM-BAL,Baltimore,no,6227.16,YES,MISS
2026-09-15T03:34:02+00:00,MLB,KXMLBGAME-26SEP141910BALNYM-BAL,Baltimore,no,4660.8,YES,MISS
2026-09-15T03:34:02+00:00,MLB,KXMLBGAME-26SEP141910BALNYM-BAL,Baltimore,no,2896.01,YES,MISS
2026-09-15T03:34:02+00:00,MLB,KXMLBGAME-26SEP141910BALNYM-BAL,Baltimore,no,7745.16,YES,MISS
2026-09-15T03:34:02+00:00,MLB,KXMLBGAME-26SEP141910BALNYM-BAL,Baltimore,no,7491.69,YES,MISS
2026-09-15T03:34:02+00:00,MLB,KXMLBGAME-26SEP141840CWSCLE-CLE,Cleveland,yes,1293.94,NO,MISS
2026-09-15T03:34:02+00:00,MLB,KXMLBGAME-26SEP141840CWSCLE-CLE,Cleveland,yes,1529.18,NO,MISS
2026-09-15T03:34:02+00:00,MLB,KXMLBGAME-26SEP141840CWSCLE-CLE,Cleveland,yes,4891.8,NO,MISS
2026-09-15T03:34:02+00:00,MLB,KXMLBGAME-26SEP141840CWSCLE-CLE,Cleveland,yes,4418.3,NO,MISS
2026-09-15T03:34:02+00:00,MLB,KXMLBGAME-26SEP141840CWSCLE-CLE,Cleveland,yes,1219.31,NO,MISS
2026-09-15T03:34:02+00:00,MLB,KXMLBGAME-26SEP141840CWSCLE-CLE,Cleveland,yes,1115.47,NO,MISS
2026-09-15T03:34:02+00:00,MLB,KXMLBGAME-26SEP141840CWSCLE-CLE,Cleveland,yes,1152.98,NO,MISS
2026-09-15T03:34:02+00:00,MLB,KXMLBGAME-26SEP141840CWSCLE-CLE,Cleveland,yes,1329.17,NO,MISS
2026-09-15T03:34:02+00:00,MLB,KXMLBGAME-26SEP141840CWSCLE-CLE,Cleveland,yes,2110.03,NO,MISS
2026-09-15T03:34:02+00:00,MLB,KXMLBGAME-26SEP141840CWSCLE-CLE,Cleveland,yes,1616.99,NO,MISS
2026-09-15T03:34:02+00:00,MLB,KXMLBGAME-26SEP141840CWSCLE-CLE,Cleveland,yes,2365.17,NO,MISS
2026-09-15T03:34:02+00:00,MLB,KXMLBGAME-26SEP141840CWSCLE-CLE,Cleveland,yes,1382.99,NO,MISS
2026-09-15T03:34:02+00:00,MLB,KXMLBGAME-26SEP141840CWSCLE-CLE,Cleveland,yes,6453.33,NO,MISS
2026-09-15T03:34:02+00:00,MLB,KXMLBGAME-26SEP141840CWSCLE-CLE,Cleveland,yes,3946.87,NO,MISS
2026-09-15T03:34:02+00:00,MLB,KXMLBGAME-26SEP141840CWSCLE-CLE,Cleveland,yes,7397.32,NO,MISS
2026-09-15T03:34:02+00:00,MLB,KXMLBGAME-26SEP141840CWSCLE-CLE,Cleveland,yes,5297.1,NO,MISS
2026-09-15T03:34:02+00:00,MLB,KXMLBGAME-26SEP141840CWSCLE-CLE,Cleveland,no,3302.1,NO,HIT
2026-09-15T03:34:02+00:00,MLB,KXMLBGAME-26SEP141840CWSCLE-CLE,Cleveland,yes,128244.07,NO,MISS
2026-09-15T03:34:02+00:00,MLB,KXMLBGAME-26SEP141840CWSCLE-CLE,Cleveland,no,1652.85,NO,HIT
2026-09-15T03:34:02+00:00,MLB,KXMLBGAME-26SEP141840CWSCLE-CLE,Cleveland,no,1702.54,NO,HIT
2026-09-15T03:34:02+00:00,MLB,KXMLBGAME-26SEP141840CWSCLE-CLE,Cleveland,no,12026.86,NO,HIT
2026-09-15T03:34:02+00:00,MLB,KXMLBGAME-26SEP141840CWSCLE-CLE,Cleveland,no,249564.01,NO,HIT
2026-09-15T03:34:02+00:00,MLB,KXMLBGAME-26SEP141940NYYMIN-NYY,New York Y,yes,5389.12,YES,HIT
2026-09-15T03:34:02+00:00,MLB,KXMLBGAME-26SEP141940NYYMIN-NYY,New York Y,yes,8527.93,YES,HIT
2026-09-15T03:34:02+00:00,MLB,KXMLBGAME-26SEP141940NYYMIN-NYY,New York Y,yes,1255.42,YES,HIT
2026-09-15T03:34:02+00:00,MLB,KXMLBGAME-26SEP141940NYYMIN-NYY,New York Y,yes,1860.14,YES,HIT
2026-09-15T03:34:02+00:00,MLB,KXMLBGAME-26SEP141940NYYMIN-NYY,New York Y,yes,3050.36,YES,HIT
2026-09-15T03:34:02+00:00,MLB,KXMLBGAME-26SEP141940NYYMIN-NYY,New York Y,yes,6384.6,YES,HIT
2026-09-15T03:34:02+00:00,MLB,KXMLBGAME-26SEP141940NYYMIN-NYY,New York Y,yes,1991.83,YES,HIT
2026-09-15T03:34:02+00:00,MLB,KXMLBGAME-26SEP141940NYYMIN-NYY,New York Y,yes,1105.96,YES,HIT
2026-09-15T03:34:02+00:00,MLB,KXMLBGAME-26SEP141940NYYMIN-NYY,New York Y,yes,1098.91,YES,HIT
2026-09-15T03:34:02+00:00,MLB,KXMLBGAME-26SEP141940NYYMIN-NYY,New York Y,yes,1015.29,YES,HIT
2026-09-15T03:34:02+00:00,MLB,KXMLBGAME-26SEP141940NYYMIN-NYY,New York Y,yes,1605.65,YES,HIT
2026-09-15T03:34:02+00:00,MLB,KXMLBGAME-26SEP141940NYYMIN-NYY,New York Y,yes,5487.38,YES,HIT
2026-09-15T03:34:02+00:00,MLB,KXMLBGAME-26SEP141940NYYMIN-NYY,New York Y,yes,10019.12,YES,HIT
2026-09-15T03:34:02+00:00,MLB,KXMLBGAME-26SEP141940NYYMIN-NYY,New York Y,no,39281.37,YES,MISS
2026-09-15T03:34:02+00:00,MLB,KXMLBGAME-26SEP141940NYYMIN-NYY,New York Y,yes,5426.79,YES,HIT
2026-09-15T03:34:02+00:00,MLB,KXMLBGAME-26SEP141940NYYMIN-NYY,New York Y,yes,13455.94,YES,HIT
2026-09-15T03:34:02+00:00,MLB,KXMLBGAME-26SEP141940NYYMIN-NYY,New York Y,yes,1295.61,YES,HIT
2026-09-15T03:34:02+00:00,MLB,KXMLBGAME-26SEP141940NYYMIN-NYY,New York Y,yes,6629.17,YES,HIT
2026-09-15T03:34:02+00:00,MLB,KXMLBGAME-26SEP141940NYYMIN-NYY,New York Y,yes,17280.65,YES,HIT
2026-09-15T03:34:02+00:00,MLB,KXMLBGAME-26SEP141940NYYMIN-NYY,New York Y,no,1067.74,YES,MISS
2026-09-15T03:34:02+00:00,MLB,KXMLBGAME-26SEP141940NYYMIN-NYY,New York Y,no,3423.08,YES,MISS
2026-09-15T03:34:02+00:00,MLB,KXMLBGAME-26SEP141940NYYMIN-NYY,New York Y,no,2770.59,YES,MISS
2026-09-15T03:34:02+00:00,MLB,KXMLBGAME-26SEP141940NYYMIN-NYY,New York Y,no,1676.24,YES,MISS
2026-09-15T03:34:02+00:00,MLB,KXMLBGAME-26SEP141940NYYMIN-NYY,New York Y,yes,1118.09,YES,HIT
2026-09-15T03:34:02+00:00,MLB,KXMLBGAME-26SEP141940NYYMIN-NYY,New York Y,no,4259.58,YES,MISS
2026-09-15T03:34:02+00:00,MLB,KXMLBGAME-26SEP141940NYYMIN-NYY,New York Y,no,67954.47,YES,MISS
2026-09-15T03:34:02+00:00,MLB,KXMLBGAME-26SEP141940NYYMIN-MIN,Minnesota,yes,9576.42,NO,MISS
2026-09-15T03:34:02+00:00,MLB,KXMLBGAME-26SEP141940NYYMIN-MIN,Minnesota,yes,1914.75,NO,MISS
2026-09-15T03:34:02+00:00,MLB,KXMLBGAME-26SEP141940NYYMIN-MIN,Minnesota,no,3240.0,NO,HIT
2026-09-15T03:34:02+00:00,MLB,KXMLBGAME-26SEP141940NYYMIN-MIN,Minnesota,yes,1965.54,NO,MISS
2026-09-15T03:34:02+00:00,MLB,KXMLBGAME-26SEP141940NYYMIN-MIN,Minnesota,yes,2751.87,NO,MISS
2026-09-15T03:34:02+00:00,MLB,KXMLBGAME-26SEP141940NYYMIN-MIN,Minnesota,yes,1402.64,NO,MISS
2026-09-15T03:34:02+00:00,MLB,KXMLBGAME-26SEP141940NYYMIN-MIN,Minnesota,yes,3553.8,NO,MISS
2026-09-15T03:34:02+00:00,MLB,KXMLBGAME-26SEP141940NYYMIN-MIN,Minnesota,no,8203.6,NO,HIT
2026-09-15T03:34:02+00:00,MLB,KXMLBGAME-26SEP141940NYYMIN-MIN,Minnesota,no,1748.09,NO,HIT
2026-09-15T03:34:02+00:00,MLB,KXMLBGAME-26SEP141940NYYMIN-MIN,Minnesota,no,4659.83,NO,HIT
2026-09-15T03:34:02+00:00,MLB,KXMLBGAME-26SEP141940NYYMIN-MIN,Minnesota,no,7721.8,NO,HIT
2026-09-15T03:34:02+00:00,MLB,KXMLBGAME-26SEP141940NYYMIN-MIN,Minnesota,no,11607.53,NO,HIT
2026-09-15T03:34:02+00:00,MLB,KXMLBGAME-26SEP141940NYYMIN-MIN,Minnesota,no,29022.89,NO,HIT
2026-09-15T03:34:02+00:00,MLB,KXMLBGAME-26SEP141910BALNYM-NYM,New York M,yes,3487.46,NO,MISS
2026-09-15T03:34:02+00:00,MLB,KXMLBGAME-26SEP141910BALNYM-NYM,New York M,yes,1008.75,NO,MISS
2026-09-15T03:34:02+00:00,MLB,KXMLBGAME-26SEP141910BALNYM-NYM,New York M,yes,13392.95,NO,MISS
2026-09-15T03:34:02+00:00,MLB,KXMLBGAME-26SEP141910BALNYM-NYM,New York M,yes,11835.8,NO,MISS
2026-09-15T03:34:02+00:00,MLB,KXMLBGAME-26SEP141910BALNYM-NYM,New York M,yes,4386.7,NO,MISS
2026-09-15T03:34:02+00:00,MLB,KXMLBGAME-26SEP141910BALNYM-NYM,New York M,yes,2890.76,NO,MISS
2026-09-15T03:34:02+00:00,MLB,KXMLBGAME-26SEP141910BALNYM-NYM,New York M,yes,60502.6,NO,MISS
2026-09-15T03:34:02+00:00,MLB,KXMLBGAME-26SEP141910BALNYM-NYM,New York M,no,2424.2,NO,HIT
2026-09-15T03:34:02+00:00,MLB,KXMLBGAME-26SEP141910BALNYM-NYM,New York M,no,3077.28,NO,HIT
2026-09-15T03:34:02+00:00,MLB,KXMLBGAME-26SEP141910BALNYM-NYM,New York M,no,1574.7,NO,HIT
2026-09-15T03:34:02+00:00,MLB,KXMLBGAME-26SEP141910BALNYM-NYM,New York M,no,7132.42,NO,HIT
2026-09-15T03:34:02+00:00,MLB,KXMLBGAME-26SEP141910BALNYM-NYM,New York M,no,5650.34,NO,HIT
2026-09-15T03:34:02+00:00,MLB,KXMLBGAME-26SEP141910BALNYM-NYM,New York M,no,1342.4,NO,HIT
2026-09-15T03:34:02+00:00,MLB,KXMLBGAME-26SEP141910BALNYM-NYM,New York M,no,24957.15,NO,HIT
2026-09-15T03:34:02+00:00,MLB,KXMLBGAME-26SEP141910BALNYM-NYM,New York M,no,16510.48,NO,HIT
2026-09-15T03:34:02+00:00,MLB,KXMLBGAME-26SEP141840CWSCLE-CWS,Chicago WS,no,1027.05,YES,MISS
2026-09-15T03:34:02+00:00,MLB,KXMLBGAME-26SEP141840CWSCLE-CWS,Chicago WS,yes,1431.78,YES,HIT
2026-09-15T03:34:02+00:00,MLB,KXMLBGAME-26SEP141840CWSCLE-CWS,Chicago WS,yes,1216.02,YES,HIT
2026-09-15T03:34:02+00:00,MLB,KXMLBGAME-26SEP141840CWSCLE-CWS,Chicago WS,yes,4278.69,YES,HIT
2026-09-15T03:34:02+00:00,MLB,KXMLBGAME-26SEP141840CWSCLE-CWS,Chicago WS,yes,1131.83,YES,HIT
2026-09-15T03:34:02+00:00,MLB,KXMLBGAME-26SEP141840CWSCLE-CWS,Chicago WS,yes,5040.75,YES,HIT
2026-09-15T03:34:02+00:00,MLB,KXMLBGAME-26SEP141840CWSCLE-CWS,Chicago WS,yes,4320.88,YES,HIT
2026-09-15T03:34:02+00:00,MLB,KXMLBGAME-26SEP141840CWSCLE-CWS,Chicago WS,yes,108852.18,YES,HIT
2026-09-15T03:34:02+00:00,MLB,KXMLBGAME-26SEP141840CWSCLE-CWS,Chicago WS,no,7169.03,YES,MISS
2026-09-15T03:34:02+00:00,MLB,KXMLBGAME-26SEP141840CWSCLE-CWS,Chicago WS,no,10623.06,YES,MISS
2026-09-15T03:34:02+00:00,MLB,KXMLBGAME-26SEP141840CWSCLE-CWS,Chicago WS,no,5454.06,YES,MISS
2026-09-15T03:34:02+00:00,MLB,KXMLBGAME-26SEP141840CWSCLE-CWS,Chicago WS,no,1388.65,YES,MISS
2026-09-15T03:34:02+00:00,MLB,KXMLBGAME-26SEP141840CWSCLE-CWS,Chicago WS,no,7522.18,YES,MISS
2026-09-15T03:34:02+00:00,MLB,KXMLBGAME-26SEP141840CWSCLE-CWS,Chicago WS,yes,497993.48,YES,HIT
2026-09-15T03:34:02+00:00,TENNIS,KXWTAMATCH-26SEP13JACSAM-SAM,Liudmila Samsonova,yes,2463.78,YES,HIT
2026-09-15T03:34:02+00:00,TENNIS,KXWTAMATCH-26SEP13JACSAM-SAM,Liudmila Samsonova,yes,1581.46,YES,HIT
2026-09-15T03:34:02+00:00,TENNIS,KXWTAMATCH-26SEP13JACSAM-SAM,Liudmila Samsonova,yes,1368.57,YES,HIT
2026-09-15T03:34:02+00:00,TENNIS,KXWTAMATCH-26SEP13JACSAM-SAM,Liudmila Samsonova,yes,177237.68,YES,HIT
2026-09-15T03:34:02+00:00,TENNIS,KXWTAMATCH-26SEP13JACSAM-SAM,Liudmila Samsonova,no,2326.35,YES,MISS
2026-09-15T03:34:02+00:00,TENNIS,KXWTAMATCH-26SEP13JACSAM-SAM,Liudmila Samsonova,no,1502.96,YES,MISS
2026-09-15T03:34:02+00:00,TENNIS,KXWTAMATCH-26SEP13JACSAM-SAM,Liudmila Samsonova,no,10756.61,YES,MISS
2026-09-15T03:34:02+00:00,MLB,KXMLBGAME-26SEP141945SFSTL-SF,San Francisco,yes,3924.45,NO,MISS
2026-09-15T03:34:02+00:00,MLB,KXMLBGAME-26SEP141945SFSTL-SF,San Francisco,yes,10273.18,NO,MISS
2026-09-15T03:34:02+00:00,MLB,KXMLBGAME-26SEP141945SFSTL-SF,San Francisco,yes,1059.56,NO,MISS
2026-09-15T03:34:02+00:00,MLB,KXMLBGAME-26SEP141945SFSTL-SF,San Francisco,yes,6829.65,NO,MISS
2026-09-15T03:34:02+00:00,MLB,KXMLBGAME-26SEP141945SFSTL-SF,San Francisco,no,1296.88,NO,HIT
2026-09-15T03:34:02+00:00,MLB,KXMLBGAME-26SEP141945SFSTL-SF,San Francisco,no,1254.05,NO,HIT
2026-09-15T03:34:02+00:00,MLB,KXMLBGAME-26SEP141945SFSTL-SF,San Francisco,no,2353.92,NO,HIT
2026-09-15T03:34:02+00:00,MLB,KXMLBGAME-26SEP141945SFSTL-SF,San Francisco,no,8659.36,NO,HIT
2026-09-15T03:34:02+00:00,MLB,KXMLBGAME-26SEP141945SFSTL-SF,San Francisco,no,2059.1,NO,HIT
2026-09-15T03:34:02+00:00,MLB,KXMLBGAME-26SEP141945SFSTL-SF,San Francisco,no,1487.23,NO,HIT
2026-09-15T03:34:02+00:00,MLB,KXMLBGAME-26SEP141945SFSTL-SF,San Francisco,no,2227.57,NO,HIT
2026-09-15T03:34:02+00:00,MLB,KXMLBGAME-26SEP141945SFSTL-SF,San Francisco,no,15752.45,NO,HIT
2026-09-15T03:34:02+00:00,MLB,KXMLBGAME-26SEP141945SFSTL-SF,San Francisco,no,2141.55,NO,HIT
2026-09-15T03:34:02+00:00,MLB,KXMLBGAME-26SEP141945SFSTL-SF,San Francisco,no,1464.07,NO,HIT
2026-09-15T03:34:02+00:00,MLB,KXMLBGAME-26SEP141907DETTOR-TOR,Toronto,yes,1246.8,NO,MISS
2026-09-15T03:34:02+00:00,MLB,KXMLBGAME-26SEP141907DETTOR-TOR,Toronto,yes,31972.98,NO,MISS
2026-09-15T03:34:02+00:00,MLB,KXMLBGAME-26SEP141907DETTOR-TOR,Toronto,yes,2388.4,NO,MISS
2026-09-15T03:34:02+00:00,MLB,KXMLBGAME-26SEP141907DETTOR-TOR,Toronto,yes,4329.21,NO,MISS
2026-09-15T03:34:02+00:00,MLB,KXMLBGAME-26SEP141907DETTOR-TOR,Toronto,yes,1164.16,NO,MISS
2026-09-15T03:34:02+00:00,MLB,KXMLBGAME-26SEP141907DETTOR-TOR,Toronto,yes,1231.73,NO,MISS
2026-09-15T03:34:02+00:00,MLB,KXMLBGAME-26SEP141907DETTOR-TOR,Toronto,yes,1224.25,NO,MISS
2026-09-15T03:34:02+00:00,MLB,KXMLBGAME-26SEP141907DETTOR-TOR,Toronto,yes,1569.39,NO,MISS
2026-09-15T03:34:02+00:00,MLB,KXMLBGAME-26SEP141907DETTOR-TOR,Toronto,yes,2704.34,NO,MISS
2026-09-15T03:34:02+00:00,MLB,KXMLBGAME-26SEP141907DETTOR-TOR,Toronto,yes,1552.7,NO,MISS
2026-09-15T03:34:02+00:00,MLB,KXMLBGAME-26SEP141907DETTOR-TOR,Toronto,yes,5776.45,NO,MISS
2026-09-15T03:34:02+00:00,MLB,KXMLBGAME-26SEP141907DETTOR-TOR,Toronto,yes,2144.0,NO,MISS
2026-09-15T03:34:02+00:00,MLB,KXMLBGAME-26SEP141907DETTOR-TOR,Toronto,yes,49285.64,NO,MISS
2026-09-15T03:34:02+00:00,MLB,KXMLBGAME-26SEP141907DETTOR-TOR,Toronto,no,1789.17,NO,HIT
2026-09-15T03:34:02+00:00,MLB,KXMLBGAME-26SEP141907DETTOR-TOR,Toronto,no,1405.69,NO,HIT
2026-09-15T03:34:02+00:00,MLB,KXMLBGAME-26SEP141907DETTOR-TOR,Toronto,no,72946.0,NO,HIT
2026-09-15T03:34:02+00:00,MLB,KXMLBGAME-26SEP141945SFSTL-STL,St. Louis,yes,2786.73,YES,HIT
2026-09-15T03:34:02+00:00,MLB,KXMLBGAME-26SEP141945SFSTL-STL,St. Louis,yes,1267.98,YES,HIT
2026-09-15T03:34:02+00:00,MLB,KXMLBGAME-26SEP141945SFSTL-STL,St. Louis,yes,1270.65,YES,HIT
2026-09-15T03:34:02+00:00,MLB,KXMLBGAME-26SEP141945SFSTL-STL,St. Louis,yes,3447.75,YES,HIT
2026-09-15T03:34:02+00:00,MLB,KXMLBGAME-26SEP141945SFSTL-STL,St. Louis,yes,4673.62,YES,HIT
2026-09-15T03:34:02+00:00,MLB,KXMLBGAME-26SEP141945SFSTL-STL,St. Louis,yes,15530.54,YES,HIT
2026-09-15T03:34:02+00:00,MLB,KXMLBGAME-26SEP141945SFSTL-STL,St. Louis,yes,2789.24,YES,HIT
2026-09-15T03:34:02+00:00,MLB,KXMLBGAME-26SEP141945SFSTL-STL,St. Louis,yes,1680.41,YES,HIT
2026-09-15T03:34:02+00:00,MLB,KXMLBGAME-26SEP141945SFSTL-STL,St. Louis,yes,3287.46,YES,HIT
2026-09-15T03:34:02+00:00,MLB,KXMLBGAME-26SEP141945SFSTL-STL,St. Louis,yes,5307.04,YES,HIT
2026-09-15T03:34:02+00:00,MLB,KXMLBGAME-26SEP141945SFSTL-STL,St. Louis,yes,12653.12,YES,HIT
2026-09-15T03:34:02+00:00,MLB,KXMLBGAME-26SEP141945SFSTL-STL,St. Louis,yes,4111.09,YES,HIT
2026-09-15T03:34:02+00:00,MLB,KXMLBGAME-26SEP141945SFSTL-STL,St. Louis,yes,3236.34,YES,HIT
2026-09-15T03:34:02+00:00,MLB,KXMLBGAME-26SEP141945SFSTL-STL,St. Louis,no,1506.9,YES,MISS
2026-09-15T03:34:02+00:00,MLB,KXMLBGAME-26SEP141945SFSTL-STL,St. Louis,yes,2944.25,YES,HIT
2026-09-15T03:34:02+00:00,MLB,KXMLBGAME-26SEP141945SFSTL-STL,St. Louis,no,2939.93,YES,MISS
2026-09-15T03:34:02+00:00,MLB,KXMLBGAME-26SEP141945SFSTL-STL,St. Louis,no,3096.26,YES,MISS
2026-09-15T03:34:02+00:00,MLB,KXMLBGAME-26SEP141940ATLCHC-ATL,Atlanta,yes,1027.87,NO,MISS
2026-09-15T03:34:02+00:00,MLB,KXMLBGAME-26SEP141940ATLCHC-ATL,Atlanta,yes,4788.55,NO,MISS
2026-09-15T03:34:02+00:00,MLB,KXMLBGAME-26SEP141940ATLCHC-ATL,Atlanta,yes,4343.88,NO,MISS
2026-09-15T03:34:02+00:00,MLB,KXMLBGAME-26SEP141940ATLCHC-ATL,Atlanta,yes,1238.49,NO,MISS
2026-09-15T03:34:02+00:00,MLB,KXMLBGAME-26SEP141940ATLCHC-ATL,Atlanta,yes,2114.48,NO,MISS
2026-09-15T03:34:02+00:00,MLB,KXMLBGAME-26SEP141940ATLCHC-ATL,Atlanta,yes,25110.88,NO,MISS
2026-09-15T03:34:02+00:00,MLB,KXMLBGAME-26SEP141940ATLCHC-ATL,Atlanta,no,2450.03,NO,HIT
2026-09-15T03:34:02+00:00,MLB,KXMLBGAME-26SEP141940ATLCHC-ATL,Atlanta,no,3602.88,NO,HIT
2026-09-15T03:34:02+00:00,MLB,KXMLBGAME-26SEP141940ATLCHC-ATL,Atlanta,no,1371.27,NO,HIT
2026-09-15T03:34:02+00:00,MLB,KXMLBGAME-26SEP141940ATLCHC-ATL,Atlanta,no,42294.88,NO,HIT
2026-09-15T03:34:02+00:00,MLB,KXMLBGAME-26SEP141940ATLCHC-ATL,Atlanta,no,9662.66,NO,HIT
2026-09-15T03:34:02+00:00,MLB,KXMLBGAME-26SEP141940ATLCHC-ATL,Atlanta,no,39710.58,NO,HIT
2026-09-15T03:34:02+00:00,MLB,KXMLBGAME-26SEP141940ATLCHC-ATL,Atlanta,no,7293.28,NO,HIT
2026-09-15T03:34:02+00:00,MLB,KXMLBGAME-26SEP141940ATLCHC-CHC,Chicago C,yes,1269.93,YES,HIT
2026-09-15T03:34:02+00:00,MLB,KXMLBGAME-26SEP141940ATLCHC-CHC,Chicago C,yes,3247.64,YES,HIT
2026-09-15T03:34:02+00:00,MLB,KXMLBGAME-26SEP141940ATLCHC-CHC,Chicago C,yes,2711.39,YES,HIT
2026-09-15T03:34:02+00:00,MLB,KXMLBGAME-26SEP141940ATLCHC-CHC,Chicago C,yes,5685.67,YES,HIT
2026-09-15T03:34:02+00:00,MLB,KXMLBGAME-26SEP141940ATLCHC-CHC,Chicago C,yes,4158.85,YES,HIT
2026-09-15T03:34:02+00:00,MLB,KXMLBGAME-26SEP141940ATLCHC-CHC,Chicago C,yes,1278.05,YES,HIT
2026-09-15T03:34:02+00:00,MLB,KXMLBGAME-26SEP141940ATLCHC-CHC,Chicago C,yes,84856.47,YES,HIT
2026-09-15T03:34:02+00:00,MLB,KXMLBGAME-26SEP141940ATLCHC-CHC,Chicago C,no,1057.31,YES,MISS
2026-09-15T03:34:02+00:00,MLB,KXMLBGAME-26SEP141940ATLCHC-CHC,Chicago C,no,4253.1,YES,MISS
2026-09-15T03:34:02+00:00,MLB,KXMLBGAME-26SEP141940ATLCHC-CHC,Chicago C,no,1151.62,YES,MISS
2026-09-15T03:34:02+00:00,MLB,KXMLBGAME-26SEP141940ATLCHC-CHC,Chicago C,no,1657.98,YES,MISS
2026-09-15T03:34:02+00:00,MLB,KXMLBGAME-26SEP141940ATLCHC-CHC,Chicago C,yes,23831.99,YES,HIT
2026-09-15T03:34:02+00:00,MLB,KXMLBGAME-26SEP141940ATLCHC-CHC,Chicago C,no,1474.14,YES,MISS
2026-09-15T03:34:02+00:00,MLB,KXMLBGAME-26SEP141940ATLCHC-CHC,Chicago C,no,1486.12,YES,MISS
2026-09-15T03:34:02+00:00,MLB,KXMLBGAME-26SEP141907DETTOR-DET,Detroit,yes,32913.09,YES,HIT
2026-09-15T03:34:02+00:00,MLB,KXMLBGAME-26SEP141907DETTOR-DET,Detroit,no,2671.1,YES,MISS
2026-09-15T03:34:02+00:00,MLB,KXMLBGAME-26SEP141907DETTOR-DET,Detroit,no,12096.51,YES,MISS
2026-09-15T03:34:02+00:00,MLB,KXMLBGAME-26SEP141907DETTOR-DET,Detroit,no,6269.28,YES,MISS
2026-09-15T03:34:02+00:00,MLB,KXMLBGAME-26SEP141907DETTOR-DET,Detroit,no,1838.29,YES,MISS
2026-09-15T03:34:02+00:00,MLB,KXMLBGAME-26SEP141907DETTOR-DET,Detroit,no,4206.62,YES,MISS
2026-09-15T03:34:02+00:00,MLB,KXMLBGAME-26SEP141907DETTOR-DET,Detroit,no,5583.33,YES,MISS
2026-09-15T03:34:02+00:00,MLB,KXMLBGAME-26SEP141907DETTOR-DET,Detroit,no,4447.8,YES,MISS
2026-09-15T03:34:02+00:00,MLB,KXMLBGAME-26SEP141907DETTOR-DET,Detroit,no,1918.6,YES,MISS
2026-09-15T03:34:02+00:00,MLB,KXMLBGAME-26SEP141907DETTOR-DET,Detroit,no,91325.89,YES,MISS
2026-09-15T03:34:02+00:00,TENNIS,KXWTAMATCH-26SEP13JACSAM-JAC,Elsa Jacquemot,yes,1524.4,NO,MISS
2026-09-15T03:34:02+00:00,TENNIS,KXWTAMATCH-26SEP13JACSAM-JAC,Elsa Jacquemot,yes,117378.2,NO,MISS
2026-09-15T03:34:02+00:00,TENNIS,KXWTAMATCH-26SEP13JACSAM-JAC,Elsa Jacquemot,no,2436.15,NO,HIT
2026-09-15T03:34:02+00:00,TENNIS,KXWTAMATCH-26SEP13JACSAM-JAC,Elsa Jacquemot,no,54581.6,NO,HIT
2026-09-15T05:34:02+00:00,MLB,KXMLBGAME-26SEP142040SDCOL-COL,Colorado,yes,2910.85,NO,MISS
2026-09-15T05:34:02+00:00,MLB,KXMLBGAME-26SEP142040SDCOL-COL,Colorado,yes,13497.98,NO,MISS
2026-09-15T05:34:02+00:00,MLB,KXMLBGAME-26SEP142040SDCOL-COL,Colorado,no,18847.45,NO,HIT
2026-09-15T05:34:02+00:00,MLB,KXMLBGAME-26SEP142040SDCOL-COL,Colorado,yes,1896.77,NO,MISS
2026-09-15T05:34:02+00:00,MLB,KXMLBGAME-26SEP142040SDCOL-COL,Colorado,no,3300.0,NO,HIT
2026-09-15T05:34:02+00:00,MLB,KXMLBGAME-26SEP142040SDCOL-COL,Colorado,no,1227.85,NO,HIT
2026-09-15T05:34:02+00:00,MLB,KXMLBGAME-26SEP142040SDCOL-COL,Colorado,yes,32192.33,NO,MISS
2026-09-15T05:34:02+00:00,MLB,KXMLBGAME-26SEP142040SDCOL-COL,Colorado,no,2345.0,NO,HIT
2026-09-15T05:34:02+00:00,MLB,KXMLBGAME-26SEP142040SDCOL-COL,Colorado,no,2844.78,NO,HIT
2026-09-15T05:34:02+00:00,MLB,KXMLBGAME-26SEP142040SDCOL-COL,Colorado,no,1892.54,NO,HIT
2026-09-15T05:34:02+00:00,MLB,KXMLBGAME-26SEP142040SDCOL-COL,Colorado,no,1401.91,NO,HIT
2026-09-15T05:34:02+00:00,MLB,KXMLBGAME-26SEP142040SDCOL-COL,Colorado,no,1027.72,NO,HIT
2026-09-15T05:34:02+00:00,MLB,KXMLBGAME-26SEP142040SDCOL-COL,Colorado,no,17615.48,NO,HIT
2026-09-15T05:34:02+00:00,MLB,KXMLBGAME-26SEP142040SDCOL-COL,Colorado,no,3893.46,NO,HIT
2026-09-15T05:34:02+00:00,MLB,KXMLBGAME-26SEP142040SDCOL-COL,Colorado,no,3088.18,NO,HIT
2026-09-15T05:34:02+00:00,MLB,KXMLBGAME-26SEP142040SDCOL-COL,Colorado,no,3442.56,NO,HIT
2026-09-15T05:34:02+00:00,MLB,KXMLBGAME-26SEP142040SDCOL-COL,Colorado,yes,174885.68,NO,MISS
2026-09-15T05:34:02+00:00,MLB,KXMLBGAME-26SEP142040SDCOL-COL,Colorado,no,175392.18,NO,HIT
2026-09-15T05:34:02+00:00,MLB,KXMLBGAME-26SEP142040SDCOL-SD,San Diego,yes,1001.68,YES,HIT
2026-09-15T05:34:02+00:00,MLB,KXMLBGAME-26SEP142040SDCOL-SD,San Diego,yes,1001.68,YES,HIT
2026-09-15T05:34:02+00:00,MLB,KXMLBGAME-26SEP142040SDCOL-SD,San Diego,yes,1335.35,YES,HIT
2026-09-15T05:34:02+00:00,MLB,KXMLBGAME-26SEP142040SDCOL-SD,San Diego,yes,1154.79,YES,HIT
2026-09-15T05:34:02+00:00,MLB,KXMLBGAME-26SEP142040SDCOL-SD,San Diego,yes,1622.72,YES,HIT
2026-09-15T05:34:02+00:00,MLB,KXMLBGAME-26SEP142040SDCOL-SD,San Diego,yes,1281.74,YES,HIT
2026-09-15T05:34:02+00:00,MLB,KXMLBGAME-26SEP142040SDCOL-SD,San Diego,yes,1439.07,YES,HIT
2026-09-15T05:34:02+00:00,MLB,KXMLBGAME-26SEP142040SDCOL-SD,San Diego,yes,1011.82,YES,HIT
2026-09-15T05:34:02+00:00,MLB,KXMLBGAME-26SEP142040SDCOL-SD,San Diego,yes,1311.03,YES,HIT
2026-09-15T05:34:02+00:00,MLB,KXMLBGAME-26SEP142040SDCOL-SD,San Diego,yes,1987.82,YES,HIT
2026-09-15T05:34:02+00:00,MLB,KXMLBGAME-26SEP142040SDCOL-SD,San Diego,yes,1418.86,YES,HIT
2026-09-15T05:34:02+00:00,MLB,KXMLBGAME-26SEP142040SDCOL-SD,San Diego,yes,61936.62,YES,HIT
2026-09-15T05:34:02+00:00,MLB,KXMLBGAME-26SEP142040SDCOL-SD,San Diego,yes,1894.73,YES,HIT
2026-09-15T05:34:02+00:00,MLB,KXMLBGAME-26SEP142040SDCOL-SD,San Diego,yes,2792.74,YES,HIT
2026-09-15T05:34:02+00:00,MLB,KXMLBGAME-26SEP142040SDCOL-SD,San Diego,yes,1108.19,YES,HIT
2026-09-15T05:34:02+00:00,MLB,KXMLBGAME-26SEP142040SDCOL-SD,San Diego,yes,1474.59,YES,HIT
2026-09-15T05:34:02+00:00,MLB,KXMLBGAME-26SEP142040SDCOL-SD,San Diego,yes,3151.4,YES,HIT
2026-09-15T05:34:02+00:00,MLB,KXMLBGAME-26SEP142040SDCOL-SD,San Diego,yes,1865.07,YES,HIT
2026-09-15T05:34:02+00:00,MLB,KXMLBGAME-26SEP142040SDCOL-SD,San Diego,yes,3472.99,YES,HIT
2026-09-15T05:34:02+00:00,MLB,KXMLBGAME-26SEP142040SDCOL-SD,San Diego,yes,1838.97,YES,HIT
2026-09-15T05:34:02+00:00,MLB,KXMLBGAME-26SEP142040SDCOL-SD,San Diego,yes,1090.47,YES,HIT
2026-09-15T05:34:02+00:00,MLB,KXMLBGAME-26SEP142040SDCOL-SD,San Diego,yes,3057.8,YES,HIT
2026-09-15T05:34:02+00:00,MLB,KXMLBGAME-26SEP142040SDCOL-SD,San Diego,yes,1069.21,YES,HIT
2026-09-15T05:34:02+00:00,MLB,KXMLBGAME-26SEP142040SDCOL-SD,San Diego,yes,9370.48,YES,HIT
2026-09-15T05:34:02+00:00,MLB,KXMLBGAME-26SEP142040SDCOL-SD,San Diego,yes,3267.18,YES,HIT
2026-09-15T05:34:02+00:00,MLB,KXMLBGAME-26SEP142040SDCOL-SD,San Diego,yes,14530.65,YES,HIT
2026-09-15T05:34:02+00:00,MLB,KXMLBGAME-26SEP142040SDCOL-SD,San Diego,yes,4959.94,YES,HIT
2026-09-15T05:34:02+00:00,MLB,KXMLBGAME-26SEP142040SDCOL-SD,San Diego,no,17657.64,YES,MISS
2026-09-15T05:34:02+00:00,MLB,KXMLBGAME-26SEP142040SDCOL-SD,San Diego,no,2475.0,YES,MISS
2026-09-15T05:34:02+00:00,MLB,KXMLBGAME-26SEP142040SDCOL-SD,San Diego,no,2741.04,YES,MISS
2026-09-15T05:34:02+00:00,MLB,KXMLBGAME-26SEP142040SDCOL-SD,San Diego,no,1066.84,YES,MISS
2026-09-15T05:34:02+00:00,MLB,KXMLBGAME-26SEP142040SDCOL-SD,San Diego,no,1945.82,YES,MISS
2026-09-15T05:34:02+00:00,MLB,KXMLBGAME-26SEP142040SDCOL-SD,San Diego,no,3721.17,YES,MISS
2026-09-15T05:34:02+00:00,MLB,KXMLBGAME-26SEP142040SDCOL-SD,San Diego,yes,711025.1,YES,HIT
2026-09-15T05:34:02+00:00,MLB,KXMLBGAME-26SEP142040SDCOL-SD,San Diego,no,1201.13,YES,MISS
2026-09-15T05:34:02+00:00,MLB,KXMLBGAME-26SEP142040SDCOL-SD,San Diego,no,38849.46,YES,MISS
2026-09-15T05:34:02+00:00,MLB,KXMLBGAME-26SEP142140MIAAZ-AZ,Arizona,yes,3937.97,YES,HIT
2026-09-15T05:34:02+00:00,MLB,KXMLBGAME-26SEP142140MIAAZ-AZ,Arizona,yes,2468.11,YES,HIT
2026-09-15T05:34:02+00:00,MLB,KXMLBGAME-26SEP142140MIAAZ-AZ,Arizona,yes,3373.19,YES,HIT
2026-09-15T05:34:02+00:00,MLB,KXMLBGAME-26SEP142140MIAAZ-AZ,Arizona,yes,1119.99,YES,HIT
2026-09-15T05:34:02+00:00,MLB,KXMLBGAME-26SEP142140MIAAZ-AZ,Arizona,yes,1557.45,YES,HIT
2026-09-15T05:34:02+00:00,MLB,KXMLBGAME-26SEP142140MIAAZ-AZ,Arizona,yes,2461.23,YES,HIT
2026-09-15T05:34:02+00:00,MLB,KXMLBGAME-26SEP142140MIAAZ-AZ,Arizona,yes,1426.97,YES,HIT
2026-09-15T05:34:02+00:00,MLB,KXMLBGAME-26SEP142140MIAAZ-AZ,Arizona,yes,3700.55,YES,HIT
2026-09-15T05:34:02+00:00,MLB,KXMLBGAME-26SEP142140MIAAZ-AZ,Arizona,yes,1218.13,YES,HIT
2026-09-15T05:34:02+00:00,MLB,KXMLBGAME-26SEP142140MIAAZ-AZ,Arizona,yes,12311.63,YES,HIT
2026-09-15T05:34:02+00:00,MLB,KXMLBGAME-26SEP142140MIAAZ-AZ,Arizona,yes,1713.12,YES,HIT
2026-09-15T05:34:02+00:00,MLB,KXMLBGAME-26SEP142140MIAAZ-AZ,Arizona,yes,25861.06,YES,HIT
2026-09-15T05:34:02+00:00,MLB,KXMLBGAME-26SEP142140MIAAZ-AZ,Arizona,yes,458621.47,YES,HIT
2026-09-15T05:34:02+00:00,MLB,KXMLBGAME-26SEP142140MIAAZ-AZ,Arizona,no,5937.02,YES,MISS
2026-09-15T05:34:02+00:00,MLB,KXMLBGAME-26SEP142140MIAAZ-AZ,Arizona,no,149178.6,YES,MISS
2026-09-15T05:34:02+00:00,MLB,KXMLBGAME-26SEP142140MIAAZ-MIA,Miami,yes,1081.06,NO,MISS
2026-09-15T05:34:02+00:00,MLB,KXMLBGAME-26SEP142140MIAAZ-MIA,Miami,yes,1057.3,NO,MISS
2026-09-15T05:34:02+00:00,MLB,KXMLBGAME-26SEP142140MIAAZ-MIA,Miami,yes,1422.52,NO,MISS
2026-09-15T05:34:02+00:00,MLB,KXMLBGAME-26SEP142140MIAAZ-MIA,Miami,yes,19174.41,NO,MISS
2026-09-15T05:34:02+00:00,MLB,KXMLBGAME-26SEP142140MIAAZ-MIA,Miami,no,2944.82,NO,HIT
2026-09-15T05:34:02+00:00,MLB,KXMLBGAME-26SEP142140MIAAZ-MIA,Miami,no,8318.89,NO,HIT
2026-09-15T05:34:02+00:00,MLB,KXMLBGAME-26SEP142140MIAAZ-MIA,Miami,no,27814.51,NO,HIT
2026-09-15T05:34:02+00:00,MLB,KXMLBGAME-26SEP142138SEALAA-LAA,Los Angeles A,yes,2155.12,YES,HIT
2026-09-15T05:34:02+00:00,MLB,KXMLBGAME-26SEP142138SEALAA-LAA,Los Angeles A,no,4080.0,YES,MISS
2026-09-15T05:34:02+00:00,MLB,KXMLBGAME-26SEP142138SEALAA-LAA,Los Angeles A,yes,1169.85,YES,HIT
2026-09-15T05:34:02+00:00,MLB,KXMLBGAME-26SEP142138SEALAA-LAA,Los Angeles A,yes,2697.8,YES,HIT
2026-09-15T05:34:02+00:00,MLB,KXMLBGAME-26SEP142138SEALAA-LAA,Los Angeles A,yes,2058.61,YES,HIT
2026-09-15T05:34:02+00:00,MLB,KXMLBGAME-26SEP142138SEALAA-LAA,Los Angeles A,yes,1205.63,YES,HIT
2026-09-15T05:34:02+00:00,MLB,KXMLBGAME-26SEP142138SEALAA-LAA,Los Angeles A,yes,1391.66,YES,HIT
2026-09-15T05:34:02+00:00,MLB,KXMLBGAME-26SEP142138SEALAA-LAA,Los Angeles A,yes,3811.26,YES,HIT
2026-09-15T05:34:02+00:00,MLB,KXMLBGAME-26SEP142138SEALAA-LAA,Los Angeles A,yes,4909.58,YES,HIT
2026-09-15T05:34:02+00:00,MLB,KXMLBGAME-26SEP142138SEALAA-LAA,Los Angeles A,yes,21088.42,YES,HIT
2026-09-15T05:34:02+00:00,MLB,KXMLBGAME-26SEP142138SEALAA-LAA,Los Angeles A,no,11113.77,YES,MISS
2026-09-15T05:34:02+00:00,MLB,KXMLBGAME-26SEP142138SEALAA-LAA,Los Angeles A,no,6289.7,YES,MISS
2026-09-15T05:34:02+00:00,MLB,KXMLBGAME-26SEP142138SEALAA-LAA,Los Angeles A,no,27815.7,YES,MISS
2026-09-15T05:34:02+00:00,MLB,KXMLBGAME-26SEP142138SEALAA-SEA,Seattle,yes,1092.03,NO,MISS
2026-09-15T05:34:02+00:00,MLB,KXMLBGAME-26SEP142138SEALAA-SEA,Seattle,yes,1497.33,NO,MISS
2026-09-15T05:34:02+00:00,MLB,KXMLBGAME-26SEP142138SEALAA-SEA,Seattle,yes,4855.3,NO,MISS
2026-09-15T05:34:02+00:00,MLB,KXMLBGAME-26SEP142138SEALAA-SEA,Seattle,yes,2628.63,NO,MISS
2026-09-15T05:34:02+00:00,MLB,KXMLBGAME-26SEP142138SEALAA-SEA,Seattle,yes,20467.07,NO,MISS
2026-09-15T05:34:02+00:00,MLB,KXMLBGAME-26SEP142138SEALAA-SEA,Seattle,yes,225423.0,NO,MISS
2026-09-15T05:34:02+00:00,MLB,KXMLBGAME-26SEP142138SEALAA-SEA,Seattle,no,247304.99,NO,HIT
2026-09-15T11:34:02+00:00,WEATHER,KXHIGHNY-26SEP14-T81,New York City 82° or above,no,725.16,NO,HIT
2026-09-15T11:34:02+00:00,WEATHER,KXHIGHNY-26SEP14-B80.5,New York City 80° to 81°,no,305.62,NO,HIT
2026-09-15T11:34:02+00:00,WEATHER,KXHIGHNY-26SEP14-B74.5,New York City 74° to 75°,yes,491.0,YES,HIT
2026-09-15T11:34:02+00:00,WEATHER,KXHIGHNY-26SEP14-B74.5,New York City 74° to 75°,yes,710.59,YES,HIT
2026-09-15T11:34:02+00:00,WEATHER,KXHIGHNY-26SEP14-B74.5,New York City 74° to 75°,no,285.72,YES,MISS
2026-09-15T11:34:02+00:00,WEATHER,KXHIGHNY-26SEP14-B74.5,New York City 74° to 75°,yes,376.26,YES,HIT
2026-09-15T11:34:02+00:00,WEATHER,KXHIGHNY-26SEP14-B74.5,New York City 74° to 75°,yes,498.12,YES,HIT
2026-09-15T11:34:02+00:00,WEATHER,KXHIGHNY-26SEP14-B74.5,New York City 74° to 75°,yes,329.45,YES,HIT
2026-09-15T11:34:02+00:00,WEATHER,KXHIGHNY-26SEP14-B74.5,New York City 74° to 75°,yes,302.84,YES,HIT
2026-09-15T11:34:02+00:00,WEATHER,KXHIGHNY-26SEP14-B74.5,New York City 74° to 75°,yes,704.65,YES,HIT
2026-09-15T11:34:02+00:00,WEATHER,KXHIGHNY-26SEP14-B74.5,New York City 74° to 75°,yes,306.08,YES,HIT
2026-09-15T11:34:02+00:00,WEATHER,KXHIGHNY-26SEP14-B74.5,New York City 74° to 75°,yes,657.43,YES,HIT
2026-09-15T11:34:02+00:00,WEATHER,KXHIGHNY-26SEP14-B74.5,New York City 74° to 75°,yes,266.37,YES,HIT
2026-09-15T11:34:02+00:00,WEATHER,KXHIGHNY-26SEP14-B74.5,New York City 74° to 75°,yes,731.24,YES,HIT
2026-09-15T11:34:02+00:00,WEATHER,KXHIGHNY-26SEP14-B74.5,New York City 74° to 75°,yes,383.58,YES,HIT
2026-09-15T11:34:02+00:00,WEATHER,KXHIGHNY-26SEP14-B74.5,New York City 74° to 75°,yes,566.05,YES,HIT
2026-09-15T11:34:02+00:00,WEATHER,KXHIGHNY-26SEP14-B74.5,New York City 74° to 75°,yes,2653.55,YES,HIT
2026-09-15T11:34:02+00:00,WEATHER,KXHIGHNY-26SEP14-B74.5,New York City 74° to 75°,yes,1712.05,YES,HIT
2026-09-15T11:34:02+00:00,WEATHER,KXHIGHNY-26SEP14-B78.5,New York City 78° to 79°,no,569.88,NO,HIT
2026-09-15T11:34:02+00:00,WEATHER,KXHIGHNY-26SEP14-B78.5,New York City 78° to 79°,no,920.98,NO,HIT
2026-09-15T11:34:02+00:00,WEATHER,KXHIGHNY-26SEP14-B78.5,New York City 78° to 79°,no,300.11,NO,HIT
2026-09-15T11:34:02+00:00,WEATHER,KXHIGHNY-26SEP14-B78.5,New York City 78° to 79°,no,498.19,NO,HIT
2026-09-15T11:34:02+00:00,WEATHER,KXHIGHNY-26SEP14-T74,New York City 73° or below,yes,521.31,NO,MISS
2026-09-15T11:34:02+00:00,WEATHER,KXHIGHNY-26SEP14-T74,New York City 73° or below,no,2567.8,NO,HIT
2026-09-15T11:34:02+00:00,WEATHER,KXHIGHPHIL-26SEP14-B74.5,Philadelphia 74° to 75°,no,292.7,NO,HIT
2026-09-15T11:34:02+00:00,WEATHER,KXHIGHTATL-26SEP14-B96.5,Atlanta 96° to 97°,no,518.6,NO,HIT
2026-09-15T11:34:02+00:00,WEATHER,KXHIGHPHIL-26SEP14-B76.5,Philadelphia 76° to 77°,yes,285.55,NO,MISS
2026-09-15T11:34:02+00:00,WEATHER,KXHIGHPHIL-26SEP14-B76.5,Philadelphia 76° to 77°,no,1174.6,NO,HIT
2026-09-15T11:34:02+00:00,WEATHER,KXHIGHTDC-26SEP14-B78.5,Washington DC 78° to 79°,no,319.97,NO,HIT
2026-09-15T11:34:02+00:00,WEATHER,KXHIGHTDC-26SEP14-B78.5,Washington DC 78° to 79°,no,362.37,NO,HIT
2026-09-15T11:34:02+00:00,WEATHER,KXHIGHTBOS-26SEP14-T70,Boston 69° or below,no,259.08,NO,HIT
2026-09-15T11:34:02+00:00,WEATHER,KXHIGHTBOS-26SEP14-T77,Boston 78° or above,no,260.24,NO,HIT
2026-09-15T11:34:02+00:00,WEATHER,KXHIGHTBOS-26SEP14-B76.5,Boston 76° to 77°,no,266.68,NO,HIT
2026-09-15T11:34:02+00:00,WEATHER,KXHIGHTBOS-26SEP14-B76.5,Boston 76° to 77°,no,308.38,NO,HIT
2026-09-15T11:34:02+00:00,WEATHER,KXHIGHTBOS-26SEP14-B72.5,Boston 72° to 73°,yes,258.25,NO,MISS
2026-09-15T11:34:02+00:00,WEATHER,KXHIGHTBOS-26SEP14-B72.5,Boston 72° to 73°,no,255.93,NO,HIT
2026-09-15T11:34:02+00:00,WEATHER,KXHIGHTBOS-26SEP14-B72.5,Boston 72° to 73°,no,903.99,NO,HIT
2026-09-15T11:34:02+00:00,WEATHER,KXHIGHTDC-26SEP14-B82.5,Washington DC 82° to 83°,yes,257.87,NO,MISS
2026-09-15T11:34:02+00:00,WEATHER,KXHIGHTDC-26SEP14-B82.5,Washington DC 82° to 83°,no,575.64,NO,HIT
2026-09-15T11:34:02+00:00,WEATHER,KXHIGHTDC-26SEP14-B82.5,Washington DC 82° to 83°,no,451.71,NO,HIT
2026-09-15T11:34:02+00:00,WEATHER,KXHIGHTBOS-26SEP14-B70.5,Boston 70° to 71°,no,269.5,NO,HIT
2026-09-15T11:34:02+00:00,WEATHER,KXHIGHTBOS-26SEP14-B70.5,Boston 70° to 71°,no,272.25,NO,HIT
2026-09-15T11:34:02+00:00,WEATHER,KXHIGHMIA-26SEP14-B88.5,Miami 88° to 89°,no,291.24,NO,HIT
2026-09-15T11:34:02+00:00,WEATHER,KXHIGHMIA-26SEP14-B88.5,Miami 88° to 89°,no,978.32,NO,HIT
2026-09-15T11:34:02+00:00,WEATHER,KXHIGHMIA-26SEP14-B88.5,Miami 88° to 89°,yes,267.2,NO,MISS
2026-09-15T11:34:02+00:00,WEATHER,KXHIGHMIA-26SEP14-B88.5,Miami 88° to 89°,yes,257.12,NO,MISS
2026-09-15T11:34:02+00:00,WEATHER,KXHIGHMIA-26SEP14-B88.5,Miami 88° to 89°,yes,628.97,NO,MISS
2026-09-15T11:34:02+00:00,WEATHER,KXHIGHMIA-26SEP14-B88.5,Miami 88° to 89°,yes,508.27,NO,MISS
2026-09-15T11:34:02+00:00,WEATHER,KXHIGHMIA-26SEP14-B88.5,Miami 88° to 89°,yes,866.49,NO,MISS
2026-09-15T11:34:02+00:00,WEATHER,KXHIGHMIA-26SEP14-B88.5,Miami 88° to 89°,no,864.88,NO,HIT
2026-09-15T11:34:02+00:00,WEATHER,KXHIGHMIA-26SEP14-B88.5,Miami 88° to 89°,no,303.34,NO,HIT
2026-09-15T11:34:02+00:00,WEATHER,KXHIGHMIA-26SEP14-B88.5,Miami 88° to 89°,no,679.71,NO,HIT
2026-09-15T11:34:02+00:00,WEATHER,KXHIGHMIA-26SEP14-B88.5,Miami 88° to 89°,no,294.2,NO,HIT
2026-09-15T11:34:02+00:00,WEATHER,KXHIGHMIA-26SEP14-B88.5,Miami 88° to 89°,no,297.84,NO,HIT
2026-09-15T11:34:02+00:00,WEATHER,KXHIGHMIA-26SEP14-B88.5,Miami 88° to 89°,no,414.88,NO,HIT
2026-09-15T11:34:02+00:00,WEATHER,KXHIGHMIA-26SEP14-B88.5,Miami 88° to 89°,yes,3834.44,NO,MISS
2026-09-15T11:34:02+00:00,WEATHER,KXHIGHMIA-26SEP14-B88.5,Miami 88° to 89°,yes,441.81,NO,MISS
2026-09-15T11:34:02+00:00,WEATHER,KXHIGHMIA-26SEP14-B88.5,Miami 88° to 89°,yes,1678.51,NO,MISS
2026-09-15T11:34:02+00:00,WEATHER,KXHIGHMIA-26SEP14-B88.5,Miami 88° to 89°,yes,684.68,NO,MISS
2026-09-15T11:34:02+00:00,WEATHER,KXHIGHMIA-26SEP14-B88.5,Miami 88° to 89°,yes,1003.48,NO,MISS
2026-09-15T11:34:02+00:00,WEATHER,KXHIGHMIA-26SEP14-B88.5,Miami 88° to 89°,yes,267.72,NO,MISS
2026-09-15T11:34:02+00:00,WEATHER,KXHIGHMIA-26SEP14-B88.5,Miami 88° to 89°,yes,684.53,NO,MISS
2026-09-15T11:34:02+00:00,WEATHER,KXHIGHMIA-26SEP14-B88.5,Miami 88° to 89°,no,521.67,NO,HIT
2026-09-15T11:34:02+00:00,WEATHER,KXHIGHMIA-26SEP14-B88.5,Miami 88° to 89°,no,316.9,NO,HIT
2026-09-15T11:34:02+00:00,WEATHER,KXHIGHMIA-26SEP14-B88.5,Miami 88° to 89°,no,550.34,NO,HIT
2026-09-15T11:34:02+00:00,WEATHER,KXHIGHMIA-26SEP14-B88.5,Miami 88° to 89°,no,454.03,NO,HIT
2026-09-15T11:34:02+00:00,WEATHER,KXHIGHMIA-26SEP14-B88.5,Miami 88° to 89°,no,2817.54,NO,HIT
2026-09-15T11:34:02+00:00,WEATHER,KXHIGHMIA-26SEP14-B88.5,Miami 88° to 89°,no,627.13,NO,HIT
2026-09-15T11:34:02+00:00,WEATHER,KXHIGHMIA-26SEP14-B88.5,Miami 88° to 89°,no,324.17,NO,HIT
2026-09-15T11:34:02+00:00,WEATHER,KXHIGHMIA-26SEP14-B88.5,Miami 88° to 89°,no,758.45,NO,HIT
2026-09-15T11:34:02+00:00,WEATHER,KXHIGHMIA-26SEP14-B88.5,Miami 88° to 89°,no,1569.02,NO,HIT
2026-09-15T11:34:02+00:00,WEATHER,KXHIGHMIA-26SEP14-B88.5,Miami 88° to 89°,yes,253.4,NO,MISS
2026-09-15T11:34:02+00:00,WEATHER,KXHIGHNY-26SEP14-B76.5,New York City 76° to 77°,no,250.65,NO,HIT
2026-09-15T11:34:02+00:00,WEATHER,KXHIGHNY-26SEP14-B76.5,New York City 76° to 77°,no,275.89,NO,HIT
2026-09-15T11:34:02+00:00,WEATHER,KXHIGHNY-26SEP14-B76.5,New York City 76° to 77°,no,340.94,NO,HIT
2026-09-15T11:34:02+00:00,WEATHER,KXHIGHNY-26SEP14-B76.5,New York City 76° to 77°,no,347.82,NO,HIT
2026-09-15T11:34:02+00:00,WEATHER,KXHIGHNY-26SEP14-B76.5,New York City 76° to 77°,no,2387.04,NO,HIT
2026-09-15T11:34:02+00:00,WEATHER,KXHIGHNY-26SEP14-B76.5,New York City 76° to 77°,no,1780.32,NO,HIT
2026-09-15T11:34:02+00:00,WEATHER,KXHIGHNY-26SEP14-B76.5,New York City 76° to 77°,no,1092.2,NO,HIT
2026-09-15T11:34:02+00:00,WEATHER,KXHIGHNY-26SEP14-B76.5,New York City 76° to 77°,no,1112.26,NO,HIT
2026-09-15T11:34:02+00:00,WEATHER,KXHIGHNY-26SEP14-B76.5,New York City 76° to 77°,no,2651.82,NO,HIT
2026-09-15T11:34:02+00:00,WEATHER,KXHIGHNY-26SEP14-B76.5,New York City 76° to 77°,no,1080.98,NO,HIT
2026-09-15T11:34:02+00:00,WEATHER,KXHIGHMIA-26SEP14-T93,Miami 94° or above,no,388.68,NO,HIT
2026-09-15T11:34:02+00:00,WEATHER,KXHIGHMIA-26SEP14-B92.5,Miami 92° to 93°,yes,251.82,NO,MISS
2026-09-15T11:34:02+00:00,WEATHER,KXHIGHMIA-26SEP14-B92.5,Miami 92° to 93°,no,283.16,NO,HIT
2026-09-15T11:34:02+00:00,WEATHER,KXHIGHMIA-26SEP14-B92.5,Miami 92° to 93°,no,618.86,NO,HIT
2026-09-15T11:34:02+00:00,WEATHER,KXHIGHMIA-26SEP14-B92.5,Miami 92° to 93°,no,810.46,NO,HIT
2026-09-15T11:34:02+00:00,WEATHER,KXHIGHMIA-26SEP14-B92.5,Miami 92° to 93°,yes,594.72,NO,MISS
2026-09-15T11:34:02+00:00,WEATHER,KXHIGHMIA-26SEP14-B92.5,Miami 92° to 93°,no,1212.72,NO,HIT
2026-09-15T11:34:02+00:00,WEATHER,KXHIGHMIA-26SEP14-B92.5,Miami 92° to 93°,no,1266.76,NO,HIT
2026-09-15T11:34:02+00:00,WEATHER,KXHIGHMIA-26SEP14-B92.5,Miami 92° to 93°,no,250.43,NO,HIT
2026-09-15T11:34:02+00:00,WEATHER,KXHIGHMIA-26SEP14-B92.5,Miami 92° to 93°,no,523.62,NO,HIT
2026-09-15T11:34:02+00:00,WEATHER,KXHIGHMIA-26SEP14-B92.5,Miami 92° to 93°,no,2245.68,NO,HIT
2026-09-15T11:34:02+00:00,WEATHER,KXHIGHMIA-26SEP14-B90.5,Miami 90° to 91°,yes,619.94,YES,HIT
2026-09-15T11:34:02+00:00,WEATHER,KXHIGHMIA-26SEP14-B90.5,Miami 90° to 91°,yes,261.88,YES,HIT
2026-09-15T11:34:02+00:00,WEATHER,KXHIGHMIA-26SEP14-B90.5,Miami 90° to 91°,yes,448.65,YES,HIT
2026-09-15T11:34:02+00:00,WEATHER,KXHIGHMIA-26SEP14-B90.5,Miami 90° to 91°,no,354.97,YES,MISS
2026-09-15T11:34:02+00:00,WEATHER,KXHIGHMIA-26SEP14-B90.5,Miami 90° to 91°,yes,360.32,YES,HIT
2026-09-15T11:34:02+00:00,WEATHER,KXHIGHMIA-26SEP14-B90.5,Miami 90° to 91°,yes,294.17,YES,HIT
2026-09-15T11:34:02+00:00,WEATHER,KXHIGHMIA-26SEP14-B90.5,Miami 90° to 91°,yes,383.58,YES,HIT
2026-09-15T11:34:02+00:00,WEATHER,KXHIGHMIA-26SEP14-B90.5,Miami 90° to 91°,yes,1091.8,YES,HIT
2026-09-15T11:34:02+00:00,WEATHER,KXHIGHMIA-26SEP14-B90.5,Miami 90° to 91°,yes,811.72,YES,HIT
2026-09-15T11:34:02+00:00,WEATHER,KXHIGHMIA-26SEP14-B90.5,Miami 90° to 91°,no,1503.97,YES,MISS
2026-09-15T11:34:02+00:00,WEATHER,KXHIGHMIA-26SEP14-B90.5,Miami 90° to 91°,no,366.24,YES,MISS
2026-09-15T11:34:02+00:00,WEATHER,KXHIGHMIA-26SEP14-B90.5,Miami 90° to 91°,yes,574.36,YES,HIT
2026-09-15T11:34:02+00:00,WEATHER,KXHIGHMIA-26SEP14-B90.5,Miami 90° to 91°,yes,332.94,YES,HIT
2026-09-15T11:34:02+00:00,WEATHER,KXHIGHMIA-26SEP14-B90.5,Miami 90° to 91°,yes,2205.54,YES,HIT
2026-09-15T11:34:02+00:00,WEATHER,KXHIGHPHIL-26SEP14-B80.5,Philadelphia 80° to 81°,no,311.86,NO,HIT
2026-09-15T11:34:02+00:00,WEATHER,KXHIGHPHIL-26SEP14-B78.5,Philadelphia 78° to 79°,yes,313.0,YES,HIT
2026-09-15T11:34:02+00:00,WEATHER,KXHIGHPHIL-26SEP14-B78.5,Philadelphia 78° to 79°,yes,569.09,YES,HIT
2026-09-15T11:34:02+00:00,WEATHER,KXHIGHTATL-26SEP14-B94.5,Atlanta 94° to 95°,no,391.95,NO,HIT
2026-09-15T11:34:02+00:00,WEATHER,KXHIGHTATL-26SEP14-B94.5,Atlanta 94° to 95°,no,336.55,NO,HIT
2026-09-15T11:34:02+00:00,WEATHER,KXHIGHTATL-26SEP14-B94.5,Atlanta 94° to 95°,no,286.46,NO,HIT
2026-09-15T11:34:02+00:00,WEATHER,KXHIGHTATL-26SEP14-B94.5,Atlanta 94° to 95°,no,349.15,NO,HIT
2026-09-15T11:34:02+00:00,WEATHER,KXHIGHTATL-26SEP14-B94.5,Atlanta 94° to 95°,no,386.64,NO,HIT
2026-09-15T11:34:02+00:00,WEATHER,KXHIGHTATL-26SEP14-B92.5,Atlanta 92° to 93°,yes,361.94,YES,HIT
2026-09-15T11:34:02+00:00,WEATHER,KXHIGHTATL-26SEP14-B92.5,Atlanta 92° to 93°,yes,811.59,YES,HIT
2026-09-15T11:34:02+00:00,WEATHER,KXHIGHTBOS-26SEP14-B74.5,Boston 74° to 75°,yes,519.7,YES,HIT
2026-09-15T11:34:02+00:00,WEATHER,KXHIGHTDC-26SEP14-B80.5,Washington DC 80° to 81°,yes,527.41,YES,HIT
2026-09-15T11:34:02+00:00,WEATHER,KXHIGHTDC-26SEP14-B80.5,Washington DC 80° to 81°,yes,457.51,YES,HIT
2026-09-15T11:34:02+00:00,WEATHER,KXHIGHTDC-26SEP14-B80.5,Washington DC 80° to 81°,yes,252.57,YES,HIT
2026-09-15T12:51:55+00:00,WEATHER,KXHIGHCHI-26SEP14-T79,Chicago 80° or above,no,305.53,NO,HIT
2026-09-15T12:51:55+00:00,WEATHER,KXHIGHAUS-26SEP14-T104,Austin 105° or above,no,305.63,NO,HIT
2026-09-15T12:51:55+00:00,WEATHER,KXHIGHTHOU-26SEP14-T91,Houston 90° or below,no,426.24,NO,HIT
2026-09-15T12:51:55+00:00,WEATHER,KXHIGHTMIN-26SEP14-B70.5,Minneapolis 70° to 71°,no,349.2,NO,HIT
2026-09-15T12:51:55+00:00,WEATHER,KXHIGHAUS-26SEP14-B97.5,Austin 97° to 98°,no,703.3,NO,HIT
2026-09-15T12:51:55+00:00,WEATHER,KXHIGHCHI-26SEP14-B76.5,Chicago 76° to 77°,yes,389.96,NO,MISS
2026-09-15T12:51:55+00:00,WEATHER,KXHIGHCHI-26SEP14-B76.5,Chicago 76° to 77°,no,281.61,NO,HIT
2026-09-15T12:51:55+00:00,WEATHER,KXHIGHCHI-26SEP14-B76.5,Chicago 76° to 77°,no,276.79,NO,HIT
2026-09-15T12:51:55+00:00,WEATHER,KXHIGHCHI-26SEP14-B76.5,Chicago 76° to 77°,no,431.83,NO,HIT
2026-09-15T12:51:55+00:00,WEATHER,KXHIGHTDAL-26SEP14-B102.5,Dallas 102° to 103°,no,323.45,NO,HIT
2026-09-15T12:51:55+00:00,WEATHER,KXHIGHTDAL-26SEP14-B100.5,Dallas 100° to 101°,no,492.43,YES,MISS
2026-09-15T12:51:55+00:00,WEATHER,KXHIGHTDAL-26SEP14-B100.5,Dallas 100° to 101°,yes,986.35,YES,HIT
2026-09-15T12:51:55+00:00,WEATHER,KXHIGHTDAL-26SEP14-B100.5,Dallas 100° to 101°,yes,659.47,YES,HIT
2026-09-15T12:51:55+00:00,WEATHER,KXHIGHAUS-26SEP14-T97,Austin 96° or below,no,305.63,NO,HIT
2026-09-15T12:51:55+00:00,WEATHER,KXHIGHCHI-26SEP14-B74.5,Chicago 74° to 75°,yes,512.97,NO,MISS
2026-09-15T12:51:55+00:00,WEATHER,KXHIGHCHI-26SEP14-B74.5,Chicago 74° to 75°,no,413.65,NO,HIT
2026-09-15T12:51:55+00:00,WEATHER,KXHIGHCHI-26SEP14-B74.5,Chicago 74° to 75°,no,387.13,NO,HIT
2026-09-15T12:51:55+00:00,WEATHER,KXHIGHCHI-26SEP14-B74.5,Chicago 74° to 75°,no,599.14,NO,HIT
2026-09-15T12:51:55+00:00,WEATHER,KXHIGHCHI-26SEP14-B74.5,Chicago 74° to 75°,no,725.08,NO,HIT
2026-09-15T12:51:55+00:00,WEATHER,KXHIGHCHI-26SEP14-B74.5,Chicago 74° to 75°,no,597.46,NO,HIT
2026-09-15T12:51:55+00:00,WEATHER,KXHIGHCHI-26SEP14-B74.5,Chicago 74° to 75°,no,284.93,NO,HIT
2026-09-15T12:51:55+00:00,WEATHER,KXHIGHCHI-26SEP14-B74.5,Chicago 74° to 75°,no,554.29,NO,HIT
2026-09-15T12:51:55+00:00,WEATHER,KXHIGHCHI-26SEP14-B74.5,Chicago 74° to 75°,no,299.73,NO,HIT
2026-09-15T12:51:55+00:00,WEATHER,KXHIGHCHI-26SEP14-B74.5,Chicago 74° to 75°,no,579.6,NO,HIT
2026-09-15T12:51:55+00:00,WEATHER,KXHIGHTMIN-26SEP14-B66.5,Minneapolis 66° to 67°,no,835.81,NO,HIT
2026-09-15T12:51:55+00:00,WEATHER,KXHIGHTMIN-26SEP14-B66.5,Minneapolis 66° to 67°,no,299.14,NO,HIT
2026-09-15T12:51:55+00:00,WEATHER,KXHIGHTMIN-26SEP14-B66.5,Minneapolis 66° to 67°,no,824.95,NO,HIT
2026-09-15T12:51:55+00:00,WEATHER,KXHIGHTMIN-26SEP14-B66.5,Minneapolis 66° to 67°,no,358.54,NO,HIT
2026-09-15T12:51:55+00:00,WEATHER,KXHIGHTMIN-26SEP14-B66.5,Minneapolis 66° to 67°,no,408.24,NO,HIT
2026-09-15T12:51:55+00:00,WEATHER,KXHIGHTMIN-26SEP14-B66.5,Minneapolis 66° to 67°,no,718.2,NO,HIT
2026-09-15T12:51:55+00:00,WEATHER,KXHIGHTDAL-26SEP14-T98,Dallas 97° or below,no,690.13,NO,HIT
2026-09-15T12:51:55+00:00,WEATHER,KXHIGHCHI-26SEP14-B78.5,Chicago 78° to 79°,no,252.45,NO,HIT
2026-09-15T12:51:55+00:00,WEATHER,KXHIGHTHOU-26SEP14-B97.5,Houston 97° to 98°,no,577.67,NO,HIT
2026-09-15T12:51:55+00:00,WEATHER,KXHIGHCHI-26SEP14-B72.5,Chicago 72° to 73°,yes,332.74,YES,HIT
2026-09-15T12:51:55+00:00,WEATHER,KXHIGHCHI-26SEP14-B72.5,Chicago 72° to 73°,yes,333.61,YES,HIT
2026-09-15T12:51:55+00:00,WEATHER,KXHIGHCHI-26SEP14-B72.5,Chicago 72° to 73°,yes,896.34,YES,HIT
2026-09-15T12:51:55+00:00,WEATHER,KXHIGHCHI-26SEP14-B72.5,Chicago 72° to 73°,yes,496.05,YES,HIT
2026-09-15T12:51:55+00:00,WEATHER,KXHIGHCHI-26SEP14-B72.5,Chicago 72° to 73°,yes,338.52,YES,HIT
2026-09-15T12:51:55+00:00,WEATHER,KXHIGHCHI-26SEP14-B72.5,Chicago 72° to 73°,yes,268.39,YES,HIT
2026-09-15T12:51:55+00:00,WEATHER,KXHIGHCHI-26SEP14-B72.5,Chicago 72° to 73°,yes,2432.94,YES,HIT
2026-09-15T12:51:55+00:00,WEATHER,KXHIGHCHI-26SEP14-B72.5,Chicago 72° to 73°,yes,1314.77,YES,HIT
2026-09-15T12:51:55+00:00,WEATHER,KXHIGHCHI-26SEP14-B72.5,Chicago 72° to 73°,yes,328.67,YES,HIT
2026-09-15T12:51:55+00:00,WEATHER,KXHIGHCHI-26SEP14-B72.5,Chicago 72° to 73°,yes,573.35,YES,HIT
2026-09-15T12:51:55+00:00,WEATHER,KXHIGHCHI-26SEP14-B72.5,Chicago 72° to 73°,yes,416.93,YES,HIT
2026-09-15T12:51:55+00:00,WEATHER,KXHIGHTHOU-26SEP14-B91.5,Houston 91° to 92°,no,302.68,NO,HIT
2026-09-15T12:51:55+00:00,WEATHER,KXHIGHTOKC-26SEP14-B97.5,Oklahoma City 97° to 98°,no,299.51,NO,HIT
2026-09-15T12:51:55+00:00,WEATHER,KXHIGHTOKC-26SEP14-B97.5,Oklahoma City 97° to 98°,no,481.73,NO,HIT
2026-09-15T12:51:55+00:00,WEATHER,KXHIGHCHI-26SEP14-T72,Chicago 71° or below,no,378.08,NO,HIT
2026-09-15T12:51:55+00:00,WEATHER,KXHIGHCHI-26SEP14-T72,Chicago 71° or below,no,804.36,NO,HIT
2026-09-15T12:51:55+00:00,WEATHER,KXHIGHCHI-26SEP14-T72,Chicago 71° or below,no,338.45,NO,HIT
2026-09-15T12:51:55+00:00,WEATHER,KXHIGHCHI-26SEP14-T72,Chicago 71° or below,no,729.84,NO,HIT
2026-09-15T12:51:55+00:00,WEATHER,KXHIGHCHI-26SEP14-T72,Chicago 71° or below,no,270.98,NO,HIT
2026-09-15T12:51:55+00:00,WEATHER,KXHIGHCHI-26SEP14-T72,Chicago 71° or below,yes,497.33,NO,MISS
2026-09-15T12:51:55+00:00,WEATHER,KXHIGHCHI-26SEP14-T72,Chicago 71° or below,yes,281.85,NO,MISS
2026-09-15T12:51:55+00:00,WEATHER,KXHIGHCHI-26SEP14-T72,Chicago 71° or below,yes,626.44,NO,MISS
2026-09-15T12:51:55+00:00,WEATHER,KXHIGHCHI-26SEP14-T72,Chicago 71° or below,no,2753.95,NO,HIT
2026-09-15T12:51:55+00:00,WEATHER,KXHIGHCHI-26SEP14-T72,Chicago 71° or below,no,526.97,NO,HIT
2026-09-15T12:51:55+00:00,WEATHER,KXHIGHCHI-26SEP14-T72,Chicago 71° or below,no,283.74,NO,HIT
2026-09-15T12:51:55+00:00,WEATHER,KXHIGHCHI-26SEP14-T72,Chicago 71° or below,yes,318.14,NO,MISS
2026-09-15T12:51:55+00:00,WEATHER,KXHIGHCHI-26SEP14-T72,Chicago 71° or below,yes,337.01,NO,MISS
2026-09-15T12:51:55+00:00,WEATHER,KXHIGHCHI-26SEP14-T72,Chicago 71° or below,no,476.94,NO,HIT
2026-09-15T12:51:55+00:00,WEATHER,KXHIGHCHI-26SEP14-T72,Chicago 71° or below,no,257.21,NO,HIT
2026-09-15T12:51:55+00:00,WEATHER,KXHIGHCHI-26SEP14-T72,Chicago 71° or below,no,2463.91,NO,HIT
2026-09-15T12:51:55+00:00,WEATHER,KXHIGHTHOU-26SEP14-B95.5,Houston 95° to 96°,yes,378.07,YES,HIT
2026-09-15T12:51:55+00:00,WEATHER,KXHIGHTHOU-26SEP14-B95.5,Houston 95° to 96°,yes,800.62,YES,HIT
2026-09-15T12:51:55+00:00,WEATHER,KXHIGHTHOU-26SEP14-B95.5,Houston 95° to 96°,yes,560.86,YES,HIT
2026-09-15T12:51:55+00:00,WEATHER,KXHIGHTHOU-26SEP14-B93.5,Houston 93° to 94°,no,1010.34,NO,HIT
2026-09-15T12:51:55+00:00,WEATHER,KXHIGHTMIN-26SEP14-B64.5,Minneapolis 64° to 65°,no,443.46,NO,HIT
2026-09-15T12:51:55+00:00,WEATHER,KXHIGHTMIN-26SEP14-B64.5,Minneapolis 64° to 65°,no,272.19,NO,HIT
2026-09-15T12:51:55+00:00,WEATHER,KXHIGHTMIN-26SEP14-B64.5,Minneapolis 64° to 65°,no,336.21,NO,HIT
2026-09-15T12:51:55+00:00,WEATHER,KXHIGHTMIN-26SEP14-B64.5,Minneapolis 64° to 65°,no,514.49,NO,HIT
2026-09-15T12:51:55+00:00,WEATHER,KXHIGHTMIN-26SEP14-B64.5,Minneapolis 64° to 65°,no,394.45,NO,HIT
2026-09-15T12:51:55+00:00,WEATHER,KXHIGHTNOLA-26SEP14-B95.5,New Orleans 95° to 96°,no,252.66,NO,HIT
2026-09-15T12:51:55+00:00,WEATHER,KXHIGHTNOLA-26SEP14-B95.5,New Orleans 95° to 96°,no,493.7,NO,HIT
2026-09-15T12:51:55+00:00,WEATHER,KXHIGHTOKC-26SEP14-B99.5,Oklahoma City 99° to 100°,no,332.76,NO,HIT
2026-09-15T12:51:55+00:00,WEATHER,KXHIGHTOKC-26SEP14-B99.5,Oklahoma City 99° to 100°,no,696.39,NO,HIT
2026-09-15T12:51:55+00:00,WEATHER,KXHIGHAUS-26SEP14-B103.5,Austin 103° to 104°,no,616.26,NO,HIT
2026-09-15T12:51:55+00:00,WEATHER,KXHIGHAUS-26SEP14-B103.5,Austin 103° to 104°,no,267.54,NO,HIT
2026-09-15T12:51:55+00:00,WEATHER,KXHIGHAUS-26SEP14-B103.5,Austin 103° to 104°,no,299.87,NO,HIT
2026-09-15T12:51:55+00:00,WEATHER,KXHIGHAUS-26SEP14-B103.5,Austin 103° to 104°,no,499.95,NO,HIT
2026-09-15T12:51:55+00:00,WEATHER,KXHIGHAUS-26SEP14-B101.5,Austin 101° to 102°,yes,904.54,YES,HIT
2026-09-15T12:51:55+00:00,WEATHER,KXHIGHAUS-26SEP14-B101.5,Austin 101° to 102°,yes,334.95,YES,HIT
2026-09-15T12:51:55+00:00,WEATHER,KXHIGHAUS-26SEP14-B101.5,Austin 101° to 102°,yes,1689.39,YES,HIT
2026-09-15T12:51:55+00:00,WEATHER,KXHIGHAUS-26SEP14-B101.5,Austin 101° to 102°,no,332.36,YES,MISS
2026-09-15T12:51:55+00:00,WEATHER,KXHIGHAUS-26SEP14-B101.5,Austin 101° to 102°,no,1342.95,YES,MISS
2026-09-15T12:51:55+00:00,WEATHER,KXHIGHAUS-26SEP14-B101.5,Austin 101° to 102°,no,354.94,YES,MISS
2026-09-15T12:51:55+00:00,WEATHER,KXHIGHAUS-26SEP14-B101.5,Austin 101° to 102°,yes,276.84,YES,HIT
2026-09-15T12:51:55+00:00,WEATHER,KXHIGHAUS-26SEP14-B101.5,Austin 101° to 102°,yes,423.47,YES,HIT
2026-09-15T12:51:55+00:00,WEATHER,KXHIGHAUS-26SEP14-B101.5,Austin 101° to 102°,yes,1880.6,YES,HIT
2026-09-15T12:51:55+00:00,WEATHER,KXHIGHTNOLA-26SEP14-B93.5,New Orleans 93° to 94°,yes,438.75,YES,HIT
2026-09-15T12:51:55+00:00,WEATHER,KXHIGHTNOLA-26SEP14-B93.5,New Orleans 93° to 94°,yes,355.44,YES,HIT
2026-09-15T12:51:55+00:00,WEATHER,KXHIGHTNOLA-26SEP14-B91.5,New Orleans 91° to 92°,no,475.08,NO,HIT
2026-09-15T12:51:55+00:00,WEATHER,KXHIGHTSATX-26SEP14-T98,San Antonio 97° or below,no,514.91,NO,HIT
2026-09-15T12:51:55+00:00,WEATHER,KXHIGHAUS-26SEP14-B99.5,Austin 99° to 100°,yes,264.86,NO,MISS
2026-09-15T12:51:55+00:00,WEATHER,KXHIGHAUS-26SEP14-B99.5,Austin 99° to 100°,yes,625.74,NO,MISS
2026-09-15T12:51:55+00:00,WEATHER,KXHIGHAUS-26SEP14-B99.5,Austin 99° to 100°,no,269.46,NO,HIT
2026-09-15T12:51:55+00:00,WEATHER,KXHIGHAUS-26SEP14-B99.5,Austin 99° to 100°,no,449.31,NO,HIT
2026-09-15T12:51:55+00:00,WEATHER,KXHIGHAUS-26SEP14-B99.5,Austin 99° to 100°,no,261.32,NO,HIT
2026-09-15T12:51:55+00:00,WEATHER,KXHIGHAUS-26SEP14-B99.5,Austin 99° to 100°,no,758.27,NO,HIT
2026-09-15T12:51:55+00:00,WEATHER,KXHIGHTDAL-26SEP14-B98.5,Dallas 98° to 99°,no,1279.43,NO,HIT
2026-09-15T12:51:55+00:00,WEATHER,KXHIGHTMIN-26SEP14-B68.5,Minneapolis 68° to 69°,no,737.98,NO,HIT
2026-09-15T12:51:55+00:00,WEATHER,KXHIGHTOKC-26SEP14-B101.5,Oklahoma City 101° to 102°,yes,1377.13,YES,HIT
2026-09-15T12:51:55+00:00,WEATHER,KXHIGHTMIN-26SEP14-T64,Minneapolis 63° or below,yes,740.86,YES,HIT
2026-09-15T12:51:55+00:00,WEATHER,KXHIGHTMIN-26SEP14-T64,Minneapolis 63° or below,yes,285.01,YES,HIT
2026-09-15T12:51:55+00:00,WEATHER,KXHIGHTMIN-26SEP14-T64,Minneapolis 63° or below,yes,803.38,YES,HIT
2026-09-15T12:51:55+00:00,WEATHER,KXHIGHTSATX-26SEP14-B98.5,San Antonio 98° to 99°,yes,340.0,NO,MISS
2026-09-15T12:51:55+00:00,WEATHER,KXHIGHTSATX-26SEP14-B98.5,San Antonio 98° to 99°,yes,334.73,NO,MISS
2026-09-15T12:51:55+00:00,WEATHER,KXHIGHTSATX-26SEP14-B98.5,San Antonio 98° to 99°,no,1957.18,NO,HIT
2026-09-15T12:51:55+00:00,WEATHER,KXHIGHTSATX-26SEP14-B100.5,San Antonio 100° to 101°,yes,1035.55,YES,HIT
2026-09-15T12:51:55+00:00,WEATHER,KXHIGHTSATX-26SEP14-B100.5,San Antonio 100° to 101°,yes,437.85,YES,HIT
2026-09-15T13:34:02+00:00,WEATHER,KXHIGHDEN-26SEP14-T90,Denver 91° or above,no,305.53,NO,HIT
2026-09-15T13:34:02+00:00,WEATHER,KXHIGHDEN-26SEP14-T83,Denver 82° or below,no,305.64,NO,HIT
2026-09-15T13:34:02+00:00,WEATHER,KXHIGHDEN-26SEP14-B83.5,Denver 83° to 84°,no,288.96,NO,HIT
2026-09-15T13:34:02+00:00,WEATHER,KXHIGHDEN-26SEP14-B83.5,Denver 83° to 84°,no,421.4,NO,HIT
2026-09-15T13:34:02+00:00,WEATHER,KXHIGHDEN-26SEP14-B87.5,Denver 87° to 88°,yes,312.93,YES,HIT
2026-09-15T13:34:02+00:00,WEATHER,KXHIGHDEN-26SEP14-B87.5,Denver 87° to 88°,yes,593.76,YES,HIT
2026-09-15T13:34:02+00:00,WEATHER,KXHIGHDEN-26SEP14-B87.5,Denver 87° to 88°,yes,336.45,YES,HIT
2026-09-15T13:34:02+00:00,WEATHER,KXHIGHDEN-26SEP14-B87.5,Denver 87° to 88°,yes,301.84,YES,HIT
2026-09-15T13:34:02+00:00,WEATHER,KXHIGHDEN-26SEP14-B87.5,Denver 87° to 88°,yes,940.97,YES,HIT
2026-09-15T13:34:02+00:00,WEATHER,KXHIGHDEN-26SEP14-B87.5,Denver 87° to 88°,yes,460.62,YES,HIT
2026-09-15T13:34:02+00:00,WEATHER,KXHIGHDEN-26SEP14-B87.5,Denver 87° to 88°,yes,994.93,YES,HIT
2026-09-15T13:34:02+00:00,WEATHER,KXHIGHDEN-26SEP14-B87.5,Denver 87° to 88°,yes,1508.16,YES,HIT
2026-09-15T13:34:02+00:00,WEATHER,KXHIGHDEN-26SEP14-B85.5,Denver 85° to 86°,no,401.21,NO,HIT
2026-09-15T13:34:02+00:00,WEATHER,KXHIGHDEN-26SEP14-B85.5,Denver 85° to 86°,no,333.56,NO,HIT
2026-09-15T13:34:02+00:00,WEATHER,KXHIGHDEN-26SEP14-B85.5,Denver 85° to 86°,no,832.09,NO,HIT
2026-09-15T13:34:02+00:00,WEATHER,KXHIGHDEN-26SEP14-B89.5,Denver 89° to 90°,no,265.88,NO,HIT
2026-09-15T13:34:02+00:00,WEATHER,KXHIGHDEN-26SEP14-B89.5,Denver 89° to 90°,no,588.58,NO,HIT
2026-09-15T13:34:02+00:00,WEATHER,KXHIGHDEN-26SEP14-B89.5,Denver 89° to 90°,no,597.12,NO,HIT
2026-09-15T15:34:03+00:00,WEATHER,KXHIGHLAX-26SEP14-T75,Los Angeles 74° or below,no,594.0,NO,HIT
2026-09-15T15:34:03+00:00,WEATHER,KXHIGHTLV-26SEP14-T104,Las Vegas 105° or above,no,268.8,NO,HIT
2026-09-15T15:34:03+00:00,WEATHER,KXHIGHLAX-26SEP14-T82,Los Angeles 83° or above,no,1042.58,NO,HIT
2026-09-15T15:34:03+00:00,WEATHER,KXHIGHLAX-26SEP14-T82,Los Angeles 83° or above,no,688.88,NO,HIT
2026-09-15T15:34:03+00:00,WEATHER,KXHIGHLAX-26SEP14-T82,Los Angeles 83° or above,no,420.42,NO,HIT
2026-09-15T15:34:03+00:00,WEATHER,KXHIGHLAX-26SEP14-T82,Los Angeles 83° or above,no,563.97,NO,HIT
2026-09-15T15:34:03+00:00,WEATHER,KXHIGHLAX-26SEP14-T82,Los Angeles 83° or above,no,590.4,NO,HIT
2026-09-15T15:34:03+00:00,WEATHER,KXHIGHLAX-26SEP14-T82,Los Angeles 83° or above,no,293.53,NO,HIT
2026-09-15T15:34:03+00:00,WEATHER,KXHIGHLAX-26SEP14-T82,Los Angeles 83° or above,yes,471.81,NO,MISS
2026-09-15T15:34:03+00:00,WEATHER,KXHIGHLAX-26SEP14-T82,Los Angeles 83° or above,no,256.09,NO,HIT
2026-09-15T15:34:03+00:00,WEATHER,KXHIGHLAX-26SEP14-T82,Los Angeles 83° or above,no,778.06,NO,HIT
2026-09-15T15:34:03+00:00,WEATHER,KXHIGHLAX-26SEP14-T82,Los Angeles 83° or above,no,511.05,NO,HIT
2026-09-15T15:34:03+00:00,WEATHER,KXHIGHLAX-26SEP14-T82,Los Angeles 83° or above,no,289.02,NO,HIT
2026-09-15T15:34:03+00:00,WEATHER,KXHIGHLAX-26SEP14-T82,Los Angeles 83° or above,no,655.65,NO,HIT
2026-09-15T15:34:03+00:00,WEATHER,KXHIGHLAX-26SEP14-T82,Los Angeles 83° or above,yes,392.46,NO,MISS
2026-09-15T15:34:03+00:00,WEATHER,KXHIGHLAX-26SEP14-T82,Los Angeles 83° or above,yes,588.24,NO,MISS
2026-09-15T15:34:03+00:00,WEATHER,KXHIGHLAX-26SEP14-T82,Los Angeles 83° or above,yes,1105.7,NO,MISS
2026-09-15T15:34:03+00:00,WEATHER,KXHIGHLAX-26SEP14-T82,Los Angeles 83° or above,no,1661.12,NO,HIT
2026-09-15T15:34:03+00:00,WEATHER,KXHIGHLAX-26SEP14-T82,Los Angeles 83° or above,no,1008.49,NO,HIT
2026-09-15T15:34:03+00:00,WEATHER,KXHIGHLAX-26SEP14-T82,Los Angeles 83° or above,no,251.86,NO,HIT
2026-09-15T15:34:03+00:00,WEATHER,KXHIGHLAX-26SEP14-T82,Los Angeles 83° or above,no,2947.63,NO,HIT
2026-09-15T15:34:03+00:00,WEATHER,KXHIGHLAX-26SEP14-T82,Los Angeles 83° or above,no,434.33,NO,HIT
2026-09-15T15:34:03+00:00,WEATHER,KXHIGHLAX-26SEP14-T82,Los Angeles 83° or above,no,372.58,NO,HIT
2026-09-15T15:34:03+00:00,WEATHER,KXHIGHLAX-26SEP14-T82,Los Angeles 83° or above,no,587.48,NO,HIT
2026-09-15T15:34:03+00:00,WEATHER,KXHIGHLAX-26SEP14-T82,Los Angeles 83° or above,no,417.48,NO,HIT
2026-09-15T15:34:03+00:00,WEATHER,KXHIGHLAX-26SEP14-T82,Los Angeles 83° or above,no,6564.59,NO,HIT
2026-09-15T15:34:03+00:00,WEATHER,KXHIGHLAX-26SEP14-T82,Los Angeles 83° or above,no,273.24,NO,HIT
2026-09-15T15:34:03+00:00,WEATHER,KXHIGHLAX-26SEP14-B79.5,Los Angeles 79° to 80°,yes,484.56,YES,HIT
2026-09-15T15:34:03+00:00,WEATHER,KXHIGHLAX-26SEP14-B79.5,Los Angeles 79° to 80°,yes,357.99,YES,HIT
2026-09-15T15:34:03+00:00,WEATHER,KXHIGHLAX-26SEP14-B79.5,Los Angeles 79° to 80°,yes,971.6,YES,HIT
2026-09-15T15:34:03+00:00,WEATHER,KXHIGHLAX-26SEP14-B79.5,Los Angeles 79° to 80°,yes,252.6,YES,HIT
2026-09-15T15:34:03+00:00,WEATHER,KXHIGHLAX-26SEP14-B79.5,Los Angeles 79° to 80°,yes,492.82,YES,HIT
2026-09-15T15:34:03+00:00,WEATHER,KXHIGHLAX-26SEP14-B79.5,Los Angeles 79° to 80°,no,1049.58,YES,MISS
2026-09-15T15:34:03+00:00,WEATHER,KXHIGHLAX-26SEP14-B79.5,Los Angeles 79° to 80°,no,1397.72,YES,MISS
2026-09-15T15:34:03+00:00,WEATHER,KXHIGHLAX-26SEP14-B79.5,Los Angeles 79° to 80°,no,839.46,YES,MISS
2026-09-15T15:34:03+00:00,WEATHER,KXHIGHLAX-26SEP14-B79.5,Los Angeles 79° to 80°,yes,383.67,YES,HIT
2026-09-15T15:34:03+00:00,WEATHER,KXHIGHLAX-26SEP14-B79.5,Los Angeles 79° to 80°,yes,431.01,YES,HIT
2026-09-15T15:34:03+00:00,WEATHER,KXHIGHLAX-26SEP14-B79.5,Los Angeles 79° to 80°,yes,4395.23,YES,HIT
2026-09-15T15:34:03+00:00,WEATHER,KXHIGHLAX-26SEP14-B79.5,Los Angeles 79° to 80°,yes,2148.91,YES,HIT
2026-09-15T15:34:03+00:00,WEATHER,KXHIGHLAX-26SEP14-B79.5,Los Angeles 79° to 80°,yes,1091.93,YES,HIT
2026-09-15T15:34:03+00:00,WEATHER,KXHIGHLAX-26SEP14-B79.5,Los Angeles 79° to 80°,yes,594.61,YES,HIT
2026-09-15T15:34:03+00:00,WEATHER,KXHIGHLAX-26SEP14-B79.5,Los Angeles 79° to 80°,yes,1937.49,YES,HIT
2026-09-15T15:34:03+00:00,WEATHER,KXHIGHLAX-26SEP14-B79.5,Los Angeles 79° to 80°,yes,4826.96,YES,HIT
2026-09-15T15:34:03+00:00,WEATHER,KXHIGHLAX-26SEP14-B79.5,Los Angeles 79° to 80°,yes,916.71,YES,HIT
2026-09-15T15:34:03+00:00,WEATHER,KXHIGHLAX-26SEP14-B79.5,Los Angeles 79° to 80°,yes,700.79,YES,HIT
2026-09-15T15:34:03+00:00,WEATHER,KXHIGHLAX-26SEP14-B79.5,Los Angeles 79° to 80°,yes,644.08,YES,HIT
2026-09-15T15:34:03+00:00,WEATHER,KXHIGHLAX-26SEP14-B79.5,Los Angeles 79° to 80°,yes,299.77,YES,HIT
2026-09-15T15:34:03+00:00,WEATHER,KXHIGHLAX-26SEP14-B79.5,Los Angeles 79° to 80°,yes,2153.95,YES,HIT
2026-09-15T15:34:03+00:00,WEATHER,KXHIGHLAX-26SEP14-B79.5,Los Angeles 79° to 80°,yes,3334.01,YES,HIT
2026-09-15T15:34:03+00:00,WEATHER,KXHIGHLAX-26SEP14-B77.5,Los Angeles 77° to 78°,no,268.08,NO,HIT
2026-09-15T15:34:03+00:00,WEATHER,KXHIGHLAX-26SEP14-B77.5,Los Angeles 77° to 78°,no,348.63,NO,HIT
2026-09-15T15:34:03+00:00,WEATHER,KXHIGHLAX-26SEP14-B77.5,Los Angeles 77° to 78°,no,656.56,NO,HIT
2026-09-15T15:34:03+00:00,WEATHER,KXHIGHLAX-26SEP14-B77.5,Los Angeles 77° to 78°,no,266.22,NO,HIT
2026-09-15T15:34:03+00:00,WEATHER,KXHIGHLAX-26SEP14-B77.5,Los Angeles 77° to 78°,no,1498.0,NO,HIT
2026-09-15T15:34:03+00:00,WEATHER,KXHIGHLAX-26SEP14-B77.5,Los Angeles 77° to 78°,no,985.75,NO,HIT
2026-09-15T15:34:03+00:00,WEATHER,KXHIGHLAX-26SEP14-B77.5,Los Angeles 77° to 78°,no,541.63,NO,HIT
2026-09-15T15:34:03+00:00,WEATHER,KXHIGHLAX-26SEP14-B77.5,Los Angeles 77° to 78°,no,557.92,NO,HIT
2026-09-15T15:34:03+00:00,WEATHER,KXHIGHLAX-26SEP14-B77.5,Los Angeles 77° to 78°,no,804.35,NO,HIT
2026-09-15T15:34:03+00:00,WEATHER,KXHIGHLAX-26SEP14-B77.5,Los Angeles 77° to 78°,no,990.22,NO,HIT
2026-09-15T15:34:03+00:00,WEATHER,KXHIGHLAX-26SEP14-B77.5,Los Angeles 77° to 78°,no,556.99,NO,HIT
2026-09-15T15:34:03+00:00,WEATHER,KXHIGHLAX-26SEP14-B77.5,Los Angeles 77° to 78°,no,1328.16,NO,HIT
2026-09-15T15:34:03+00:00,WEATHER,KXHIGHLAX-26SEP14-B75.5,Los Angeles 75° to 76°,no,322.14,NO,HIT
2026-09-15T15:34:03+00:00,WEATHER,KXHIGHLAX-26SEP14-B81.5,Los Angeles 81° to 82°,yes,277.45,NO,MISS
2026-09-15T15:34:03+00:00,WEATHER,KXHIGHLAX-26SEP14-B81.5,Los Angeles 81° to 82°,no,1321.87,NO,HIT
2026-09-15T15:34:03+00:00,WEATHER,KXHIGHLAX-26SEP14-B81.5,Los Angeles 81° to 82°,no,761.34,NO,HIT
2026-09-15T15:34:03+00:00,WEATHER,KXHIGHLAX-26SEP14-B81.5,Los Angeles 81° to 82°,yes,979.0,NO,MISS
2026-09-15T15:34:03+00:00,WEATHER,KXHIGHLAX-26SEP14-B81.5,Los Angeles 81° to 82°,yes,290.67,NO,MISS
2026-09-15T15:34:03+00:00,WEATHER,KXHIGHLAX-26SEP14-B81.5,Los Angeles 81° to 82°,yes,426.67,NO,MISS
2026-09-15T15:34:03+00:00,WEATHER,KXHIGHLAX-26SEP14-B81.5,Los Angeles 81° to 82°,yes,256.21,NO,MISS
2026-09-15T15:34:03+00:00,WEATHER,KXHIGHLAX-26SEP14-B81.5,Los Angeles 81° to 82°,yes,686.66,NO,MISS
2026-09-15T15:34:03+00:00,WEATHER,KXHIGHLAX-26SEP14-B81.5,Los Angeles 81° to 82°,yes,1104.41,NO,MISS
2026-09-15T15:34:03+00:00,WEATHER,KXHIGHLAX-26SEP14-B81.5,Los Angeles 81° to 82°,yes,1144.95,NO,MISS
2026-09-15T15:34:03+00:00,WEATHER,KXHIGHLAX-26SEP14-B81.5,Los Angeles 81° to 82°,no,394.46,NO,HIT
2026-09-15T15:34:03+00:00,WEATHER,KXHIGHLAX-26SEP14-B81.5,Los Angeles 81° to 82°,no,4195.88,NO,HIT
2026-09-15T15:34:03+00:00,WEATHER,KXHIGHLAX-26SEP14-B81.5,Los Angeles 81° to 82°,no,1032.27,NO,HIT
2026-09-15T15:34:03+00:00,WEATHER,KXHIGHLAX-26SEP14-B81.5,Los Angeles 81° to 82°,no,429.67,NO,HIT
2026-09-15T15:34:03+00:00,WEATHER,KXHIGHLAX-26SEP14-B81.5,Los Angeles 81° to 82°,no,1015.18,NO,HIT
2026-09-15T15:34:03+00:00,WEATHER,KXHIGHLAX-26SEP14-B81.5,Los Angeles 81° to 82°,no,1118.26,NO,HIT
2026-09-15T15:34:03+00:00,WEATHER,KXHIGHLAX-26SEP14-B81.5,Los Angeles 81° to 82°,yes,412.77,NO,MISS
2026-09-15T15:34:03+00:00,WEATHER,KXHIGHLAX-26SEP14-B81.5,Los Angeles 81° to 82°,no,2244.27,NO,HIT
2026-09-15T15:34:03+00:00,WEATHER,KXHIGHLAX-26SEP14-B81.5,Los Angeles 81° to 82°,no,605.76,NO,HIT
2026-09-15T15:34:03+00:00,WEATHER,KXHIGHLAX-26SEP14-B81.5,Los Angeles 81° to 82°,no,1291.49,NO,HIT
2026-09-15T15:34:03+00:00,WEATHER,KXHIGHLAX-26SEP14-B81.5,Los Angeles 81° to 82°,no,604.22,NO,HIT
2026-09-15T15:34:03+00:00,WEATHER,KXHIGHLAX-26SEP14-B81.5,Los Angeles 81° to 82°,no,767.07,NO,HIT
2026-09-15T15:34:03+00:00,WEATHER,KXHIGHLAX-26SEP14-B81.5,Los Angeles 81° to 82°,no,279.74,NO,HIT
2026-09-15T15:34:03+00:00,WEATHER,KXHIGHLAX-26SEP14-B81.5,Los Angeles 81° to 82°,no,682.86,NO,HIT
2026-09-15T15:34:03+00:00,WEATHER,KXHIGHLAX-26SEP14-B81.5,Los Angeles 81° to 82°,no,686.29,NO,HIT
2026-09-15T15:34:03+00:00,WEATHER,KXHIGHLAX-26SEP14-B81.5,Los Angeles 81° to 82°,no,542.78,NO,HIT
2026-09-15T15:34:03+00:00,WEATHER,KXHIGHLAX-26SEP14-B81.5,Los Angeles 81° to 82°,yes,326.22,NO,MISS
2026-09-15T15:34:03+00:00,WEATHER,KXHIGHLAX-26SEP14-B81.5,Los Angeles 81° to 82°,no,345.98,NO,HIT
2026-09-15T15:34:03+00:00,WEATHER,KXHIGHLAX-26SEP14-B81.5,Los Angeles 81° to 82°,no,2385.39,NO,HIT
2026-09-15T15:34:03+00:00,WEATHER,KXHIGHLAX-26SEP14-B81.5,Los Angeles 81° to 82°,no,622.61,NO,HIT
2026-09-15T15:34:03+00:00,WEATHER,KXHIGHLAX-26SEP14-B81.5,Los Angeles 81° to 82°,no,612.06,NO,HIT
2026-09-15T15:34:03+00:00,WEATHER,KXHIGHLAX-26SEP14-B81.5,Los Angeles 81° to 82°,no,6099.72,NO,HIT
2026-09-15T15:34:03+00:00,WEATHER,KXHIGHTLV-26SEP14-B97.5,Las Vegas 97° to 98°,no,377.28,NO,HIT
2026-09-15T15:34:03+00:00,WEATHER,KXHIGHTLV-26SEP14-T97,Las Vegas 96° or below,no,254.07,NO,HIT
2026-09-15T15:34:03+00:00,WEATHER,KXHIGHTSEA-26SEP14-T66,Seattle 65° or below,no,329.48,NO,HIT
2026-09-15T15:34:03+00:00,WEATHER,KXHIGHTSEA-26SEP14-T66,Seattle 65° or below,no,404.55,NO,HIT
2026-09-15T15:34:03+00:00,WEATHER,KXHIGHTPHX-26SEP14-B105.5,Phoenix 105° to 106°,no,345.94,YES,MISS
2026-09-15T15:34:03+00:00,WEATHER,KXHIGHTPHX-26SEP14-B105.5,Phoenix 105° to 106°,yes,466.49,YES,HIT
2026-09-15T15:34:03+00:00,WEATHER,KXHIGHTPHX-26SEP14-B105.5,Phoenix 105° to 106°,yes,604.74,YES,HIT
2026-09-15T15:34:03+00:00,WEATHER,KXHIGHTPHX-26SEP14-B105.5,Phoenix 105° to 106°,yes,294.54,YES,HIT
2026-09-15T15:34:03+00:00,WEATHER,KXHIGHTPHX-26SEP14-B105.5,Phoenix 105° to 106°,yes,383.73,YES,HIT
2026-09-15T15:34:03+00:00,WEATHER,KXHIGHTPHX-26SEP14-B101.5,Phoenix 101° to 102°,no,345.02,NO,HIT
2026-09-15T15:34:03+00:00,WEATHER,KXHIGHTPHX-26SEP14-B101.5,Phoenix 101° to 102°,no,562.5,NO,HIT
2026-09-15T15:34:03+00:00,WEATHER,KXHIGHTPHX-26SEP14-T101,Phoenix 100° or below,no,468.44,NO,HIT
2026-09-15T15:34:03+00:00,WEATHER,KXHIGHTSEA-26SEP14-B70.5,Seattle 70° to 71°,no,289.91,NO,HIT
2026-09-15T15:34:03+00:00,WEATHER,KXHIGHTSEA-26SEP14-B70.5,Seattle 70° to 71°,no,554.82,NO,HIT
2026-09-15T15:34:03+00:00,WEATHER,KXHIGHTSFO-26SEP14-B78.5,San Francisco 78° to 79°,yes,291.04,YES,HIT
2026-09-15T15:34:03+00:00,WEATHER,KXHIGHTSFO-26SEP14-B78.5,San Francisco 78° to 79°,yes,739.1,YES,HIT
2026-09-15T15:34:03+00:00,WEATHER,KXHIGHTSFO-26SEP14-B78.5,San Francisco 78° to 79°,yes,272.04,YES,HIT
2026-09-15T15:34:03+00:00,WEATHER,KXHIGHTSFO-26SEP14-B78.5,San Francisco 78° to 79°,yes,1121.4,YES,HIT
2026-09-15T15:34:03+00:00,WEATHER,KXHIGHTSFO-26SEP14-B78.5,San Francisco 78° to 79°,yes,499.69,YES,HIT
2026-09-15T15:34:03+00:00,WEATHER,KXHIGHTSFO-26SEP14-B78.5,San Francisco 78° to 79°,no,324.9,YES,MISS
2026-09-15T15:34:03+00:00,WEATHER,KXHIGHTSFO-26SEP14-B78.5,San Francisco 78° to 79°,yes,494.65,YES,HIT
2026-09-15T15:34:03+00:00,WEATHER,KXHIGHTPHX-26SEP14-B103.5,Phoenix 103° to 104°,no,1070.46,NO,HIT
2026-09-15T15:34:03+00:00,WEATHER,KXHIGHTLV-26SEP14-B99.5,Las Vegas 99° to 100°,yes,296.7,YES,HIT
2026-09-15T15:34:03+00:00,WEATHER,KXHIGHTLV-26SEP14-B99.5,Las Vegas 99° to 100°,yes,341.35,YES,HIT
2026-09-15T15:34:03+00:00,WEATHER,KXHIGHTLV-26SEP14-B99.5,Las Vegas 99° to 100°,no,414.13,YES,MISS
2026-09-15T15:34:03+00:00,WEATHER,KXHIGHTLV-26SEP14-B99.5,Las Vegas 99° to 100°,yes,1383.59,YES,HIT
2026-09-15T15:34:03+00:00,WEATHER,KXHIGHTSFO-26SEP14-T79,San Francisco 80° or above,yes,269.88,NO,MISS
2026-09-15T15:34:03+00:00,WEATHER,KXHIGHTSFO-26SEP14-T79,San Francisco 80° or above,yes,316.52,NO,MISS
2026-09-15T15:34:03+00:00,WEATHER,KXHIGHTSFO-26SEP14-T79,San Francisco 80° or above,no,736.68,NO,HIT
2026-09-15T15:34:03+00:00,WEATHER,KXHIGHTSFO-26SEP14-T79,San Francisco 80° or above,no,363.92,NO,HIT
2026-09-15T15:34:03+00:00,WEATHER,KXHIGHTSFO-26SEP14-T79,San Francisco 80° or above,no,854.05,NO,HIT
2026-09-15T15:34:03+00:00,WEATHER,KXHIGHTSFO-26SEP14-T79,San Francisco 80° or above,no,321.25,NO,HIT
2026-09-15T15:34:03+00:00,WEATHER,KXHIGHTSFO-26SEP14-B76.5,San Francisco 76° to 77°,no,1709.95,NO,HIT
2026-09-15T15:34:03+00:00,WEATHER,KXHIGHTSFO-26SEP14-B74.5,San Francisco 74° to 75°,no,1200.57,NO,HIT
2026-09-15T15:34:03+00:00,WEATHER,KXHIGHTSFO-26SEP14-B72.5,San Francisco 72° to 73°,no,378.6,NO,HIT
2026-09-15T15:34:03+00:00,WEATHER,KXHIGHTPHX-26SEP14-B107.5,Phoenix 107° to 108°,no,250.78,NO,HIT
2026-09-15T15:34:03+00:00,WEATHER,KXHIGHTSEA-26SEP14-B66.5,Seattle 66° to 67°,yes,458.66,YES,HIT
2026-09-15T15:34:03+00:00,WEATHER,KXHIGHTSEA-26SEP14-B66.5,Seattle 66° to 67°,yes,358.25,YES,HIT
2026-09-15T15:34:03+00:00,WEATHER,KXHIGHTSEA-26SEP14-B66.5,Seattle 66° to 67°,yes,417.0,YES,HIT
2026-09-15T15:34:03+00:00,WEATHER,KXHIGHTSEA-26SEP14-B66.5,Seattle 66° to 67°,yes,941.82,YES,HIT
2026-09-15T15:34:03+00:00,WEATHER,KXHIGHTLV-26SEP14-B101.5,Las Vegas 101° to 102°,no,898.69,NO,HIT
2026-09-15T15:34:03+00:00,WEATHER,KXHIGHTSEA-26SEP14-B68.5,Seattle 68° to 69°,no,421.9,NO,HIT
2026-09-15T17:34:03+00:00,TENNIS,KXWTAMATCH-26SEP14RIEAVA-RIE,Julia Riera,yes,2204.91,NO,MISS
2026-09-15T17:34:03+00:00,TENNIS,KXWTAMATCH-26SEP14RIEAVA-RIE,Julia Riera,yes,2885.8,NO,MISS
2026-09-15T17:34:03+00:00,TENNIS,KXWTAMATCH-26SEP14RIEAVA-RIE,Julia Riera,yes,3851.76,NO,MISS
2026-09-15T17:34:03+00:00,TENNIS,KXWTAMATCH-26SEP14RIEAVA-RIE,Julia Riera,no,2580.21,NO,HIT
2026-09-15T17:34:03+00:00,TENNIS,KXWTAMATCH-26SEP14RIEAVA-RIE,Julia Riera,no,5063.98,NO,HIT
2026-09-15T17:34:03+00:00,TENNIS,KXWTAMATCH-26SEP14RIEAVA-RIE,Julia Riera,no,3393.56,NO,HIT
2026-09-15T17:34:03+00:00,TENNIS,KXWTAMATCH-26SEP14RIEAVA-RIE,Julia Riera,no,1636.77,NO,HIT
2026-09-15T17:34:03+00:00,TENNIS,KXWTAMATCH-26SEP14RIEAVA-RIE,Julia Riera,yes,1026.29,NO,MISS
2026-09-15T17:34:03+00:00,TENNIS,KXWTAMATCH-26SEP14RIEAVA-AVA,Elina Avanesyan,yes,3121.09,YES,HIT
2026-09-15T17:34:03+00:00,TENNIS,KXWTAMATCH-26SEP14RIEAVA-AVA,Elina Avanesyan,yes,6059.14,YES,HIT
2026-09-15T17:34:03+00:00,TENNIS,KXWTAMATCH-26SEP14RIEAVA-AVA,Elina Avanesyan,yes,1055.72,YES,HIT
2026-09-15T17:34:03+00:00,TENNIS,KXWTAMATCH-26SEP14RIEAVA-AVA,Elina Avanesyan,yes,1098.69,YES,HIT
2026-09-15T17:34:03+00:00,TENNIS,KXWTAMATCH-26SEP14RIEAVA-AVA,Elina Avanesyan,yes,6036.32,YES,HIT
2026-09-15T17:34:03+00:00,TENNIS,KXWTAMATCH-26SEP14RIEAVA-AVA,Elina Avanesyan,yes,1684.45,YES,HIT
2026-09-15T17:34:03+00:00,TENNIS,KXWTAMATCH-26SEP14RIEAVA-AVA,Elina Avanesyan,yes,1253.31,YES,HIT
2026-09-15T17:34:03+00:00,TENNIS,KXWTAMATCH-26SEP14RIEAVA-AVA,Elina Avanesyan,yes,1339.94,YES,HIT
2026-09-15T17:34:03+00:00,TENNIS,KXWTAMATCH-26SEP14RIEAVA-AVA,Elina Avanesyan,yes,1528.12,YES,HIT
2026-09-15T17:34:03+00:00,TENNIS,KXWTAMATCH-26SEP14RIEAVA-AVA,Elina Avanesyan,yes,4678.7,YES,HIT
2026-09-15T17:34:03+00:00,TENNIS,KXWTAMATCH-26SEP14RIEAVA-AVA,Elina Avanesyan,yes,1623.05,YES,HIT
2026-09-15T17:34:03+00:00,TENNIS,KXWTAMATCH-26SEP14RIEAVA-AVA,Elina Avanesyan,yes,3014.92,YES,HIT
2026-09-15T17:34:03+00:00,TENNIS,KXWTAMATCH-26SEP14RIEAVA-AVA,Elina Avanesyan,no,4754.1,YES,MISS
2026-09-15T17:34:03+00:00,TENNIS,KXWTAMATCH-26SEP14RIEAVA-AVA,Elina Avanesyan,no,1182.62,YES,MISS
2026-09-15T17:34:03+00:00,TENNIS,KXWTAMATCH-26SEP14RIEAVA-AVA,Elina Avanesyan,no,1869.72,YES,MISS
2026-09-15T17:34:03+00:00,TENNIS,KXWTAMATCH-26SEP14RIEAVA-AVA,Elina Avanesyan,yes,1299.82,YES,HIT
2026-09-15T17:34:03+00:00,TENNIS,KXWTAMATCH-26SEP14RIEAVA-AVA,Elina Avanesyan,yes,1769.37,YES,HIT
2026-09-15T17:34:03+00:00,TENNIS,KXWTAMATCH-26SEP14RIEAVA-AVA,Elina Avanesyan,yes,2902.06,YES,HIT
2026-09-15T17:34:03+00:00,TENNIS,KXWTAMATCH-26SEP14STEPOD-STE,Lucrezia Stefanini,yes,2742.74,NO,MISS
2026-09-15T17:34:03+00:00,TENNIS,KXWTAMATCH-26SEP14STEPOD-STE,Lucrezia Stefanini,yes,1190.0,NO,MISS
2026-09-15T17:34:03+00:00,TENNIS,KXWTAMATCH-26SEP14STEPOD-STE,Lucrezia Stefanini,yes,3332.73,NO,MISS
2026-09-15T17:34:03+00:00,TENNIS,KXWTAMATCH-26SEP14STEPOD-STE,Lucrezia Stefanini,no,1431.8,NO,HIT
2026-09-15T17:34:03+00:00,TENNIS,KXWTAMATCH-26SEP14STEPOD-STE,Lucrezia Stefanini,no,9775.19,NO,HIT
2026-09-15T17:34:03+00:00,TENNIS,KXWTAMATCH-26SEP14STEPOD-STE,Lucrezia Stefanini,no,118684.51,NO,HIT
2026-09-15T17:34:03+00:00,TENNIS,KXWTAMATCH-26SEP14STEPOD-STE,Lucrezia Stefanini,yes,237086.04,NO,MISS
2026-09-15T17:34:03+00:00,TENNIS,KXWTAMATCH-26SEP15SEMKIN-KIN,Hayu Kinoshita,yes,1924.59,NO,MISS
2026-09-15T17:34:03+00:00,TENNIS,KXWTAMATCH-26SEP15SEMKIN-KIN,Hayu Kinoshita,yes,2443.08,NO,MISS
2026-09-15T17:34:03+00:00,TENNIS,KXWTAMATCH-26SEP15SEMKIN-KIN,Hayu Kinoshita,yes,1797.08,NO,MISS
2026-09-15T17:34:03+00:00,TENNIS,KXWTAMATCH-26SEP15SEMKIN-KIN,Hayu Kinoshita,yes,34401.78,NO,MISS
2026-09-15T17:34:03+00:00,TENNIS,KXWTAMATCH-26SEP15SEMKIN-KIN,Hayu Kinoshita,no,2809.06,NO,HIT
2026-09-15T17:34:03+00:00,TENNIS,KXWTAMATCH-26SEP15SEMKIN-KIN,Hayu Kinoshita,no,1873.42,NO,HIT
2026-09-15T17:34:03+00:00,TENNIS,KXWTAMATCH-26SEP15SEMKIN-KIN,Hayu Kinoshita,no,1296.09,NO,HIT
2026-09-15T17:34:03+00:00,TENNIS,KXWTAMATCH-26SEP15SEMKIN-KIN,Hayu Kinoshita,no,2055.83,NO,HIT
2026-09-15T17:34:03+00:00,TENNIS,KXWTAMATCH-26SEP15SEMKIN-KIN,Hayu Kinoshita,no,5172.32,NO,HIT
2026-09-15T17:34:03+00:00,TENNIS,KXWTAMATCH-26SEP15SEMKIN-KIN,Hayu Kinoshita,no,13059.41,NO,HIT
2026-09-15T17:34:03+00:00,TENNIS,KXWTAMATCH-26SEP15SEMKIN-KIN,Hayu Kinoshita,no,16796.12,NO,HIT
2026-09-15T17:34:03+00:00,TENNIS,KXWTAMATCH-26SEP14STEPOD-POD,Nadia Podoroska,yes,1909.12,YES,HIT
2026-09-15T17:34:03+00:00,TENNIS,KXWTAMATCH-26SEP14STEPOD-POD,Nadia Podoroska,yes,2640.0,YES,HIT
2026-09-15T17:34:03+00:00,TENNIS,KXWTAMATCH-26SEP14STEPOD-POD,Nadia Podoroska,yes,299021.91,YES,HIT
2026-09-15T17:34:03+00:00,TENNIS,KXWTAMATCH-26SEP14STEPOD-POD,Nadia Podoroska,no,1537.86,YES,MISS
2026-09-15T17:34:03+00:00,TENNIS,KXWTAMATCH-26SEP14STEPOD-POD,Nadia Podoroska,no,63536.98,YES,MISS
2026-09-15T17:34:03+00:00,TENNIS,KXWTAMATCH-26SEP15SEMKIN-SEM,Darja Semenistaja,yes,1054.49,YES,HIT
2026-09-15T17:34:03+00:00,TENNIS,KXWTAMATCH-26SEP15SEMKIN-SEM,Darja Semenistaja,no,3220.85,YES,MISS
2026-09-15T17:34:03+00:00,TENNIS,KXWTAMATCH-26SEP15SEMKIN-SEM,Darja Semenistaja,no,1903.0,YES,MISS
2026-09-15T17:34:03+00:00,TENNIS,KXWTAMATCH-26SEP15SEMKIN-SEM,Darja Semenistaja,no,3599.63,YES,MISS
2026-09-15T17:34:03+00:00,TENNIS,KXWTAMATCH-26SEP15SEMKIN-SEM,Darja Semenistaja,no,2277.45,YES,MISS
2026-09-15T17:34:03+00:00,TENNIS,KXWTAMATCH-26SEP15SEMKIN-SEM,Darja Semenistaja,no,2410.04,YES,MISS
2026-09-15T21:34:05+00:00,TENNIS,KXWTAMATCH-26SEP15BUCUDV-BUC,Cristina Bucsa,yes,1312.36,YES,HIT
2026-09-15T21:34:05+00:00,TENNIS,KXWTAMATCH-26SEP15BUCUDV-BUC,Cristina Bucsa,yes,2010.12,YES,HIT
2026-09-15T21:34:05+00:00,TENNIS,KXWTAMATCH-26SEP15BUCUDV-BUC,Cristina Bucsa,yes,1007.05,YES,HIT
2026-09-15T21:34:05+00:00,TENNIS,KXWTAMATCH-26SEP15BUCUDV-BUC,Cristina Bucsa,yes,18899.84,YES,HIT
2026-09-15T21:34:05+00:00,TENNIS,KXWTAMATCH-26SEP15BUCUDV-BUC,Cristina Bucsa,yes,2189.02,YES,HIT
2026-09-15T21:34:05+00:00,TENNIS,KXWTAMATCH-26SEP15BUCUDV-BUC,Cristina Bucsa,yes,100090.61,YES,HIT
2026-09-15T21:34:05+00:00,TENNIS,KXWTAMATCH-26SEP15BUCUDV-BUC,Cristina Bucsa,no,6389.23,YES,MISS
2026-09-15T21:34:05+00:00,TENNIS,KXWTAMATCH-26SEP15BUCUDV-BUC,Cristina Bucsa,no,1588.7,YES,MISS
2026-09-15T21:34:05+00:00,TENNIS,KXWTAMATCH-26SEP15BUCUDV-UDV,Panna Udvardy,yes,2603.19,NO,MISS
2026-09-15T21:34:05+00:00,TENNIS,KXWTAMATCH-26SEP15BUCUDV-UDV,Panna Udvardy,yes,1165.3,NO,MISS
2026-09-15T21:34:05+00:00,TENNIS,KXWTAMATCH-26SEP15BUCUDV-UDV,Panna Udvardy,yes,19754.05,NO,MISS
2026-09-15T21:34:05+00:00,TENNIS,KXWTAMATCH-26SEP15BUCUDV-UDV,Panna Udvardy,no,5625.52,NO,HIT
2026-09-15T21:34:05+00:00,TENNIS,KXWTAMATCH-26SEP15BUCUDV-UDV,Panna Udvardy,no,2812.15,NO,HIT
2026-09-15T22:24:56+00:00,TENNIS,KXWTAMATCH-26SEP15PARBEJ-BEJ,Sara Bejlek,yes,1197.87,YES,HIT
2026-09-15T22:24:56+00:00,TENNIS,KXWTAMATCH-26SEP15PARBEJ-BEJ,Sara Bejlek,yes,1482.17,YES,HIT
2026-09-15T22:24:56+00:00,TENNIS,KXWTAMATCH-26SEP15PARBEJ-BEJ,Sara Bejlek,yes,1276.3,YES,HIT
2026-09-15T22:24:56+00:00,TENNIS,KXWTAMATCH-26SEP15PARBEJ-BEJ,Sara Bejlek,yes,1488.11,YES,HIT
2026-09-15T22:24:56+00:00,TENNIS,KXWTAMATCH-26SEP15PARBEJ-BEJ,Sara Bejlek,yes,1493.22,YES,HIT
2026-09-15T22:24:56+00:00,TENNIS,KXWTAMATCH-26SEP15PARBEJ-BEJ,Sara Bejlek,yes,2391.69,YES,HIT
2026-09-15T22:24:56+00:00,TENNIS,KXWTAMATCH-26SEP15PARBEJ-BEJ,Sara Bejlek,yes,264135.88,YES,HIT
2026-09-15T22:24:56+00:00,TENNIS,KXWTAMATCH-26SEP15PARBEJ-BEJ,Sara Bejlek,no,1115.8,YES,MISS
2026-09-15T22:24:56+00:00,TENNIS,KXWTAMATCH-26SEP15PARBEJ-BEJ,Sara Bejlek,no,20755.52,YES,MISS
2026-09-15T22:24:56+00:00,TENNIS,KXWTAMATCH-26SEP15PARBEJ-PAR,Alycia Parks,yes,1200.0,NO,MISS
2026-09-15T22:24:56+00:00,TENNIS,KXWTAMATCH-26SEP15PARBEJ-PAR,Alycia Parks,yes,69585.48,NO,MISS
2026-09-15T22:24:56+00:00,TENNIS,KXWTAMATCH-26SEP15PARBEJ-PAR,Alycia Parks,no,55690.06,NO,HIT
2026-09-16T01:34:05+00:00,MLB,KXMLBGAME-26SEP151840LADCIN-LAD,Los Angeles D,yes,2175.32,YES,HIT
2026-09-16T01:34:05+00:00,MLB,KXMLBGAME-26SEP151840LADCIN-LAD,Los Angeles D,yes,1275.51,YES,HIT
2026-09-16T01:34:05+00:00,MLB,KXMLBGAME-26SEP151840LADCIN-LAD,Los Angeles D,yes,2849.22,YES,HIT
2026-09-16T01:34:05+00:00,MLB,KXMLBGAME-26SEP151840LADCIN-LAD,Los Angeles D,yes,1209.33,YES,HIT
2026-09-16T01:34:05+00:00,MLB,KXMLBGAME-26SEP151840LADCIN-LAD,Los Angeles D,yes,3717.61,YES,HIT
2026-09-16T01:34:05+00:00,MLB,KXMLBGAME-26SEP151840LADCIN-LAD,Los Angeles D,yes,2305.06,YES,HIT
2026-09-16T01:34:05+00:00,MLB,KXMLBGAME-26SEP151840LADCIN-LAD,Los Angeles D,yes,1319.07,YES,HIT
2026-09-16T01:34:05+00:00,MLB,KXMLBGAME-26SEP151840LADCIN-LAD,Los Angeles D,yes,1183.77,YES,HIT
2026-09-16T01:34:05+00:00,MLB,KXMLBGAME-26SEP151840LADCIN-LAD,Los Angeles D,yes,1400.13,YES,HIT
2026-09-16T01:34:05+00:00,MLB,KXMLBGAME-26SEP151840LADCIN-LAD,Los Angeles D,yes,3119.48,YES,HIT
2026-09-16T01:34:05+00:00,MLB,KXMLBGAME-26SEP151840LADCIN-LAD,Los Angeles D,yes,1375.21,YES,HIT
2026-09-16T01:34:05+00:00,MLB,KXMLBGAME-26SEP151840LADCIN-LAD,Los Angeles D,yes,6961.48,YES,HIT
2026-09-16T01:34:05+00:00,MLB,KXMLBGAME-26SEP151840LADCIN-LAD,Los Angeles D,yes,1066.1,YES,HIT
2026-09-16T01:34:05+00:00,MLB,KXMLBGAME-26SEP151840LADCIN-LAD,Los Angeles D,yes,1287.61,YES,HIT
2026-09-16T01:34:05+00:00,MLB,KXMLBGAME-26SEP151840LADCIN-LAD,Los Angeles D,yes,1065.86,YES,HIT
2026-09-16T01:34:05+00:00,MLB,KXMLBGAME-26SEP151840LADCIN-LAD,Los Angeles D,yes,5960.42,YES,HIT
2026-09-16T01:34:05+00:00,MLB,KXMLBGAME-26SEP151840LADCIN-LAD,Los Angeles D,yes,4230.66,YES,HIT
2026-09-16T01:34:05+00:00,MLB,KXMLBGAME-26SEP151840LADCIN-LAD,Los Angeles D,yes,2313.32,YES,HIT
2026-09-16T01:34:05+00:00,MLB,KXMLBGAME-26SEP151840LADCIN-LAD,Los Angeles D,yes,11644.31,YES,HIT
2026-09-16T01:34:05+00:00,MLB,KXMLBGAME-26SEP151840LADCIN-LAD,Los Angeles D,yes,1247.18,YES,HIT
2026-09-16T01:34:05+00:00,MLB,KXMLBGAME-26SEP151840LADCIN-LAD,Los Angeles D,yes,20562.1,YES,HIT
2026-09-16T01:34:05+00:00,MLB,KXMLBGAME-26SEP151840LADCIN-LAD,Los Angeles D,no,53541.59,YES,MISS
2026-09-16T01:34:05+00:00,MLB,KXMLBGAME-26SEP151840LADCIN-LAD,Los Angeles D,yes,662337.15,YES,HIT
2026-09-16T01:34:05+00:00,MLB,KXMLBGAME-26SEP151845PHIWSH-PHI,Philadelphia,yes,1036.11,NO,MISS
2026-09-16T01:34:05+00:00,MLB,KXMLBGAME-26SEP151845PHIWSH-PHI,Philadelphia,yes,11013.44,NO,MISS
2026-09-16T01:34:05+00:00,MLB,KXMLBGAME-26SEP151845PHIWSH-PHI,Philadelphia,yes,1159.2,NO,MISS
2026-09-16T01:34:05+00:00,MLB,KXMLBGAME-26SEP151845PHIWSH-PHI,Philadelphia,yes,1768.24,NO,MISS
2026-09-16T01:34:05+00:00,MLB,KXMLBGAME-26SEP151845PHIWSH-PHI,Philadelphia,yes,2995.99,NO,MISS
2026-09-16T01:34:05+00:00,MLB,KXMLBGAME-26SEP151845PHIWSH-PHI,Philadelphia,yes,1532.18,NO,MISS
2026-09-16T01:34:05+00:00,MLB,KXMLBGAME-26SEP151845PHIWSH-PHI,Philadelphia,yes,1507.98,NO,MISS
2026-09-16T01:34:05+00:00,MLB,KXMLBGAME-26SEP151845PHIWSH-PHI,Philadelphia,yes,1703.52,NO,MISS
2026-09-16T01:34:05+00:00,MLB,KXMLBGAME-26SEP151845PHIWSH-PHI,Philadelphia,yes,1250.84,NO,MISS
2026-09-16T01:34:05+00:00,MLB,KXMLBGAME-26SEP151845PHIWSH-PHI,Philadelphia,yes,1346.35,NO,MISS
2026-09-16T01:34:05+00:00,MLB,KXMLBGAME-26SEP151845PHIWSH-PHI,Philadelphia,yes,4193.59,NO,MISS
2026-09-16T01:34:05+00:00,MLB,KXMLBGAME-26SEP151845PHIWSH-PHI,Philadelphia,yes,1559.32,NO,MISS
2026-09-16T01:34:05+00:00,MLB,KXMLBGAME-26SEP151845PHIWSH-PHI,Philadelphia,yes,1556.2,NO,MISS
2026-09-16T01:34:05+00:00,MLB,KXMLBGAME-26SEP151845PHIWSH-PHI,Philadelphia,yes,2476.14,NO,MISS
2026-09-16T01:34:05+00:00,MLB,KXMLBGAME-26SEP151845PHIWSH-PHI,Philadelphia,yes,1119.65,NO,MISS
2026-09-16T01:34:05+00:00,MLB,KXMLBGAME-26SEP151845PHIWSH-PHI,Philadelphia,yes,1500.06,NO,MISS
2026-09-16T01:34:05+00:00,MLB,KXMLBGAME-26SEP151845PHIWSH-PHI,Philadelphia,yes,1428.08,NO,MISS
2026-09-16T01:34:05+00:00,MLB,KXMLBGAME-26SEP151845PHIWSH-PHI,Philadelphia,yes,3897.68,NO,MISS
2026-09-16T01:34:05+00:00,MLB,KXMLBGAME-26SEP151845PHIWSH-PHI,Philadelphia,yes,2342.55,NO,MISS
2026-09-16T01:34:05+00:00,MLB,KXMLBGAME-26SEP151845PHIWSH-PHI,Philadelphia,yes,2651.67,NO,MISS
2026-09-16T01:34:05+00:00,MLB,KXMLBGAME-26SEP151845PHIWSH-PHI,Philadelphia,yes,1200.47,NO,MISS
2026-09-16T01:34:05+00:00,MLB,KXMLBGAME-26SEP151845PHIWSH-PHI,Philadelphia,yes,2075.1,NO,MISS
2026-09-16T01:34:05+00:00,MLB,KXMLBGAME-26SEP151845PHIWSH-PHI,Philadelphia,yes,1382.65,NO,MISS
2026-09-16T01:34:05+00:00,MLB,KXMLBGAME-26SEP151845PHIWSH-PHI,Philadelphia,yes,9887.36,NO,MISS
2026-09-16T01:34:05+00:00,MLB,KXMLBGAME-26SEP151845PHIWSH-PHI,Philadelphia,no,2206.84,NO,HIT
2026-09-16T01:34:05+00:00,MLB,KXMLBGAME-26SEP151845PHIWSH-PHI,Philadelphia,no,7389.27,NO,HIT
2026-09-16T01:34:05+00:00,MLB,KXMLBGAME-26SEP151845PHIWSH-PHI,Philadelphia,no,10502.86,NO,HIT
2026-09-16T01:34:05+00:00,MLB,KXMLBGAME-26SEP151840ATHTB-TB,Tampa Bay,yes,6567.74,YES,HIT
2026-09-16T01:34:05+00:00,MLB,KXMLBGAME-26SEP151840ATHTB-TB,Tampa Bay,yes,2353.99,YES,HIT
2026-09-16T01:34:05+00:00,MLB,KXMLBGAME-26SEP151840ATHTB-TB,Tampa Bay,yes,1672.29,YES,HIT
2026-09-16T01:34:05+00:00,MLB,KXMLBGAME-26SEP151840ATHTB-TB,Tampa Bay,yes,4783.12,YES,HIT
2026-09-16T01:34:05+00:00,MLB,KXMLBGAME-26SEP151840ATHTB-TB,Tampa Bay,yes,5930.89,YES,HIT
2026-09-16T01:34:05+00:00,MLB,KXMLBGAME-26SEP151840ATHTB-TB,Tampa Bay,yes,1250.63,YES,HIT
2026-09-16T01:34:05+00:00,MLB,KXMLBGAME-26SEP151840ATHTB-TB,Tampa Bay,yes,3169.1,YES,HIT
2026-09-16T01:34:05+00:00,MLB,KXMLBGAME-26SEP151840ATHTB-TB,Tampa Bay,yes,1493.99,YES,HIT
2026-09-16T01:34:05+00:00,MLB,KXMLBGAME-26SEP151840ATHTB-TB,Tampa Bay,yes,1254.49,YES,HIT
2026-09-16T01:34:05+00:00,MLB,KXMLBGAME-26SEP151840ATHTB-TB,Tampa Bay,yes,1026.3,YES,HIT
2026-09-16T01:34:05+00:00,MLB,KXMLBGAME-26SEP151840ATHTB-TB,Tampa Bay,yes,1255.57,YES,HIT
2026-09-16T01:34:05+00:00,MLB,KXMLBGAME-26SEP151840ATHTB-TB,Tampa Bay,yes,2903.73,YES,HIT
2026-09-16T01:34:05+00:00,MLB,KXMLBGAME-26SEP151840ATHTB-TB,Tampa Bay,yes,3159.25,YES,HIT
2026-09-16T01:34:05+00:00,MLB,KXMLBGAME-26SEP151840ATHTB-TB,Tampa Bay,yes,1004.74,YES,HIT
2026-09-16T01:34:05+00:00,MLB,KXMLBGAME-26SEP151840ATHTB-TB,Tampa Bay,yes,2198.79,YES,HIT
2026-09-16T01:34:05+00:00,MLB,KXMLBGAME-26SEP151840ATHTB-TB,Tampa Bay,yes,1626.44,YES,HIT
2026-09-16T01:34:05+00:00,MLB,KXMLBGAME-26SEP151840ATHTB-TB,Tampa Bay,yes,5555.05,YES,HIT
2026-09-16T01:34:05+00:00,MLB,KXMLBGAME-26SEP151840ATHTB-TB,Tampa Bay,yes,1463.05,YES,HIT
2026-09-16T01:34:05+00:00,MLB,KXMLBGAME-26SEP151840ATHTB-TB,Tampa Bay,yes,3014.98,YES,HIT
2026-09-16T01:34:05+00:00,MLB,KXMLBGAME-26SEP151840ATHTB-TB,Tampa Bay,yes,1568.9,YES,HIT
2026-09-16T01:34:05+00:00,MLB,KXMLBGAME-26SEP151840ATHTB-TB,Tampa Bay,yes,1777.49,YES,HIT
2026-09-16T01:34:05+00:00,MLB,KXMLBGAME-26SEP151840ATHTB-TB,Tampa Bay,yes,1135.23,YES,HIT
2026-09-16T01:34:05+00:00,MLB,KXMLBGAME-26SEP151840ATHTB-TB,Tampa Bay,yes,3618.98,YES,HIT
2026-09-16T01:34:05+00:00,MLB,KXMLBGAME-26SEP151840ATHTB-TB,Tampa Bay,yes,1881.86,YES,HIT
2026-09-16T01:34:05+00:00,MLB,KXMLBGAME-26SEP151840ATHTB-TB,Tampa Bay,yes,2559.79,YES,HIT
2026-09-16T01:34:05+00:00,MLB,KXMLBGAME-26SEP151840ATHTB-TB,Tampa Bay,yes,9098.56,YES,HIT
2026-09-16T01:34:05+00:00,MLB,KXMLBGAME-26SEP151840ATHTB-TB,Tampa Bay,yes,2303.51,YES,HIT
2026-09-16T01:34:05+00:00,MLB,KXMLBGAME-26SEP151840ATHTB-TB,Tampa Bay,no,1199.8,YES,MISS
2026-09-16T01:34:05+00:00,MLB,KXMLBGAME-26SEP151840ATHTB-TB,Tampa Bay,no,2209.97,YES,MISS
2026-09-16T01:34:05+00:00,MLB,KXMLBGAME-26SEP151840ATHTB-TB,Tampa Bay,no,1139.61,YES,MISS
2026-09-16T01:34:05+00:00,MLB,KXMLBGAME-26SEP151840ATHTB-TB,Tampa Bay,no,1918.8,YES,MISS
2026-09-16T01:34:05+00:00,MLB,KXMLBGAME-26SEP151840LADCIN-CIN,Cincinnati,no,1213.97,NO,HIT
2026-09-16T01:34:05+00:00,MLB,KXMLBGAME-26SEP151840LADCIN-CIN,Cincinnati,yes,2850.94,NO,MISS
2026-09-16T01:34:05+00:00,MLB,KXMLBGAME-26SEP151840LADCIN-CIN,Cincinnati,yes,1103.37,NO,MISS
2026-09-16T01:34:05+00:00,MLB,KXMLBGAME-26SEP151840LADCIN-CIN,Cincinnati,no,1523.34,NO,HIT
2026-09-16T01:34:05+00:00,MLB,KXMLBGAME-26SEP151840LADCIN-CIN,Cincinnati,no,33051.82,NO,HIT
2026-09-16T01:34:05+00:00,MLB,KXMLBGAME-26SEP151840LADCIN-CIN,Cincinnati,no,28509.13,NO,HIT
2026-09-16T01:34:05+00:00,TENNIS,KXWTAMATCH-26SEP15PARSTE-PAR,Diane Parry,yes,1008.24,NO,MISS
2026-09-16T01:34:05+00:00,TENNIS,KXWTAMATCH-26SEP15PARSTE-PAR,Diane Parry,yes,1442.0,NO,MISS
2026-09-16T01:34:05+00:00,TENNIS,KXWTAMATCH-26SEP15PARSTE-PAR,Diane Parry,yes,2610.46,NO,MISS
2026-09-16T01:34:05+00:00,TENNIS,KXWTAMATCH-26SEP15PARSTE-PAR,Diane Parry,yes,2355.78,NO,MISS
2026-09-16T01:34:05+00:00,TENNIS,KXWTAMATCH-26SEP15PARSTE-PAR,Diane Parry,yes,2552.96,NO,MISS
2026-09-16T01:34:05+00:00,TENNIS,KXWTAMATCH-26SEP15PARSTE-PAR,Diane Parry,yes,3880.63,NO,MISS
2026-09-16T01:34:05+00:00,TENNIS,KXWTAMATCH-26SEP15PARSTE-PAR,Diane Parry,yes,6535.85,NO,MISS
2026-09-16T01:34:05+00:00,TENNIS,KXWTAMATCH-26SEP15PARSTE-PAR,Diane Parry,yes,3327.87,NO,MISS
2026-09-16T01:34:05+00:00,TENNIS,KXWTAMATCH-26SEP15PARSTE-PAR,Diane Parry,yes,3311.48,NO,MISS
2026-09-16T01:34:05+00:00,TENNIS,KXWTAMATCH-26SEP15PARSTE-PAR,Diane Parry,yes,43321.08,NO,MISS
2026-09-16T01:34:05+00:00,TENNIS,KXWTAMATCH-26SEP15PARSTE-PAR,Diane Parry,no,1207.85,NO,HIT
2026-09-16T01:34:05+00:00,TENNIS,KXWTAMATCH-26SEP15PARSTE-PAR,Diane Parry,no,1571.43,NO,HIT
2026-09-16T01:34:05+00:00,TENNIS,KXWTAMATCH-26SEP15PARSTE-PAR,Diane Parry,no,19968.36,NO,HIT
2026-09-16T01:34:05+00:00,TENNIS,KXWTAMATCH-26SEP15PARSTE-STE,Peyton Stearns,yes,3514.37,YES,HIT
2026-09-16T01:34:05+00:00,TENNIS,KXWTAMATCH-26SEP15PARSTE-STE,Peyton Stearns,yes,1541.91,YES,HIT
2026-09-16T01:34:05+00:00,TENNIS,KXWTAMATCH-26SEP15PARSTE-STE,Peyton Stearns,yes,6900.2,YES,HIT
2026-09-16T01:34:05+00:00,TENNIS,KXWTAMATCH-26SEP15PARSTE-STE,Peyton Stearns,yes,8656.94,YES,HIT
2026-09-16T01:34:05+00:00,TENNIS,KXWTAMATCH-26SEP15PARSTE-STE,Peyton Stearns,yes,77484.25,YES,HIT
2026-09-16T01:34:05+00:00,TENNIS,KXWTAMATCH-26SEP15PARSTE-STE,Peyton Stearns,no,2379.71,YES,MISS
2026-09-16T01:34:05+00:00,TENNIS,KXWTAMATCH-26SEP15PARSTE-STE,Peyton Stearns,no,2678.91,YES,MISS
2026-09-16T01:34:05+00:00,TENNIS,KXWTAMATCH-26SEP15PARSTE-STE,Peyton Stearns,no,18414.45,YES,MISS
2026-09-16T01:34:05+00:00,MLB,KXMLBGAME-26SEP151845PHIWSH-WSH,Washington,yes,3359.2,YES,HIT
2026-09-16T01:34:05+00:00,MLB,KXMLBGAME-26SEP151845PHIWSH-WSH,Washington,no,28278.21,YES,MISS
2026-09-16T01:34:05+00:00,MLB,KXMLBGAME-26SEP151845PHIWSH-WSH,Washington,no,9042.68,YES,MISS
2026-09-16T01:34:05+00:00,MLB,KXMLBGAME-26SEP151845PHIWSH-WSH,Washington,yes,226498.85,YES,HIT
2026-09-16T01:34:05+00:00,MLB,KXMLBGAME-26SEP151840ATHTB-ATH,A's,yes,1781.92,NO,MISS
2026-09-16T01:34:05+00:00,MLB,KXMLBGAME-26SEP151840ATHTB-ATH,A's,no,3983.77,NO,HIT
2026-09-16T01:34:05+00:00,MLB,KXMLBGAME-26SEP151840ATHTB-ATH,A's,no,8843.36,NO,HIT
2026-09-16T01:34:05+00:00,MLB,KXMLBGAME-26SEP151840ATHTB-ATH,A's,no,9443.21,NO,HIT
2026-09-16T01:34:05+00:00,MLB,KXMLBGAME-26SEP151840ATHTB-ATH,A's,no,11123.91,NO,HIT
2026-09-16T01:34:05+00:00,MLB,KXMLBGAME-26SEP151840ATHTB-ATH,A's,no,19828.1,NO,HIT
2026-09-16T01:34:05+00:00,MLB,KXMLBGAME-26SEP151840ATHTB-ATH,A's,no,1225.47,NO,HIT
2026-09-16T01:34:05+00:00,MLB,KXMLBGAME-26SEP151840ATHTB-ATH,A's,yes,2273.99,NO,MISS
2026-09-16T01:34:05+00:00,MLB,KXMLBGAME-26SEP151840ATHTB-ATH,A's,yes,37547.66,NO,MISS
2026-09-16T01:35:45+00:00,MLB,KXMLBGAME-26SEP151840LADCIN-LAD,Los Angeles D,yes,2175.32,YES,HIT
2026-09-16T01:35:45+00:00,MLB,KXMLBGAME-26SEP151840LADCIN-LAD,Los Angeles D,yes,1275.51,YES,HIT
2026-09-16T01:35:45+00:00,MLB,KXMLBGAME-26SEP151840LADCIN-LAD,Los Angeles D,yes,2849.22,YES,HIT
2026-09-16T01:35:45+00:00,MLB,KXMLBGAME-26SEP151840LADCIN-LAD,Los Angeles D,yes,1209.33,YES,HIT
2026-09-16T01:35:45+00:00,MLB,KXMLBGAME-26SEP151840LADCIN-LAD,Los Angeles D,yes,3717.61,YES,HIT
2026-09-16T01:35:45+00:00,MLB,KXMLBGAME-26SEP151840LADCIN-LAD,Los Angeles D,yes,2305.06,YES,HIT
2026-09-16T01:35:45+00:00,MLB,KXMLBGAME-26SEP151840LADCIN-LAD,Los Angeles D,yes,1319.07,YES,HIT
2026-09-16T01:35:45+00:00,MLB,KXMLBGAME-26SEP151840LADCIN-LAD,Los Angeles D,yes,1183.77,YES,HIT
2026-09-16T01:35:45+00:00,MLB,KXMLBGAME-26SEP151840LADCIN-LAD,Los Angeles D,yes,1400.13,YES,HIT
2026-09-16T01:35:45+00:00,MLB,KXMLBGAME-26SEP151840LADCIN-LAD,Los Angeles D,yes,3119.48,YES,HIT
2026-09-16T01:35:45+00:00,MLB,KXMLBGAME-26SEP151840LADCIN-LAD,Los Angeles D,yes,1375.21,YES,HIT
2026-09-16T01:35:45+00:00,MLB,KXMLBGAME-26SEP151840LADCIN-LAD,Los Angeles D,yes,6961.48,YES,HIT
2026-09-16T01:35:45+00:00,MLB,KXMLBGAME-26SEP151840LADCIN-LAD,Los Angeles D,yes,1066.1,YES,HIT
2026-09-16T01:35:45+00:00,MLB,KXMLBGAME-26SEP151840LADCIN-LAD,Los Angeles D,yes,1287.61,YES,HIT
2026-09-16T01:35:45+00:00,MLB,KXMLBGAME-26SEP151840LADCIN-LAD,Los Angeles D,yes,1065.86,YES,HIT
2026-09-16T01:35:45+00:00,MLB,KXMLBGAME-26SEP151840LADCIN-LAD,Los Angeles D,yes,5960.42,YES,HIT
2026-09-16T01:35:45+00:00,MLB,KXMLBGAME-26SEP151840LADCIN-LAD,Los Angeles D,yes,4230.66,YES,HIT
2026-09-16T01:35:45+00:00,MLB,KXMLBGAME-26SEP151840LADCIN-LAD,Los Angeles D,yes,2313.32,YES,HIT
2026-09-16T01:35:45+00:00,MLB,KXMLBGAME-26SEP151840LADCIN-LAD,Los Angeles D,yes,11644.31,YES,HIT
2026-09-16T01:35:45+00:00,MLB,KXMLBGAME-26SEP151840LADCIN-LAD,Los Angeles D,yes,1247.18,YES,HIT
2026-09-16T01:35:45+00:00,MLB,KXMLBGAME-26SEP151840LADCIN-LAD,Los Angeles D,yes,20562.1,YES,HIT
2026-09-16T01:35:45+00:00,MLB,KXMLBGAME-26SEP151840LADCIN-LAD,Los Angeles D,no,53541.59,YES,MISS
2026-09-16T01:35:45+00:00,MLB,KXMLBGAME-26SEP151840LADCIN-LAD,Los Angeles D,yes,662337.15,YES,HIT
2026-09-16T01:35:45+00:00,MLB,KXMLBGAME-26SEP151845PHIWSH-PHI,Philadelphia,yes,1036.11,NO,MISS
2026-09-16T01:35:45+00:00,MLB,KXMLBGAME-26SEP151845PHIWSH-PHI,Philadelphia,yes,11013.44,NO,MISS
2026-09-16T01:35:45+00:00,MLB,KXMLBGAME-26SEP151845PHIWSH-PHI,Philadelphia,yes,1159.2,NO,MISS
2026-09-16T01:35:45+00:00,MLB,KXMLBGAME-26SEP151845PHIWSH-PHI,Philadelphia,yes,1768.24,NO,MISS
2026-09-16T01:35:45+00:00,MLB,KXMLBGAME-26SEP151845PHIWSH-PHI,Philadelphia,yes,2995.99,NO,MISS
2026-09-16T01:35:45+00:00,MLB,KXMLBGAME-26SEP151845PHIWSH-PHI,Philadelphia,yes,1532.18,NO,MISS
2026-09-16T01:35:45+00:00,MLB,KXMLBGAME-26SEP151845PHIWSH-PHI,Philadelphia,yes,1507.98,NO,MISS
2026-09-16T01:35:45+00:00,MLB,KXMLBGAME-26SEP151845PHIWSH-PHI,Philadelphia,yes,1703.52,NO,MISS
2026-09-16T01:35:45+00:00,MLB,KXMLBGAME-26SEP151845PHIWSH-PHI,Philadelphia,yes,1250.84,NO,MISS
2026-09-16T01:35:45+00:00,MLB,KXMLBGAME-26SEP151845PHIWSH-PHI,Philadelphia,yes,1346.35,NO,MISS
2026-09-16T01:35:45+00:00,MLB,KXMLBGAME-26SEP151845PHIWSH-PHI,Philadelphia,yes,4193.59,NO,MISS
2026-09-16T01:35:45+00:00,MLB,KXMLBGAME-26SEP151845PHIWSH-PHI,Philadelphia,yes,1559.32,NO,MISS
2026-09-16T01:35:45+00:00,MLB,KXMLBGAME-26SEP151845PHIWSH-PHI,Philadelphia,yes,1556.2,NO,MISS
2026-09-16T01:35:45+00:00,MLB,KXMLBGAME-26SEP151845PHIWSH-PHI,Philadelphia,yes,2476.14,NO,MISS
2026-09-16T01:35:45+00:00,MLB,KXMLBGAME-26SEP151845PHIWSH-PHI,Philadelphia,yes,1119.65,NO,MISS
2026-09-16T01:35:45+00:00,MLB,KXMLBGAME-26SEP151845PHIWSH-PHI,Philadelphia,yes,1500.06,NO,MISS
2026-09-16T01:35:45+00:00,MLB,KXMLBGAME-26SEP151845PHIWSH-PHI,Philadelphia,yes,1428.08,NO,MISS
2026-09-16T01:35:45+00:00,MLB,KXMLBGAME-26SEP151845PHIWSH-PHI,Philadelphia,yes,3897.68,NO,MISS
2026-09-16T01:35:45+00:00,MLB,KXMLBGAME-26SEP151845PHIWSH-PHI,Philadelphia,yes,2342.55,NO,MISS
2026-09-16T01:35:45+00:00,MLB,KXMLBGAME-26SEP151845PHIWSH-PHI,Philadelphia,yes,2651.67,NO,MISS
2026-09-16T01:35:45+00:00,MLB,KXMLBGAME-26SEP151845PHIWSH-PHI,Philadelphia,yes,1200.47,NO,MISS
2026-09-16T01:35:45+00:00,MLB,KXMLBGAME-26SEP151845PHIWSH-PHI,Philadelphia,yes,2075.1,NO,MISS
2026-09-16T01:35:45+00:00,MLB,KXMLBGAME-26SEP151845PHIWSH-PHI,Philadelphia,yes,1382.65,NO,MISS
2026-09-16T01:35:45+00:00,MLB,KXMLBGAME-26SEP151845PHIWSH-PHI,Philadelphia,yes,9887.36,NO,MISS
2026-09-16T01:35:45+00:00,MLB,KXMLBGAME-26SEP151845PHIWSH-PHI,Philadelphia,no,2206.84,NO,HIT
2026-09-16T01:35:45+00:00,MLB,KXMLBGAME-26SEP151845PHIWSH-PHI,Philadelphia,no,7389.27,NO,HIT
2026-09-16T01:35:45+00:00,MLB,KXMLBGAME-26SEP151845PHIWSH-PHI,Philadelphia,no,10502.86,NO,HIT
2026-09-16T01:35:45+00:00,MLB,KXMLBGAME-26SEP151840ATHTB-TB,Tampa Bay,yes,6567.74,YES,HIT
2026-09-16T01:35:45+00:00,MLB,KXMLBGAME-26SEP151840ATHTB-TB,Tampa Bay,yes,2353.99,YES,HIT
2026-09-16T01:35:45+00:00,MLB,KXMLBGAME-26SEP151840ATHTB-TB,Tampa Bay,yes,1672.29,YES,HIT
2026-09-16T01:35:45+00:00,MLB,KXMLBGAME-26SEP151840ATHTB-TB,Tampa Bay,yes,4783.12,YES,HIT
2026-09-16T01:35:45+00:00,MLB,KXMLBGAME-26SEP151840ATHTB-TB,Tampa Bay,yes,5930.89,YES,HIT
2026-09-16T01:35:45+00:00,MLB,KXMLBGAME-26SEP151840ATHTB-TB,Tampa Bay,yes,1250.63,YES,HIT
2026-09-16T01:35:45+00:00,MLB,KXMLBGAME-26SEP151840ATHTB-TB,Tampa Bay,yes,3169.1,YES,HIT
2026-09-16T01:35:45+00:00,MLB,KXMLBGAME-26SEP151840ATHTB-TB,Tampa Bay,yes,1493.99,YES,HIT
2026-09-16T01:35:45+00:00,MLB,KXMLBGAME-26SEP151840ATHTB-TB,Tampa Bay,yes,1254.49,YES,HIT
2026-09-16T01:35:45+00:00,MLB,KXMLBGAME-26SEP151840ATHTB-TB,Tampa Bay,yes,1026.3,YES,HIT
2026-09-16T01:35:45+00:00,MLB,KXMLBGAME-26SEP151840ATHTB-TB,Tampa Bay,yes,1255.57,YES,HIT
2026-09-16T01:35:45+00:00,MLB,KXMLBGAME-26SEP151840ATHTB-TB,Tampa Bay,yes,2903.73,YES,HIT
2026-09-16T01:35:45+00:00,MLB,KXMLBGAME-26SEP151840ATHTB-TB,Tampa Bay,yes,3159.25,YES,HIT
2026-09-16T01:35:45+00:00,MLB,KXMLBGAME-26SEP151840ATHTB-TB,Tampa Bay,yes,1004.74,YES,HIT
2026-09-16T01:35:45+00:00,MLB,KXMLBGAME-26SEP151840ATHTB-TB,Tampa Bay,yes,2198.79,YES,HIT
2026-09-16T01:35:45+00:00,MLB,KXMLBGAME-26SEP151840ATHTB-TB,Tampa Bay,yes,1626.44,YES,HIT
2026-09-16T01:35:45+00:00,MLB,KXMLBGAME-26SEP151840ATHTB-TB,Tampa Bay,yes,5555.05,YES,HIT
2026-09-16T01:35:45+00:00,MLB,KXMLBGAME-26SEP151840ATHTB-TB,Tampa Bay,yes,1463.05,YES,HIT
2026-09-16T01:35:45+00:00,MLB,KXMLBGAME-26SEP151840ATHTB-TB,Tampa Bay,yes,3014.98,YES,HIT
2026-09-16T01:35:45+00:00,MLB,KXMLBGAME-26SEP151840ATHTB-TB,Tampa Bay,yes,1568.9,YES,HIT
2026-09-16T01:35:45+00:00,MLB,KXMLBGAME-26SEP151840ATHTB-TB,Tampa Bay,yes,1777.49,YES,HIT
2026-09-16T01:35:45+00:00,MLB,KXMLBGAME-26SEP151840ATHTB-TB,Tampa Bay,yes,1135.23,YES,HIT
2026-09-16T01:35:45+00:00,MLB,KXMLBGAME-26SEP151840ATHTB-TB,Tampa Bay,yes,3618.98,YES,HIT
2026-09-16T01:35:45+00:00,MLB,KXMLBGAME-26SEP151840ATHTB-TB,Tampa Bay,yes,1881.86,YES,HIT
2026-09-16T01:35:45+00:00,MLB,KXMLBGAME-26SEP151840ATHTB-TB,Tampa Bay,yes,2559.79,YES,HIT
2026-09-16T01:35:45+00:00,MLB,KXMLBGAME-26SEP151840ATHTB-TB,Tampa Bay,yes,9098.56,YES,HIT
2026-09-16T01:35:45+00:00,MLB,KXMLBGAME-26SEP151840ATHTB-TB,Tampa Bay,yes,2303.51,YES,HIT
2026-09-16T01:35:45+00:00,MLB,KXMLBGAME-26SEP151840ATHTB-TB,Tampa Bay,no,1199.8,YES,MISS
2026-09-16T01:35:45+00:00,MLB,KXMLBGAME-26SEP151840ATHTB-TB,Tampa Bay,no,2209.97,YES,MISS
2026-09-16T01:35:45+00:00,MLB,KXMLBGAME-26SEP151840ATHTB-TB,Tampa Bay,no,1139.61,YES,MISS
2026-09-16T01:35:45+00:00,MLB,KXMLBGAME-26SEP151840ATHTB-TB,Tampa Bay,no,1918.8,YES,MISS
2026-09-16T01:35:45+00:00,MLB,KXMLBGAME-26SEP151840LADCIN-CIN,Cincinnati,no,1213.97,NO,HIT
2026-09-16T01:35:45+00:00,MLB,KXMLBGAME-26SEP151840LADCIN-CIN,Cincinnati,yes,2850.94,NO,MISS
2026-09-16T01:35:45+00:00,MLB,KXMLBGAME-26SEP151840LADCIN-CIN,Cincinnati,yes,1103.37,NO,MISS
2026-09-16T01:35:45+00:00,MLB,KXMLBGAME-26SEP151840LADCIN-CIN,Cincinnati,no,1523.34,NO,HIT
2026-09-16T01:35:45+00:00,MLB,KXMLBGAME-26SEP151840LADCIN-CIN,Cincinnati,no,33051.82,NO,HIT
2026-09-16T01:35:45+00:00,MLB,KXMLBGAME-26SEP151840LADCIN-CIN,Cincinnati,no,28509.13,NO,HIT
2026-09-16T01:35:45+00:00,TENNIS,KXWTAMATCH-26SEP15PARSTE-PAR,Diane Parry,yes,1008.24,NO,MISS
2026-09-16T01:35:45+00:00,TENNIS,KXWTAMATCH-26SEP15PARSTE-PAR,Diane Parry,yes,1442.0,NO,MISS
2026-09-16T01:35:45+00:00,TENNIS,KXWTAMATCH-26SEP15PARSTE-PAR,Diane Parry,yes,2610.46,NO,MISS
2026-09-16T01:35:45+00:00,TENNIS,KXWTAMATCH-26SEP15PARSTE-PAR,Diane Parry,yes,2355.78,NO,MISS
2026-09-16T01:35:45+00:00,TENNIS,KXWTAMATCH-26SEP15PARSTE-PAR,Diane Parry,yes,2552.96,NO,MISS
2026-09-16T01:35:45+00:00,TENNIS,KXWTAMATCH-26SEP15PARSTE-PAR,Diane Parry,yes,3880.63,NO,MISS
2026-09-16T01:35:45+00:00,TENNIS,KXWTAMATCH-26SEP15PARSTE-PAR,Diane Parry,yes,6535.85,NO,MISS
2026-09-16T01:35:45+00:00,TENNIS,KXWTAMATCH-26SEP15PARSTE-PAR,Diane Parry,yes,3327.87,NO,MISS
2026-09-16T01:35:45+00:00,TENNIS,KXWTAMATCH-26SEP15PARSTE-PAR,Diane Parry,yes,3311.48,NO,MISS
2026-09-16T01:35:45+00:00,TENNIS,KXWTAMATCH-26SEP15PARSTE-PAR,Diane Parry,yes,43321.08,NO,MISS
2026-09-16T01:35:45+00:00,TENNIS,KXWTAMATCH-26SEP15PARSTE-PAR,Diane Parry,no,1207.85,NO,HIT
2026-09-16T01:35:45+00:00,TENNIS,KXWTAMATCH-26SEP15PARSTE-PAR,Diane Parry,no,1571.43,NO,HIT
2026-09-16T01:35:45+00:00,TENNIS,KXWTAMATCH-26SEP15PARSTE-PAR,Diane Parry,no,19968.36,NO,HIT
2026-09-16T01:35:45+00:00,TENNIS,KXWTAMATCH-26SEP15PARSTE-STE,Peyton Stearns,yes,3514.37,YES,HIT
2026-09-16T01:35:45+00:00,TENNIS,KXWTAMATCH-26SEP15PARSTE-STE,Peyton Stearns,yes,1541.91,YES,HIT
2026-09-16T01:35:45+00:00,TENNIS,KXWTAMATCH-26SEP15PARSTE-STE,Peyton Stearns,yes,6900.2,YES,HIT
2026-09-16T01:35:45+00:00,TENNIS,KXWTAMATCH-26SEP15PARSTE-STE,Peyton Stearns,yes,8656.94,YES,HIT
2026-09-16T01:35:45+00:00,TENNIS,KXWTAMATCH-26SEP15PARSTE-STE,Peyton Stearns,yes,77484.25,YES,HIT
2026-09-16T01:35:45+00:00,TENNIS,KXWTAMATCH-26SEP15PARSTE-STE,Peyton Stearns,no,2379.71,YES,MISS
2026-09-16T01:35:45+00:00,TENNIS,KXWTAMATCH-26SEP15PARSTE-STE,Peyton Stearns,no,2678.91,YES,MISS
2026-09-16T01:35:45+00:00,TENNIS,KXWTAMATCH-26SEP15PARSTE-STE,Peyton Stearns,no,18414.45,YES,MISS
2026-09-16T01:35:45+00:00,MLB,KXMLBGAME-26SEP151845PHIWSH-WSH,Washington,yes,3359.2,YES,HIT
2026-09-16T01:35:45+00:00,MLB,KXMLBGAME-26SEP151845PHIWSH-WSH,Washington,no,28278.21,YES,MISS
2026-09-16T01:35:45+00:00,MLB,KXMLBGAME-26SEP151845PHIWSH-WSH,Washington,no,9042.68,YES,MISS
2026-09-16T01:35:45+00:00,MLB,KXMLBGAME-26SEP151845PHIWSH-WSH,Washington,yes,226498.85,YES,HIT
2026-09-16T01:35:45+00:00,MLB,KXMLBGAME-26SEP151840ATHTB-ATH,A's,yes,1781.92,NO,MISS
2026-09-16T01:35:45+00:00,MLB,KXMLBGAME-26SEP151840ATHTB-ATH,A's,no,3983.77,NO,HIT
2026-09-16T01:35:45+00:00,MLB,KXMLBGAME-26SEP151840ATHTB-ATH,A's,no,8843.36,NO,HIT
2026-09-16T01:35:45+00:00,MLB,KXMLBGAME-26SEP151840ATHTB-ATH,A's,no,9443.21,NO,HIT
2026-09-16T01:35:45+00:00,MLB,KXMLBGAME-26SEP151840ATHTB-ATH,A's,no,11123.91,NO,HIT
2026-09-16T01:35:45+00:00,MLB,KXMLBGAME-26SEP151840ATHTB-ATH,A's,no,19828.1,NO,HIT
2026-09-16T01:35:45+00:00,MLB,KXMLBGAME-26SEP151840ATHTB-ATH,A's,no,1225.47,NO,HIT
2026-09-16T01:35:45+00:00,MLB,KXMLBGAME-26SEP151840ATHTB-ATH,A's,yes,2273.99,NO,MISS
2026-09-16T01:35:45+00:00,MLB,KXMLBGAME-26SEP151840ATHTB-ATH,A's,yes,37547.66,NO,MISS
2026-09-16T03:34:03+00:00,MLB,KXMLBGAME-26SEP151940NYYMIN-NYY,New York Y,yes,1521.0,YES,HIT
2026-09-16T03:34:03+00:00,MLB,KXMLBGAME-26SEP151940NYYMIN-NYY,New York Y,yes,3924.08,YES,HIT
2026-09-16T03:34:03+00:00,MLB,KXMLBGAME-26SEP151940NYYMIN-NYY,New York Y,yes,1364.76,YES,HIT
2026-09-16T03:34:03+00:00,MLB,KXMLBGAME-26SEP151940NYYMIN-NYY,New York Y,yes,2177.3,YES,HIT
2026-09-16T03:34:03+00:00,MLB,KXMLBGAME-26SEP151940NYYMIN-NYY,New York Y,yes,1178.74,YES,HIT
2026-09-16T03:34:03+00:00,MLB,KXMLBGAME-26SEP151940NYYMIN-NYY,New York Y,yes,1543.92,YES,HIT
2026-09-16T03:34:03+00:00,MLB,KXMLBGAME-26SEP151940NYYMIN-NYY,New York Y,yes,1723.23,YES,HIT
2026-09-16T03:34:03+00:00,MLB,KXMLBGAME-26SEP151940NYYMIN-NYY,New York Y,yes,1333.4,YES,HIT
2026-09-16T03:34:03+00:00,MLB,KXMLBGAME-26SEP151940NYYMIN-NYY,New York Y,yes,1645.77,YES,HIT
2026-09-16T03:34:03+00:00,MLB,KXMLBGAME-26SEP151940NYYMIN-NYY,New York Y,yes,2731.91,YES,HIT
2026-09-16T03:34:03+00:00,MLB,KXMLBGAME-26SEP151940NYYMIN-NYY,New York Y,yes,4639.46,YES,HIT
2026-09-16T03:34:03+00:00,MLB,KXMLBGAME-26SEP151940NYYMIN-NYY,New York Y,yes,2268.19,YES,HIT
2026-09-16T03:34:03+00:00,MLB,KXMLBGAME-26SEP151940NYYMIN-NYY,New York Y,no,8192.73,YES,MISS
2026-09-16T03:34:03+00:00,MLB,KXMLBGAME-26SEP151940NYYMIN-NYY,New York Y,yes,2156.94,YES,HIT
2026-09-16T03:34:03+00:00,MLB,KXMLBGAME-26SEP151940NYYMIN-NYY,New York Y,yes,5604.23,YES,HIT
2026-09-16T03:34:03+00:00,MLB,KXMLBGAME-26SEP151940NYYMIN-NYY,New York Y,yes,7229.35,YES,HIT
2026-09-16T03:34:03+00:00,MLB,KXMLBGAME-26SEP151940NYYMIN-NYY,New York Y,yes,2181.98,YES,HIT
2026-09-16T03:34:03+00:00,MLB,KXMLBGAME-26SEP151940NYYMIN-NYY,New York Y,no,3875.59,YES,MISS
2026-09-16T03:34:03+00:00,MLB,KXMLBGAME-26SEP151940NYYMIN-NYY,New York Y,no,1261.51,YES,MISS
2026-09-16T03:34:03+00:00,MLB,KXMLBGAME-26SEP151940NYYMIN-NYY,New York Y,no,2415.52,YES,MISS
2026-09-16T03:34:03+00:00,MLB,KXMLBGAME-26SEP151940NYYMIN-NYY,New York Y,no,1744.2,YES,MISS
2026-09-16T03:34:03+00:00,MLB,KXMLBGAME-26SEP151940NYYMIN-NYY,New York Y,no,3875.59,YES,MISS
2026-09-16T03:34:03+00:00,MLB,KXMLBGAME-26SEP151940NYYMIN-NYY,New York Y,no,1261.51,YES,MISS
2026-09-16T03:34:03+00:00,MLB,KXMLBGAME-26SEP151940NYYMIN-NYY,New York Y,no,2415.52,YES,MISS
2026-09-16T03:34:03+00:00,MLB,KXMLBGAME-26SEP151940NYYMIN-NYY,New York Y,no,1828.29,YES,MISS
2026-09-16T03:34:03+00:00,MLB,KXMLBGAME-26SEP151840CWSCLE-CLE,Cleveland,no,1777.07,YES,MISS
2026-09-16T03:34:03+00:00,MLB,KXMLBGAME-26SEP151840CWSCLE-CLE,Cleveland,yes,1700.08,YES,HIT
2026-09-16T03:34:03+00:00,MLB,KXMLBGAME-26SEP151840CWSCLE-CLE,Cleveland,yes,1730.73,YES,HIT
2026-09-16T03:34:03+00:00,MLB,KXMLBGAME-26SEP151840CWSCLE-CLE,Cleveland,yes,1167.97,YES,HIT
2026-09-16T03:34:03+00:00,MLB,KXMLBGAME-26SEP151840CWSCLE-CLE,Cleveland,yes,3042.07,YES,HIT
2026-09-16T03:34:03+00:00,MLB,KXMLBGAME-26SEP151840CWSCLE-CLE,Cleveland,yes,1210.91,YES,HIT
2026-09-16T03:34:03+00:00,MLB,KXMLBGAME-26SEP151840CWSCLE-CLE,Cleveland,yes,1496.97,YES,HIT
2026-09-16T03:34:03+00:00,MLB,KXMLBGAME-26SEP151840CWSCLE-CLE,Cleveland,yes,10134.17,YES,HIT
2026-09-16T03:34:03+00:00,MLB,KXMLBGAME-26SEP151840CWSCLE-CLE,Cleveland,yes,6506.56,YES,HIT
2026-09-16T03:34:03+00:00,MLB,KXMLBGAME-26SEP151840CWSCLE-CLE,Cleveland,yes,1085.16,YES,HIT
2026-09-16T03:34:03+00:00,MLB,KXMLBGAME-26SEP151840CWSCLE-CLE,Cleveland,yes,1974.93,YES,HIT
2026-09-16T03:34:03+00:00,MLB,KXMLBGAME-26SEP151840CWSCLE-CLE,Cleveland,yes,1684.15,YES,HIT
2026-09-16T03:34:03+00:00,MLB,KXMLBGAME-26SEP151840CWSCLE-CLE,Cleveland,yes,1527.53,YES,HIT
2026-09-16T03:34:03+00:00,MLB,KXMLBGAME-26SEP151840CWSCLE-CLE,Cleveland,yes,10422.65,YES,HIT
2026-09-16T03:34:03+00:00,MLB,KXMLBGAME-26SEP151840CWSCLE-CLE,Cleveland,yes,19680.94,YES,HIT
2026-09-16T03:34:03+00:00,MLB,KXMLBGAME-26SEP151840CWSCLE-CLE,Cleveland,no,2260.0,YES,MISS
2026-09-16T03:34:03+00:00,MLB,KXMLBGAME-26SEP151840CWSCLE-CLE,Cleveland,no,1066.5,YES,MISS
2026-09-16T03:34:03+00:00,MLB,KXMLBGAME-26SEP151840CWSCLE-CLE,Cleveland,no,17652.08,YES,MISS
2026-09-16T03:34:03+00:00,MLB,KXMLBGAME-26SEP151840CWSCLE-CLE,Cleveland,yes,194235.84,YES,HIT
2026-09-16T03:34:03+00:00,MLB,KXMLBGAME-26SEP151840CWSCLE-CLE,Cleveland,no,152872.3,YES,MISS
2026-09-16T03:34:03+00:00,MLB,KXMLBGAME-26SEP151840MILPIT-MIL,Milwaukee,yes,2473.15,YES,HIT
2026-09-16T03:34:03+00:00,MLB,KXMLBGAME-26SEP151840MILPIT-MIL,Milwaukee,yes,2967.79,YES,HIT
2026-09-16T03:34:03+00:00,MLB,KXMLBGAME-26SEP151840MILPIT-MIL,Milwaukee,yes,3885.14,YES,HIT
2026-09-16T03:34:03+00:00,MLB,KXMLBGAME-26SEP151840MILPIT-MIL,Milwaukee,yes,1042.67,YES,HIT
2026-09-16T03:34:03+00:00,MLB,KXMLBGAME-26SEP151840MILPIT-MIL,Milwaukee,yes,1065.81,YES,HIT
2026-09-16T03:34:03+00:00,MLB,KXMLBGAME-26SEP151840MILPIT-MIL,Milwaukee,yes,1170.36,YES,HIT
2026-09-16T03:34:03+00:00,MLB,KXMLBGAME-26SEP151840MILPIT-MIL,Milwaukee,yes,3149.4,YES,HIT
2026-09-16T03:34:03+00:00,MLB,KXMLBGAME-26SEP151840MILPIT-MIL,Milwaukee,yes,1214.69,YES,HIT
2026-09-16T03:34:03+00:00,MLB,KXMLBGAME-26SEP151840MILPIT-MIL,Milwaukee,yes,1647.37,YES,HIT
2026-09-16T03:34:03+00:00,MLB,KXMLBGAME-26SEP151840MILPIT-MIL,Milwaukee,yes,1865.52,YES,HIT
2026-09-16T03:34:03+00:00,MLB,KXMLBGAME-26SEP151840MILPIT-MIL,Milwaukee,yes,1745.67,YES,HIT
2026-09-16T03:34:03+00:00,MLB,KXMLBGAME-26SEP151840MILPIT-MIL,Milwaukee,yes,1027.47,YES,HIT
2026-09-16T03:34:03+00:00,MLB,KXMLBGAME-26SEP151840MILPIT-MIL,Milwaukee,yes,5474.19,YES,HIT
2026-09-16T03:34:03+00:00,MLB,KXMLBGAME-26SEP151840MILPIT-MIL,Milwaukee,yes,1457.65,YES,HIT
2026-09-16T03:34:03+00:00,MLB,KXMLBGAME-26SEP151840MILPIT-MIL,Milwaukee,yes,2466.24,YES,HIT
2026-09-16T03:34:03+00:00,MLB,KXMLBGAME-26SEP151840MILPIT-MIL,Milwaukee,yes,12680.87,YES,HIT
2026-09-16T03:34:03+00:00,MLB,KXMLBGAME-26SEP151840MILPIT-MIL,Milwaukee,no,3795.84,YES,MISS
2026-09-16T03:34:03+00:00,MLB,KXMLBGAME-26SEP151840MILPIT-MIL,Milwaukee,no,1788.54,YES,MISS
2026-09-16T03:34:03+00:00,MLB,KXMLBGAME-26SEP151840MILPIT-MIL,Milwaukee,no,4828.38,YES,MISS
2026-09-16T03:34:03+00:00,MLB,KXMLBGAME-26SEP151840MILPIT-MIL,Milwaukee,no,4664.61,YES,MISS
2026-09-16T03:34:03+00:00,MLB,KXMLBGAME-26SEP151840MILPIT-MIL,Milwaukee,no,1021.21,YES,MISS
2026-09-16T03:34:03+00:00,MLB,KXMLBGAME-26SEP151840MILPIT-MIL,Milwaukee,no,7877.5,YES,MISS
2026-09-16T03:34:03+00:00,MLB,KXMLBGAME-26SEP151840MILPIT-MIL,Milwaukee,yes,564156.15,YES,HIT
2026-09-16T03:34:03+00:00,MLB,KXMLBGAME-26SEP151840MILPIT-MIL,Milwaukee,yes,56172.37,YES,HIT
2026-09-16T03:34:03+00:00,MLB,KXMLBGAME-26SEP151840MILPIT-MIL,Milwaukee,no,9486.85,YES,MISS
2026-09-16T03:34:03+00:00,MLB,KXMLBGAME-26SEP151840MILPIT-MIL,Milwaukee,no,15643.45,YES,MISS
2026-09-16T03:34:03+00:00,MLB,KXMLBGAME-26SEP151840MILPIT-MIL,Milwaukee,yes,563257.87,YES,HIT
2026-09-16T03:34:03+00:00,MLB,KXMLBGAME-26SEP151840MILPIT-MIL,Milwaukee,yes,56172.37,YES,HIT
2026-09-16T03:34:03+00:00,MLB,KXMLBGAME-26SEP151840MILPIT-MIL,Milwaukee,no,9486.85,YES,MISS
2026-09-16T03:34:03+00:00,MLB,KXMLBGAME-26SEP151840MILPIT-MIL,Milwaukee,no,15663.31,YES,MISS
2026-09-16T03:34:03+00:00,MLB,KXMLBGAME-26SEP151907DETTOR-TOR,Toronto,yes,1255.93,NO,MISS
2026-09-16T03:34:03+00:00,MLB,KXMLBGAME-26SEP151907DETTOR-TOR,Toronto,yes,3342.38,NO,MISS
2026-09-16T03:34:03+00:00,MLB,KXMLBGAME-26SEP151907DETTOR-TOR,Toronto,no,2396.46,NO,HIT
2026-09-16T03:34:03+00:00,MLB,KXMLBGAME-26SEP151907DETTOR-TOR,Toronto,yes,1149.98,NO,MISS
2026-09-16T03:34:03+00:00,MLB,KXMLBGAME-26SEP151907DETTOR-TOR,Toronto,yes,1007.18,NO,MISS
2026-09-16T03:34:03+00:00,MLB,KXMLBGAME-26SEP151907DETTOR-TOR,Toronto,yes,1072.98,NO,MISS
2026-09-16T03:34:03+00:00,MLB,KXMLBGAME-26SEP151907DETTOR-TOR,Toronto,yes,2940.99,NO,MISS
2026-09-16T03:34:03+00:00,MLB,KXMLBGAME-26SEP151907DETTOR-TOR,Toronto,yes,1083.61,NO,MISS
2026-09-16T03:34:03+00:00,MLB,KXMLBGAME-26SEP151907DETTOR-TOR,Toronto,yes,1011.2,NO,MISS
2026-09-16T03:34:03+00:00,MLB,KXMLBGAME-26SEP151907DETTOR-TOR,Toronto,yes,2275.82,NO,MISS
2026-09-16T03:34:03+00:00,MLB,KXMLBGAME-26SEP151907DETTOR-TOR,Toronto,yes,7374.13,NO,MISS
2026-09-16T03:34:03+00:00,MLB,KXMLBGAME-26SEP151907DETTOR-TOR,Toronto,yes,1282.21,NO,MISS
2026-09-16T03:34:03+00:00,MLB,KXMLBGAME-26SEP151907DETTOR-TOR,Toronto,yes,5565.5,NO,MISS
2026-09-16T03:34:03+00:00,MLB,KXMLBGAME-26SEP151907DETTOR-TOR,Toronto,yes,3987.29,NO,MISS
2026-09-16T03:34:03+00:00,MLB,KXMLBGAME-26SEP151907DETTOR-TOR,Toronto,yes,4182.31,NO,MISS
2026-09-16T03:34:03+00:00,MLB,KXMLBGAME-26SEP151907DETTOR-TOR,Toronto,yes,1475.59,NO,MISS
2026-09-16T03:34:03+00:00,MLB,KXMLBGAME-26SEP151907DETTOR-TOR,Toronto,no,1062.14,NO,HIT
2026-09-16T03:34:03+00:00,MLB,KXMLBGAME-26SEP151907DETTOR-TOR,Toronto,no,1473.57,NO,HIT
2026-09-16T03:34:03+00:00,MLB,KXMLBGAME-26SEP151907DETTOR-TOR,Toronto,no,2887.3,NO,HIT
2026-09-16T03:34:03+00:00,MLB,KXMLBGAME-26SEP151907DETTOR-TOR,Toronto,yes,1242.51,NO,MISS
2026-09-16T03:34:03+00:00,MLB,KXMLBGAME-26SEP151907DETTOR-TOR,Toronto,no,2077.26,NO,HIT
2026-09-16T03:34:03+00:00,MLB,KXMLBGAME-26SEP151907DETTOR-TOR,Toronto,no,28799.23,NO,HIT
2026-09-16T03:34:03+00:00,MLB,KXMLBGAME-26SEP151907DETTOR-TOR,Toronto,no,8317.45,NO,HIT
2026-09-16T03:34:03+00:00,MLB,KXMLBGAME-26SEP151907DETTOR-TOR,Toronto,no,144841.97,NO,HIT
2026-09-16T03:34:03+00:00,MLB,KXMLBGAME-26SEP151907DETTOR-TOR,Toronto,no,65125.97,NO,HIT
2026-09-16T03:34:03+00:00,MLB,KXMLBGAME-26SEP151907DETTOR-TOR,Toronto,yes,1259.13,NO,MISS
2026-09-16T03:34:03+00:00,MLB,KXMLBGAME-26SEP151907DETTOR-TOR,Toronto,no,2077.26,NO,HIT
2026-09-16T03:34:03+00:00,MLB,KXMLBGAME-26SEP151907DETTOR-TOR,Toronto,no,28799.23,NO,HIT
2026-09-16T03:34:03+00:00,MLB,KXMLBGAME-26SEP151907DETTOR-TOR,Toronto,no,8317.45,NO,HIT
2026-09-16T03:34:03+00:00,MLB,KXMLBGAME-26SEP151907DETTOR-TOR,Toronto,no,144841.97,NO,HIT
2026-09-16T03:34:03+00:00,MLB,KXMLBGAME-26SEP151907DETTOR-TOR,Toronto,no,65125.97,NO,HIT
2026-09-16T03:34:03+00:00,MLB,KXMLBGAME-26SEP152040SDCOL-SD,San Diego,yes,1797.42,NO,MISS
2026-09-16T03:34:03+00:00,MLB,KXMLBGAME-26SEP152040SDCOL-SD,San Diego,yes,2017.95,NO,MISS
2026-09-16T03:34:03+00:00,MLB,KXMLBGAME-26SEP152040SDCOL-SD,San Diego,yes,1131.06,NO,MISS
2026-09-16T03:34:03+00:00,MLB,KXMLBGAME-26SEP152040SDCOL-SD,San Diego,yes,1485.33,NO,MISS
2026-09-16T03:34:03+00:00,MLB,KXMLBGAME-26SEP152040SDCOL-SD,San Diego,yes,15222.58,NO,MISS
2026-09-16T03:34:03+00:00,MLB,KXMLBGAME-26SEP152040SDCOL-SD,San Diego,yes,4339.55,NO,MISS
2026-09-16T03:34:03+00:00,MLB,KXMLBGAME-26SEP152040SDCOL-SD,San Diego,yes,2055.62,NO,MISS
2026-09-16T03:34:03+00:00,MLB,KXMLBGAME-26SEP152040SDCOL-SD,San Diego,yes,1606.4,NO,MISS
2026-09-16T03:34:03+00:00,MLB,KXMLBGAME-26SEP152040SDCOL-SD,San Diego,yes,2850.36,NO,MISS
2026-09-16T03:34:03+00:00,MLB,KXMLBGAME-26SEP152040SDCOL-SD,San Diego,yes,1283.81,NO,MISS
2026-09-16T03:34:03+00:00,MLB,KXMLBGAME-26SEP152040SDCOL-SD,San Diego,yes,1642.22,NO,MISS
2026-09-16T03:34:03+00:00,MLB,KXMLBGAME-26SEP152040SDCOL-SD,San Diego,yes,1417.56,NO,MISS
2026-09-16T03:34:03+00:00,MLB,KXMLBGAME-26SEP152040SDCOL-SD,San Diego,yes,1569.13,NO,MISS
2026-09-16T03:34:03+00:00,MLB,KXMLBGAME-26SEP152040SDCOL-SD,San Diego,yes,1026.97,NO,MISS
2026-09-16T03:34:03+00:00,MLB,KXMLBGAME-26SEP152040SDCOL-SD,San Diego,yes,2181.54,NO,MISS
2026-09-16T03:34:03+00:00,MLB,KXMLBGAME-26SEP152040SDCOL-SD,San Diego,yes,3998.64,NO,MISS
2026-09-16T03:34:03+00:00,MLB,KXMLBGAME-26SEP152040SDCOL-SD,San Diego,yes,5067.64,NO,MISS
2026-09-16T03:34:03+00:00,MLB,KXMLBGAME-26SEP152040SDCOL-SD,San Diego,yes,4855.36,NO,MISS
2026-09-16T03:34:03+00:00,MLB,KXMLBGAME-26SEP152040SDCOL-SD,San Diego,yes,3040.38,NO,MISS
2026-09-16T03:34:03+00:00,MLB,KXMLBGAME-26SEP152040SDCOL-SD,San Diego,no,3719.31,NO,HIT
2026-09-16T03:34:03+00:00,MLB,KXMLBGAME-26SEP152040SDCOL-SD,San Diego,no,3877.48,NO,HIT
2026-09-16T03:34:03+00:00,MLB,KXMLBGAME-26SEP152040SDCOL-SD,San Diego,no,4313.06,NO,HIT
2026-09-16T03:34:03+00:00,MLB,KXMLBGAME-26SEP152040SDCOL-SD,San Diego,no,2382.71,NO,HIT
2026-09-16T03:34:03+00:00,MLB,KXMLBGAME-26SEP152040SDCOL-SD,San Diego,no,3877.48,NO,HIT
2026-09-16T03:34:03+00:00,MLB,KXMLBGAME-26SEP152040SDCOL-SD,San Diego,no,4313.06,NO,HIT
2026-09-16T03:34:03+00:00,MLB,KXMLBGAME-26SEP152040SDCOL-SD,San Diego,no,3219.42,NO,HIT
2026-09-16T03:34:03+00:00,MLB,KXMLBGAME-26SEP151907DETTOR-DET,Detroit,yes,3827.93,YES,HIT
2026-09-16T03:34:03+00:00,MLB,KXMLBGAME-26SEP151907DETTOR-DET,Detroit,yes,4787.72,YES,HIT
2026-09-16T03:34:03+00:00,MLB,KXMLBGAME-26SEP151907DETTOR-DET,Detroit,yes,1048.0,YES,HIT
2026-09-16T03:34:03+00:00,MLB,KXMLBGAME-26SEP151907DETTOR-DET,Detroit,yes,3382.36,YES,HIT
2026-09-16T03:34:03+00:00,MLB,KXMLBGAME-26SEP151907DETTOR-DET,Detroit,yes,2728.25,YES,HIT
2026-09-16T03:34:03+00:00,MLB,KXMLBGAME-26SEP151907DETTOR-DET,Detroit,yes,1429.18,YES,HIT
2026-09-16T03:34:03+00:00,MLB,KXMLBGAME-26SEP151907DETTOR-DET,Detroit,yes,2500.48,YES,HIT
2026-09-16T03:34:03+00:00,MLB,KXMLBGAME-26SEP151907DETTOR-DET,Detroit,no,1970.34,YES,MISS
2026-09-16T03:34:03+00:00,MLB,KXMLBGAME-26SEP151907DETTOR-DET,Detroit,yes,36774.03,YES,HIT
2026-09-16T03:34:03+00:00,MLB,KXMLBGAME-26SEP151907DETTOR-DET,Detroit,no,16648.68,YES,MISS
2026-09-16T03:34:03+00:00,MLB,KXMLBGAME-26SEP151907DETTOR-DET,Detroit,no,5923.72,YES,MISS
2026-09-16T03:34:03+00:00,MLB,KXMLBGAME-26SEP151907DETTOR-DET,Detroit,no,1601.98,YES,MISS
2026-09-16T03:34:03+00:00,MLB,KXMLBGAME-26SEP151907DETTOR-DET,Detroit,yes,280410.78,YES,HIT
2026-09-16T03:34:03+00:00,MLB,KXMLBGAME-26SEP151907DETTOR-DET,Detroit,no,1151.98,YES,MISS
2026-09-16T03:34:03+00:00,MLB,KXMLBGAME-26SEP151907DETTOR-DET,Detroit,no,3992.56,YES,MISS
2026-09-16T03:34:03+00:00,MLB,KXMLBGAME-26SEP151907DETTOR-DET,Detroit,no,16291.27,YES,MISS
2026-09-16T03:34:03+00:00,MLB,KXMLBGAME-26SEP151907DETTOR-DET,Detroit,yes,280410.78,YES,HIT
2026-09-16T03:34:03+00:00,MLB,KXMLBGAME-26SEP151907DETTOR-DET,Detroit,no,1151.98,YES,MISS
2026-09-16T03:34:03+00:00,MLB,KXMLBGAME-26SEP151907DETTOR-DET,Detroit,no,3992.56,YES,MISS
2026-09-16T03:34:03+00:00,MLB,KXMLBGAME-26SEP151907DETTOR-DET,Detroit,no,16291.27,YES,MISS
2026-09-16T03:34:03+00:00,MLB,KXMLBGAME-26SEP152040SDCOL-COL,Colorado,yes,6013.05,YES,HIT
2026-09-16T03:34:03+00:00,MLB,KXMLBGAME-26SEP152040SDCOL-COL,Colorado,yes,1032.24,YES,HIT
2026-09-16T03:34:03+00:00,MLB,KXMLBGAME-26SEP152040SDCOL-COL,Colorado,yes,3534.83,YES,HIT
2026-09-16T03:34:03+00:00,MLB,KXMLBGAME-26SEP152040SDCOL-COL,Colorado,no,1286.43,YES,MISS
2026-09-16T03:34:03+00:00,MLB,KXMLBGAME-26SEP152040SDCOL-COL,Colorado,yes,64373.26,YES,HIT
2026-09-16T03:34:03+00:00,MLB,KXMLBGAME-26SEP152040SDCOL-COL,Colorado,no,10393.1,YES,MISS
2026-09-16T03:34:03+00:00,MLB,KXMLBGAME-26SEP152040SDCOL-COL,Colorado,no,8560.61,YES,MISS
2026-09-16T03:34:03+00:00,MLB,KXMLBGAME-26SEP152040SDCOL-COL,Colorado,no,3114.39,YES,MISS
2026-09-16T03:34:03+00:00,MLB,KXMLBGAME-26SEP152040SDCOL-COL,Colorado,no,1167.3,YES,MISS
2026-09-16T03:34:03+00:00,MLB,KXMLBGAME-26SEP152040SDCOL-COL,Colorado,no,4121.03,YES,MISS
2026-09-16T03:34:03+00:00,MLB,KXMLBGAME-26SEP152040SDCOL-COL,Colorado,no,4562.16,YES,MISS
2026-09-16T03:34:03+00:00,MLB,KXMLBGAME-26SEP152040SDCOL-COL,Colorado,no,8412.44,YES,MISS
2026-09-16T03:34:03+00:00,MLB,KXMLBGAME-26SEP152040SDCOL-COL,Colorado,no,18666.31,YES,MISS
2026-09-16T03:34:03+00:00,MLB,KXMLBGAME-26SEP152040SDCOL-COL,Colorado,yes,66505.18,YES,HIT
2026-09-16T03:34:03+00:00,MLB,KXMLBGAME-26SEP152040SDCOL-COL,Colorado,no,10393.1,YES,MISS
2026-09-16T03:34:03+00:00,MLB,KXMLBGAME-26SEP152040SDCOL-COL,Colorado,no,8560.61,YES,MISS
2026-09-16T03:34:03+00:00,MLB,KXMLBGAME-26SEP152040SDCOL-COL,Colorado,no,3114.39,YES,MISS
2026-09-16T03:34:03+00:00,MLB,KXMLBGAME-26SEP152040SDCOL-COL,Colorado,no,1167.3,YES,MISS
2026-09-16T03:34:03+00:00,MLB,KXMLBGAME-26SEP152040SDCOL-COL,Colorado,no,4121.03,YES,MISS
2026-09-16T03:34:03+00:00,MLB,KXMLBGAME-26SEP152040SDCOL-COL,Colorado,no,4562.16,YES,MISS
2026-09-16T03:34:03+00:00,MLB,KXMLBGAME-26SEP152040SDCOL-COL,Colorado,no,8412.44,YES,MISS
2026-09-16T03:34:03+00:00,MLB,KXMLBGAME-26SEP152040SDCOL-COL,Colorado,no,19275.86,YES,MISS
2026-09-16T03:34:03+00:00,MLB,KXMLBGAME-26SEP152010KCHOU-HOU,Houston,yes,3484.94,YES,HIT
2026-09-16T03:34:03+00:00,MLB,KXMLBGAME-26SEP152010KCHOU-HOU,Houston,yes,7043.54,YES,HIT
2026-09-16T03:34:03+00:00,MLB,KXMLBGAME-26SEP152010KCHOU-HOU,Houston,yes,1097.1,YES,HIT
2026-09-16T03:34:03+00:00,MLB,KXMLBGAME-26SEP152010KCHOU-HOU,Houston,yes,1267.68,YES,HIT
2026-09-16T03:34:03+00:00,MLB,KXMLBGAME-26SEP152010KCHOU-HOU,Houston,yes,1079.55,YES,HIT
2026-09-16T03:34:03+00:00,MLB,KXMLBGAME-26SEP152010KCHOU-HOU,Houston,yes,2199.39,YES,HIT
2026-09-16T03:34:03+00:00,MLB,KXMLBGAME-26SEP152010KCHOU-HOU,Houston,yes,1820.4,YES,HIT
2026-09-16T03:34:03+00:00,MLB,KXMLBGAME-26SEP152010KCHOU-HOU,Houston,yes,3083.32,YES,HIT
2026-09-16T03:34:03+00:00,MLB,KXMLBGAME-26SEP152010KCHOU-HOU,Houston,yes,4569.27,YES,HIT
2026-09-16T03:34:03+00:00,MLB,KXMLBGAME-26SEP152010KCHOU-HOU,Houston,yes,1903.79,YES,HIT
2026-09-16T03:34:03+00:00,MLB,KXMLBGAME-26SEP152010KCHOU-HOU,Houston,yes,25546.56,YES,HIT
2026-09-16T03:34:03+00:00,MLB,KXMLBGAME-26SEP152010KCHOU-HOU,Houston,no,1327.15,YES,MISS
2026-09-16T03:34:03+00:00,MLB,KXMLBGAME-26SEP152010KCHOU-HOU,Houston,no,4854.51,YES,MISS
2026-09-16T03:34:03+00:00,MLB,KXMLBGAME-26SEP152010KCHOU-HOU,Houston,no,1327.15,YES,MISS
2026-09-16T03:34:03+00:00,MLB,KXMLBGAME-26SEP152010KCHOU-HOU,Houston,no,4854.51,YES,MISS
2026-09-16T03:34:03+00:00,MLB,KXMLBGAME-26SEP151940ATLCHC-ATL,Atlanta,yes,1009.7,YES,HIT
2026-09-16T03:34:03+00:00,MLB,KXMLBGAME-26SEP151940ATLCHC-ATL,Atlanta,yes,1301.69,YES,HIT
2026-09-16T03:34:03+00:00,MLB,KXMLBGAME-26SEP151940ATLCHC-ATL,Atlanta,yes,5006.86,YES,HIT
2026-09-16T03:34:03+00:00,MLB,KXMLBGAME-26SEP151940ATLCHC-ATL,Atlanta,yes,5486.95,YES,HIT
2026-09-16T03:34:03+00:00,MLB,KXMLBGAME-26SEP151940ATLCHC-ATL,Atlanta,yes,3097.07,YES,HIT
2026-09-16T03:34:03+00:00,MLB,KXMLBGAME-26SEP151940ATLCHC-ATL,Atlanta,yes,2145.99,YES,HIT
2026-09-16T03:34:03+00:00,MLB,KXMLBGAME-26SEP151940ATLCHC-ATL,Atlanta,yes,1422.82,YES,HIT
2026-09-16T03:34:03+00:00,MLB,KXMLBGAME-26SEP151940ATLCHC-ATL,Atlanta,yes,1605.13,YES,HIT
2026-09-16T03:34:03+00:00,MLB,KXMLBGAME-26SEP151940ATLCHC-ATL,Atlanta,no,1128.12,YES,MISS
2026-09-16T03:34:03+00:00,MLB,KXMLBGAME-26SEP151940ATLCHC-ATL,Atlanta,no,4928.11,YES,MISS
2026-09-16T03:34:03+00:00,MLB,KXMLBGAME-26SEP151940ATLCHC-ATL,Atlanta,yes,4515.7,YES,HIT
2026-09-16T03:34:03+00:00,MLB,KXMLBGAME-26SEP151940ATLCHC-ATL,Atlanta,yes,1976.22,YES,HIT
2026-09-16T03:34:03+00:00,MLB,KXMLBGAME-26SEP151940ATLCHC-ATL,Atlanta,yes,1567.29,YES,HIT
2026-09-16T03:34:03+00:00,MLB,KXMLBGAME-26SEP151940ATLCHC-ATL,Atlanta,yes,6062.4,YES,HIT
2026-09-16T03:34:03+00:00,MLB,KXMLBGAME-26SEP151940ATLCHC-ATL,Atlanta,yes,11757.23,YES,HIT
2026-09-16T03:34:03+00:00,MLB,KXMLBGAME-26SEP151940ATLCHC-ATL,Atlanta,no,1241.02,YES,MISS
2026-09-16T03:34:03+00:00,MLB,KXMLBGAME-26SEP151940ATLCHC-ATL,Atlanta,yes,226200.36,YES,HIT
2026-09-16T03:34:03+00:00,MLB,KXMLBGAME-26SEP151940ATLCHC-ATL,Atlanta,no,25769.56,YES,MISS
2026-09-16T03:34:03+00:00,MLB,KXMLBGAME-26SEP151940ATLCHC-ATL,Atlanta,no,130863.51,YES,MISS
2026-09-16T03:34:03+00:00,MLB,KXMLBGAME-26SEP151940ATLCHC-ATL,Atlanta,yes,222050.71,YES,HIT
2026-09-16T03:34:03+00:00,MLB,KXMLBGAME-26SEP151940ATLCHC-ATL,Atlanta,no,22877.94,YES,MISS
2026-09-16T03:34:03+00:00,MLB,KXMLBGAME-26SEP151940ATLCHC-ATL,Atlanta,no,137301.97,YES,MISS
2026-09-16T03:34:03+00:00,MLB,KXMLBGAME-26SEP151910BALNYM-NYM,New York M,yes,1467.97,NO,MISS
2026-09-16T03:34:03+00:00,MLB,KXMLBGAME-26SEP151910BALNYM-NYM,New York M,yes,1267.04,NO,MISS
2026-09-16T03:34:03+00:00,MLB,KXMLBGAME-26SEP151910BALNYM-NYM,New York M,yes,1731.68,NO,MISS
2026-09-16T03:34:03+00:00,MLB,KXMLBGAME-26SEP151910BALNYM-NYM,New York M,yes,1343.27,NO,MISS
2026-09-16T03:34:03+00:00,MLB,KXMLBGAME-26SEP151910BALNYM-NYM,New York M,yes,3945.59,NO,MISS
2026-09-16T03:34:03+00:00,MLB,KXMLBGAME-26SEP151910BALNYM-NYM,New York M,yes,1075.32,NO,MISS
2026-09-16T03:34:03+00:00,MLB,KXMLBGAME-26SEP151910BALNYM-NYM,New York M,yes,4503.86,NO,MISS
2026-09-16T03:34:03+00:00,MLB,KXMLBGAME-26SEP151910BALNYM-NYM,New York M,yes,17582.98,NO,MISS
2026-09-16T03:34:03+00:00,MLB,KXMLBGAME-26SEP151910BALNYM-NYM,New York M,yes,58798.64,NO,MISS
2026-09-16T03:34:03+00:00,MLB,KXMLBGAME-26SEP151910BALNYM-NYM,New York M,no,3327.08,NO,HIT
2026-09-16T03:34:03+00:00,MLB,KXMLBGAME-26SEP151910BALNYM-NYM,New York M,no,3724.86,NO,HIT
2026-09-16T03:34:03+00:00,MLB,KXMLBGAME-26SEP151910BALNYM-NYM,New York M,yes,93484.6,NO,MISS
2026-09-16T03:34:03+00:00,MLB,KXMLBGAME-26SEP151910BALNYM-NYM,New York M,no,4578.77,NO,HIT
2026-09-16T03:34:03+00:00,MLB,KXMLBGAME-26SEP151910BALNYM-NYM,New York M,no,3306.69,NO,HIT
2026-09-16T03:34:03+00:00,MLB,KXMLBGAME-26SEP151910BALNYM-NYM,New York M,no,2014.65,NO,HIT
2026-09-16T03:34:03+00:00,MLB,KXMLBGAME-26SEP151910BALNYM-NYM,New York M,no,2655.41,NO,HIT
2026-09-16T03:34:03+00:00,MLB,KXMLBGAME-26SEP151910BALNYM-NYM,New York M,no,11364.82,NO,HIT
2026-09-16T03:34:03+00:00,MLB,KXMLBGAME-26SEP151910BALNYM-NYM,New York M,yes,126201.21,NO,MISS
2026-09-16T03:34:03+00:00,MLB,KXMLBGAME-26SEP151910BALNYM-NYM,New York M,no,4578.77,NO,HIT
2026-09-16T03:34:03+00:00,MLB,KXMLBGAME-26SEP151910BALNYM-NYM,New York M,no,3306.69,NO,HIT
2026-09-16T03:34:03+00:00,MLB,KXMLBGAME-26SEP151910BALNYM-NYM,New York M,no,2014.65,NO,HIT
2026-09-16T03:34:03+00:00,MLB,KXMLBGAME-26SEP151910BALNYM-NYM,New York M,no,2655.41,NO,HIT
2026-09-16T03:34:03+00:00,MLB,KXMLBGAME-26SEP151910BALNYM-NYM,New York M,no,17806.99,NO,HIT
2026-09-16T03:34:03+00:00,MLB,KXMLBGAME-26SEP152010KCHOU-KC,Kansas City,yes,1234.08,NO,MISS
2026-09-16T03:34:03+00:00,MLB,KXMLBGAME-26SEP152010KCHOU-KC,Kansas City,yes,1616.06,NO,MISS
2026-09-16T03:34:03+00:00,MLB,KXMLBGAME-26SEP152010KCHOU-KC,Kansas City,yes,5898.98,NO,MISS
2026-09-16T03:34:03+00:00,MLB,KXMLBGAME-26SEP152010KCHOU-KC,Kansas City,yes,4025.81,NO,MISS
2026-09-16T03:34:03+00:00,MLB,KXMLBGAME-26SEP152010KCHOU-KC,Kansas City,yes,1311.3,NO,MISS
2026-09-16T03:34:03+00:00,MLB,KXMLBGAME-26SEP152010KCHOU-KC,Kansas City,yes,35053.81,NO,MISS
2026-09-16T03:34:03+00:00,MLB,KXMLBGAME-26SEP152010KCHOU-KC,Kansas City,no,1833.97,NO,HIT
2026-09-16T03:34:03+00:00,MLB,KXMLBGAME-26SEP152010KCHOU-KC,Kansas City,no,5150.81,NO,HIT
2026-09-16T03:34:03+00:00,MLB,KXMLBGAME-26SEP152010KCHOU-KC,Kansas City,no,2939.64,NO,HIT
2026-09-16T03:34:03+00:00,MLB,KXMLBGAME-26SEP152010KCHOU-KC,Kansas City,no,6497.23,NO,HIT
2026-09-16T03:34:03+00:00,MLB,KXMLBGAME-26SEP152010KCHOU-KC,Kansas City,no,4197.0,NO,HIT
2026-09-16T03:34:03+00:00,MLB,KXMLBGAME-26SEP152010KCHOU-KC,Kansas City,no,6352.11,NO,HIT
2026-09-16T03:34:03+00:00,MLB,KXMLBGAME-26SEP152010KCHOU-KC,Kansas City,no,2500.87,NO,HIT
2026-09-16T03:34:03+00:00,MLB,KXMLBGAME-26SEP152010KCHOU-KC,Kansas City,yes,4025.81,NO,MISS
2026-09-16T03:34:03+00:00,MLB,KXMLBGAME-26SEP152010KCHOU-KC,Kansas City,yes,1311.3,NO,MISS
2026-09-16T03:34:03+00:00,MLB,KXMLBGAME-26SEP152010KCHOU-KC,Kansas City,yes,36362.2,NO,MISS
2026-09-16T03:34:03+00:00,MLB,KXMLBGAME-26SEP152010KCHOU-KC,Kansas City,no,1833.97,NO,HIT
2026-09-16T03:34:03+00:00,MLB,KXMLBGAME-26SEP152010KCHOU-KC,Kansas City,no,5150.81,NO,HIT
2026-09-16T03:34:03+00:00,MLB,KXMLBGAME-26SEP152010KCHOU-KC,Kansas City,no,2939.64,NO,HIT
2026-09-16T03:34:03+00:00,MLB,KXMLBGAME-26SEP152010KCHOU-KC,Kansas City,no,6497.23,NO,HIT
2026-09-16T03:34:03+00:00,MLB,KXMLBGAME-26SEP152010KCHOU-KC,Kansas City,no,4197.0,NO,HIT
2026-09-16T03:34:03+00:00,MLB,KXMLBGAME-26SEP152010KCHOU-KC,Kansas City,no,6352.11,NO,HIT
2026-09-16T03:34:03+00:00,MLB,KXMLBGAME-26SEP152010KCHOU-KC,Kansas City,no,2500.87,NO,HIT
2026-09-16T03:34:03+00:00,MLB,KXMLBGAME-26SEP151940ATLCHC-CHC,Chicago C,yes,1390.63,NO,MISS
2026-09-16T03:34:03+00:00,MLB,KXMLBGAME-26SEP151940ATLCHC-CHC,Chicago C,yes,1506.93,NO,MISS
2026-09-16T03:34:03+00:00,MLB,KXMLBGAME-26SEP151940ATLCHC-CHC,Chicago C,yes,3563.13,NO,MISS
2026-09-16T03:34:03+00:00,MLB,KXMLBGAME-26SEP151940ATLCHC-CHC,Chicago C,yes,1181.59,NO,MISS
2026-09-16T03:34:03+00:00,MLB,KXMLBGAME-26SEP151940ATLCHC-CHC,Chicago C,yes,6640.5,NO,MISS
2026-09-16T03:34:03+00:00,MLB,KXMLBGAME-26SEP151940ATLCHC-CHC,Chicago C,yes,1018.57,NO,MISS
2026-09-16T03:34:03+00:00,MLB,KXMLBGAME-26SEP151940ATLCHC-CHC,Chicago C,yes,1282.73,NO,MISS
2026-09-16T03:34:03+00:00,MLB,KXMLBGAME-26SEP151940ATLCHC-CHC,Chicago C,yes,1040.63,NO,MISS
2026-09-16T03:34:03+00:00,MLB,KXMLBGAME-26SEP151940ATLCHC-CHC,Chicago C,yes,1435.16,NO,MISS
2026-09-16T03:34:03+00:00,MLB,KXMLBGAME-26SEP151940ATLCHC-CHC,Chicago C,yes,8706.51,NO,MISS
2026-09-16T03:34:03+00:00,MLB,KXMLBGAME-26SEP151940ATLCHC-CHC,Chicago C,yes,1710.4,NO,MISS
2026-09-16T03:34:03+00:00,MLB,KXMLBGAME-26SEP151940ATLCHC-CHC,Chicago C,no,1251.34,NO,HIT
2026-09-16T03:34:03+00:00,MLB,KXMLBGAME-26SEP151940ATLCHC-CHC,Chicago C,no,3520.0,NO,HIT
2026-09-16T03:34:03+00:00,MLB,KXMLBGAME-26SEP151940ATLCHC-CHC,Chicago C,no,2458.73,NO,HIT
2026-09-16T03:34:03+00:00,MLB,KXMLBGAME-26SEP151940ATLCHC-CHC,Chicago C,no,4040.84,NO,HIT
2026-09-16T03:34:03+00:00,MLB,KXMLBGAME-26SEP151940ATLCHC-CHC,Chicago C,no,3029.58,NO,HIT
2026-09-16T03:34:03+00:00,MLB,KXMLBGAME-26SEP151940ATLCHC-CHC,Chicago C,no,2116.34,NO,HIT
2026-09-16T03:34:03+00:00,MLB,KXMLBGAME-26SEP151940ATLCHC-CHC,Chicago C,no,27423.58,NO,HIT
2026-09-16T03:34:03+00:00,MLB,KXMLBGAME-26SEP151940ATLCHC-CHC,Chicago C,no,2458.73,NO,HIT
2026-09-16T03:34:03+00:00,MLB,KXMLBGAME-26SEP151940ATLCHC-CHC,Chicago C,no,4040.84,NO,HIT
2026-09-16T03:34:03+00:00,MLB,KXMLBGAME-26SEP151940ATLCHC-CHC,Chicago C,no,3029.58,NO,HIT
2026-09-16T03:34:03+00:00,MLB,KXMLBGAME-26SEP151940ATLCHC-CHC,Chicago C,no,2116.34,NO,HIT
2026-09-16T03:34:03+00:00,MLB,KXMLBGAME-26SEP151940ATLCHC-CHC,Chicago C,no,28263.7,NO,HIT
2026-09-16T03:34:03+00:00,MLB,KXMLBGAME-26SEP151910BALNYM-BAL,Baltimore,yes,1275.88,YES,HIT
2026-09-16T03:34:03+00:00,MLB,KXMLBGAME-26SEP151910BALNYM-BAL,Baltimore,yes,2007.59,YES,HIT
2026-09-16T03:34:03+00:00,MLB,KXMLBGAME-26SEP151910BALNYM-BAL,Baltimore,yes,1797.45,YES,HIT
2026-09-16T03:34:03+00:00,MLB,KXMLBGAME-26SEP151910BALNYM-BAL,Baltimore,yes,7946.33,YES,HIT
2026-09-16T03:34:03+00:00,MLB,KXMLBGAME-26SEP151910BALNYM-BAL,Baltimore,yes,47107.04,YES,HIT
2026-09-16T03:34:03+00:00,MLB,KXMLBGAME-26SEP151910BALNYM-BAL,Baltimore,no,2063.62,YES,MISS
2026-09-16T03:34:03+00:00,MLB,KXMLBGAME-26SEP151910BALNYM-BAL,Baltimore,no,2908.67,YES,MISS
2026-09-16T03:34:03+00:00,MLB,KXMLBGAME-26SEP151910BALNYM-BAL,Baltimore,no,1259.33,YES,MISS
2026-09-16T03:34:03+00:00,MLB,KXMLBGAME-26SEP151910BALNYM-BAL,Baltimore,no,1168.62,YES,MISS
2026-09-16T03:34:03+00:00,MLB,KXMLBGAME-26SEP151910BALNYM-BAL,Baltimore,no,7454.54,YES,MISS
2026-09-16T03:34:03+00:00,MLB,KXMLBGAME-26SEP151910BALNYM-BAL,Baltimore,no,2765.93,YES,MISS
2026-09-16T03:34:03+00:00,MLB,KXMLBGAME-26SEP151910BALNYM-BAL,Baltimore,no,1287.3,YES,MISS
2026-09-16T03:34:03+00:00,MLB,KXMLBGAME-26SEP151910BALNYM-BAL,Baltimore,no,1775.79,YES,MISS
2026-09-16T03:34:03+00:00,MLB,KXMLBGAME-26SEP151910BALNYM-BAL,Baltimore,no,9570.19,YES,MISS
2026-09-16T03:34:03+00:00,MLB,KXMLBGAME-26SEP151910BALNYM-BAL,Baltimore,no,7523.69,YES,MISS
2026-09-16T03:34:03+00:00,MLB,KXMLBGAME-26SEP151910BALNYM-BAL,Baltimore,no,52862.85,YES,MISS
2026-09-16T03:34:03+00:00,MLB,KXMLBGAME-26SEP151910BALNYM-BAL,Baltimore,no,1168.62,YES,MISS
2026-09-16T03:34:03+00:00,MLB,KXMLBGAME-26SEP151910BALNYM-BAL,Baltimore,no,7454.54,YES,MISS
2026-09-16T03:34:03+00:00,MLB,KXMLBGAME-26SEP151910BALNYM-BAL,Baltimore,no,2765.93,YES,MISS
2026-09-16T03:34:03+00:00,MLB,KXMLBGAME-26SEP151910BALNYM-BAL,Baltimore,no,1287.3,YES,MISS
2026-09-16T03:34:03+00:00,MLB,KXMLBGAME-26SEP151910BALNYM-BAL,Baltimore,no,1775.79,YES,MISS
2026-09-16T03:34:03+00:00,MLB,KXMLBGAME-26SEP151910BALNYM-BAL,Baltimore,no,9570.19,YES,MISS
2026-09-16T03:34:03+00:00,MLB,KXMLBGAME-26SEP151910BALNYM-BAL,Baltimore,no,7523.69,YES,MISS
2026-09-16T03:34:03+00:00,MLB,KXMLBGAME-26SEP151910BALNYM-BAL,Baltimore,no,83296.58,YES,MISS
2026-09-16T03:34:03+00:00,MLB,KXMLBGAME-26SEP151840CWSCLE-CWS,Chicago WS,yes,1102.93,NO,MISS
2026-09-16T03:34:03+00:00,MLB,KXMLBGAME-26SEP151840CWSCLE-CWS,Chicago WS,yes,1671.99,NO,MISS
2026-09-16T03:34:03+00:00,MLB,KXMLBGAME-26SEP151840CWSCLE-CWS,Chicago WS,yes,1992.75,NO,MISS
2026-09-16T03:34:03+00:00,MLB,KXMLBGAME-26SEP151840CWSCLE-CWS,Chicago WS,yes,1345.99,NO,MISS
2026-09-16T03:34:03+00:00,MLB,KXMLBGAME-26SEP151840CWSCLE-CWS,Chicago WS,yes,5069.15,NO,MISS
2026-09-16T03:34:03+00:00,MLB,KXMLBGAME-26SEP151840CWSCLE-CWS,Chicago WS,yes,2132.69,NO,MISS
2026-09-16T03:34:03+00:00,MLB,KXMLBGAME-26SEP151840CWSCLE-CWS,Chicago WS,yes,8524.91,NO,MISS
2026-09-16T03:34:03+00:00,MLB,KXMLBGAME-26SEP151840CWSCLE-CWS,Chicago WS,yes,1589.78,NO,MISS
2026-09-16T03:34:03+00:00,MLB,KXMLBGAME-26SEP151840CWSCLE-CWS,Chicago WS,no,164705.72,NO,HIT
2026-09-16T03:34:03+00:00,MLB,KXMLBGAME-26SEP151840CWSCLE-CWS,Chicago WS,no,23199.62,NO,HIT
2026-09-16T03:34:03+00:00,MLB,KXMLBGAME-26SEP151840CWSCLE-CWS,Chicago WS,yes,439652.02,NO,MISS
2026-09-16T03:34:03+00:00,MLB,KXMLBGAME-26SEP151840CWSCLE-CWS,Chicago WS,no,159810.95,NO,HIT
2026-09-16T03:34:03+00:00,MLB,KXMLBGAME-26SEP152005BOSTEX-TEX,Texas,yes,10194.99,YES,HIT
2026-09-16T03:34:03+00:00,MLB,KXMLBGAME-26SEP152005BOSTEX-TEX,Texas,yes,3450.9,YES,HIT
2026-09-16T03:34:03+00:00,MLB,KXMLBGAME-26SEP152005BOSTEX-TEX,Texas,yes,1013.62,YES,HIT
2026-09-16T03:34:03+00:00,MLB,KXMLBGAME-26SEP152005BOSTEX-TEX,Texas,yes,5597.01,YES,HIT
2026-09-16T03:34:03+00:00,MLB,KXMLBGAME-26SEP152005BOSTEX-TEX,Texas,yes,2978.91,YES,HIT
2026-09-16T03:34:03+00:00,MLB,KXMLBGAME-26SEP152005BOSTEX-TEX,Texas,yes,3980.6,YES,HIT
2026-09-16T03:34:03+00:00,MLB,KXMLBGAME-26SEP152005BOSTEX-TEX,Texas,yes,174035.4,YES,HIT
2026-09-16T03:34:03+00:00,MLB,KXMLBGAME-26SEP152005BOSTEX-TEX,Texas,yes,1187.62,YES,HIT
2026-09-16T03:34:03+00:00,MLB,KXMLBGAME-26SEP152005BOSTEX-TEX,Texas,yes,2266.67,YES,HIT
2026-09-16T03:34:03+00:00,MLB,KXMLBGAME-26SEP152005BOSTEX-TEX,Texas,yes,2218.25,YES,HIT
2026-09-16T03:34:03+00:00,MLB,KXMLBGAME-26SEP152005BOSTEX-TEX,Texas,yes,1262.88,YES,HIT
2026-09-16T03:34:03+00:00,MLB,KXMLBGAME-26SEP152005BOSTEX-TEX,Texas,yes,2021.67,YES,HIT
2026-09-16T03:34:03+00:00,MLB,KXMLBGAME-26SEP152005BOSTEX-TEX,Texas,yes,1210.92,YES,HIT
2026-09-16T03:34:03+00:00,MLB,KXMLBGAME-26SEP152005BOSTEX-TEX,Texas,yes,5170.18,YES,HIT
2026-09-16T03:34:03+00:00,MLB,KXMLBGAME-26SEP152005BOSTEX-TEX,Texas,yes,3243.25,YES,HIT
2026-09-16T03:34:03+00:00,MLB,KXMLBGAME-26SEP152005BOSTEX-TEX,Texas,yes,11117.41,YES,HIT
2026-09-16T03:34:03+00:00,MLB,KXMLBGAME-26SEP152005BOSTEX-TEX,Texas,no,1584.83,YES,MISS
2026-09-16T03:34:03+00:00,MLB,KXMLBGAME-26SEP152005BOSTEX-TEX,Texas,no,1424.45,YES,MISS
2026-09-16T03:34:03+00:00,MLB,KXMLBGAME-26SEP152005BOSTEX-TEX,Texas,no,14402.24,YES,MISS
2026-09-16T03:34:03+00:00,MLB,KXMLBGAME-26SEP152005BOSTEX-TEX,Texas,no,4109.89,YES,MISS
2026-09-16T03:34:03+00:00,MLB,KXMLBGAME-26SEP152005BOSTEX-TEX,Texas,no,3579.22,YES,MISS
2026-09-16T03:34:03+00:00,MLB,KXMLBGAME-26SEP152005BOSTEX-TEX,Texas,no,1584.83,YES,MISS
2026-09-16T03:34:03+00:00,MLB,KXMLBGAME-26SEP152005BOSTEX-TEX,Texas,no,1424.45,YES,MISS
2026-09-16T03:34:03+00:00,MLB,KXMLBGAME-26SEP152005BOSTEX-TEX,Texas,no,14402.24,YES,MISS
2026-09-16T03:34:03+00:00,MLB,KXMLBGAME-26SEP152005BOSTEX-TEX,Texas,no,4109.89,YES,MISS
2026-09-16T03:34:03+00:00,MLB,KXMLBGAME-26SEP152005BOSTEX-TEX,Texas,no,4520.13,YES,MISS
2026-09-16T03:34:03+00:00,MLB,KXMLBGAME-26SEP152005BOSTEX-BOS,Boston,yes,5787.71,NO,MISS
2026-09-16T03:34:03+00:00,MLB,KXMLBGAME-26SEP152005BOSTEX-BOS,Boston,yes,1401.75,NO,MISS
2026-09-16T03:34:03+00:00,MLB,KXMLBGAME-26SEP152005BOSTEX-BOS,Boston,no,71973.27,NO,HIT
2026-09-16T03:34:03+00:00,MLB,KXMLBGAME-26SEP152005BOSTEX-BOS,Boston,yes,1117.64,NO,MISS
2026-09-16T03:34:03+00:00,MLB,KXMLBGAME-26SEP152005BOSTEX-BOS,Boston,yes,2464.53,NO,MISS
2026-09-16T03:34:03+00:00,MLB,KXMLBGAME-26SEP152005BOSTEX-BOS,Boston,yes,2719.78,NO,MISS
2026-09-16T03:34:03+00:00,MLB,KXMLBGAME-26SEP152005BOSTEX-BOS,Boston,yes,1485.15,NO,MISS
2026-09-16T03:34:03+00:00,MLB,KXMLBGAME-26SEP152005BOSTEX-BOS,Boston,no,3547.97,NO,HIT
2026-09-16T03:34:03+00:00,MLB,KXMLBGAME-26SEP152005BOSTEX-BOS,Boston,yes,5497.89,NO,MISS
2026-09-16T03:34:03+00:00,MLB,KXMLBGAME-26SEP152005BOSTEX-BOS,Boston,no,1140.0,NO,HIT
2026-09-16T03:34:03+00:00,MLB,KXMLBGAME-26SEP152005BOSTEX-BOS,Boston,no,1379.24,NO,HIT
2026-09-16T03:34:03+00:00,MLB,KXMLBGAME-26SEP152005BOSTEX-BOS,Boston,no,2440.0,NO,HIT
2026-09-16T03:34:03+00:00,MLB,KXMLBGAME-26SEP152005BOSTEX-BOS,Boston,no,1749.56,NO,HIT
2026-09-16T03:34:03+00:00,MLB,KXMLBGAME-26SEP152005BOSTEX-BOS,Boston,no,1150.41,NO,HIT
2026-09-16T03:34:03+00:00,MLB,KXMLBGAME-26SEP152005BOSTEX-BOS,Boston,no,136088.59,NO,HIT
2026-09-16T03:34:03+00:00,MLB,KXMLBGAME-26SEP152005BOSTEX-BOS,Boston,no,1208.56,NO,HIT
2026-09-16T03:34:03+00:00,MLB,KXMLBGAME-26SEP152005BOSTEX-BOS,Boston,no,9880.16,NO,HIT
2026-09-16T03:34:03+00:00,MLB,KXMLBGAME-26SEP152005BOSTEX-BOS,Boston,no,2844.12,NO,HIT
2026-09-16T03:34:03+00:00,MLB,KXMLBGAME-26SEP152005BOSTEX-BOS,Boston,no,1140.0,NO,HIT
2026-09-16T03:34:03+00:00,MLB,KXMLBGAME-26SEP152005BOSTEX-BOS,Boston,no,1379.24,NO,HIT
2026-09-16T03:34:03+00:00,MLB,KXMLBGAME-26SEP152005BOSTEX-BOS,Boston,no,2440.0,NO,HIT
2026-09-16T03:34:03+00:00,MLB,KXMLBGAME-26SEP152005BOSTEX-BOS,Boston,no,1749.56,NO,HIT
2026-09-16T03:34:03+00:00,MLB,KXMLBGAME-26SEP152005BOSTEX-BOS,Boston,no,1150.41,NO,HIT
2026-09-16T03:34:03+00:00,MLB,KXMLBGAME-26SEP152005BOSTEX-BOS,Boston,no,136088.59,NO,HIT
2026-09-16T03:34:03+00:00,MLB,KXMLBGAME-26SEP152005BOSTEX-BOS,Boston,no,1208.56,NO,HIT
2026-09-16T03:34:03+00:00,MLB,KXMLBGAME-26SEP152005BOSTEX-BOS,Boston,no,9880.16,NO,HIT
2026-09-16T03:34:03+00:00,MLB,KXMLBGAME-26SEP152005BOSTEX-BOS,Boston,no,13265.17,NO,HIT
2026-09-16T03:34:03+00:00,MLB,KXMLBGAME-26SEP151945SFSTL-STL,St. Louis,yes,17470.81,NO,MISS
2026-09-16T03:34:03+00:00,MLB,KXMLBGAME-26SEP151945SFSTL-STL,St. Louis,yes,1872.28,NO,MISS
2026-09-16T03:34:03+00:00,MLB,KXMLBGAME-26SEP151945SFSTL-STL,St. Louis,yes,1403.85,NO,MISS
2026-09-16T03:34:03+00:00,MLB,KXMLBGAME-26SEP151945SFSTL-STL,St. Louis,yes,1085.63,NO,MISS
2026-09-16T03:34:03+00:00,MLB,KXMLBGAME-26SEP151945SFSTL-STL,St. Louis,yes,1055.31,NO,MISS
2026-09-16T03:34:03+00:00,MLB,KXMLBGAME-26SEP151945SFSTL-STL,St. Louis,yes,1362.62,NO,MISS
2026-09-16T03:34:03+00:00,MLB,KXMLBGAME-26SEP151945SFSTL-STL,St. Louis,yes,1015.6,NO,MISS
2026-09-16T03:34:03+00:00,MLB,KXMLBGAME-26SEP151945SFSTL-STL,St. Louis,yes,1876.77,NO,MISS
2026-09-16T03:34:03+00:00,MLB,KXMLBGAME-26SEP151945SFSTL-STL,St. Louis,yes,1594.61,NO,MISS
2026-09-16T03:34:03+00:00,MLB,KXMLBGAME-26SEP151945SFSTL-STL,St. Louis,yes,1660.6,NO,MISS
2026-09-16T03:34:03+00:00,MLB,KXMLBGAME-26SEP151945SFSTL-STL,St. Louis,yes,2263.89,NO,MISS
2026-09-16T03:34:03+00:00,MLB,KXMLBGAME-26SEP151945SFSTL-STL,St. Louis,yes,1393.01,NO,MISS
2026-09-16T03:34:03+00:00,MLB,KXMLBGAME-26SEP151945SFSTL-STL,St. Louis,yes,5843.65,NO,MISS
2026-09-16T03:34:03+00:00,MLB,KXMLBGAME-26SEP151945SFSTL-STL,St. Louis,no,14854.38,NO,HIT
2026-09-16T03:34:03+00:00,MLB,KXMLBGAME-26SEP151945SFSTL-STL,St. Louis,no,3392.33,NO,HIT
2026-09-16T03:34:03+00:00,MLB,KXMLBGAME-26SEP151945SFSTL-STL,St. Louis,no,1975.3,NO,HIT
2026-09-16T03:34:03+00:00,MLB,KXMLBGAME-26SEP151945SFSTL-STL,St. Louis,no,2524.04,NO,HIT
2026-09-16T03:34:03+00:00,MLB,KXMLBGAME-26SEP151945SFSTL-STL,St. Louis,no,98972.88,NO,HIT
2026-09-16T03:34:03+00:00,MLB,KXMLBGAME-26SEP151945SFSTL-STL,St. Louis,no,14854.38,NO,HIT
2026-09-16T03:34:03+00:00,MLB,KXMLBGAME-26SEP151945SFSTL-STL,St. Louis,no,3392.33,NO,HIT
2026-09-16T03:34:03+00:00,MLB,KXMLBGAME-26SEP151945SFSTL-STL,St. Louis,no,1975.3,NO,HIT
2026-09-16T03:34:03+00:00,MLB,KXMLBGAME-26SEP151945SFSTL-STL,St. Louis,no,2524.04,NO,HIT
2026-09-16T03:34:03+00:00,MLB,KXMLBGAME-26SEP151945SFSTL-STL,St. Louis,no,113492.11,NO,HIT
2026-09-16T03:34:03+00:00,MLB,KXMLBGAME-26SEP151840MILPIT-PIT,Pittsburgh,yes,13231.47,NO,MISS
2026-09-16T03:34:03+00:00,MLB,KXMLBGAME-26SEP151840MILPIT-PIT,Pittsburgh,yes,1819.69,NO,MISS
2026-09-16T03:34:03+00:00,MLB,KXMLBGAME-26SEP151840MILPIT-PIT,Pittsburgh,yes,1428.53,NO,MISS
2026-09-16T03:34:03+00:00,MLB,KXMLBGAME-26SEP151840MILPIT-PIT,Pittsburgh,yes,3423.75,NO,MISS
2026-09-16T03:34:03+00:00,MLB,KXMLBGAME-26SEP151840MILPIT-PIT,Pittsburgh,yes,1945.68,NO,MISS
2026-09-16T03:34:03+00:00,MLB,KXMLBGAME-26SEP151840MILPIT-PIT,Pittsburgh,yes,4864.49,NO,MISS
2026-09-16T03:34:03+00:00,MLB,KXMLBGAME-26SEP151840MILPIT-PIT,Pittsburgh,yes,2328.81,NO,MISS
2026-09-16T03:34:03+00:00,MLB,KXMLBGAME-26SEP151840MILPIT-PIT,Pittsburgh,yes,11315.83,NO,MISS
2026-09-16T03:34:03+00:00,MLB,KXMLBGAME-26SEP151840MILPIT-PIT,Pittsburgh,no,17077.29,NO,HIT
2026-09-16T03:34:03+00:00,MLB,KXMLBGAME-26SEP151840MILPIT-PIT,Pittsburgh,no,6408.3,NO,HIT
2026-09-16T03:34:03+00:00,MLB,KXMLBGAME-26SEP151840MILPIT-PIT,Pittsburgh,no,16435.88,NO,HIT
2026-09-16T03:34:03+00:00,MLB,KXMLBGAME-26SEP151840MILPIT-PIT,Pittsburgh,no,1151.82,NO,HIT
2026-09-16T03:34:03+00:00,MLB,KXMLBGAME-26SEP151840MILPIT-PIT,Pittsburgh,no,6805.32,NO,HIT
2026-09-16T03:34:03+00:00,MLB,KXMLBGAME-26SEP151840MILPIT-PIT,Pittsburgh,no,2838.74,NO,HIT
2026-09-16T03:34:03+00:00,MLB,KXMLBGAME-26SEP151840MILPIT-PIT,Pittsburgh,no,47246.05,NO,HIT
2026-09-16T03:34:03+00:00,MLB,KXMLBGAME-26SEP151840MILPIT-PIT,Pittsburgh,no,5461.02,NO,HIT
2026-09-16T03:34:03+00:00,MLB,KXMLBGAME-26SEP151840MILPIT-PIT,Pittsburgh,no,20830.64,NO,HIT
2026-09-16T03:34:03+00:00,MLB,KXMLBGAME-26SEP151840MILPIT-PIT,Pittsburgh,no,18671.44,NO,HIT
2026-09-16T03:34:03+00:00,MLB,KXMLBGAME-26SEP151840MILPIT-PIT,Pittsburgh,no,6805.32,NO,HIT
2026-09-16T03:34:03+00:00,MLB,KXMLBGAME-26SEP151840MILPIT-PIT,Pittsburgh,no,2838.74,NO,HIT
2026-09-16T03:34:03+00:00,MLB,KXMLBGAME-26SEP151840MILPIT-PIT,Pittsburgh,no,47246.05,NO,HIT
2026-09-16T03:34:03+00:00,MLB,KXMLBGAME-26SEP151840MILPIT-PIT,Pittsburgh,no,5461.02,NO,HIT
2026-09-16T03:34:03+00:00,MLB,KXMLBGAME-26SEP151840MILPIT-PIT,Pittsburgh,no,20830.64,NO,HIT
2026-09-16T03:34:03+00:00,MLB,KXMLBGAME-26SEP151840MILPIT-PIT,Pittsburgh,no,18671.44,NO,HIT
2026-09-16T03:34:03+00:00,MLB,KXMLBGAME-26SEP151940NYYMIN-MIN,Minnesota,yes,19126.29,NO,MISS
2026-09-16T03:34:03+00:00,MLB,KXMLBGAME-26SEP151940NYYMIN-MIN,Minnesota,yes,6833.97,NO,MISS
2026-09-16T03:34:03+00:00,MLB,KXMLBGAME-26SEP151940NYYMIN-MIN,Minnesota,yes,1504.94,NO,MISS
2026-09-16T03:34:03+00:00,MLB,KXMLBGAME-26SEP151940NYYMIN-MIN,Minnesota,no,6200.0,NO,HIT
2026-09-16T03:34:03+00:00,MLB,KXMLBGAME-26SEP151940NYYMIN-MIN,Minnesota,no,2464.73,NO,HIT
2026-09-16T03:34:03+00:00,MLB,KXMLBGAME-26SEP151940NYYMIN-MIN,Minnesota,no,3190.73,NO,HIT
2026-09-16T03:34:03+00:00,MLB,KXMLBGAME-26SEP151940NYYMIN-MIN,Minnesota,no,2543.4,NO,HIT
2026-09-16T03:34:03+00:00,MLB,KXMLBGAME-26SEP151940NYYMIN-MIN,Minnesota,no,4375.65,NO,HIT
2026-09-16T03:34:03+00:00,MLB,KXMLBGAME-26SEP151940NYYMIN-MIN,Minnesota,no,1022.94,NO,HIT
2026-09-16T03:34:03+00:00,MLB,KXMLBGAME-26SEP151940NYYMIN-MIN,Minnesota,no,3202.24,NO,HIT
2026-09-16T03:34:03+00:00,MLB,KXMLBGAME-26SEP151940NYYMIN-MIN,Minnesota,no,27878.9,NO,HIT
2026-09-16T03:34:03+00:00,MLB,KXMLBGAME-26SEP151940NYYMIN-MIN,Minnesota,no,6434.45,NO,HIT
2026-09-16T03:34:03+00:00,MLB,KXMLBGAME-26SEP151940NYYMIN-MIN,Minnesota,yes,41764.62,NO,MISS
2026-09-16T03:34:03+00:00,MLB,KXMLBGAME-26SEP151940NYYMIN-MIN,Minnesota,no,2464.73,NO,HIT
2026-09-16T03:34:03+00:00,MLB,KXMLBGAME-26SEP151940NYYMIN-MIN,Minnesota,no,3190.73,NO,HIT
2026-09-16T03:34:03+00:00,MLB,KXMLBGAME-26SEP151940NYYMIN-MIN,Minnesota,no,2543.4,NO,HIT
2026-09-16T03:34:03+00:00,MLB,KXMLBGAME-26SEP151940NYYMIN-MIN,Minnesota,no,4375.65,NO,HIT
2026-09-16T03:34:03+00:00,MLB,KXMLBGAME-26SEP151940NYYMIN-MIN,Minnesota,no,1022.94,NO,HIT
2026-09-16T03:34:03+00:00,MLB,KXMLBGAME-26SEP151940NYYMIN-MIN,Minnesota,no,3202.24,NO,HIT
2026-09-16T03:34:03+00:00,MLB,KXMLBGAME-26SEP151940NYYMIN-MIN,Minnesota,no,27878.9,NO,HIT
2026-09-16T03:34:03+00:00,MLB,KXMLBGAME-26SEP151940NYYMIN-MIN,Minnesota,no,6852.36,NO,HIT
2026-09-16T03:34:03+00:00,MLB,KXMLBGAME-26SEP151940NYYMIN-MIN,Minnesota,yes,41906.77,NO,MISS
2026-09-16T03:34:03+00:00,MLB,KXMLBGAME-26SEP151945SFSTL-SF,San Francisco,yes,2597.38,YES,HIT
2026-09-16T03:34:03+00:00,MLB,KXMLBGAME-26SEP151945SFSTL-SF,San Francisco,yes,4846.64,YES,HIT
2026-09-16T03:34:03+00:00,MLB,KXMLBGAME-26SEP151945SFSTL-SF,San Francisco,yes,1210.73,YES,HIT
2026-09-16T03:34:03+00:00,MLB,KXMLBGAME-26SEP151945SFSTL-SF,San Francisco,no,2249.47,YES,MISS
2026-09-16T03:34:03+00:00,MLB,KXMLBGAME-26SEP151945SFSTL-SF,San Francisco,no,2834.39,YES,MISS
2026-09-16T03:34:03+00:00,MLB,KXMLBGAME-26SEP151945SFSTL-SF,San Francisco,no,1467.91,YES,MISS
2026-09-16T03:34:03+00:00,MLB,KXMLBGAME-26SEP151945SFSTL-SF,San Francisco,no,1974.98,YES,MISS
2026-09-16T03:34:03+00:00,MLB,KXMLBGAME-26SEP151945SFSTL-SF,San Francisco,no,3386.5,YES,MISS
2026-09-16T03:34:03+00:00,MLB,KXMLBGAME-26SEP151945SFSTL-SF,San Francisco,yes,298772.67,YES,HIT
2026-09-16T03:34:03+00:00,MLB,KXMLBGAME-26SEP151945SFSTL-SF,San Francisco,no,2249.47,YES,MISS
2026-09-16T03:34:03+00:00,MLB,KXMLBGAME-26SEP151945SFSTL-SF,San Francisco,no,2834.39,YES,MISS
2026-09-16T03:34:03+00:00,MLB,KXMLBGAME-26SEP151945SFSTL-SF,San Francisco,no,1467.91,YES,MISS
2026-09-16T03:34:03+00:00,MLB,KXMLBGAME-26SEP151945SFSTL-SF,San Francisco,no,1974.98,YES,MISS
2026-09-16T03:34:03+00:00,MLB,KXMLBGAME-26SEP151945SFSTL-SF,San Francisco,no,3386.5,YES,MISS
2026-09-16T03:34:03+00:00,MLB,KXMLBGAME-26SEP151945SFSTL-SF,San Francisco,yes,308986.68,YES,HIT
2026-09-16T05:34:07+00:00,MLB,KXMLBGAME-26SEP152138SEALAA-SEA,Seattle,yes,1467.2,NO,MISS
2026-09-16T05:34:07+00:00,MLB,KXMLBGAME-26SEP152138SEALAA-SEA,Seattle,yes,2801.47,NO,MISS
2026-09-16T05:34:07+00:00,MLB,KXMLBGAME-26SEP152138SEALAA-SEA,Seattle,yes,3930.47,NO,MISS
2026-09-16T05:34:07+00:00,MLB,KXMLBGAME-26SEP152138SEALAA-SEA,Seattle,yes,5674.53,NO,MISS
2026-09-16T05:34:07+00:00,MLB,KXMLBGAME-26SEP152138SEALAA-SEA,Seattle,yes,1061.45,NO,MISS
2026-09-16T05:34:07+00:00,MLB,KXMLBGAME-26SEP152138SEALAA-SEA,Seattle,yes,1156.46,NO,MISS
2026-09-16T05:34:07+00:00,MLB,KXMLBGAME-26SEP152138SEALAA-SEA,Seattle,yes,5092.0,NO,MISS
2026-09-16T05:34:07+00:00,MLB,KXMLBGAME-26SEP152138SEALAA-SEA,Seattle,yes,164655.67,NO,MISS
2026-09-16T05:34:07+00:00,MLB,KXMLBGAME-26SEP152138SEALAA-SEA,Seattle,no,1560.04,NO,HIT
2026-09-16T05:34:07+00:00,MLB,KXMLBGAME-26SEP152138SEALAA-SEA,Seattle,yes,5092.0,NO,MISS
2026-09-16T05:34:07+00:00,MLB,KXMLBGAME-26SEP152138SEALAA-SEA,Seattle,yes,168168.2,NO,MISS
2026-09-16T05:34:07+00:00,MLB,KXMLBGAME-26SEP152138SEALAA-SEA,Seattle,no,1560.04,NO,HIT
2026-09-16T05:34:07+00:00,MLB,KXMLBGAME-26SEP152138SEALAA-SEA,Seattle,yes,636143.22,NO,MISS
2026-09-16T05:34:07+00:00,MLB,KXMLBGAME-26SEP152138SEALAA-SEA,Seattle,no,1659.51,NO,HIT
2026-09-16T05:34:07+00:00,MLB,KXMLBGAME-26SEP152138SEALAA-SEA,Seattle,no,1288.23,NO,HIT
2026-09-16T05:34:07+00:00,MLB,KXMLBGAME-26SEP152138SEALAA-SEA,Seattle,no,15964.79,NO,HIT
2026-09-16T05:34:07+00:00,MLB,KXMLBGAME-26SEP152138SEALAA-SEA,Seattle,no,156817.56,NO,HIT
2026-09-16T05:34:07+00:00,TENNIS,KXWTAMATCH-26SEP15STETJE-TJE,Janice Tjen,yes,1554.3,NO,MISS
2026-09-16T05:34:07+00:00,TENNIS,KXWTAMATCH-26SEP15STETJE-TJE,Janice Tjen,yes,1347.15,NO,MISS
2026-09-16T05:34:07+00:00,TENNIS,KXWTAMATCH-26SEP15STETJE-TJE,Janice Tjen,yes,5294.17,NO,MISS
2026-09-16T05:34:07+00:00,TENNIS,KXWTAMATCH-26SEP15STETJE-TJE,Janice Tjen,yes,2500.34,NO,MISS
2026-09-16T05:34:07+00:00,TENNIS,KXWTAMATCH-26SEP15STETJE-TJE,Janice Tjen,yes,1599.97,NO,MISS
2026-09-16T05:34:07+00:00,TENNIS,KXWTAMATCH-26SEP15STETJE-TJE,Janice Tjen,yes,1074.07,NO,MISS
2026-09-16T05:34:07+00:00,TENNIS,KXWTAMATCH-26SEP15STETJE-TJE,Janice Tjen,yes,93682.37,NO,MISS
2026-09-16T05:34:07+00:00,TENNIS,KXWTAMATCH-26SEP15STETJE-TJE,Janice Tjen,no,3923.51,NO,HIT
2026-09-16T05:34:07+00:00,TENNIS,KXWTAMATCH-26SEP15STETJE-TJE,Janice Tjen,yes,1599.97,NO,MISS
2026-09-16T05:34:07+00:00,TENNIS,KXWTAMATCH-26SEP15STETJE-TJE,Janice Tjen,yes,1074.07,NO,MISS
2026-09-16T05:34:07+00:00,TENNIS,KXWTAMATCH-26SEP15STETJE-TJE,Janice Tjen,yes,108920.13,NO,MISS
2026-09-16T05:34:07+00:00,TENNIS,KXWTAMATCH-26SEP15STETJE-TJE,Janice Tjen,no,4010.61,NO,HIT
2026-09-16T05:34:07+00:00,TENNIS,KXWTAMATCH-26SEP15STETJE-TJE,Janice Tjen,no,27445.57,NO,HIT
2026-09-16T05:34:07+00:00,TENNIS,KXWTAMATCH-26SEP15STETJE-TJE,Janice Tjen,no,3390.32,NO,HIT
2026-09-16T05:34:07+00:00,TENNIS,KXWTAMATCH-26SEP15STETJE-TJE,Janice Tjen,no,157386.72,NO,HIT
2026-09-16T05:34:07+00:00,TENNIS,KXWTAMATCH-26SEP15STETJE-TJE,Janice Tjen,yes,111858.25,NO,MISS
2026-09-16T05:34:07+00:00,TENNIS,KXWTAMATCH-26SEP15STETJE-TJE,Janice Tjen,yes,1695.45,NO,MISS
2026-09-16T05:34:07+00:00,TENNIS,KXWTAMATCH-26SEP15STETJE-TJE,Janice Tjen,yes,2049.13,NO,MISS
2026-09-16T05:34:07+00:00,TENNIS,KXWTAMATCH-26SEP15STETJE-TJE,Janice Tjen,yes,564017.63,NO,MISS
2026-09-16T05:34:07+00:00,MLB,KXMLBGAME-26SEP152140MIAAZ-MIA,Miami,no,3321.63,YES,MISS
2026-09-16T05:34:07+00:00,MLB,KXMLBGAME-26SEP152140MIAAZ-MIA,Miami,yes,1023.67,YES,HIT
2026-09-16T05:34:07+00:00,MLB,KXMLBGAME-26SEP152140MIAAZ-MIA,Miami,yes,19464.9,YES,HIT
2026-09-16T05:34:07+00:00,MLB,KXMLBGAME-26SEP152140MIAAZ-MIA,Miami,no,5209.86,YES,MISS
2026-09-16T05:34:07+00:00,MLB,KXMLBGAME-26SEP152140MIAAZ-MIA,Miami,yes,20005.04,YES,HIT
2026-09-16T05:34:07+00:00,MLB,KXMLBGAME-26SEP152140MIAAZ-MIA,Miami,no,5209.86,YES,MISS
2026-09-16T05:34:07+00:00,MLB,KXMLBGAME-26SEP152140MIAAZ-MIA,Miami,no,4063.65,YES,MISS
2026-09-16T05:34:07+00:00,MLB,KXMLBGAME-26SEP152140MIAAZ-MIA,Miami,no,5356.67,YES,MISS
2026-09-16T05:34:07+00:00,MLB,KXMLBGAME-26SEP152140MIAAZ-MIA,Miami,no,2675.15,YES,MISS
2026-09-16T05:34:07+00:00,MLB,KXMLBGAME-26SEP152140MIAAZ-MIA,Miami,no,133948.41,YES,MISS
2026-09-16T05:34:07+00:00,MLB,KXMLBGAME-26SEP152140MIAAZ-AZ,Arizona,yes,1819.31,NO,MISS
2026-09-16T05:34:07+00:00,MLB,KXMLBGAME-26SEP152140MIAAZ-AZ,Arizona,yes,1555.19,NO,MISS
2026-09-16T05:34:07+00:00,MLB,KXMLBGAME-26SEP152140MIAAZ-AZ,Arizona,yes,5846.89,NO,MISS
2026-09-16T05:34:07+00:00,MLB,KXMLBGAME-26SEP152140MIAAZ-AZ,Arizona,yes,1793.66,NO,MISS
2026-09-16T05:34:07+00:00,MLB,KXMLBGAME-26SEP152140MIAAZ-AZ,Arizona,yes,11486.76,NO,MISS
2026-09-16T05:34:07+00:00,MLB,KXMLBGAME-26SEP152140MIAAZ-AZ,Arizona,no,3870.0,NO,HIT
2026-09-16T05:34:07+00:00,MLB,KXMLBGAME-26SEP152140MIAAZ-AZ,Arizona,yes,1843.87,NO,MISS
2026-09-16T05:34:07+00:00,MLB,KXMLBGAME-26SEP152140MIAAZ-AZ,Arizona,yes,1498.5,NO,MISS
2026-09-16T05:34:07+00:00,MLB,KXMLBGAME-26SEP152140MIAAZ-AZ,Arizona,yes,1051.62,NO,MISS
2026-09-16T05:34:07+00:00,MLB,KXMLBGAME-26SEP152140MIAAZ-AZ,Arizona,yes,1064.38,NO,MISS
2026-09-16T05:34:07+00:00,MLB,KXMLBGAME-26SEP152140MIAAZ-AZ,Arizona,yes,1719.45,NO,MISS
2026-09-16T05:34:07+00:00,MLB,KXMLBGAME-26SEP152140MIAAZ-AZ,Arizona,yes,1745.31,NO,MISS
2026-09-16T05:34:07+00:00,MLB,KXMLBGAME-26SEP152140MIAAZ-AZ,Arizona,yes,1096.29,NO,MISS
2026-09-16T05:34:07+00:00,MLB,KXMLBGAME-26SEP152140MIAAZ-AZ,Arizona,yes,98296.82,NO,MISS
2026-09-16T05:34:07+00:00,MLB,KXMLBGAME-26SEP152140MIAAZ-AZ,Arizona,no,1070.47,NO,HIT
2026-09-16T05:34:07+00:00,MLB,KXMLBGAME-26SEP152140MIAAZ-AZ,Arizona,no,4358.0,NO,HIT
2026-09-16T05:34:07+00:00,MLB,KXMLBGAME-26SEP152140MIAAZ-AZ,Arizona,yes,1096.29,NO,MISS
2026-09-16T05:34:07+00:00,MLB,KXMLBGAME-26SEP152140MIAAZ-AZ,Arizona,yes,101060.44,NO,MISS
2026-09-16T05:34:07+00:00,MLB,KXMLBGAME-26SEP152140MIAAZ-AZ,Arizona,no,1070.47,NO,HIT
2026-09-16T05:34:07+00:00,MLB,KXMLBGAME-26SEP152140MIAAZ-AZ,Arizona,no,4358.0,NO,HIT
2026-09-16T05:34:07+00:00,MLB,KXMLBGAME-26SEP152140MIAAZ-AZ,Arizona,no,1387.53,NO,HIT
2026-09-16T05:34:07+00:00,MLB,KXMLBGAME-26SEP152140MIAAZ-AZ,Arizona,no,4853.13,NO,HIT
2026-09-16T05:34:07+00:00,MLB,KXMLBGAME-26SEP152140MIAAZ-AZ,Arizona,no,13687.25,NO,HIT
2026-09-16T05:34:07+00:00,MLB,KXMLBGAME-26SEP152140MIAAZ-AZ,Arizona,no,2295.17,NO,HIT
2026-09-16T05:34:07+00:00,MLB,KXMLBGAME-26SEP152140MIAAZ-AZ,Arizona,no,25982.61,NO,HIT
2026-09-16T05:34:07+00:00,MLB,KXMLBGAME-26SEP152138SEALAA-LAA,Los Angeles A,yes,1549.87,YES,HIT
2026-09-16T05:34:07+00:00,MLB,KXMLBGAME-26SEP152138SEALAA-LAA,Los Angeles A,yes,2064.55,YES,HIT
2026-09-16T05:34:07+00:00,MLB,KXMLBGAME-26SEP152138SEALAA-LAA,Los Angeles A,yes,10606.45,YES,HIT
2026-09-16T05:34:07+00:00,MLB,KXMLBGAME-26SEP152138SEALAA-LAA,Los Angeles A,yes,11939.19,YES,HIT
2026-09-16T05:34:07+00:00,MLB,KXMLBGAME-26SEP152138SEALAA-LAA,Los Angeles A,no,3414.84,YES,MISS
2026-09-16T05:34:07+00:00,MLB,KXMLBGAME-26SEP152138SEALAA-LAA,Los Angeles A,no,14699.64,YES,MISS
2026-09-16T05:34:07+00:00,MLB,KXMLBGAME-26SEP152138SEALAA-LAA,Los Angeles A,no,1751.66,YES,MISS
2026-09-16T05:34:07+00:00,MLB,KXMLBGAME-26SEP152138SEALAA-LAA,Los Angeles A,no,1528.27,YES,MISS
2026-09-16T05:34:07+00:00,MLB,KXMLBGAME-26SEP152138SEALAA-LAA,Los Angeles A,no,1391.94,YES,MISS
2026-09-16T05:34:07+00:00,MLB,KXMLBGAME-26SEP152138SEALAA-LAA,Los Angeles A,no,18048.3,YES,MISS
2026-09-16T05:34:07+00:00,MLB,KXMLBGAME-26SEP152138SEALAA-LAA,Los Angeles A,no,79611.71,YES,MISS
2026-09-16T05:34:07+00:00,TENNIS,KXWTAMATCH-26SEP15STETJE-STE,Sloane Stephens,yes,1101.36,YES,HIT
2026-09-16T05:34:07+00:00,TENNIS,KXWTAMATCH-26SEP15STETJE-STE,Sloane Stephens,yes,142114.84,YES,HIT
2026-09-16T05:34:07+00:00,TENNIS,KXWTAMATCH-26SEP15STETJE-STE,Sloane Stephens,no,5435.05,YES,MISS
2026-09-16T05:34:07+00:00,TENNIS,KXWTAMATCH-26SEP15STETJE-STE,Sloane Stephens,yes,1101.36,YES,HIT
2026-09-16T05:34:07+00:00,TENNIS,KXWTAMATCH-26SEP15STETJE-STE,Sloane Stephens,yes,147619.01,YES,HIT
2026-09-16T05:34:07+00:00,TENNIS,KXWTAMATCH-26SEP15STETJE-STE,Sloane Stephens,no,5493.72,YES,MISS
2026-09-16T05:34:07+00:00,TENNIS,KXWTAMATCH-26SEP15STETJE-STE,Sloane Stephens,yes,109623.14,YES,HIT
2026-09-16T05:34:07+00:00,TENNIS,KXWTAMATCH-26SEP15STETJE-STE,Sloane Stephens,yes,3252.55,YES,HIT
2026-09-16T05:34:07+00:00,TENNIS,KXWTAMATCH-26SEP15STETJE-STE,Sloane Stephens,yes,467846.45,YES,HIT
2026-09-16T05:34:07+00:00,TENNIS,KXWTAMATCH-26SEP15STETJE-STE,Sloane Stephens,no,2447.92,YES,MISS
2026-09-16T05:34:07+00:00,TENNIS,KXWTAMATCH-26SEP15STETJE-STE,Sloane Stephens,no,240965.83,YES,MISS
2026-09-16T11:34:07+00:00,WEATHER,KXHIGHMIA-26SEP15-T93,Miami 94° or above,no,560.34,NO,HIT
2026-09-16T11:34:07+00:00,WEATHER,KXHIGHMIA-26SEP15-T93,Miami 94° or above,no,524.09,NO,HIT
2026-09-16T11:34:07+00:00,WEATHER,KXHIGHMIA-26SEP15-T93,Miami 94° or above,no,282.72,NO,HIT
2026-09-16T11:34:07+00:00,WEATHER,KXHIGHMIA-26SEP15-T93,Miami 94° or above,no,290.99,NO,HIT
2026-09-16T11:34:07+00:00,WEATHER,KXHIGHMIA-26SEP15-T93,Miami 94° or above,no,271.88,NO,HIT
2026-09-16T11:34:07+00:00,WEATHER,KXHIGHMIA-26SEP15-T93,Miami 94° or above,no,880.5,NO,HIT
2026-09-16T11:34:07+00:00,WEATHER,KXHIGHMIA-26SEP15-T93,Miami 94° or above,no,757.53,NO,HIT
2026-09-16T11:34:07+00:00,WEATHER,KXHIGHMIA-26SEP15-T93,Miami 94° or above,no,276.87,NO,HIT
2026-09-16T11:34:07+00:00,WEATHER,KXHIGHMIA-26SEP15-T93,Miami 94° or above,no,2469.8,NO,HIT
2026-09-16T11:34:07+00:00,WEATHER,KXHIGHMIA-26SEP15-T93,Miami 94° or above,no,281.26,NO,HIT
2026-09-16T11:34:07+00:00,WEATHER,KXHIGHMIA-26SEP15-T93,Miami 94° or above,yes,342.1,NO,MISS
2026-09-16T11:34:07+00:00,WEATHER,KXHIGHNY-26SEP15-T77,New York City 78° or above,no,723.68,NO,HIT
2026-09-16T11:34:07+00:00,WEATHER,KXHIGHTBOS-26SEP15-T72,Boston 73° or above,no,305.92,NO,HIT
2026-09-16T11:34:07+00:00,WEATHER,KXHIGHMIA-26SEP15-B86.5,Miami 86° to 87°,no,741.75,NO,HIT
2026-09-16T11:34:07+00:00,WEATHER,KXHIGHNY-26SEP15-B70.5,New York City 70° to 71°,no,492.25,NO,HIT
2026-09-16T11:34:07+00:00,WEATHER,KXHIGHNY-26SEP15-B70.5,New York City 70° to 71°,no,273.35,NO,HIT
2026-09-16T11:34:07+00:00,WEATHER,KXHIGHNY-26SEP15-B70.5,New York City 70° to 71°,no,272.48,NO,HIT
2026-09-16T11:34:07+00:00,WEATHER,KXHIGHNY-26SEP15-B70.5,New York City 70° to 71°,no,455.48,NO,HIT
2026-09-16T11:34:07+00:00,WEATHER,KXHIGHNY-26SEP15-B70.5,New York City 70° to 71°,no,468.69,NO,HIT
2026-09-16T11:34:07+00:00,WEATHER,KXHIGHNY-26SEP15-B70.5,New York City 70° to 71°,no,322.3,NO,HIT
2026-09-16T11:34:07+00:00,WEATHER,KXHIGHNY-26SEP15-B70.5,New York City 70° to 71°,no,365.07,NO,HIT
2026-09-16T11:34:07+00:00,WEATHER,KXHIGHNY-26SEP15-B70.5,New York City 70° to 71°,no,573.16,NO,HIT
2026-09-16T11:34:07+00:00,WEATHER,KXHIGHNY-26SEP15-B70.5,New York City 70° to 71°,no,808.63,NO,HIT
2026-09-16T11:34:07+00:00,WEATHER,KXHIGHNY-26SEP15-B70.5,New York City 70° to 71°,no,279.28,NO,HIT
2026-09-16T11:34:07+00:00,WEATHER,KXHIGHNY-26SEP15-B70.5,New York City 70° to 71°,no,2397.25,NO,HIT
2026-09-16T11:34:07+00:00,WEATHER,KXHIGHMIA-26SEP15-B88.5,Miami 88° to 89°,no,376.47,NO,HIT
2026-09-16T11:34:07+00:00,WEATHER,KXHIGHMIA-26SEP15-B88.5,Miami 88° to 89°,no,347.09,NO,HIT
2026-09-16T11:34:07+00:00,WEATHER,KXHIGHMIA-26SEP15-B88.5,Miami 88° to 89°,no,439.89,NO,HIT
2026-09-16T11:34:07+00:00,WEATHER,KXHIGHMIA-26SEP15-B88.5,Miami 88° to 89°,no,300.8,NO,HIT
2026-09-16T11:34:07+00:00,WEATHER,KXHIGHMIA-26SEP15-B88.5,Miami 88° to 89°,no,1205.79,NO,HIT
2026-09-16T11:34:07+00:00,WEATHER,KXHIGHNY-26SEP15-T70,New York City 69° or below,no,396.88,NO,HIT
2026-09-16T11:34:07+00:00,WEATHER,KXHIGHNY-26SEP15-T70,New York City 69° or below,no,419.44,NO,HIT
2026-09-16T11:34:07+00:00,WEATHER,KXHIGHNY-26SEP15-T70,New York City 69° or below,no,564.03,NO,HIT
2026-09-16T11:34:07+00:00,WEATHER,KXHIGHMIA-26SEP15-B92.5,Miami 92° to 93°,no,1297.69,YES,MISS
2026-09-16T11:34:07+00:00,WEATHER,KXHIGHMIA-26SEP15-B92.5,Miami 92° to 93°,no,584.48,YES,MISS
2026-09-16T11:34:07+00:00,WEATHER,KXHIGHMIA-26SEP15-B92.5,Miami 92° to 93°,yes,329.99,YES,HIT
2026-09-16T11:34:07+00:00,WEATHER,KXHIGHMIA-26SEP15-B92.5,Miami 92° to 93°,yes,299.01,YES,HIT
2026-09-16T11:34:07+00:00,WEATHER,KXHIGHMIA-26SEP15-B92.5,Miami 92° to 93°,yes,879.53,YES,HIT
2026-09-16T11:34:07+00:00,WEATHER,KXHIGHMIA-26SEP15-B92.5,Miami 92° to 93°,yes,543.17,YES,HIT
2026-09-16T11:34:07+00:00,WEATHER,KXHIGHMIA-26SEP15-B92.5,Miami 92° to 93°,yes,417.45,YES,HIT
2026-09-16T11:34:07+00:00,WEATHER,KXHIGHMIA-26SEP15-B92.5,Miami 92° to 93°,yes,250.03,YES,HIT
2026-09-16T11:34:07+00:00,WEATHER,KXHIGHMIA-26SEP15-B92.5,Miami 92° to 93°,yes,1317.3,YES,HIT
2026-09-16T11:34:07+00:00,WEATHER,KXHIGHMIA-26SEP15-B92.5,Miami 92° to 93°,yes,477.78,YES,HIT
2026-09-16T11:34:07+00:00,WEATHER,KXHIGHMIA-26SEP15-B92.5,Miami 92° to 93°,yes,1080.84,YES,HIT
2026-09-16T11:34:07+00:00,WEATHER,KXHIGHMIA-26SEP15-B92.5,Miami 92° to 93°,yes,516.36,YES,HIT
2026-09-16T11:34:07+00:00,WEATHER,KXHIGHMIA-26SEP15-B92.5,Miami 92° to 93°,yes,1177.18,YES,HIT
2026-09-16T11:34:07+00:00,WEATHER,KXHIGHTBOS-26SEP15-B69.5,Boston 69° to 70°,no,2871.05,NO,HIT
2026-09-16T11:34:07+00:00,WEATHER,KXHIGHTBOS-26SEP15-B69.5,Boston 69° to 70°,no,311.55,NO,HIT
2026-09-16T11:34:07+00:00,WEATHER,KXHIGHNY-26SEP15-B72.5,New York City 72° to 73°,yes,250.64,YES,HIT
2026-09-16T11:34:07+00:00,WEATHER,KXHIGHNY-26SEP15-B72.5,New York City 72° to 73°,yes,391.2,YES,HIT
2026-09-16T11:34:07+00:00,WEATHER,KXHIGHNY-26SEP15-B72.5,New York City 72° to 73°,yes,603.82,YES,HIT
2026-09-16T11:34:07+00:00,WEATHER,KXHIGHNY-26SEP15-B72.5,New York City 72° to 73°,yes,265.12,YES,HIT
2026-09-16T11:34:07+00:00,WEATHER,KXHIGHNY-26SEP15-B72.5,New York City 72° to 73°,yes,627.44,YES,HIT
2026-09-16T11:34:07+00:00,WEATHER,KXHIGHNY-26SEP15-B72.5,New York City 72° to 73°,yes,297.59,YES,HIT
2026-09-16T11:34:07+00:00,WEATHER,KXHIGHNY-26SEP15-B72.5,New York City 72° to 73°,yes,494.76,YES,HIT
2026-09-16T11:34:07+00:00,WEATHER,KXHIGHNY-26SEP15-B72.5,New York City 72° to 73°,yes,256.44,YES,HIT
2026-09-16T11:34:07+00:00,WEATHER,KXHIGHNY-26SEP15-B72.5,New York City 72° to 73°,yes,280.83,YES,HIT
2026-09-16T11:34:07+00:00,WEATHER,KXHIGHNY-26SEP15-B72.5,New York City 72° to 73°,yes,3466.98,YES,HIT
2026-09-16T11:34:07+00:00,WEATHER,KXHIGHNY-26SEP15-B72.5,New York City 72° to 73°,no,255.31,YES,MISS
2026-09-16T11:34:07+00:00,WEATHER,KXHIGHPHIL-26SEP15-B77.5,Philadelphia 77° to 78°,yes,494.74,NO,MISS
2026-09-16T11:34:07+00:00,WEATHER,KXHIGHPHIL-26SEP15-B77.5,Philadelphia 77° to 78°,no,1563.99,NO,HIT
2026-09-16T11:34:07+00:00,WEATHER,KXHIGHTATL-26SEP15-B91.5,Atlanta 91° to 92°,no,258.82,NO,HIT
2026-09-16T11:34:07+00:00,WEATHER,KXHIGHTATL-26SEP15-B91.5,Atlanta 91° to 92°,no,396.2,NO,HIT
2026-09-16T11:34:07+00:00,WEATHER,KXHIGHTATL-26SEP15-B91.5,Atlanta 91° to 92°,no,321.59,NO,HIT
2026-09-16T11:34:07+00:00,WEATHER,KXHIGHTATL-26SEP15-B91.5,Atlanta 91° to 92°,no,274.91,NO,HIT
2026-09-16T11:34:07+00:00,WEATHER,KXHIGHTBOS-26SEP15-B67.5,Boston 67° to 68°,no,257.96,NO,HIT
2026-09-16T11:34:07+00:00,WEATHER,KXHIGHTBOS-26SEP15-B67.5,Boston 67° to 68°,no,400.94,NO,HIT
2026-09-16T11:34:07+00:00,WEATHER,KXHIGHMIA-26SEP15-B90.5,Miami 90° to 91°,no,1343.45,NO,HIT
2026-09-16T11:34:07+00:00,WEATHER,KXHIGHMIA-26SEP15-B90.5,Miami 90° to 91°,no,353.23,NO,HIT
2026-09-16T11:34:07+00:00,WEATHER,KXHIGHMIA-26SEP15-B90.5,Miami 90° to 91°,no,292.85,NO,HIT
2026-09-16T11:34:07+00:00,WEATHER,KXHIGHMIA-26SEP15-B90.5,Miami 90° to 91°,no,369.53,NO,HIT
2026-09-16T11:34:07+00:00,WEATHER,KXHIGHMIA-26SEP15-B90.5,Miami 90° to 91°,no,567.13,NO,HIT
2026-09-16T11:34:07+00:00,WEATHER,KXHIGHMIA-26SEP15-B90.5,Miami 90° to 91°,no,319.62,NO,HIT
2026-09-16T11:34:07+00:00,WEATHER,KXHIGHMIA-26SEP15-B90.5,Miami 90° to 91°,no,382.37,NO,HIT
2026-09-16T11:34:07+00:00,WEATHER,KXHIGHMIA-26SEP15-B90.5,Miami 90° to 91°,no,317.42,NO,HIT
2026-09-16T11:34:07+00:00,WEATHER,KXHIGHMIA-26SEP15-B90.5,Miami 90° to 91°,no,2219.87,NO,HIT
2026-09-16T11:34:07+00:00,WEATHER,KXHIGHNY-26SEP15-B74.5,New York City 74° to 75°,no,577.97,NO,HIT
2026-09-16T11:34:07+00:00,WEATHER,KXHIGHNY-26SEP15-B74.5,New York City 74° to 75°,no,1570.71,NO,HIT
2026-09-16T11:34:07+00:00,WEATHER,KXHIGHNY-26SEP15-B74.5,New York City 74° to 75°,no,880.26,NO,HIT
2026-09-16T11:34:07+00:00,WEATHER,KXHIGHNY-26SEP15-B74.5,New York City 74° to 75°,no,819.16,NO,HIT
2026-09-16T11:34:07+00:00,WEATHER,KXHIGHNY-26SEP15-B74.5,New York City 74° to 75°,no,2409.96,NO,HIT
2026-09-16T11:34:07+00:00,WEATHER,KXHIGHNY-26SEP15-B74.5,New York City 74° to 75°,no,1002.34,NO,HIT
2026-09-16T11:34:07+00:00,WEATHER,KXHIGHNY-26SEP15-B74.5,New York City 74° to 75°,no,292.09,NO,HIT
2026-09-16T11:34:07+00:00,WEATHER,KXHIGHNY-26SEP15-B74.5,New York City 74° to 75°,no,380.9,NO,HIT
2026-09-16T11:34:07+00:00,WEATHER,KXHIGHNY-26SEP15-B74.5,New York City 74° to 75°,no,482.01,NO,HIT
2026-09-16T11:34:07+00:00,WEATHER,KXHIGHNY-26SEP15-B74.5,New York City 74° to 75°,no,469.28,NO,HIT
2026-09-16T11:34:07+00:00,WEATHER,KXHIGHNY-26SEP15-B74.5,New York City 74° to 75°,no,560.22,NO,HIT
2026-09-16T11:34:07+00:00,WEATHER,KXHIGHNY-26SEP15-B74.5,New York City 74° to 75°,no,266.86,NO,HIT
2026-09-16T11:34:07+00:00,WEATHER,KXHIGHTATL-26SEP15-B93.5,Atlanta 93° to 94°,no,311.52,NO,HIT
2026-09-16T11:34:07+00:00,WEATHER,KXHIGHTATL-26SEP15-B93.5,Atlanta 93° to 94°,no,269.17,NO,HIT
2026-09-16T11:34:07+00:00,WEATHER,KXHIGHTATL-26SEP15-B93.5,Atlanta 93° to 94°,no,466.83,NO,HIT
2026-09-16T11:34:07+00:00,WEATHER,KXHIGHTATL-26SEP15-B93.5,Atlanta 93° to 94°,no,464.75,NO,HIT
2026-09-16T11:34:07+00:00,WEATHER,KXHIGHTBOS-26SEP15-T65,Boston 64° or below,no,468.71,NO,HIT
2026-09-16T11:34:07+00:00,WEATHER,KXHIGHTBOS-26SEP15-B65.5,Boston 65° to 66°,no,349.03,YES,MISS
2026-09-16T11:34:07+00:00,WEATHER,KXHIGHTBOS-26SEP15-B65.5,Boston 65° to 66°,yes,446.94,YES,HIT
2026-09-16T11:34:07+00:00,WEATHER,KXHIGHTBOS-26SEP15-B65.5,Boston 65° to 66°,yes,255.11,YES,HIT
2026-09-16T11:34:07+00:00,WEATHER,KXHIGHPHIL-26SEP15-B75.5,Philadelphia 75° to 76°,no,488.52,NO,HIT
2026-09-16T11:34:07+00:00,WEATHER,KXHIGHPHIL-26SEP15-B79.5,Philadelphia 79° to 80°,yes,1803.81,YES,HIT
2026-09-16T11:34:07+00:00,WEATHER,KXHIGHTATL-26SEP15-B89.5,Atlanta 89° to 90°,yes,1180.27,YES,HIT
2026-09-16T11:34:07+00:00,WEATHER,KXHIGHTDC-26SEP15-T79,Washington DC 78° or below,yes,483.97,YES,HIT
2026-09-16T11:34:07+00:00,WEATHER,KXHIGHTDC-26SEP15-T79,Washington DC 78° or below,yes,510.17,YES,HIT
2026-09-16T11:34:07+00:00,WEATHER,KXHIGHTDC-26SEP15-T79,Washington DC 78° or below,yes,641.39,YES,HIT
2026-09-16T11:34:07+00:00,WEATHER,KXHIGHTDC-26SEP15-B79.5,Washington DC 79° to 80°,no,460.08,NO,HIT
2026-09-16T11:34:07+00:00,WEATHER,KXHIGHTDC-26SEP15-B79.5,Washington DC 79° to 80°,no,480.84,NO,HIT
2026-09-16T12:47:34+00:00,WEATHER,KXHIGHAUS-26SEP15-T105,Austin 106° or above,no,345.34,NO,HIT
2026-09-16T12:47:34+00:00,WEATHER,KXHIGHCHI-26SEP15-T87,Chicago 88° or above,no,673.99,NO,HIT
2026-09-16T12:47:34+00:00,WEATHER,KXHIGHCHI-26SEP15-T87,Chicago 88° or above,no,471.6,NO,HIT
2026-09-16T12:47:34+00:00,WEATHER,KXHIGHCHI-26SEP15-T87,Chicago 88° or above,no,268.2,NO,HIT
2026-09-16T12:47:34+00:00,WEATHER,KXHIGHCHI-26SEP15-T87,Chicago 88° or above,no,276.91,NO,HIT
2026-09-16T12:47:34+00:00,WEATHER,KXHIGHCHI-26SEP15-T87,Chicago 88° or above,no,690.34,NO,HIT
2026-09-16T12:47:34+00:00,WEATHER,KXHIGHCHI-26SEP15-T87,Chicago 88° or above,no,353.4,NO,HIT
2026-09-16T12:47:34+00:00,WEATHER,KXHIGHCHI-26SEP15-T87,Chicago 88° or above,no,710.0,NO,HIT
2026-09-16T12:47:34+00:00,WEATHER,KXHIGHCHI-26SEP15-T87,Chicago 88° or above,no,1565.74,NO,HIT
2026-09-16T12:47:34+00:00,WEATHER,KXHIGHCHI-26SEP15-T87,Chicago 88° or above,no,501.38,NO,HIT
2026-09-16T12:47:34+00:00,WEATHER,KXHIGHCHI-26SEP15-T87,Chicago 88° or above,no,1390.04,NO,HIT
2026-09-16T12:47:34+00:00,WEATHER,KXHIGHCHI-26SEP15-T80,Chicago 79° or below,no,749.55,NO,HIT
2026-09-16T12:47:34+00:00,WEATHER,KXHIGHCHI-26SEP15-T80,Chicago 79° or below,no,399.57,NO,HIT
2026-09-16T12:47:34+00:00,WEATHER,KXHIGHCHI-26SEP15-T80,Chicago 79° or below,no,495.37,NO,HIT
2026-09-16T12:47:34+00:00,WEATHER,KXHIGHCHI-26SEP15-T80,Chicago 79° or below,no,308.63,NO,HIT
2026-09-16T12:47:34+00:00,WEATHER,KXHIGHTMIN-26SEP15-T75,Minneapolis 76° or above,no,266.22,NO,HIT
2026-09-16T12:47:34+00:00,WEATHER,KXHIGHAUS-26SEP15-B98.5,Austin 98° to 99°,no,433.59,NO,HIT
2026-09-16T12:47:34+00:00,WEATHER,KXHIGHAUS-26SEP15-B98.5,Austin 98° to 99°,no,519.55,NO,HIT
2026-09-16T12:47:34+00:00,WEATHER,KXHIGHAUS-26SEP15-B98.5,Austin 98° to 99°,no,528.66,NO,HIT
2026-09-16T12:47:34+00:00,WEATHER,KXHIGHCHI-26SEP15-B80.5,Chicago 80° to 81°,no,271.49,NO,HIT
2026-09-16T12:47:34+00:00,WEATHER,KXHIGHCHI-26SEP15-B80.5,Chicago 80° to 81°,no,363.34,NO,HIT
2026-09-16T12:47:34+00:00,WEATHER,KXHIGHCHI-26SEP15-B80.5,Chicago 80° to 81°,no,456.74,NO,HIT
2026-09-16T12:47:34+00:00,WEATHER,KXHIGHCHI-26SEP15-B80.5,Chicago 80° to 81°,no,1569.09,NO,HIT
2026-09-16T12:47:34+00:00,WEATHER,KXHIGHTDAL-26SEP15-B101.5,Dallas 101° to 102°,yes,299.82,YES,HIT
2026-09-16T12:47:34+00:00,WEATHER,KXHIGHTDAL-26SEP15-B101.5,Dallas 101° to 102°,yes,498.7,YES,HIT
2026-09-16T12:47:34+00:00,WEATHER,KXHIGHTDAL-26SEP15-B101.5,Dallas 101° to 102°,yes,598.63,YES,HIT
2026-09-16T12:47:34+00:00,WEATHER,KXHIGHTDAL-26SEP15-B101.5,Dallas 101° to 102°,yes,858.4,YES,HIT
2026-09-16T12:47:34+00:00,WEATHER,KXHIGHTSATX-26SEP15-B100.5,San Antonio 100° to 101°,yes,281.6,YES,HIT
2026-09-16T12:47:34+00:00,WEATHER,KXHIGHTSATX-26SEP15-B100.5,San Antonio 100° to 101°,yes,643.59,YES,HIT
2026-09-16T12:47:34+00:00,WEATHER,KXHIGHAUS-26SEP15-T98,Austin 97° or below,no,256.75,NO,HIT
2026-09-16T12:47:34+00:00,WEATHER,KXHIGHAUS-26SEP15-T98,Austin 97° or below,no,481.85,NO,HIT
2026-09-16T12:47:34+00:00,WEATHER,KXHIGHAUS-26SEP15-B104.5,Austin 104° to 105°,no,499.56,NO,HIT
2026-09-16T12:47:34+00:00,WEATHER,KXHIGHAUS-26SEP15-B104.5,Austin 104° to 105°,no,474.15,NO,HIT
2026-09-16T12:47:34+00:00,WEATHER,KXHIGHAUS-26SEP15-B100.5,Austin 100° to 101°,yes,296.8,NO,MISS
2026-09-16T12:47:34+00:00,WEATHER,KXHIGHAUS-26SEP15-B100.5,Austin 100° to 101°,no,319.04,NO,HIT
2026-09-16T12:47:34+00:00,WEATHER,KXHIGHAUS-26SEP15-B100.5,Austin 100° to 101°,no,2464.4,NO,HIT
2026-09-16T12:47:34+00:00,WEATHER,KXHIGHTMIN-26SEP15-B70.5,Minneapolis 70° to 71°,no,911.85,NO,HIT
2026-09-16T12:47:34+00:00,WEATHER,KXHIGHTMIN-26SEP15-B70.5,Minneapolis 70° to 71°,no,958.51,NO,HIT
2026-09-16T12:47:34+00:00,WEATHER,KXHIGHTMIN-26SEP15-B70.5,Minneapolis 70° to 71°,no,538.06,NO,HIT
2026-09-16T12:47:34+00:00,WEATHER,KXHIGHTDAL-26SEP15-T99,Dallas 98° or below,no,575.01,NO,HIT
2026-09-16T12:47:34+00:00,WEATHER,KXHIGHAUS-26SEP15-B102.5,Austin 102° to 103°,yes,491.5,YES,HIT
2026-09-16T12:47:34+00:00,WEATHER,KXHIGHAUS-26SEP15-B102.5,Austin 102° to 103°,yes,253.54,YES,HIT
2026-09-16T12:47:34+00:00,WEATHER,KXHIGHAUS-26SEP15-B102.5,Austin 102° to 103°,yes,462.07,YES,HIT
2026-09-16T12:47:34+00:00,WEATHER,KXHIGHAUS-26SEP15-B102.5,Austin 102° to 103°,yes,365.12,YES,HIT
2026-09-16T12:47:34+00:00,WEATHER,KXHIGHAUS-26SEP15-B102.5,Austin 102° to 103°,yes,753.27,YES,HIT
2026-09-16T12:47:34+00:00,WEATHER,KXHIGHTHOU-26SEP15-B95.5,Houston 95° to 96°,yes,485.02,YES,HIT
2026-09-16T12:47:34+00:00,WEATHER,KXHIGHTHOU-26SEP15-B95.5,Houston 95° to 96°,yes,469.06,YES,HIT
2026-09-16T12:47:34+00:00,WEATHER,KXHIGHTHOU-26SEP15-B95.5,Houston 95° to 96°,yes,758.64,YES,HIT
2026-09-16T12:47:34+00:00,WEATHER,KXHIGHCHI-26SEP15-B84.5,Chicago 84° to 85°,no,523.41,YES,MISS
2026-09-16T12:47:34+00:00,WEATHER,KXHIGHCHI-26SEP15-B84.5,Chicago 84° to 85°,yes,800.27,YES,HIT
2026-09-16T12:47:34+00:00,WEATHER,KXHIGHCHI-26SEP15-B84.5,Chicago 84° to 85°,yes,470.45,YES,HIT
2026-09-16T12:47:34+00:00,WEATHER,KXHIGHCHI-26SEP15-B84.5,Chicago 84° to 85°,yes,2029.22,YES,HIT
2026-09-16T12:47:34+00:00,WEATHER,KXHIGHCHI-26SEP15-B84.5,Chicago 84° to 85°,yes,471.91,YES,HIT
2026-09-16T12:47:34+00:00,WEATHER,KXHIGHCHI-26SEP15-B84.5,Chicago 84° to 85°,yes,1900.23,YES,HIT
2026-09-16T12:47:34+00:00,WEATHER,KXHIGHCHI-26SEP15-B84.5,Chicago 84° to 85°,no,269.07,YES,MISS
2026-09-16T12:47:34+00:00,WEATHER,KXHIGHCHI-26SEP15-B84.5,Chicago 84° to 85°,yes,912.15,YES,HIT
2026-09-16T12:47:34+00:00,WEATHER,KXHIGHCHI-26SEP15-B84.5,Chicago 84° to 85°,yes,652.4,YES,HIT
2026-09-16T12:47:34+00:00,WEATHER,KXHIGHTOKC-26SEP15-B101.5,Oklahoma City 101° to 102°,yes,272.78,YES,HIT
2026-09-16T12:47:34+00:00,WEATHER,KXHIGHTOKC-26SEP15-B101.5,Oklahoma City 101° to 102°,yes,772.96,YES,HIT
2026-09-16T12:47:34+00:00,WEATHER,KXHIGHCHI-26SEP15-B86.5,Chicago 86° to 87°,no,255.31,NO,HIT
2026-09-16T12:47:34+00:00,WEATHER,KXHIGHCHI-26SEP15-B86.5,Chicago 86° to 87°,no,688.89,NO,HIT
2026-09-16T12:47:34+00:00,WEATHER,KXHIGHCHI-26SEP15-B86.5,Chicago 86° to 87°,no,525.32,NO,HIT
2026-09-16T12:47:34+00:00,WEATHER,KXHIGHCHI-26SEP15-B86.5,Chicago 86° to 87°,no,383.21,NO,HIT
2026-09-16T12:47:34+00:00,WEATHER,KXHIGHCHI-26SEP15-B86.5,Chicago 86° to 87°,no,768.94,NO,HIT
2026-09-16T12:47:34+00:00,WEATHER,KXHIGHCHI-26SEP15-B86.5,Chicago 86° to 87°,no,307.29,NO,HIT
2026-09-16T12:47:34+00:00,WEATHER,KXHIGHCHI-26SEP15-B86.5,Chicago 86° to 87°,no,646.04,NO,HIT
2026-09-16T12:47:34+00:00,WEATHER,KXHIGHCHI-26SEP15-B86.5,Chicago 86° to 87°,no,322.54,NO,HIT
2026-09-16T12:47:34+00:00,WEATHER,KXHIGHCHI-26SEP15-B86.5,Chicago 86° to 87°,no,424.11,NO,HIT
2026-09-16T12:47:34+00:00,WEATHER,KXHIGHCHI-26SEP15-B86.5,Chicago 86° to 87°,no,474.19,NO,HIT
2026-09-16T12:47:34+00:00,WEATHER,KXHIGHCHI-26SEP15-B86.5,Chicago 86° to 87°,no,421.08,NO,HIT
2026-09-16T12:47:34+00:00,WEATHER,KXHIGHCHI-26SEP15-B86.5,Chicago 86° to 87°,no,321.21,NO,HIT
2026-09-16T12:47:34+00:00,WEATHER,KXHIGHCHI-26SEP15-B86.5,Chicago 86° to 87°,yes,308.77,NO,MISS
2026-09-16T12:47:34+00:00,WEATHER,KXHIGHCHI-26SEP15-B86.5,Chicago 86° to 87°,no,1253.91,NO,HIT
2026-09-16T12:47:34+00:00,WEATHER,KXHIGHCHI-26SEP15-B82.5,Chicago 82° to 83°,no,421.93,NO,HIT
2026-09-16T12:47:34+00:00,WEATHER,KXHIGHCHI-26SEP15-B82.5,Chicago 82° to 83°,no,270.13,NO,HIT
2026-09-16T12:47:34+00:00,WEATHER,KXHIGHCHI-26SEP15-B82.5,Chicago 82° to 83°,no,412.08,NO,HIT
2026-09-16T12:47:34+00:00,WEATHER,KXHIGHCHI-26SEP15-B82.5,Chicago 82° to 83°,yes,330.59,NO,MISS
2026-09-16T12:47:34+00:00,WEATHER,KXHIGHCHI-26SEP15-B82.5,Chicago 82° to 83°,yes,289.3,NO,MISS
2026-09-16T12:47:34+00:00,WEATHER,KXHIGHCHI-26SEP15-B82.5,Chicago 82° to 83°,yes,321.02,NO,MISS
2026-09-16T12:47:34+00:00,WEATHER,KXHIGHCHI-26SEP15-B82.5,Chicago 82° to 83°,yes,251.53,NO,MISS
2026-09-16T12:47:34+00:00,WEATHER,KXHIGHCHI-26SEP15-B82.5,Chicago 82° to 83°,no,2554.36,NO,HIT
2026-09-16T12:47:34+00:00,WEATHER,KXHIGHCHI-26SEP15-B82.5,Chicago 82° to 83°,no,406.14,NO,HIT
2026-09-16T12:47:34+00:00,WEATHER,KXHIGHCHI-26SEP15-B82.5,Chicago 82° to 83°,no,3890.25,NO,HIT
2026-09-16T12:47:34+00:00,WEATHER,KXHIGHCHI-26SEP15-B82.5,Chicago 82° to 83°,yes,374.08,NO,MISS
2026-09-16T12:47:34+00:00,WEATHER,KXHIGHTHOU-26SEP15-B97.5,Houston 97° to 98°,no,267.58,NO,HIT
2026-09-16T12:47:34+00:00,WEATHER,KXHIGHTHOU-26SEP15-B93.5,Houston 93° to 94°,no,612.62,NO,HIT
2026-09-16T12:47:34+00:00,WEATHER,KXHIGHTMIN-26SEP15-B68.5,Minneapolis 68° to 69°,no,324.11,NO,HIT
2026-09-16T12:47:34+00:00,WEATHER,KXHIGHTNOLA-26SEP15-B94.5,New Orleans 94° to 95°,yes,279.94,NO,MISS
2026-09-16T12:47:34+00:00,WEATHER,KXHIGHTNOLA-26SEP15-B94.5,New Orleans 94° to 95°,no,430.68,NO,HIT
2026-09-16T12:47:34+00:00,WEATHER,KXHIGHTNOLA-26SEP15-B92.5,New Orleans 92° to 93°,no,303.98,YES,MISS
2026-09-16T12:47:34+00:00,WEATHER,KXHIGHTNOLA-26SEP15-B92.5,New Orleans 92° to 93°,yes,686.13,YES,HIT
2026-09-16T12:47:34+00:00,WEATHER,KXHIGHTNOLA-26SEP15-B92.5,New Orleans 92° to 93°,yes,599.53,YES,HIT
2026-09-16T12:47:34+00:00,WEATHER,KXHIGHTDAL-26SEP15-B99.5,Dallas 99° to 100°,no,1450.3,NO,HIT
2026-09-16T12:47:34+00:00,WEATHER,KXHIGHTMIN-26SEP15-B74.5,Minneapolis 74° to 75°,no,499.88,NO,HIT
2026-09-16T12:47:34+00:00,WEATHER,KXHIGHTMIN-26SEP15-B74.5,Minneapolis 74° to 75°,no,430.83,NO,HIT
2026-09-16T12:47:34+00:00,WEATHER,KXHIGHTMIN-26SEP15-B74.5,Minneapolis 74° to 75°,no,532.4,NO,HIT
2026-09-16T12:47:34+00:00,WEATHER,KXHIGHTOKC-26SEP15-B99.5,Oklahoma City 99° to 100°,no,906.65,NO,HIT
2026-09-16T12:47:34+00:00,WEATHER,KXHIGHTSATX-26SEP15-B98.5,San Antonio 98° to 99°,no,424.24,NO,HIT
2026-09-16T12:47:34+00:00,WEATHER,KXHIGHTMIN-26SEP15-B72.5,Minneapolis 72° to 73°,yes,631.98,YES,HIT
2026-09-16T12:47:34+00:00,WEATHER,KXHIGHTSATX-26SEP15-B102.5,San Antonio 102° to 103°,no,513.81,NO,HIT
2026-09-16T13:34:07+00:00,WEATHER,KXHIGHDEN-26SEP15-T77,Denver 78° or above,no,450.8,NO,HIT
2026-09-16T13:34:07+00:00,WEATHER,KXHIGHDEN-26SEP15-T77,Denver 78° or above,no,410.04,NO,HIT
2026-09-16T13:34:07+00:00,WEATHER,KXHIGHDEN-26SEP15-B70.5,Denver 70° to 71°,no,383.52,YES,MISS
2026-09-16T13:34:07+00:00,WEATHER,KXHIGHDEN-26SEP15-B70.5,Denver 70° to 71°,no,337.98,YES,MISS
2026-09-16T13:34:07+00:00,WEATHER,KXHIGHDEN-26SEP15-B70.5,Denver 70° to 71°,no,541.09,YES,MISS
2026-09-16T13:34:07+00:00,WEATHER,KXHIGHDEN-26SEP15-B70.5,Denver 70° to 71°,no,270.09,YES,MISS
2026-09-16T13:34:07+00:00,WEATHER,KXHIGHDEN-26SEP15-B70.5,Denver 70° to 71°,yes,1123.38,YES,HIT
2026-09-16T13:34:07+00:00,WEATHER,KXHIGHDEN-26SEP15-B70.5,Denver 70° to 71°,no,289.16,YES,MISS
2026-09-16T13:34:07+00:00,WEATHER,KXHIGHDEN-26SEP15-B70.5,Denver 70° to 71°,yes,331.2,YES,HIT
2026-09-16T13:34:07+00:00,WEATHER,KXHIGHDEN-26SEP15-B70.5,Denver 70° to 71°,yes,574.41,YES,HIT
2026-09-16T13:34:07+00:00,WEATHER,KXHIGHDEN-26SEP15-B70.5,Denver 70° to 71°,yes,1805.2,YES,HIT
2026-09-16T13:34:07+00:00,WEATHER,KXHIGHDEN-26SEP15-B70.5,Denver 70° to 71°,no,274.17,YES,MISS
2026-09-16T13:34:07+00:00,WEATHER,KXHIGHDEN-26SEP15-B70.5,Denver 70° to 71°,no,483.09,YES,MISS
2026-09-16T13:34:07+00:00,WEATHER,KXHIGHDEN-26SEP15-B70.5,Denver 70° to 71°,yes,1805.2,YES,HIT
2026-09-16T13:34:07+00:00,WEATHER,KXHIGHDEN-26SEP15-B70.5,Denver 70° to 71°,no,274.17,YES,MISS
2026-09-16T13:34:07+00:00,WEATHER,KXHIGHDEN-26SEP15-B70.5,Denver 70° to 71°,no,483.09,YES,MISS
2026-09-16T13:34:07+00:00,WEATHER,KXHIGHDEN-26SEP15-T70,Denver 69° or below,no,324.81,NO,HIT
2026-09-16T13:34:07+00:00,WEATHER,KXHIGHDEN-26SEP15-T70,Denver 69° or below,no,781.17,NO,HIT
2026-09-16T13:34:07+00:00,WEATHER,KXHIGHDEN-26SEP15-B76.5,Denver 76° to 77°,no,782.74,NO,HIT
2026-09-16T13:34:07+00:00,WEATHER,KXHIGHDEN-26SEP15-B74.5,Denver 74° to 75°,no,499.45,NO,HIT
2026-09-16T13:34:07+00:00,WEATHER,KXHIGHDEN-26SEP15-B74.5,Denver 74° to 75°,no,293.87,NO,HIT
2026-09-16T13:34:07+00:00,WEATHER,KXHIGHDEN-26SEP15-B74.5,Denver 74° to 75°,no,346.37,NO,HIT
2026-09-16T13:34:07+00:00,WEATHER,KXHIGHDEN-26SEP15-B74.5,Denver 74° to 75°,no,375.67,NO,HIT
2026-09-16T13:34:07+00:00,WEATHER,KXHIGHDEN-26SEP15-B72.5,Denver 72° to 73°,yes,402.2,NO,MISS
2026-09-16T13:34:07+00:00,WEATHER,KXHIGHDEN-26SEP15-B72.5,Denver 72° to 73°,yes,340.59,NO,MISS
2026-09-16T13:34:07+00:00,WEATHER,KXHIGHDEN-26SEP15-B72.5,Denver 72° to 73°,no,397.24,NO,HIT
2026-09-16T13:34:07+00:00,WEATHER,KXHIGHDEN-26SEP15-B72.5,Denver 72° to 73°,no,363.03,NO,HIT
2026-09-16T13:34:07+00:00,WEATHER,KXHIGHDEN-26SEP15-B72.5,Denver 72° to 73°,no,281.11,NO,HIT
2026-09-16T13:34:07+00:00,WEATHER,KXHIGHDEN-26SEP15-B72.5,Denver 72° to 73°,yes,467.46,NO,MISS
2026-09-16T13:34:07+00:00,WEATHER,KXHIGHDEN-26SEP15-B72.5,Denver 72° to 73°,no,271.56,NO,HIT
2026-09-16T13:34:07+00:00,WEATHER,KXHIGHDEN-26SEP15-B72.5,Denver 72° to 73°,no,1580.07,NO,HIT
2026-09-16T13:34:07+00:00,WEATHER,KXHIGHDEN-26SEP15-B72.5,Denver 72° to 73°,no,271.56,NO,HIT
2026-09-16T13:34:07+00:00,WEATHER,KXHIGHDEN-26SEP15-B72.5,Denver 72° to 73°,no,1580.07,NO,HIT
2026-09-16T15:34:09+00:00,WEATHER,KXHIGHLAX-26SEP15-T75,Los Angeles 74° or below,yes,824.39,NO,MISS
2026-09-16T15:34:09+00:00,WEATHER,KXHIGHLAX-26SEP15-T75,Los Angeles 74° or below,no,1266.07,NO,HIT
2026-09-16T15:34:09+00:00,WEATHER,KXHIGHLAX-26SEP15-B81.5,Los Angeles 81° to 82°,no,254.98,YES,MISS
2026-09-16T15:34:09+00:00,WEATHER,KXHIGHLAX-26SEP15-B81.5,Los Angeles 81° to 82°,no,732.14,YES,MISS
2026-09-16T15:34:09+00:00,WEATHER,KXHIGHLAX-26SEP15-B81.5,Los Angeles 81° to 82°,no,859.35,YES,MISS
2026-09-16T15:34:09+00:00,WEATHER,KXHIGHLAX-26SEP15-B81.5,Los Angeles 81° to 82°,no,1454.53,YES,MISS
2026-09-16T15:34:09+00:00,WEATHER,KXHIGHLAX-26SEP15-B81.5,Los Angeles 81° to 82°,no,469.86,YES,MISS
2026-09-16T15:34:09+00:00,WEATHER,KXHIGHLAX-26SEP15-B81.5,Los Angeles 81° to 82°,no,674.23,YES,MISS
2026-09-16T15:34:09+00:00,WEATHER,KXHIGHLAX-26SEP15-B81.5,Los Angeles 81° to 82°,no,456.18,YES,MISS
2026-09-16T15:34:09+00:00,WEATHER,KXHIGHLAX-26SEP15-B81.5,Los Angeles 81° to 82°,no,1250.2,YES,MISS
2026-09-16T15:34:09+00:00,WEATHER,KXHIGHLAX-26SEP15-B81.5,Los Angeles 81° to 82°,no,1228.15,YES,MISS
2026-09-16T15:34:09+00:00,WEATHER,KXHIGHLAX-26SEP15-B81.5,Los Angeles 81° to 82°,no,564.33,YES,MISS
2026-09-16T15:34:09+00:00,WEATHER,KXHIGHLAX-26SEP15-B81.5,Los Angeles 81° to 82°,yes,667.9,YES,HIT
2026-09-16T15:34:09+00:00,WEATHER,KXHIGHLAX-26SEP15-B81.5,Los Angeles 81° to 82°,yes,968.76,YES,HIT
2026-09-16T15:34:09+00:00,WEATHER,KXHIGHLAX-26SEP15-B81.5,Los Angeles 81° to 82°,yes,327.65,YES,HIT
2026-09-16T15:34:09+00:00,WEATHER,KXHIGHLAX-26SEP15-B81.5,Los Angeles 81° to 82°,no,1823.01,YES,MISS
2026-09-16T15:34:09+00:00,WEATHER,KXHIGHLAX-26SEP15-B81.5,Los Angeles 81° to 82°,no,414.03,YES,MISS
2026-09-16T15:34:09+00:00,WEATHER,KXHIGHLAX-26SEP15-B81.5,Los Angeles 81° to 82°,no,1365.43,YES,MISS
2026-09-16T15:34:09+00:00,WEATHER,KXHIGHLAX-26SEP15-B81.5,Los Angeles 81° to 82°,no,432.82,YES,MISS
2026-09-16T15:34:09+00:00,WEATHER,KXHIGHLAX-26SEP15-B81.5,Los Angeles 81° to 82°,no,364.21,YES,MISS
2026-09-16T15:34:09+00:00,WEATHER,KXHIGHLAX-26SEP15-B81.5,Los Angeles 81° to 82°,no,3185.81,YES,MISS
2026-09-16T15:34:09+00:00,WEATHER,KXHIGHLAX-26SEP15-B81.5,Los Angeles 81° to 82°,no,487.8,YES,MISS
2026-09-16T15:34:09+00:00,WEATHER,KXHIGHLAX-26SEP15-B81.5,Los Angeles 81° to 82°,no,501.61,YES,MISS
2026-09-16T15:34:09+00:00,WEATHER,KXHIGHLAX-26SEP15-B81.5,Los Angeles 81° to 82°,no,1015.72,YES,MISS
2026-09-16T15:34:09+00:00,WEATHER,KXHIGHLAX-26SEP15-B81.5,Los Angeles 81° to 82°,no,3071.32,YES,MISS
2026-09-16T15:34:09+00:00,WEATHER,KXHIGHLAX-26SEP15-B81.5,Los Angeles 81° to 82°,no,504.62,YES,MISS
2026-09-16T15:34:09+00:00,WEATHER,KXHIGHLAX-26SEP15-B81.5,Los Angeles 81° to 82°,no,15068.41,YES,MISS
2026-09-16T15:34:09+00:00,WEATHER,KXHIGHLAX-26SEP15-B81.5,Los Angeles 81° to 82°,yes,397.22,YES,HIT
2026-09-16T15:34:09+00:00,WEATHER,KXHIGHLAX-26SEP15-B81.5,Los Angeles 81° to 82°,yes,3618.65,YES,HIT
2026-09-16T15:34:09+00:00,WEATHER,KXHIGHLAX-26SEP15-B81.5,Los Angeles 81° to 82°,no,472.42,YES,MISS
2026-09-16T15:34:09+00:00,WEATHER,KXHIGHLAX-26SEP15-B81.5,Los Angeles 81° to 82°,no,472.33,YES,MISS
2026-09-16T15:34:09+00:00,WEATHER,KXHIGHLAX-26SEP15-B81.5,Los Angeles 81° to 82°,no,467.6,YES,MISS
2026-09-16T15:34:09+00:00,WEATHER,KXHIGHLAX-26SEP15-B81.5,Los Angeles 81° to 82°,no,467.6,YES,MISS
2026-09-16T15:34:09+00:00,WEATHER,KXHIGHLAX-26SEP15-B81.5,Los Angeles 81° to 82°,no,467.6,YES,MISS
2026-09-16T15:34:09+00:00,WEATHER,KXHIGHLAX-26SEP15-B81.5,Los Angeles 81° to 82°,no,467.6,YES,MISS
2026-09-16T15:34:09+00:00,WEATHER,KXHIGHLAX-26SEP15-B77.5,Los Angeles 77° to 78°,no,258.24,NO,HIT
2026-09-16T15:34:09+00:00,WEATHER,KXHIGHLAX-26SEP15-B77.5,Los Angeles 77° to 78°,no,379.73,NO,HIT
2026-09-16T15:34:09+00:00,WEATHER,KXHIGHLAX-26SEP15-B77.5,Los Angeles 77° to 78°,yes,302.51,NO,MISS
2026-09-16T15:34:09+00:00,WEATHER,KXHIGHLAX-26SEP15-B77.5,Los Angeles 77° to 78°,yes,516.1,NO,MISS
2026-09-16T15:34:09+00:00,WEATHER,KXHIGHLAX-26SEP15-B77.5,Los Angeles 77° to 78°,no,1140.29,NO,HIT
2026-09-16T15:34:09+00:00,WEATHER,KXHIGHLAX-26SEP15-B77.5,Los Angeles 77° to 78°,no,258.28,NO,HIT
2026-09-16T15:34:09+00:00,WEATHER,KXHIGHLAX-26SEP15-B77.5,Los Angeles 77° to 78°,yes,400.1,NO,MISS
2026-09-16T15:34:09+00:00,WEATHER,KXHIGHLAX-26SEP15-B77.5,Los Angeles 77° to 78°,yes,2062.86,NO,MISS
2026-09-16T15:34:09+00:00,WEATHER,KXHIGHLAX-26SEP15-B77.5,Los Angeles 77° to 78°,yes,360.03,NO,MISS
2026-09-16T15:34:09+00:00,WEATHER,KXHIGHLAX-26SEP15-B77.5,Los Angeles 77° to 78°,yes,517.9,NO,MISS
2026-09-16T15:34:09+00:00,WEATHER,KXHIGHLAX-26SEP15-B77.5,Los Angeles 77° to 78°,no,11328.84,NO,HIT
2026-09-16T15:34:09+00:00,WEATHER,KXHIGHLAX-26SEP15-B77.5,Los Angeles 77° to 78°,yes,486.26,NO,MISS
2026-09-16T15:34:09+00:00,WEATHER,KXHIGHLAX-26SEP15-B77.5,Los Angeles 77° to 78°,yes,1861.31,NO,MISS
2026-09-16T15:34:09+00:00,WEATHER,KXHIGHLAX-26SEP15-B77.5,Los Angeles 77° to 78°,yes,499.38,NO,MISS
2026-09-16T15:34:09+00:00,WEATHER,KXHIGHLAX-26SEP15-B77.5,Los Angeles 77° to 78°,yes,1107.77,NO,MISS
2026-09-16T15:34:09+00:00,WEATHER,KXHIGHLAX-26SEP15-B77.5,Los Angeles 77° to 78°,yes,669.52,NO,MISS
2026-09-16T15:34:09+00:00,WEATHER,KXHIGHLAX-26SEP15-B77.5,Los Angeles 77° to 78°,yes,970.64,NO,MISS
2026-09-16T15:34:09+00:00,WEATHER,KXHIGHLAX-26SEP15-B77.5,Los Angeles 77° to 78°,yes,795.65,NO,MISS
2026-09-16T15:34:09+00:00,WEATHER,KXHIGHLAX-26SEP15-B77.5,Los Angeles 77° to 78°,no,633.05,NO,HIT
2026-09-16T15:34:09+00:00,WEATHER,KXHIGHLAX-26SEP15-B77.5,Los Angeles 77° to 78°,no,698.15,NO,HIT
2026-09-16T15:34:09+00:00,WEATHER,KXHIGHLAX-26SEP15-B77.5,Los Angeles 77° to 78°,no,1767.49,NO,HIT
2026-09-16T15:34:09+00:00,WEATHER,KXHIGHLAX-26SEP15-B77.5,Los Angeles 77° to 78°,no,2205.13,NO,HIT
2026-09-16T15:34:09+00:00,WEATHER,KXHIGHLAX-26SEP15-B75.5,Los Angeles 75° to 76°,no,264.7,NO,HIT
2026-09-16T15:34:09+00:00,WEATHER,KXHIGHLAX-26SEP15-B75.5,Los Angeles 75° to 76°,no,611.03,NO,HIT
2026-09-16T15:34:09+00:00,WEATHER,KXHIGHLAX-26SEP15-B75.5,Los Angeles 75° to 76°,no,263.74,NO,HIT
2026-09-16T15:34:09+00:00,WEATHER,KXHIGHLAX-26SEP15-B75.5,Los Angeles 75° to 76°,no,2185.96,NO,HIT
2026-09-16T15:34:09+00:00,WEATHER,KXHIGHLAX-26SEP15-B75.5,Los Angeles 75° to 76°,no,611.62,NO,HIT
2026-09-16T15:34:09+00:00,WEATHER,KXHIGHLAX-26SEP15-B75.5,Los Angeles 75° to 76°,no,998.09,NO,HIT
2026-09-16T15:34:09+00:00,WEATHER,KXHIGHLAX-26SEP15-B75.5,Los Angeles 75° to 76°,no,415.73,NO,HIT
2026-09-16T15:34:09+00:00,WEATHER,KXHIGHLAX-26SEP15-B75.5,Los Angeles 75° to 76°,no,616.36,NO,HIT
2026-09-16T15:34:09+00:00,WEATHER,KXHIGHLAX-26SEP15-B75.5,Los Angeles 75° to 76°,no,1077.1,NO,HIT
2026-09-16T15:34:09+00:00,WEATHER,KXHIGHLAX-26SEP15-B75.5,Los Angeles 75° to 76°,no,315.6,NO,HIT
2026-09-16T15:34:09+00:00,WEATHER,KXHIGHLAX-26SEP15-B75.5,Los Angeles 75° to 76°,no,1235.47,NO,HIT
2026-09-16T15:34:09+00:00,WEATHER,KXHIGHLAX-26SEP15-B75.5,Los Angeles 75° to 76°,no,1272.95,NO,HIT
2026-09-16T15:34:09+00:00,WEATHER,KXHIGHLAX-26SEP15-B75.5,Los Angeles 75° to 76°,no,875.83,NO,HIT
2026-09-16T15:34:09+00:00,WEATHER,KXHIGHTLV-26SEP15-T96,Las Vegas 95° or below,no,1019.6,NO,HIT
2026-09-16T15:34:09+00:00,WEATHER,KXHIGHTLV-26SEP15-T96,Las Vegas 95° or below,no,464.11,NO,HIT
2026-09-16T15:34:09+00:00,WEATHER,KXHIGHLAX-26SEP15-T82,Los Angeles 83° or above,no,998.59,NO,HIT
2026-09-16T15:34:09+00:00,WEATHER,KXHIGHLAX-26SEP15-T82,Los Angeles 83° or above,no,256.18,NO,HIT
2026-09-16T15:34:09+00:00,WEATHER,KXHIGHLAX-26SEP15-T82,Los Angeles 83° or above,no,436.32,NO,HIT
2026-09-16T15:34:09+00:00,WEATHER,KXHIGHLAX-26SEP15-T82,Los Angeles 83° or above,no,732.16,NO,HIT
2026-09-16T15:34:09+00:00,WEATHER,KXHIGHLAX-26SEP15-T82,Los Angeles 83° or above,no,833.38,NO,HIT
2026-09-16T15:34:09+00:00,WEATHER,KXHIGHLAX-26SEP15-T82,Los Angeles 83° or above,yes,299.99,NO,MISS
2026-09-16T15:34:09+00:00,WEATHER,KXHIGHLAX-26SEP15-T82,Los Angeles 83° or above,yes,501.78,NO,MISS
2026-09-16T15:34:09+00:00,WEATHER,KXHIGHLAX-26SEP15-T82,Los Angeles 83° or above,yes,3952.54,NO,MISS
2026-09-16T15:34:09+00:00,WEATHER,KXHIGHLAX-26SEP15-T82,Los Angeles 83° or above,no,469.07,NO,HIT
2026-09-16T15:34:09+00:00,WEATHER,KXHIGHLAX-26SEP15-T82,Los Angeles 83° or above,no,1498.14,NO,HIT
2026-09-16T15:34:09+00:00,WEATHER,KXHIGHLAX-26SEP15-T82,Los Angeles 83° or above,no,1907.56,NO,HIT
2026-09-16T15:34:09+00:00,WEATHER,KXHIGHLAX-26SEP15-T82,Los Angeles 83° or above,no,22547.77,NO,HIT
2026-09-16T15:34:09+00:00,WEATHER,KXHIGHLAX-26SEP15-T82,Los Angeles 83° or above,no,3184.67,NO,HIT
2026-09-16T15:34:09+00:00,WEATHER,KXHIGHLAX-26SEP15-T82,Los Angeles 83° or above,no,2995.39,NO,HIT
2026-09-16T15:34:09+00:00,WEATHER,KXHIGHTPHX-26SEP15-T104,Phoenix 105° or above,no,260.19,NO,HIT
2026-09-16T15:34:09+00:00,WEATHER,KXHIGHTSEA-26SEP15-B69.5,Seattle 69° to 70°,no,375.01,NO,HIT
2026-09-16T15:34:09+00:00,WEATHER,KXHIGHTSEA-26SEP15-B69.5,Seattle 69° to 70°,no,320.26,NO,HIT
2026-09-16T15:34:09+00:00,WEATHER,KXHIGHTSEA-26SEP15-B69.5,Seattle 69° to 70°,no,566.92,NO,HIT
2026-09-16T15:34:09+00:00,WEATHER,KXHIGHTSEA-26SEP15-B69.5,Seattle 69° to 70°,no,478.36,NO,HIT
2026-09-16T15:34:09+00:00,WEATHER,KXHIGHTSEA-26SEP15-B69.5,Seattle 69° to 70°,no,320.67,NO,HIT
2026-09-16T15:34:09+00:00,WEATHER,KXHIGHTSEA-26SEP15-B69.5,Seattle 69° to 70°,no,527.6,NO,HIT
2026-09-16T15:34:09+00:00,WEATHER,KXHIGHTSEA-26SEP15-B69.5,Seattle 69° to 70°,no,775.47,NO,HIT
2026-09-16T15:34:09+00:00,WEATHER,KXHIGHTSEA-26SEP15-B69.5,Seattle 69° to 70°,no,775.47,NO,HIT
2026-09-16T15:34:09+00:00,WEATHER,KXHIGHTSFO-26SEP15-T76,San Francisco 77° or above,no,259.87,NO,HIT
2026-09-16T15:34:09+00:00,WEATHER,KXHIGHTSFO-26SEP15-T76,San Francisco 77° or above,no,430.58,NO,HIT
2026-09-16T15:34:09+00:00,WEATHER,KXHIGHTSFO-26SEP15-T69,San Francisco 68° or below,no,319.92,NO,HIT
2026-09-16T15:34:09+00:00,WEATHER,KXHIGHTSFO-26SEP15-T69,San Francisco 68° or below,no,279.37,NO,HIT
2026-09-16T15:34:09+00:00,WEATHER,KXHIGHTSFO-26SEP15-T69,San Francisco 68° or below,no,686.63,NO,HIT
2026-09-16T15:34:09+00:00,WEATHER,KXHIGHLAX-26SEP15-B79.5,Los Angeles 79° to 80°,no,567.52,NO,HIT
2026-09-16T15:34:09+00:00,WEATHER,KXHIGHLAX-26SEP15-B79.5,Los Angeles 79° to 80°,yes,456.72,NO,MISS
2026-09-16T15:34:09+00:00,WEATHER,KXHIGHLAX-26SEP15-B79.5,Los Angeles 79° to 80°,no,253.85,NO,HIT
2026-09-16T15:34:09+00:00,WEATHER,KXHIGHLAX-26SEP15-B79.5,Los Angeles 79° to 80°,yes,298.77,NO,MISS
2026-09-16T15:34:09+00:00,WEATHER,KXHIGHLAX-26SEP15-B79.5,Los Angeles 79° to 80°,yes,439.56,NO,MISS
2026-09-16T15:34:09+00:00,WEATHER,KXHIGHLAX-26SEP15-B79.5,Los Angeles 79° to 80°,no,251.59,NO,HIT
2026-09-16T15:34:09+00:00,WEATHER,KXHIGHLAX-26SEP15-B79.5,Los Angeles 79° to 80°,no,289.03,NO,HIT
2026-09-16T15:34:09+00:00,WEATHER,KXHIGHLAX-26SEP15-B79.5,Los Angeles 79° to 80°,no,1263.77,NO,HIT
2026-09-16T15:34:09+00:00,WEATHER,KXHIGHLAX-26SEP15-B79.5,Los Angeles 79° to 80°,no,668.35,NO,HIT
2026-09-16T15:34:09+00:00,WEATHER,KXHIGHLAX-26SEP15-B79.5,Los Angeles 79° to 80°,no,324.44,NO,HIT
2026-09-16T15:34:09+00:00,WEATHER,KXHIGHLAX-26SEP15-B79.5,Los Angeles 79° to 80°,no,1940.03,NO,HIT
2026-09-16T15:34:09+00:00,WEATHER,KXHIGHLAX-26SEP15-B79.5,Los Angeles 79° to 80°,yes,13422.46,NO,MISS
2026-09-16T15:34:09+00:00,WEATHER,KXHIGHLAX-26SEP15-B79.5,Los Angeles 79° to 80°,no,392.05,NO,HIT
2026-09-16T15:34:09+00:00,WEATHER,KXHIGHLAX-26SEP15-B79.5,Los Angeles 79° to 80°,no,2289.57,NO,HIT
2026-09-16T15:34:09+00:00,WEATHER,KXHIGHLAX-26SEP15-B79.5,Los Angeles 79° to 80°,no,303.52,NO,HIT
2026-09-16T15:34:09+00:00,WEATHER,KXHIGHLAX-26SEP15-B79.5,Los Angeles 79° to 80°,no,291.65,NO,HIT
2026-09-16T15:34:09+00:00,WEATHER,KXHIGHLAX-26SEP15-B79.5,Los Angeles 79° to 80°,yes,9246.38,NO,MISS
2026-09-16T15:34:09+00:00,WEATHER,KXHIGHLAX-26SEP15-B79.5,Los Angeles 79° to 80°,yes,1205.89,NO,MISS
2026-09-16T15:34:09+00:00,WEATHER,KXHIGHLAX-26SEP15-B79.5,Los Angeles 79° to 80°,no,16086.13,NO,HIT
2026-09-16T15:34:09+00:00,WEATHER,KXHIGHLAX-26SEP15-B79.5,Los Angeles 79° to 80°,no,2126.94,NO,HIT
2026-09-16T15:34:09+00:00,WEATHER,KXHIGHLAX-26SEP15-B79.5,Los Angeles 79° to 80°,no,1040.86,NO,HIT
2026-09-16T15:34:09+00:00,WEATHER,KXHIGHLAX-26SEP15-B79.5,Los Angeles 79° to 80°,yes,311.89,NO,MISS
2026-09-16T15:34:09+00:00,WEATHER,KXHIGHLAX-26SEP15-B79.5,Los Angeles 79° to 80°,no,1471.12,NO,HIT
2026-09-16T15:34:09+00:00,WEATHER,KXHIGHLAX-26SEP15-B79.5,Los Angeles 79° to 80°,no,2240.16,NO,HIT
2026-09-16T15:34:09+00:00,WEATHER,KXHIGHTPHX-26SEP15-T97,Phoenix 96° or below,no,897.27,NO,HIT
2026-09-16T15:34:09+00:00,WEATHER,KXHIGHTPHX-26SEP15-T97,Phoenix 96° or below,no,456.1,NO,HIT
2026-09-16T15:34:09+00:00,WEATHER,KXHIGHTSEA-26SEP15-B65.5,Seattle 65° to 66°,no,273.45,NO,HIT
2026-09-16T15:34:09+00:00,WEATHER,KXHIGHTSEA-26SEP15-B65.5,Seattle 65° to 66°,no,741.97,NO,HIT
2026-09-16T15:34:09+00:00,WEATHER,KXHIGHTPHX-26SEP15-B97.5,Phoenix 97° to 98°,no,485.48,NO,HIT
2026-09-16T15:34:09+00:00,WEATHER,KXHIGHTSFO-26SEP15-B73.5,San Francisco 73° to 74°,yes,524.53,YES,HIT
2026-09-16T15:34:09+00:00,WEATHER,KXHIGHTSFO-26SEP15-B73.5,San Francisco 73° to 74°,yes,1472.19,YES,HIT
2026-09-16T15:34:09+00:00,WEATHER,KXHIGHTSFO-26SEP15-B73.5,San Francisco 73° to 74°,yes,500.33,YES,HIT
2026-09-16T15:34:09+00:00,WEATHER,KXHIGHTSFO-26SEP15-B73.5,San Francisco 73° to 74°,yes,274.06,YES,HIT
2026-09-16T15:34:09+00:00,WEATHER,KXHIGHTSFO-26SEP15-B73.5,San Francisco 73° to 74°,yes,309.5,YES,HIT
2026-09-16T15:34:09+00:00,WEATHER,KXHIGHTSFO-26SEP15-B71.5,San Francisco 71° to 72°,no,405.72,NO,HIT
2026-09-16T15:34:09+00:00,WEATHER,KXHIGHTSFO-26SEP15-B71.5,San Francisco 71° to 72°,yes,577.33,NO,MISS
2026-09-16T15:34:09+00:00,WEATHER,KXHIGHTSFO-26SEP15-B71.5,San Francisco 71° to 72°,yes,407.37,NO,MISS
2026-09-16T15:34:09+00:00,WEATHER,KXHIGHTSFO-26SEP15-B71.5,San Francisco 71° to 72°,no,1466.49,NO,HIT
2026-09-16T15:34:09+00:00,WEATHER,KXHIGHTSFO-26SEP15-B69.5,San Francisco 69° to 70°,no,264.54,NO,HIT
2026-09-16T15:34:09+00:00,WEATHER,KXHIGHTSFO-26SEP15-B69.5,San Francisco 69° to 70°,no,1437.99,NO,HIT
2026-09-16T15:34:09+00:00,WEATHER,KXHIGHTPHX-26SEP15-B99.5,Phoenix 99° to 100°,no,768.16,NO,HIT
2026-09-16T15:34:09+00:00,WEATHER,KXHIGHTSEA-26SEP15-T65,Seattle 64° or below,no,313.17,NO,HIT
2026-09-16T15:34:09+00:00,WEATHER,KXHIGHTLV-26SEP15-B98.5,Las Vegas 98° to 99°,yes,700.89,YES,HIT
2026-09-16T15:34:09+00:00,WEATHER,KXHIGHTLV-26SEP15-B98.5,Las Vegas 98° to 99°,no,376.72,YES,MISS
2026-09-16T15:34:09+00:00,WEATHER,KXHIGHTLV-26SEP15-B98.5,Las Vegas 98° to 99°,yes,1787.85,YES,HIT
2026-09-16T15:34:09+00:00,WEATHER,KXHIGHTLV-26SEP15-B98.5,Las Vegas 98° to 99°,yes,1245.43,YES,HIT
2026-09-16T15:34:09+00:00,WEATHER,KXHIGHTLV-26SEP15-B96.5,Las Vegas 96° to 97°,yes,332.16,NO,MISS
2026-09-16T15:34:09+00:00,WEATHER,KXHIGHTLV-26SEP15-B96.5,Las Vegas 96° to 97°,no,1994.0,NO,HIT
2026-09-16T15:34:09+00:00,WEATHER,KXHIGHTSFO-26SEP15-B75.5,San Francisco 75° to 76°,no,389.89,NO,HIT
2026-09-16T15:34:09+00:00,WEATHER,KXHIGHTPHX-26SEP15-B103.5,Phoenix 103° to 104°,no,315.53,NO,HIT
2026-09-16T15:34:09+00:00,WEATHER,KXHIGHTPHX-26SEP15-B103.5,Phoenix 103° to 104°,no,682.01,NO,HIT
2026-09-16T15:34:09+00:00,WEATHER,KXHIGHTPHX-26SEP15-B103.5,Phoenix 103° to 104°,no,682.01,NO,HIT
2026-09-16T15:34:09+00:00,WEATHER,KXHIGHTPHX-26SEP15-B101.5,Phoenix 101° to 102°,yes,599.79,YES,HIT
2026-09-16T15:34:09+00:00,WEATHER,KXHIGHTPHX-26SEP15-B101.5,Phoenix 101° to 102°,yes,258.83,YES,HIT
2026-09-16T15:34:09+00:00,WEATHER,KXHIGHTPHX-26SEP15-B101.5,Phoenix 101° to 102°,yes,930.1,YES,HIT
2026-09-16T15:34:09+00:00,WEATHER,KXHIGHTPHX-26SEP15-B101.5,Phoenix 101° to 102°,yes,930.1,YES,HIT
2026-09-16T15:34:09+00:00,WEATHER,KXHIGHTSEA-26SEP15-B67.5,Seattle 67° to 68°,yes,1389.29,YES,HIT
2026-09-16T15:34:09+00:00,WEATHER,KXHIGHTSEA-26SEP15-B67.5,Seattle 67° to 68°,yes,1389.29,YES,HIT
2026-09-16T17:34:06+00:00,TENNIS,KXWTAMATCH-26SEP14BLILEE-BLI,Anna Blinkova,yes,4186.87,YES,HIT
2026-09-16T17:34:06+00:00,TENNIS,KXWTAMATCH-26SEP14BLILEE-BLI,Anna Blinkova,yes,1229.58,YES,HIT
2026-09-16T17:34:06+00:00,TENNIS,KXWTAMATCH-26SEP14BLILEE-BLI,Anna Blinkova,yes,5843.76,YES,HIT
2026-09-16T17:34:06+00:00,TENNIS,KXWTAMATCH-26SEP14BLILEE-BLI,Anna Blinkova,yes,5874.16,YES,HIT
2026-09-16T17:34:06+00:00,TENNIS,KXWTAMATCH-26SEP14BLILEE-BLI,Anna Blinkova,yes,2600.0,YES,HIT
2026-09-16T17:34:06+00:00,TENNIS,KXWTAMATCH-26SEP14BLILEE-BLI,Anna Blinkova,yes,1252.06,YES,HIT
2026-09-16T17:34:06+00:00,TENNIS,KXWTAMATCH-26SEP14BLILEE-BLI,Anna Blinkova,yes,2427.72,YES,HIT
2026-09-16T17:34:06+00:00,TENNIS,KXWTAMATCH-26SEP14BLILEE-BLI,Anna Blinkova,yes,1096.81,YES,HIT
2026-09-16T17:34:06+00:00,TENNIS,KXWTAMATCH-26SEP14BLILEE-BLI,Anna Blinkova,yes,1028.44,YES,HIT
2026-09-16T17:34:06+00:00,TENNIS,KXWTAMATCH-26SEP14BLILEE-BLI,Anna Blinkova,yes,1925.56,YES,HIT
2026-09-16T17:34:06+00:00,TENNIS,KXWTAMATCH-26SEP14BLILEE-BLI,Anna Blinkova,yes,4526.6,YES,HIT
2026-09-16T17:34:06+00:00,TENNIS,KXWTAMATCH-26SEP14BLILEE-BLI,Anna Blinkova,yes,1357.75,YES,HIT
2026-09-16T17:34:06+00:00,TENNIS,KXWTAMATCH-26SEP14BLILEE-BLI,Anna Blinkova,yes,1059.24,YES,HIT
2026-09-16T17:34:06+00:00,TENNIS,KXWTAMATCH-26SEP14BLILEE-BLI,Anna Blinkova,yes,46043.02,YES,HIT
2026-09-16T17:34:06+00:00,TENNIS,KXWTAMATCH-26SEP14BOUSAL-BOU,Jessica Bouzas Maneiro,yes,1485.09,NO,MISS
2026-09-16T17:34:06+00:00,TENNIS,KXWTAMATCH-26SEP14BOUSAL-BOU,Jessica Bouzas Maneiro,yes,1384.24,NO,MISS
2026-09-16T17:34:06+00:00,TENNIS,KXWTAMATCH-26SEP14BOUSAL-BOU,Jessica Bouzas Maneiro,yes,1340.64,NO,MISS
2026-09-16T17:34:06+00:00,TENNIS,KXWTAMATCH-26SEP14BOUSAL-BOU,Jessica Bouzas Maneiro,yes,1154.47,NO,MISS
2026-09-16T17:34:06+00:00,TENNIS,KXWTAMATCH-26SEP14BOUSAL-BOU,Jessica Bouzas Maneiro,yes,1368.76,NO,MISS
2026-09-16T17:34:06+00:00,TENNIS,KXWTAMATCH-26SEP14BOUSAL-BOU,Jessica Bouzas Maneiro,yes,4895.2,NO,MISS
2026-09-16T17:34:06+00:00,TENNIS,KXWTAMATCH-26SEP14BOUSAL-BOU,Jessica Bouzas Maneiro,yes,2880.62,NO,MISS
2026-09-16T17:34:06+00:00,TENNIS,KXWTAMATCH-26SEP14BOUSAL-BOU,Jessica Bouzas Maneiro,yes,19250.0,NO,MISS
2026-09-16T17:34:06+00:00,TENNIS,KXWTAMATCH-26SEP14BOUSAL-BOU,Jessica Bouzas Maneiro,yes,1951.95,NO,MISS
2026-09-16T17:34:06+00:00,TENNIS,KXWTAMATCH-26SEP14BOUSAL-BOU,Jessica Bouzas Maneiro,yes,5022.86,NO,MISS
2026-09-16T17:34:06+00:00,TENNIS,KXWTAMATCH-26SEP14BOUSAL-BOU,Jessica Bouzas Maneiro,no,4955.82,NO,HIT
2026-09-16T17:34:06+00:00,TENNIS,KXWTAMATCH-26SEP14BOUSAL-BOU,Jessica Bouzas Maneiro,yes,1739.25,NO,MISS
2026-09-16T17:34:06+00:00,TENNIS,KXWTAMATCH-26SEP14BOUSAL-BOU,Jessica Bouzas Maneiro,yes,1754.2,NO,MISS
2026-09-16T17:34:06+00:00,TENNIS,KXWTAMATCH-26SEP14BOUSAL-BOU,Jessica Bouzas Maneiro,yes,1374.43,NO,MISS
2026-09-16T17:34:06+00:00,TENNIS,KXWTAMATCH-26SEP14BOUSAL-BOU,Jessica Bouzas Maneiro,yes,1262.01,NO,MISS
2026-09-16T17:34:06+00:00,TENNIS,KXWTAMATCH-26SEP14BOUSAL-SAL,Dominika Salkova,no,1311.76,YES,MISS
2026-09-16T17:34:06+00:00,TENNIS,KXWTAMATCH-26SEP14BOUSAL-SAL,Dominika Salkova,yes,1594.8,YES,HIT
2026-09-16T17:34:06+00:00,TENNIS,KXWTAMATCH-26SEP14BLILEE-LEE,Carol Young Suh Lee,yes,1932.37,NO,MISS
2026-09-16T17:34:06+00:00,TENNIS,KXWTAMATCH-26SEP14BLILEE-LEE,Carol Young Suh Lee,yes,4670.64,NO,MISS
2026-09-16T17:34:06+00:00,TENNIS,KXWTAMATCH-26SEP14BLILEE-LEE,Carol Young Suh Lee,yes,3979.91,NO,MISS
2026-09-16T17:34:06+00:00,TENNIS,KXWTAMATCH-26SEP14BLILEE-LEE,Carol Young Suh Lee,yes,4934.97,NO,MISS
2026-09-16T17:34:06+00:00,TENNIS,KXWTAMATCH-26SEP14LAMALV-LAM,Suzan Lamens,yes,1772.74,YES,HIT
2026-09-16T17:34:06+00:00,TENNIS,KXWTAMATCH-26SEP14LAMALV-LAM,Suzan Lamens,yes,173685.93,YES,HIT
2026-09-16T17:34:06+00:00,TENNIS,KXWTAMATCH-26SEP14LAMALV-LAM,Suzan Lamens,no,2860.36,YES,MISS
2026-09-16T17:34:06+00:00,TENNIS,KXWTAMATCH-26SEP14LAMALV-LAM,Suzan Lamens,no,4732.57,YES,MISS
2026-09-16T17:34:06+00:00,TENNIS,KXWTAMATCH-26SEP14LAMALV-LAM,Suzan Lamens,no,2227.53,YES,MISS
2026-09-16T17:34:06+00:00,TENNIS,KXWTAMATCH-26SEP14LAMALV-LAM,Suzan Lamens,no,1389.4,YES,MISS
2026-09-16T17:34:06+00:00,TENNIS,KXWTAMATCH-26SEP14LAMALV-LAM,Suzan Lamens,no,73677.5,YES,MISS
2026-09-16T17:34:06+00:00,TENNIS,KXWTAMATCH-26SEP14LAMALV-ALV,Carolina Alves,yes,233179.53,NO,MISS
2026-09-16T17:34:06+00:00,TENNIS,KXWTAMATCH-26SEP14LAMALV-ALV,Carolina Alves,no,1008.0,NO,HIT
2026-09-16T17:34:06+00:00,TENNIS,KXWTAMATCH-26SEP14LAMALV-ALV,Carolina Alves,no,2642.73,NO,HIT
2026-09-16T17:34:06+00:00,TENNIS,KXWTAMATCH-26SEP14LAMALV-ALV,Carolina Alves,no,4980.57,NO,HIT
2026-09-16T17:34:06+00:00,TENNIS,KXWTAMATCH-26SEP14LAMALV-ALV,Carolina Alves,no,59148.08,NO,HIT
2026-09-16T19:34:09+00:00,TENNIS,KXWTAMATCH-26SEP14YOUCHA-CHA,Alina Charaeva,yes,2813.77,YES,HIT
2026-09-16T19:34:09+00:00,TENNIS,KXWTAMATCH-26SEP14YOUCHA-CHA,Alina Charaeva,yes,2099.84,YES,HIT
2026-09-16T19:34:09+00:00,TENNIS,KXWTAMATCH-26SEP14YOUCHA-CHA,Alina Charaeva,yes,2585.43,YES,HIT
2026-09-16T19:34:09+00:00,TENNIS,KXWTAMATCH-26SEP14YOUCHA-CHA,Alina Charaeva,yes,3053.25,YES,HIT
2026-09-16T19:34:09+00:00,TENNIS,KXWTAMATCH-26SEP14YOUCHA-CHA,Alina Charaeva,yes,183349.42,YES,HIT
2026-09-16T19:34:09+00:00,TENNIS,KXWTAMATCH-26SEP14YOUCHA-CHA,Alina Charaeva,no,1903.67,YES,MISS
2026-09-16T19:34:09+00:00,TENNIS,KXWTAMATCH-26SEP14YOUCHA-CHA,Alina Charaeva,no,1288.33,YES,MISS
2026-09-16T19:34:09+00:00,TENNIS,KXWTAMATCH-26SEP14YOUCHA-CHA,Alina Charaeva,no,2397.64,YES,MISS
2026-09-16T19:34:09+00:00,TENNIS,KXWTAMATCH-26SEP14YOUCHA-CHA,Alina Charaeva,no,18364.93,YES,MISS
2026-09-16T19:34:09+00:00,TENNIS,KXWTAMATCH-26SEP14YOUCHA-CHA,Alina Charaeva,no,51985.96,YES,MISS
2026-09-16T19:34:09+00:00,TENNIS,KXWTAMATCH-26SEP14YOUCHA-CHA,Alina Charaeva,yes,3017.1,YES,HIT
2026-09-16T19:34:09+00:00,TENNIS,KXWTAMATCH-26SEP14YOUCHA-CHA,Alina Charaeva,no,15341.87,YES,MISS
2026-09-16T19:34:09+00:00,TENNIS,KXWTAMATCH-26SEP14YOUCHA-CHA,Alina Charaeva,yes,10500.62,YES,HIT
2026-09-16T19:34:09+00:00,TENNIS,KXWTAMATCH-26SEP14YOUCHA-CHA,Alina Charaeva,yes,2013.79,YES,HIT
2026-09-16T19:34:09+00:00,TENNIS,KXWTAMATCH-26SEP14YOUCHA-CHA,Alina Charaeva,no,13866.89,YES,MISS
2026-09-16T19:34:09+00:00,TENNIS,KXWTAMATCH-26SEP14YOUCHA-CHA,Alina Charaeva,no,2239.37,YES,MISS
2026-09-16T19:34:09+00:00,TENNIS,KXWTAMATCH-26SEP14YOUCHA-CHA,Alina Charaeva,no,1329.81,YES,MISS
2026-09-16T19:34:09+00:00,TENNIS,KXWTAMATCH-26SEP14YOUCHA-CHA,Alina Charaeva,no,1181.96,YES,MISS
2026-09-16T19:34:09+00:00,TENNIS,KXWTAMATCH-26SEP14YOUCHA-CHA,Alina Charaeva,no,2426.26,YES,MISS
2026-09-16T19:34:09+00:00,TENNIS,KXWTAMATCH-26SEP14YOUCHA-CHA,Alina Charaeva,yes,373634.01,YES,HIT
2026-09-16T19:34:09+00:00,TENNIS,KXWTAMATCH-26SEP14YOUCHA-CHA,Alina Charaeva,yes,2152.11,YES,HIT
2026-09-16T19:34:09+00:00,TENNIS,KXWTAMATCH-26SEP14YOUCHA-CHA,Alina Charaeva,yes,1264.03,YES,HIT
2026-09-16T19:34:09+00:00,TENNIS,KXWTAMATCH-26SEP14YOUCHA-CHA,Alina Charaeva,yes,347812.54,YES,HIT
2026-09-16T19:34:09+00:00,TENNIS,KXWTAMATCH-26SEP14YOUCHA-CHA,Alina Charaeva,yes,9090.55,YES,HIT
2026-09-16T19:34:09+00:00,TENNIS,KXWTAMATCH-26SEP14YOUCHA-CHA,Alina Charaeva,yes,1147.85,YES,HIT
2026-09-16T19:34:09+00:00,TENNIS,KXWTAMATCH-26SEP14YOUCHA-CHA,Alina Charaeva,yes,2020.69,YES,HIT
2026-09-16T19:34:09+00:00,TENNIS,KXWTAMATCH-26SEP14YOUCHA-CHA,Alina Charaeva,no,2486.15,YES,MISS
2026-09-16T19:34:09+00:00,TENNIS,KXWTAMATCH-26SEP14YOUCHA-CHA,Alina Charaeva,no,1594.11,YES,MISS
2026-09-16T19:34:09+00:00,TENNIS,KXWTAMATCH-26SEP14YOUCHA-CHA,Alina Charaeva,yes,336568.39,YES,HIT
2026-09-16T19:34:09+00:00,TENNIS,KXWTAMATCH-26SEP14YOUCHA-CHA,Alina Charaeva,yes,1266.3,YES,HIT
2026-09-16T19:34:09+00:00,TENNIS,KXWTAMATCH-26SEP14YOUCHA-CHA,Alina Charaeva,no,17262.62,YES,MISS
2026-09-16T19:34:09+00:00,TENNIS,KXWTAMATCH-26SEP14YOUCHA-CHA,Alina Charaeva,no,2208.56,YES,MISS
2026-09-16T19:34:09+00:00,TENNIS,KXWTAMATCH-26SEP14YOUCHA-CHA,Alina Charaeva,yes,336459.39,YES,HIT
2026-09-16T19:34:09+00:00,TENNIS,KXWTAMATCH-26SEP14YOUCHA-CHA,Alina Charaeva,yes,1266.3,YES,HIT
2026-09-16T19:34:09+00:00,TENNIS,KXWTAMATCH-26SEP14YOUCHA-CHA,Alina Charaeva,no,17262.62,YES,MISS
2026-09-16T19:34:09+00:00,TENNIS,KXWTAMATCH-26SEP14YOUCHA-CHA,Alina Charaeva,no,2208.56,YES,MISS
2026-09-16T19:34:09+00:00,TENNIS,KXWTAMATCH-26SEP14YOUCHA-CHA,Alina Charaeva,yes,333409.26,YES,HIT
2026-09-16T19:34:09+00:00,TENNIS,KXWTAMATCH-26SEP14YOUCHA-CHA,Alina Charaeva,no,16346.03,YES,MISS
2026-09-16T19:34:09+00:00,TENNIS,KXWTAMATCH-26SEP14YOUCHA-CHA,Alina Charaeva,no,2096.09,YES,MISS
2026-09-16T19:34:09+00:00,TENNIS,KXWTAMATCH-26SEP14YOUCHA-CHA,Alina Charaeva,no,1184.04,YES,MISS
2026-09-16T19:34:09+00:00,TENNIS,KXWTAMATCH-26SEP14YOUCHA-CHA,Alina Charaeva,yes,320841.77,YES,HIT
2026-09-16T19:34:09+00:00,TENNIS,KXWTAMATCH-26SEP14YOUCHA-CHA,Alina Charaeva,yes,1384.08,YES,HIT
2026-09-16T19:34:09+00:00,TENNIS,KXWTAMATCH-26SEP14YOUCHA-CHA,Alina Charaeva,yes,4679.01,YES,HIT
2026-09-16T19:34:09+00:00,TENNIS,KXWTAMATCH-26SEP14YOUCHA-CHA,Alina Charaeva,no,12398.47,YES,MISS
2026-09-16T19:34:09+00:00,TENNIS,KXWTAMATCH-26SEP14YOUCHA-CHA,Alina Charaeva,no,4145.44,YES,MISS
2026-09-16T19:34:09+00:00,TENNIS,KXWTAMATCH-26SEP14YOUCHA-CHA,Alina Charaeva,no,1213.86,YES,MISS
2026-09-16T19:34:09+00:00,TENNIS,KXWTAMATCH-26SEP14YOUCHA-CHA,Alina Charaeva,no,4005.43,YES,MISS
2026-09-16T19:34:09+00:00,TENNIS,KXWTAMATCH-26SEP14YOUCHA-CHA,Alina Charaeva,no,3745.22,YES,MISS
2026-09-16T19:34:09+00:00,TENNIS,KXWTAMATCH-26SEP14YOUCHA-CHA,Alina Charaeva,yes,318665.35,YES,HIT
2026-09-16T19:34:09+00:00,TENNIS,KXWTAMATCH-26SEP14YOUCHA-CHA,Alina Charaeva,no,9666.98,YES,MISS
2026-09-16T19:34:09+00:00,TENNIS,KXWTAMATCH-26SEP14YOUCHA-CHA,Alina Charaeva,no,1409.46,YES,MISS
2026-09-16T19:34:09+00:00,TENNIS,KXWTAMATCH-26SEP14YOUCHA-CHA,Alina Charaeva,yes,316865.08,YES,HIT
2026-09-16T19:34:09+00:00,TENNIS,KXWTAMATCH-26SEP14YOUCHA-CHA,Alina Charaeva,yes,5819.94,YES,HIT
2026-09-16T19:34:09+00:00,TENNIS,KXWTAMATCH-26SEP14YOUCHA-CHA,Alina Charaeva,no,1875.26,YES,MISS
2026-09-16T19:34:09+00:00,TENNIS,KXWTAMATCH-26SEP14YOUCHA-CHA,Alina Charaeva,no,10321.07,YES,MISS
2026-09-16T19:34:09+00:00,TENNIS,KXWTAMATCH-26SEP14YOUCHA-CHA,Alina Charaeva,yes,315820.92,YES,HIT
2026-09-16T19:34:09+00:00,TENNIS,KXWTAMATCH-26SEP14YOUCHA-CHA,Alina Charaeva,yes,314016.24,YES,HIT
2026-09-16T19:34:09+00:00,TENNIS,KXWTAMATCH-26SEP14YOUCHA-CHA,Alina Charaeva,yes,313905.84,YES,HIT
2026-09-16T19:34:09+00:00,TENNIS,KXWTAMATCH-26SEP14YOUCHA-CHA,Alina Charaeva,yes,313432.65,YES,HIT
2026-09-16T19:34:09+00:00,TENNIS,KXWTAMATCH-26SEP14YOUCHA-CHA,Alina Charaeva,yes,307423.83,YES,HIT
2026-09-16T19:34:09+00:00,TENNIS,KXWTAMATCH-26SEP14YOUCHA-CHA,Alina Charaeva,no,214515.52,YES,MISS
2026-09-16T19:34:09+00:00,TENNIS,KXWTAMATCH-26SEP14YOUCHA-CHA,Alina Charaeva,yes,187535.28,YES,HIT
2026-09-16T19:34:09+00:00,TENNIS,KXWTAMATCH-26SEP14YOUCHA-CHA,Alina Charaeva,yes,220455.95,YES,HIT
2026-09-16T19:34:09+00:00,TENNIS,KXWTAMATCH-26SEP14YOUCHA-CHA,Alina Charaeva,no,163721.08,YES,MISS
2026-09-16T19:34:09+00:00,TENNIS,KXWTAMATCH-26SEP14YOUCHA-CHA,Alina Charaeva,no,3519.01,YES,MISS
2026-09-16T19:34:09+00:00,TENNIS,KXWTAMATCH-26SEP14YOUCHA-CHA,Alina Charaeva,no,6888.98,YES,MISS
2026-09-16T19:34:09+00:00,TENNIS,KXWTAMATCH-26SEP14YOUCHA-CHA,Alina Charaeva,yes,170215.14,YES,HIT
2026-09-16T19:34:09+00:00,TENNIS,KXWTAMATCH-26SEP14YOUCHA-CHA,Alina Charaeva,no,145906.92,YES,MISS
2026-09-16T19:34:09+00:00,TENNIS,KXWTAMATCH-26SEP14STOLIU-LIU,Claire Liu,yes,3002.16,NO,MISS
2026-09-16T19:34:09+00:00,TENNIS,KXWTAMATCH-26SEP14STOLIU-LIU,Claire Liu,yes,2194.32,NO,MISS
2026-09-16T19:34:09+00:00,TENNIS,KXWTAMATCH-26SEP14STOLIU-LIU,Claire Liu,yes,1523.56,NO,MISS
2026-09-16T19:34:09+00:00,TENNIS,KXWTAMATCH-26SEP14STOLIU-LIU,Claire Liu,yes,1881.87,NO,MISS
2026-09-16T19:34:09+00:00,TENNIS,KXWTAMATCH-26SEP14STOLIU-LIU,Claire Liu,yes,4664.28,NO,MISS
2026-09-16T19:34:09+00:00,TENNIS,KXWTAMATCH-26SEP14STOLIU-LIU,Claire Liu,yes,1261.66,NO,MISS
2026-09-16T19:34:09+00:00,TENNIS,KXWTAMATCH-26SEP14STOLIU-LIU,Claire Liu,yes,2442.5,NO,MISS
2026-09-16T19:34:09+00:00,TENNIS,KXWTAMATCH-26SEP14STOLIU-LIU,Claire Liu,yes,2660.46,NO,MISS
2026-09-16T19:34:09+00:00,TENNIS,KXWTAMATCH-26SEP14STOLIU-LIU,Claire Liu,yes,1642.37,NO,MISS
2026-09-16T19:34:09+00:00,TENNIS,KXWTAMATCH-26SEP14STOLIU-LIU,Claire Liu,yes,1252.32,NO,MISS
2026-09-16T19:34:09+00:00,TENNIS,KXWTAMATCH-26SEP14STOLIU-LIU,Claire Liu,yes,1381.38,NO,MISS
2026-09-16T19:34:09+00:00,TENNIS,KXWTAMATCH-26SEP14STOLIU-LIU,Claire Liu,yes,2790.26,NO,MISS
2026-09-16T19:34:09+00:00,TENNIS,KXWTAMATCH-26SEP14STOLIU-LIU,Claire Liu,yes,1074.3,NO,MISS
2026-09-16T19:34:09+00:00,TENNIS,KXWTAMATCH-26SEP14STOLIU-LIU,Claire Liu,yes,363511.14,NO,MISS
2026-09-16T19:34:09+00:00,TENNIS,KXWTAMATCH-26SEP14STOLIU-LIU,Claire Liu,no,340169.76,NO,HIT
2026-09-16T19:34:09+00:00,TENNIS,KXWTAMATCH-26SEP14STOLIU-LIU,Claire Liu,yes,278016.08,NO,MISS
2026-09-16T19:34:09+00:00,TENNIS,KXWTAMATCH-26SEP14STOLIU-LIU,Claire Liu,no,353423.56,NO,HIT
2026-09-16T19:34:09+00:00,TENNIS,KXWTAMATCH-26SEP14YOUCHA-YOU,Xiaodi You,no,4504.0,NO,HIT
2026-09-16T19:34:09+00:00,TENNIS,KXWTAMATCH-26SEP14YOUCHA-YOU,Xiaodi You,no,2978.02,NO,HIT
2026-09-16T19:34:09+00:00,TENNIS,KXWTAMATCH-26SEP14YOUCHA-YOU,Xiaodi You,no,3911.05,NO,HIT
2026-09-16T19:34:09+00:00,TENNIS,KXWTAMATCH-26SEP14YOUCHA-YOU,Xiaodi You,no,1206.5,NO,HIT
2026-09-16T19:34:09+00:00,TENNIS,KXWTAMATCH-26SEP14YOUCHA-YOU,Xiaodi You,no,1913.11,NO,HIT
2026-09-16T19:34:09+00:00,TENNIS,KXWTAMATCH-26SEP14YOUCHA-YOU,Xiaodi You,no,1095.81,NO,HIT
2026-09-16T19:34:09+00:00,TENNIS,KXWTAMATCH-26SEP14YOUCHA-YOU,Xiaodi You,no,2413.12,NO,HIT
2026-09-16T19:34:09+00:00,TENNIS,KXWTAMATCH-26SEP14YOUCHA-YOU,Xiaodi You,no,5322.28,NO,HIT
2026-09-16T19:34:09+00:00,TENNIS,KXWTAMATCH-26SEP14YOUCHA-YOU,Xiaodi You,no,2175.72,NO,HIT
2026-09-16T19:34:09+00:00,TENNIS,KXWTAMATCH-26SEP14YOUCHA-YOU,Xiaodi You,no,1463.95,NO,HIT
2026-09-16T19:34:09+00:00,TENNIS,KXWTAMATCH-26SEP14YOUCHA-YOU,Xiaodi You,no,7735.73,NO,HIT
2026-09-16T19:34:09+00:00,TENNIS,KXWTAMATCH-26SEP14YOUCHA-YOU,Xiaodi You,yes,1808.81,NO,MISS
2026-09-16T19:34:09+00:00,TENNIS,KXWTAMATCH-26SEP14YOUCHA-YOU,Xiaodi You,yes,116627.8,NO,MISS
2026-09-16T19:34:09+00:00,TENNIS,KXWTAMATCH-26SEP14YOUCHA-YOU,Xiaodi You,no,13965.04,NO,HIT
2026-09-16T19:34:09+00:00,TENNIS,KXWTAMATCH-26SEP14YOUCHA-YOU,Xiaodi You,no,1702.14,NO,HIT
2026-09-16T19:34:09+00:00,TENNIS,KXWTAMATCH-26SEP14YOUCHA-YOU,Xiaodi You,yes,2298.78,NO,MISS
2026-09-16T19:34:09+00:00,TENNIS,KXWTAMATCH-26SEP14YOUCHA-YOU,Xiaodi You,yes,1205.68,NO,MISS
2026-09-16T19:34:09+00:00,TENNIS,KXWTAMATCH-26SEP14YOUCHA-YOU,Xiaodi You,no,6601.91,NO,HIT
2026-09-16T19:34:09+00:00,TENNIS,KXWTAMATCH-26SEP14YOUCHA-YOU,Xiaodi You,no,3359.54,NO,HIT
2026-09-16T19:34:09+00:00,TENNIS,KXWTAMATCH-26SEP14YOUCHA-YOU,Xiaodi You,no,3911.33,NO,HIT
2026-09-16T19:34:09+00:00,TENNIS,KXWTAMATCH-26SEP14YOUCHA-YOU,Xiaodi You,no,3217.41,NO,HIT
2026-09-16T19:34:09+00:00,TENNIS,KXWTAMATCH-26SEP14YOUCHA-YOU,Xiaodi You,no,5493.44,NO,HIT
2026-09-16T19:34:09+00:00,TENNIS,KXWTAMATCH-26SEP14YOUCHA-YOU,Xiaodi You,no,2340.74,NO,HIT
2026-09-16T19:34:09+00:00,TENNIS,KXWTAMATCH-26SEP14YOUCHA-YOU,Xiaodi You,no,2165.85,NO,HIT
2026-09-16T19:34:09+00:00,TENNIS,KXWTAMATCH-26SEP14YOUCHA-YOU,Xiaodi You,no,1739.61,NO,HIT
2026-09-16T19:34:09+00:00,TENNIS,KXWTAMATCH-26SEP14YOUCHA-YOU,Xiaodi You,no,1279.89,NO,HIT
2026-09-16T19:34:09+00:00,TENNIS,KXWTAMATCH-26SEP14YOUCHA-YOU,Xiaodi You,no,1833.01,NO,HIT
2026-09-16T19:34:09+00:00,TENNIS,KXWTAMATCH-26SEP14YOUCHA-YOU,Xiaodi You,no,1103.63,NO,HIT
2026-09-16T19:34:09+00:00,TENNIS,KXWTAMATCH-26SEP14YOUCHA-YOU,Xiaodi You,no,2820.9,NO,HIT
2026-09-16T19:34:09+00:00,TENNIS,KXWTAMATCH-26SEP14YOUCHA-YOU,Xiaodi You,no,1604.03,NO,HIT
2026-09-16T19:34:09+00:00,TENNIS,KXWTAMATCH-26SEP14YOUCHA-YOU,Xiaodi You,no,2554.15,NO,HIT
2026-09-16T19:34:09+00:00,TENNIS,KXWTAMATCH-26SEP14YOUCHA-YOU,Xiaodi You,yes,1394.3,NO,MISS
2026-09-16T19:34:09+00:00,TENNIS,KXWTAMATCH-26SEP14YOUCHA-YOU,Xiaodi You,yes,1023.8,NO,MISS
2026-09-16T19:34:09+00:00,TENNIS,KXWTAMATCH-26SEP14YOUCHA-YOU,Xiaodi You,no,1266.62,NO,HIT
2026-09-16T19:34:09+00:00,TENNIS,KXWTAMATCH-26SEP14YOUCHA-YOU,Xiaodi You,no,1231.65,NO,HIT
2026-09-16T19:34:09+00:00,TENNIS,KXWTAMATCH-26SEP14YOUCHA-YOU,Xiaodi You,no,1887.54,NO,HIT
2026-09-16T19:34:09+00:00,TENNIS,KXWTAMATCH-26SEP14YOUCHA-YOU,Xiaodi You,no,2022.56,NO,HIT
2026-09-16T19:34:09+00:00,TENNIS,KXWTAMATCH-26SEP14YOUCHA-YOU,Xiaodi You,no,1213.12,NO,HIT
2026-09-16T19:34:09+00:00,TENNIS,KXWTAMATCH-26SEP14YOUCHA-YOU,Xiaodi You,yes,1023.8,NO,MISS
2026-09-16T19:34:09+00:00,TENNIS,KXWTAMATCH-26SEP14YOUCHA-YOU,Xiaodi You,no,1266.62,NO,HIT
2026-09-16T19:34:09+00:00,TENNIS,KXWTAMATCH-26SEP14YOUCHA-YOU,Xiaodi You,no,1231.65,NO,HIT
2026-09-16T19:34:09+00:00,TENNIS,KXWTAMATCH-26SEP14YOUCHA-YOU,Xiaodi You,no,1887.54,NO,HIT
2026-09-16T19:34:09+00:00,TENNIS,KXWTAMATCH-26SEP14YOUCHA-YOU,Xiaodi You,no,2022.56,NO,HIT
2026-09-16T19:34:09+00:00,TENNIS,KXWTAMATCH-26SEP14YOUCHA-YOU,Xiaodi You,no,1213.12,NO,HIT
2026-09-16T19:34:09+00:00,TENNIS,KXWTAMATCH-26SEP14YOUCHA-YOU,Xiaodi You,no,1081.96,NO,HIT
2026-09-16T19:34:09+00:00,TENNIS,KXWTAMATCH-26SEP14YOUCHA-YOU,Xiaodi You,no,1235.2,NO,HIT
2026-09-16T19:34:09+00:00,TENNIS,KXWTAMATCH-26SEP14YOUCHA-YOU,Xiaodi You,no,4352.6,NO,HIT
2026-09-16T19:34:09+00:00,TENNIS,KXWTAMATCH-26SEP14YOUCHA-YOU,Xiaodi You,no,1254.47,NO,HIT
2026-09-16T19:34:09+00:00,TENNIS,KXWTAMATCH-26SEP14YOUCHA-YOU,Xiaodi You,yes,2357.17,NO,MISS
2026-09-16T19:34:09+00:00,TENNIS,KXWTAMATCH-26SEP14YOUCHA-YOU,Xiaodi You,yes,1241.35,NO,MISS
2026-09-16T19:34:09+00:00,TENNIS,KXWTAMATCH-26SEP14YOUCHA-YOU,Xiaodi You,yes,249415.72,NO,MISS
2026-09-16T19:34:09+00:00,TENNIS,KXWTAMATCH-26SEP14YOUCHA-YOU,Xiaodi You,yes,1921.98,NO,MISS
2026-09-16T19:34:09+00:00,TENNIS,KXWTAMATCH-26SEP14YOUCHA-YOU,Xiaodi You,yes,93094.96,NO,MISS
2026-09-16T19:34:09+00:00,TENNIS,KXWTAMATCH-26SEP14YOUCHA-YOU,Xiaodi You,no,1782.34,NO,HIT
2026-09-16T19:34:09+00:00,TENNIS,KXWTAMATCH-26SEP14YOUCHA-YOU,Xiaodi You,no,32976.5,NO,HIT
2026-09-16T19:34:09+00:00,TENNIS,KXWTAMATCH-26SEP14YOUCHA-YOU,Xiaodi You,yes,221283.04,NO,MISS
2026-09-16T19:34:09+00:00,TENNIS,KXWTAMATCH-26SEP14YOUCHA-YOU,Xiaodi You,no,2139.15,NO,HIT
2026-09-16T19:34:09+00:00,TENNIS,KXWTAMATCH-26SEP14LEMSHA-LEM,Nauhany Vitoria Leme Da Silva,yes,7211.95,YES,HIT
2026-09-16T19:34:09+00:00,TENNIS,KXWTAMATCH-26SEP14LEMSHA-LEM,Nauhany Vitoria Leme Da Silva,yes,86205.81,YES,HIT
2026-09-16T19:34:09+00:00,TENNIS,KXWTAMATCH-26SEP14LEMSHA-LEM,Nauhany Vitoria Leme Da Silva,no,2699.34,YES,MISS
2026-09-16T19:34:09+00:00,TENNIS,KXWTAMATCH-26SEP14LEMSHA-LEM,Nauhany Vitoria Leme Da Silva,no,14798.93,YES,MISS
2026-09-16T19:34:09+00:00,TENNIS,KXWTAMATCH-26SEP14LEMSHA-LEM,Nauhany Vitoria Leme Da Silva,no,13073.83,YES,MISS
2026-09-16T19:34:09+00:00,TENNIS,KXWTAMATCH-26SEP14LEMSHA-LEM,Nauhany Vitoria Leme Da Silva,no,36139.07,YES,MISS
2026-09-16T19:34:09+00:00,TENNIS,KXWTAMATCH-26SEP14LEMSHA-SHA,Astra Sharma,yes,59106.63,NO,MISS
2026-09-16T19:34:09+00:00,TENNIS,KXWTAMATCH-26SEP14LEMSHA-SHA,Astra Sharma,yes,10620.29,NO,MISS
2026-09-16T19:34:09+00:00,TENNIS,KXWTAMATCH-26SEP14LEMSHA-SHA,Astra Sharma,no,3607.78,NO,HIT
2026-09-16T19:34:09+00:00,TENNIS,KXWTAMATCH-26SEP14LEMSHA-SHA,Astra Sharma,no,31303.73,NO,HIT
2026-09-16T19:34:09+00:00,TENNIS,KXWTAMATCH-26SEP14LEMSHA-SHA,Astra Sharma,no,5898.37,NO,HIT
2026-09-16T19:34:09+00:00,TENNIS,KXWTAMATCH-26SEP14LEMSHA-SHA,Astra Sharma,no,6510.5,NO,HIT
2026-09-16T19:34:09+00:00,TENNIS,KXWTAMATCH-26SEP14LEMSHA-SHA,Astra Sharma,no,1027.74,NO,HIT
2026-09-16T19:34:09+00:00,TENNIS,KXWTAMATCH-26SEP14STOLIU-STO,Mary Stoiana,yes,1302.12,YES,HIT
2026-09-16T19:34:09+00:00,TENNIS,KXWTAMATCH-26SEP14STOLIU-STO,Mary Stoiana,yes,586294.62,YES,HIT
2026-09-16T19:34:09+00:00,TENNIS,KXWTAMATCH-26SEP14STOLIU-STO,Mary Stoiana,no,18239.03,YES,MISS
2026-09-16T19:34:09+00:00,TENNIS,KXWTAMATCH-26SEP14STOLIU-STO,Mary Stoiana,no,58721.64,YES,MISS
2026-09-16T21:34:09+00:00,TENNIS,KXWTAMATCH-26SEP14ORTPAQ-ORT,Jazmin Ortenzi,yes,1269.0,YES,HIT
2026-09-16T21:34:09+00:00,TENNIS,KXWTAMATCH-26SEP14ORTPAQ-ORT,Jazmin Ortenzi,yes,1545.25,YES,HIT
2026-09-16T21:34:09+00:00,TENNIS,KXWTAMATCH-26SEP14ORTPAQ-ORT,Jazmin Ortenzi,yes,1420.59,YES,HIT
2026-09-16T21:34:09+00:00,TENNIS,KXWTAMATCH-26SEP14ORTPAQ-ORT,Jazmin Ortenzi,no,5384.88,YES,MISS
2026-09-16T21:34:09+00:00,TENNIS,KXWTAMATCH-26SEP14ORTPAQ-ORT,Jazmin Ortenzi,no,2357.35,YES,MISS
2026-09-16T21:34:09+00:00,TENNIS,KXWTAMATCH-26SEP14ORTPAQ-ORT,Jazmin Ortenzi,no,1227.79,YES,MISS
2026-09-16T21:34:09+00:00,TENNIS,KXWTAMATCH-26SEP14ORTPAQ-ORT,Jazmin Ortenzi,yes,212741.41,YES,HIT
2026-09-16T21:34:09+00:00,TENNIS,KXWTAMATCH-26SEP14ORTPAQ-ORT,Jazmin Ortenzi,no,2065.57,YES,MISS
2026-09-16T21:34:09+00:00,TENNIS,KXWTAMATCH-26SEP14ORTPAQ-ORT,Jazmin Ortenzi,no,3183.33,YES,MISS
2026-09-16T21:34:09+00:00,TENNIS,KXWTAMATCH-26SEP14ORTPAQ-ORT,Jazmin Ortenzi,no,1285.54,YES,MISS
2026-09-16T21:34:09+00:00,TENNIS,KXWTAMATCH-26SEP14ORTPAQ-ORT,Jazmin Ortenzi,no,4838.27,YES,MISS
2026-09-16T21:34:09+00:00,TENNIS,KXWTAMATCH-26SEP14ORTPAQ-ORT,Jazmin Ortenzi,no,5168.02,YES,MISS
2026-09-16T21:34:09+00:00,TENNIS,KXWTAMATCH-26SEP14BRASIE-SIE,Solana Sierra,yes,1578.07,YES,HIT
2026-09-16T21:34:09+00:00,TENNIS,KXWTAMATCH-26SEP14BRASIE-SIE,Solana Sierra,yes,1289.04,YES,HIT
2026-09-16T21:34:09+00:00,TENNIS,KXWTAMATCH-26SEP14BRASIE-SIE,Solana Sierra,yes,1464.12,YES,HIT
2026-09-16T21:34:09+00:00,TENNIS,KXWTAMATCH-26SEP14BRASIE-SIE,Solana Sierra,yes,1661.28,YES,HIT
2026-09-16T21:34:09+00:00,TENNIS,KXWTAMATCH-26SEP14BRASIE-SIE,Solana Sierra,yes,12110.98,YES,HIT
2026-09-16T21:34:09+00:00,TENNIS,KXWTAMATCH-26SEP14BRASIE-SIE,Solana Sierra,no,2756.85,YES,MISS
2026-09-16T21:34:09+00:00,TENNIS,KXWTAMATCH-26SEP14BRASIE-SIE,Solana Sierra,yes,36629.87,YES,HIT
2026-09-16T21:34:09+00:00,TENNIS,KXWTAMATCH-26SEP14BRASIE-SIE,Solana Sierra,yes,1913.82,YES,HIT
2026-09-16T21:34:09+00:00,TENNIS,KXWTAMATCH-26SEP14BRASIE-SIE,Solana Sierra,yes,693575.79,YES,HIT
2026-09-16T21:34:09+00:00,TENNIS,KXWTAMATCH-26SEP14BRASIE-SIE,Solana Sierra,no,1311.01,YES,MISS
2026-09-16T21:34:09+00:00,TENNIS,KXWTAMATCH-26SEP14BRASIE-SIE,Solana Sierra,no,1402.8,YES,MISS
2026-09-16T21:34:09+00:00,TENNIS,KXWTAMATCH-26SEP14BRASIE-SIE,Solana Sierra,no,2342.09,YES,MISS
2026-09-16T21:34:09+00:00,TENNIS,KXWTAMATCH-26SEP14BRASIE-SIE,Solana Sierra,no,14140.15,YES,MISS
2026-09-16T21:34:09+00:00,TENNIS,KXWTAMATCH-26SEP14BRASIE-SIE,Solana Sierra,no,3981.63,YES,MISS
2026-09-16T21:34:09+00:00,TENNIS,KXWTAMATCH-26SEP14LYSGAB-LYS,Eva Lys,yes,1694.56,YES,HIT
2026-09-16T21:34:09+00:00,TENNIS,KXWTAMATCH-26SEP14LYSGAB-LYS,Eva Lys,yes,1468.5,YES,HIT
2026-09-16T21:34:09+00:00,TENNIS,KXWTAMATCH-26SEP14LYSGAB-LYS,Eva Lys,yes,1295.01,YES,HIT
2026-09-16T21:34:09+00:00,TENNIS,KXWTAMATCH-26SEP14LYSGAB-LYS,Eva Lys,yes,21403.27,YES,HIT
2026-09-16T21:34:09+00:00,TENNIS,KXWTAMATCH-26SEP14LYSGAB-LYS,Eva Lys,yes,46673.57,YES,HIT
2026-09-16T21:34:09+00:00,TENNIS,KXWTAMATCH-26SEP14LYSGAB-LYS,Eva Lys,yes,46383.64,YES,HIT
2026-09-16T21:34:09+00:00,TENNIS,KXWTAMATCH-26SEP14LYSGAB-LYS,Eva Lys,yes,11901.34,YES,HIT
2026-09-16T21:34:09+00:00,TENNIS,KXWTAMATCH-26SEP14LYSGAB-LYS,Eva Lys,yes,295924.28,YES,HIT
2026-09-16T21:34:09+00:00,TENNIS,KXWTAMATCH-26SEP14LYSGAB-LYS,Eva Lys,no,1568.68,YES,MISS
2026-09-16T21:34:09+00:00,TENNIS,KXWTAMATCH-26SEP14LYSGAB-LYS,Eva Lys,no,3222.43,YES,MISS
2026-09-16T21:34:09+00:00,TENNIS,KXWTAMATCH-26SEP14LYSGAB-LYS,Eva Lys,no,1957.86,YES,MISS
2026-09-16T21:34:09+00:00,TENNIS,KXWTAMATCH-26SEP14LYSGAB-LYS,Eva Lys,no,3552.85,YES,MISS
2026-09-16T21:34:09+00:00,TENNIS,KXWTAMATCH-26SEP14LYSGAB-LYS,Eva Lys,no,1024.72,YES,MISS
2026-09-16T21:34:09+00:00,TENNIS,KXWTAMATCH-26SEP14LYSGAB-LYS,Eva Lys,no,10040.16,YES,MISS
2026-09-16T21:34:09+00:00,TENNIS,KXWTAMATCH-26SEP14LYSGAB-LYS,Eva Lys,yes,1204.94,YES,HIT
2026-09-16T21:34:09+00:00,TENNIS,KXWTAMATCH-26SEP14LYSGAB-LYS,Eva Lys,yes,1691.78,YES,HIT
2026-09-16T21:34:09+00:00,TENNIS,KXWTAMATCH-26SEP14LYSGAB-LYS,Eva Lys,yes,1412.1,YES,HIT
2026-09-16T21:34:09+00:00,TENNIS,KXWTAMATCH-26SEP14LYSGAB-LYS,Eva Lys,yes,1558.8,YES,HIT
2026-09-16T21:34:09+00:00,TENNIS,KXWTAMATCH-26SEP14LYSGAB-LYS,Eva Lys,yes,2487.45,YES,HIT
2026-09-16T21:34:09+00:00,TENNIS,KXWTAMATCH-26SEP14LYSGAB-LYS,Eva Lys,yes,5058.74,YES,HIT
2026-09-16T21:34:09+00:00,TENNIS,KXWTAMATCH-26SEP14LYSGAB-LYS,Eva Lys,yes,3087.12,YES,HIT
2026-09-16T21:34:09+00:00,TENNIS,KXWTAMATCH-26SEP14LYSGAB-LYS,Eva Lys,yes,9082.7,YES,HIT
2026-09-16T21:34:09+00:00,TENNIS,KXWTAMATCH-26SEP14LYSGAB-LYS,Eva Lys,no,1575.6,YES,MISS
2026-09-16T21:34:09+00:00,TENNIS,KXWTAMATCH-26SEP14LYSGAB-LYS,Eva Lys,no,1310.41,YES,MISS
2026-09-16T21:34:09+00:00,TENNIS,KXWTAMATCH-26SEP14LYSGAB-LYS,Eva Lys,yes,2467.36,YES,HIT
2026-09-16T21:34:09+00:00,TENNIS,KXWTAMATCH-26SEP14LYSGAB-LYS,Eva Lys,no,1559.54,YES,MISS
2026-09-16T21:34:09+00:00,TENNIS,KXWTAMATCH-26SEP14LYSGAB-LYS,Eva Lys,no,1559.54,YES,MISS
2026-09-16T21:34:09+00:00,TENNIS,KXWTAMATCH-26SEP14LYSGAB-LYS,Eva Lys,no,1300.0,YES,MISS
2026-09-16T21:34:09+00:00,TENNIS,KXWTAMATCH-26SEP14LYSGAB-LYS,Eva Lys,yes,3184.98,YES,HIT
2026-09-16T21:34:09+00:00,TENNIS,KXWTAMATCH-26SEP14LYSGAB-LYS,Eva Lys,no,1064.27,YES,MISS
2026-09-16T21:34:09+00:00,TENNIS,KXWTAMATCH-26SEP14LYSGAB-LYS,Eva Lys,yes,191494.62,YES,HIT
2026-09-16T21:34:09+00:00,TENNIS,KXWTAMATCH-26SEP14LYSGAB-LYS,Eva Lys,yes,189851.08,YES,HIT
2026-09-16T21:34:09+00:00,TENNIS,KXWTAMATCH-26SEP14LYSGAB-LYS,Eva Lys,no,1403.77,YES,MISS
2026-09-16T21:34:09+00:00,TENNIS,KXWTAMATCH-26SEP14LYSGAB-LYS,Eva Lys,no,59668.26,YES,MISS
2026-09-16T21:34:09+00:00,TENNIS,KXWTAMATCH-26SEP14BRASIE-BRA,Cadence Brace,yes,6772.45,NO,MISS
2026-09-16T21:34:09+00:00,TENNIS,KXWTAMATCH-26SEP14BRASIE-BRA,Cadence Brace,no,1385.44,NO,HIT
2026-09-16T21:34:09+00:00,TENNIS,KXWTAMATCH-26SEP14BRASIE-BRA,Cadence Brace,no,2089.58,NO,HIT
2026-09-16T21:34:09+00:00,TENNIS,KXWTAMATCH-26SEP14BRASIE-BRA,Cadence Brace,no,2031.63,NO,HIT
2026-09-16T21:34:09+00:00,TENNIS,KXWTAMATCH-26SEP14BRASIE-BRA,Cadence Brace,no,1190.66,NO,HIT
2026-09-16T21:34:09+00:00,TENNIS,KXWTAMATCH-26SEP14BRASIE-BRA,Cadence Brace,no,5511.43,NO,HIT
2026-09-16T21:34:09+00:00,TENNIS,KXWTAMATCH-26SEP14BRASIE-BRA,Cadence Brace,no,2129.01,NO,HIT
2026-09-16T21:34:09+00:00,TENNIS,KXWTAMATCH-26SEP14BRASIE-BRA,Cadence Brace,no,1383.33,NO,HIT
2026-09-16T21:34:09+00:00,TENNIS,KXWTAMATCH-26SEP14BRASIE-BRA,Cadence Brace,no,2757.15,NO,HIT
2026-09-16T21:34:09+00:00,TENNIS,KXWTAMATCH-26SEP14BRASIE-BRA,Cadence Brace,no,3406.59,NO,HIT
2026-09-16T21:34:09+00:00,TENNIS,KXWTAMATCH-26SEP14BRASIE-BRA,Cadence Brace,no,2617.19,NO,HIT
2026-09-16T21:34:09+00:00,TENNIS,KXWTAMATCH-26SEP14BRASIE-BRA,Cadence Brace,no,10067.39,NO,HIT
2026-09-16T21:34:09+00:00,TENNIS,KXWTAMATCH-26SEP14BRASIE-BRA,Cadence Brace,no,6496.02,NO,HIT
2026-09-16T21:34:09+00:00,TENNIS,KXWTAMATCH-26SEP14BRASIE-BRA,Cadence Brace,no,2833.32,NO,HIT
2026-09-16T21:34:09+00:00,TENNIS,KXWTAMATCH-26SEP14BRASIE-BRA,Cadence Brace,no,77057.91,NO,HIT
2026-09-16T21:34:09+00:00,TENNIS,KXWTAMATCH-26SEP14BRASIE-BRA,Cadence Brace,yes,14458.11,NO,MISS
2026-09-16T21:34:09+00:00,TENNIS,KXWTAMATCH-26SEP14BRASIE-BRA,Cadence Brace,yes,73693.4,NO,MISS
2026-09-16T21:34:09+00:00,TENNIS,KXWTAMATCH-26SEP14LYSGAB-GAB,Gabriela CE,yes,15818.48,NO,MISS
2026-09-16T21:34:09+00:00,TENNIS,KXWTAMATCH-26SEP14LYSGAB-GAB,Gabriela CE,yes,21313.85,NO,MISS
2026-09-16T21:34:09+00:00,TENNIS,KXWTAMATCH-26SEP14LYSGAB-GAB,Gabriela CE,no,4323.3,NO,HIT
2026-09-16T21:34:09+00:00,TENNIS,KXWTAMATCH-26SEP14LYSGAB-GAB,Gabriela CE,no,8264.2,NO,HIT
2026-09-16T21:34:09+00:00,TENNIS,KXWTAMATCH-26SEP14LYSGAB-GAB,Gabriela CE,no,16723.45,NO,HIT
2026-09-16T21:34:09+00:00,TENNIS,KXWTAMATCH-26SEP14LYSGAB-GAB,Gabriela CE,no,31910.32,NO,HIT
2026-09-16T21:34:09+00:00,TENNIS,KXWTAMATCH-26SEP14LYSGAB-GAB,Gabriela CE,no,36979.56,NO,HIT
2026-09-16T21:34:09+00:00,TENNIS,KXWTAMATCH-26SEP14LYSGAB-GAB,Gabriela CE,no,12182.38,NO,HIT
2026-09-16T21:34:09+00:00,TENNIS,KXWTAMATCH-26SEP14LYSGAB-GAB,Gabriela CE,no,12787.68,NO,HIT
2026-09-16T21:34:09+00:00,TENNIS,KXWTAMATCH-26SEP14LYSGAB-GAB,Gabriela CE,no,10162.58,NO,HIT
2026-09-16T21:34:09+00:00,TENNIS,KXWTAMATCH-26SEP14LYSGAB-GAB,Gabriela CE,no,8809.55,NO,HIT
2026-09-16T21:34:09+00:00,TENNIS,KXWTAMATCH-26SEP14LYSGAB-GAB,Gabriela CE,no,1197.59,NO,HIT
2026-09-16T21:34:09+00:00,TENNIS,KXWTAMATCH-26SEP14LYSGAB-GAB,Gabriela CE,no,22537.44,NO,HIT
2026-09-16T21:34:09+00:00,TENNIS,KXWTAMATCH-26SEP14LYSGAB-GAB,Gabriela CE,no,15235.94,NO,HIT
2026-09-16T21:34:09+00:00,TENNIS,KXWTAMATCH-26SEP14LYSGAB-GAB,Gabriela CE,no,8702.92,NO,HIT
2026-09-16T21:34:09+00:00,TENNIS,KXWTAMATCH-26SEP14LYSGAB-GAB,Gabriela CE,no,1768.64,NO,HIT
2026-09-16T21:34:09+00:00,TENNIS,KXWTAMATCH-26SEP14LYSGAB-GAB,Gabriela CE,yes,1183.04,NO,MISS
2026-09-16T21:34:09+00:00,TENNIS,KXWTAMATCH-26SEP14LYSGAB-GAB,Gabriela CE,no,2609.17,NO,HIT
2026-09-16T21:34:09+00:00,TENNIS,KXWTAMATCH-26SEP14LYSGAB-GAB,Gabriela CE,no,7728.16,NO,HIT
2026-09-16T21:34:09+00:00,TENNIS,KXWTAMATCH-26SEP14LYSGAB-GAB,Gabriela CE,no,1755.56,NO,HIT
2026-09-16T21:34:09+00:00,TENNIS,KXWTAMATCH-26SEP14LYSGAB-GAB,Gabriela CE,no,2049.7,NO,HIT
2026-09-16T21:34:09+00:00,TENNIS,KXWTAMATCH-26SEP14LYSGAB-GAB,Gabriela CE,no,1007.95,NO,HIT
2026-09-16T21:34:09+00:00,TENNIS,KXWTAMATCH-26SEP14LYSGAB-GAB,Gabriela CE,no,3644.96,NO,HIT
2026-09-16T21:34:09+00:00,TENNIS,KXWTAMATCH-26SEP14LYSGAB-GAB,Gabriela CE,no,1417.42,NO,HIT
2026-09-16T21:34:09+00:00,TENNIS,KXWTAMATCH-26SEP14LYSGAB-GAB,Gabriela CE,no,1365.73,NO,HIT
2026-09-16T21:34:09+00:00,TENNIS,KXWTAMATCH-26SEP14LYSGAB-GAB,Gabriela CE,no,9300.54,NO,HIT
2026-09-16T21:34:09+00:00,TENNIS,KXWTAMATCH-26SEP14LYSGAB-GAB,Gabriela CE,no,4482.44,NO,HIT
2026-09-16T21:34:09+00:00,TENNIS,KXWTAMATCH-26SEP14LYSGAB-GAB,Gabriela CE,no,2051.69,NO,HIT
2026-09-16T21:34:09+00:00,TENNIS,KXWTAMATCH-26SEP14LYSGAB-GAB,Gabriela CE,no,3622.11,NO,HIT
2026-09-16T21:34:09+00:00,TENNIS,KXWTAMATCH-26SEP14LYSGAB-GAB,Gabriela CE,no,1578.29,NO,HIT
2026-09-16T21:34:09+00:00,TENNIS,KXWTAMATCH-26SEP14LYSGAB-GAB,Gabriela CE,no,1901.58,NO,HIT
2026-09-16T21:34:09+00:00,TENNIS,KXWTAMATCH-26SEP14LYSGAB-GAB,Gabriela CE,no,1566.24,NO,HIT
2026-09-16T21:34:09+00:00,TENNIS,KXWTAMATCH-26SEP14LYSGAB-GAB,Gabriela CE,no,1510.18,NO,HIT
2026-09-16T21:34:09+00:00,TENNIS,KXWTAMATCH-26SEP14LYSGAB-GAB,Gabriela CE,no,1578.67,NO,HIT
2026-09-16T21:34:09+00:00,TENNIS,KXWTAMATCH-26SEP14LYSGAB-GAB,Gabriela CE,no,4234.12,NO,HIT
2026-09-16T21:34:09+00:00,TENNIS,KXWTAMATCH-26SEP14LYSGAB-GAB,Gabriela CE,no,2173.93,NO,HIT
2026-09-16T21:34:09+00:00,TENNIS,KXWTAMATCH-26SEP14LYSGAB-GAB,Gabriela CE,no,5348.95,NO,HIT
2026-09-16T21:34:09+00:00,TENNIS,KXWTAMATCH-26SEP14LYSGAB-GAB,Gabriela CE,no,5348.95,NO,HIT
2026-09-16T21:34:09+00:00,TENNIS,KXWTAMATCH-26SEP14LYSGAB-GAB,Gabriela CE,no,1188.06,NO,HIT
2026-09-16T21:34:09+00:00,TENNIS,KXWTAMATCH-26SEP14LYSGAB-GAB,Gabriela CE,no,1620.75,NO,HIT
2026-09-16T21:34:09+00:00,TENNIS,KXWTAMATCH-26SEP14LYSGAB-GAB,Gabriela CE,no,2392.39,NO,HIT
2026-09-16T21:34:09+00:00,TENNIS,KXWTAMATCH-26SEP14LYSGAB-GAB,Gabriela CE,yes,65432.0,NO,MISS
2026-09-16T21:34:09+00:00,TENNIS,KXWTAMATCH-26SEP14LYSGAB-GAB,Gabriela CE,yes,101374.32,NO,MISS
2026-09-16T21:34:09+00:00,TENNIS,KXWTAMATCH-26SEP14LYSGAB-GAB,Gabriela CE,no,113078.75,NO,HIT
2026-09-16T21:34:09+00:00,TENNIS,KXWTAMATCH-26SEP14LYSGAB-GAB,Gabriela CE,no,46971.87,NO,HIT
2026-09-16T21:34:09+00:00,TENNIS,KXWTAMATCH-26SEP14ORTPAQ-PAQ,Chloe Paquet,yes,1024.76,NO,MISS
2026-09-16T21:34:09+00:00,TENNIS,KXWTAMATCH-26SEP14ORTPAQ-PAQ,Chloe Paquet,yes,1994.11,NO,MISS
2026-09-16T21:34:09+00:00,TENNIS,KXWTAMATCH-26SEP14ORTPAQ-PAQ,Chloe Paquet,yes,1752.55,NO,MISS
2026-09-16T21:34:09+00:00,TENNIS,KXWTAMATCH-26SEP14ORTPAQ-PAQ,Chloe Paquet,no,1279.07,NO,HIT
2026-09-16T21:34:09+00:00,TENNIS,KXWTAMATCH-26SEP14ORTPAQ-PAQ,Chloe Paquet,yes,1090.22,NO,MISS
2026-09-16T21:34:09+00:00,TENNIS,KXWTAMATCH-26SEP14ORTPAQ-PAQ,Chloe Paquet,yes,5012.33,NO,MISS
2026-09-16T21:34:09+00:00,TENNIS,KXWTAMATCH-26SEP14ORTPAQ-PAQ,Chloe Paquet,no,2460.3,NO,HIT
2026-09-16T21:34:09+00:00,TENNIS,KXWTAMATCH-26SEP14ORTPAQ-PAQ,Chloe Paquet,yes,1592.52,NO,MISS
2026-09-16T21:34:09+00:00,TENNIS,KXWTAMATCH-26SEP14ORTPAQ-PAQ,Chloe Paquet,no,2459.78,NO,HIT
2026-09-16T21:34:09+00:00,TENNIS,KXWTAMATCH-26SEP14ORTPAQ-PAQ,Chloe Paquet,no,1049.45,NO,HIT
2026-09-16T21:34:09+00:00,TENNIS,KXWTAMATCH-26SEP14ORTPAQ-PAQ,Chloe Paquet,no,2459.78,NO,HIT
2026-09-16T21:34:09+00:00,TENNIS,KXWTAMATCH-26SEP14ORTPAQ-PAQ,Chloe Paquet,no,1049.45,NO,HIT
2026-09-16T21:34:09+00:00,TENNIS,KXWTAMATCH-26SEP14ORTPAQ-PAQ,Chloe Paquet,no,1298.85,NO,HIT
2026-09-16T21:34:09+00:00,TENNIS,KXWTAMATCH-26SEP14ORTPAQ-PAQ,Chloe Paquet,yes,79022.86,NO,MISS
2026-09-16T21:34:09+00:00,TENNIS,KXWTAMATCH-26SEP14ORTPAQ-PAQ,Chloe Paquet,no,9712.74,NO,HIT
2026-09-16T21:34:09+00:00,TENNIS,KXWTAMATCH-26SEP14ORTPAQ-PAQ,Chloe Paquet,no,1682.9,NO,HIT
2026-09-16T21:34:09+00:00,TENNIS,KXWTAMATCH-26SEP14ORTPAQ-PAQ,Chloe Paquet,no,2159.57,NO,HIT
2026-09-16T21:34:09+00:00,TENNIS,KXWTAMATCH-26SEP14ORTPAQ-PAQ,Chloe Paquet,no,2957.89,NO,HIT
2026-09-16T21:34:09+00:00,TENNIS,KXWTAMATCH-26SEP14ORTPAQ-PAQ,Chloe Paquet,no,3632.06,NO,HIT
2026-09-16T21:34:09+00:00,TENNIS,KXWTAMATCH-26SEP14ORTPAQ-PAQ,Chloe Paquet,no,56407.7,NO,HIT
2026-09-16T21:34:09+00:00,MLB,KXMLBGAME-26SEP161310CWSCLE-CLE,Cleveland,yes,5784.26,YES,HIT
2026-09-16T21:34:09+00:00,MLB,KXMLBGAME-26SEP161310CWSCLE-CLE,Cleveland,no,3695.42,YES,MISS
2026-09-16T21:34:09+00:00,MLB,KXMLBGAME-26SEP161310CWSCLE-CLE,Cleveland,yes,1702.3,YES,HIT
2026-09-16T21:34:09+00:00,MLB,KXMLBGAME-26SEP161310CWSCLE-CLE,Cleveland,yes,3202.94,YES,HIT
2026-09-16T21:34:09+00:00,MLB,KXMLBGAME-26SEP161310CWSCLE-CLE,Cleveland,yes,1287.1,YES,HIT
2026-09-16T21:34:09+00:00,MLB,KXMLBGAME-26SEP161310CWSCLE-CLE,Cleveland,yes,1628.8,YES,HIT
2026-09-16T21:34:09+00:00,MLB,KXMLBGAME-26SEP161310CWSCLE-CLE,Cleveland,yes,2872.91,YES,HIT
2026-09-16T21:34:09+00:00,MLB,KXMLBGAME-26SEP161310CWSCLE-CLE,Cleveland,yes,13202.88,YES,HIT
2026-09-16T21:34:09+00:00,MLB,KXMLBGAME-26SEP161310CWSCLE-CLE,Cleveland,yes,1526.62,YES,HIT
2026-09-16T21:34:09+00:00,MLB,KXMLBGAME-26SEP161310CWSCLE-CLE,Cleveland,yes,1062.88,YES,HIT
2026-09-16T21:34:09+00:00,MLB,KXMLBGAME-26SEP161310CWSCLE-CLE,Cleveland,yes,3165.96,YES,HIT
2026-09-16T21:34:09+00:00,MLB,KXMLBGAME-26SEP161310CWSCLE-CLE,Cleveland,yes,2703.17,YES,HIT
2026-09-16T21:34:09+00:00,MLB,KXMLBGAME-26SEP161310CWSCLE-CLE,Cleveland,no,20596.69,YES,MISS
2026-09-16T21:34:09+00:00,MLB,KXMLBGAME-26SEP161310CWSCLE-CLE,Cleveland,no,2449.37,YES,MISS
2026-09-16T21:34:09+00:00,MLB,KXMLBGAME-26SEP161310CWSCLE-CLE,Cleveland,yes,3266.35,YES,HIT
2026-09-16T21:34:09+00:00,MLB,KXMLBGAME-26SEP161310CWSCLE-CLE,Cleveland,yes,1100.6,YES,HIT
2026-09-16T21:34:09+00:00,MLB,KXMLBGAME-26SEP161310CWSCLE-CLE,Cleveland,yes,1790.46,YES,HIT
2026-09-16T21:34:09+00:00,MLB,KXMLBGAME-26SEP161310CWSCLE-CLE,Cleveland,yes,19792.86,YES,HIT
2026-09-16T21:34:09+00:00,MLB,KXMLBGAME-26SEP161310CWSCLE-CLE,Cleveland,yes,15632.78,YES,HIT
2026-09-16T21:34:09+00:00,MLB,KXMLBGAME-26SEP161310CWSCLE-CLE,Cleveland,no,9719.63,YES,MISS
2026-09-16T21:34:09+00:00,MLB,KXMLBGAME-26SEP161310CWSCLE-CLE,Cleveland,no,2327.27,YES,MISS
2026-09-16T21:34:09+00:00,MLB,KXMLBGAME-26SEP161310CWSCLE-CLE,Cleveland,no,76192.88,YES,MISS
2026-09-16T21:34:09+00:00,MLB,KXMLBGAME-26SEP161310CWSCLE-CWS,Chicago WS,yes,1004.25,NO,MISS
2026-09-16T21:34:09+00:00,MLB,KXMLBGAME-26SEP161310CWSCLE-CWS,Chicago WS,no,2912.4,NO,HIT
2026-09-16T21:34:09+00:00,MLB,KXMLBGAME-26SEP161310CWSCLE-CWS,Chicago WS,yes,1025.11,NO,MISS
2026-09-16T21:34:09+00:00,MLB,KXMLBGAME-26SEP161310CWSCLE-CWS,Chicago WS,no,21718.74,NO,HIT
2026-09-16T21:34:09+00:00,MLB,KXMLBGAME-26SEP161310CWSCLE-CWS,Chicago WS,yes,2088.26,NO,MISS
2026-09-16T21:34:09+00:00,MLB,KXMLBGAME-26SEP161310CWSCLE-CWS,Chicago WS,yes,2105.31,NO,MISS
2026-09-16T21:34:09+00:00,MLB,KXMLBGAME-26SEP161310CWSCLE-CWS,Chicago WS,yes,1846.91,NO,MISS
2026-09-16T21:34:09+00:00,MLB,KXMLBGAME-26SEP161310CWSCLE-CWS,Chicago WS,yes,2186.32,NO,MISS
2026-09-16T21:34:09+00:00,MLB,KXMLBGAME-26SEP161310CWSCLE-CWS,Chicago WS,yes,1477.92,NO,MISS
2026-09-16T21:34:09+00:00,MLB,KXMLBGAME-26SEP161310CWSCLE-CWS,Chicago WS,yes,1518.64,NO,MISS
2026-09-16T21:34:09+00:00,MLB,KXMLBGAME-26SEP161310CWSCLE-CWS,Chicago WS,yes,3130.25,NO,MISS
2026-09-16T21:34:09+00:00,MLB,KXMLBGAME-26SEP161310CWSCLE-CWS,Chicago WS,yes,1489.04,NO,MISS
2026-09-16T21:34:09+00:00,MLB,KXMLBGAME-26SEP161310CWSCLE-CWS,Chicago WS,yes,47214.21,NO,MISS
2026-09-16T21:34:09+00:00,MLB,KXMLBGAME-26SEP161310CWSCLE-CWS,Chicago WS,yes,9493.67,NO,MISS
2026-09-16T21:34:09+00:00,MLB,KXMLBGAME-26SEP161310CWSCLE-CWS,Chicago WS,yes,15656.29,NO,MISS
2026-09-16T21:34:09+00:00,MLB,KXMLBGAME-26SEP161310CWSCLE-CWS,Chicago WS,no,1627.09,NO,HIT
2026-09-16T21:34:09+00:00,MLB,KXMLBGAME-26SEP161310CWSCLE-CWS,Chicago WS,no,10522.53,NO,HIT
2026-09-16T21:34:09+00:00,MLB,KXMLBGAME-26SEP161310CWSCLE-CWS,Chicago WS,no,3364.47,NO,HIT
2026-09-16T21:34:09+00:00,MLB,KXMLBGAME-26SEP161310CWSCLE-CWS,Chicago WS,no,6036.82,NO,HIT
2026-09-16T21:34:09+00:00,MLB,KXMLBGAME-26SEP161310CWSCLE-CWS,Chicago WS,yes,228152.73,NO,MISS
2026-09-16T21:34:09+00:00,MLB,KXMLBGAME-26SEP161310CWSCLE-CWS,Chicago WS,no,63349.68,NO,HIT
2026-09-16T21:34:09+00:00,MLB,KXMLBGAME-26SEP161310CWSCLE-CWS,Chicago WS,no,410005.95,NO,HIT
2026-09-16T21:34:09+00:00,MLB,KXMLBGAME-26SEP161315SFSTL-SF,San Francisco,yes,2820.92,YES,HIT
2026-09-16T21:34:09+00:00,MLB,KXMLBGAME-26SEP161315SFSTL-SF,San Francisco,yes,1920.23,YES,HIT
2026-09-16T21:34:09+00:00,MLB,KXMLBGAME-26SEP161315SFSTL-SF,San Francisco,yes,1169.82,YES,HIT
2026-09-16T21:34:09+00:00,MLB,KXMLBGAME-26SEP161315SFSTL-SF,San Francisco,yes,5431.59,YES,HIT
2026-09-16T21:34:09+00:00,MLB,KXMLBGAME-26SEP161315SFSTL-SF,San Francisco,yes,2319.98,YES,HIT
2026-09-16T21:34:09+00:00,MLB,KXMLBGAME-26SEP161315SFSTL-SF,San Francisco,no,1715.3,YES,MISS
2026-09-16T21:34:09+00:00,MLB,KXMLBGAME-26SEP161315SFSTL-SF,San Francisco,no,4029.09,YES,MISS
2026-09-16T21:34:09+00:00,MLB,KXMLBGAME-26SEP161315SFSTL-SF,San Francisco,no,1523.25,YES,MISS
2026-09-16T21:34:09+00:00,MLB,KXMLBGAME-26SEP161315SFSTL-SF,San Francisco,yes,1620.17,YES,HIT
2026-09-16T21:34:09+00:00,MLB,KXMLBGAME-26SEP161315SFSTL-SF,San Francisco,yes,3314.38,YES,HIT
2026-09-16T21:34:09+00:00,MLB,KXMLBGAME-26SEP161315SFSTL-SF,San Francisco,yes,49473.24,YES,HIT
2026-09-16T21:34:09+00:00,MLB,KXMLBGAME-26SEP161315SFSTL-SF,San Francisco,no,1157.89,YES,MISS
2026-09-16T21:34:09+00:00,MLB,KXMLBGAME-26SEP161315SFSTL-SF,San Francisco,no,26019.18,YES,MISS
2026-09-16T21:34:09+00:00,MLB,KXMLBGAME-26SEP161315SFSTL-SF,San Francisco,no,27096.19,YES,MISS
2026-09-16T21:34:09+00:00,MLB,KXMLBGAME-26SEP161315SFSTL-STL,St. Louis,yes,1482.76,NO,MISS
2026-09-16T21:34:09+00:00,MLB,KXMLBGAME-26SEP161315SFSTL-STL,St. Louis,yes,1017.61,NO,MISS
2026-09-16T21:34:09+00:00,MLB,KXMLBGAME-26SEP161315SFSTL-STL,St. Louis,yes,7722.19,NO,MISS
2026-09-16T21:34:09+00:00,MLB,KXMLBGAME-26SEP161315SFSTL-STL,St. Louis,yes,4734.68,NO,MISS
2026-09-16T21:34:09+00:00,MLB,KXMLBGAME-26SEP161315SFSTL-STL,St. Louis,yes,4309.66,NO,MISS
2026-09-16T21:34:09+00:00,MLB,KXMLBGAME-26SEP161315SFSTL-STL,St. Louis,yes,1346.38,NO,MISS
2026-09-16T21:34:09+00:00,MLB,KXMLBGAME-26SEP161315SFSTL-STL,St. Louis,yes,2718.91,NO,MISS
2026-09-16T21:34:09+00:00,MLB,KXMLBGAME-26SEP161315SFSTL-STL,St. Louis,yes,3365.87,NO,MISS
2026-09-16T21:34:09+00:00,MLB,KXMLBGAME-26SEP161315SFSTL-STL,St. Louis,yes,76947.51,NO,MISS
2026-09-16T21:34:09+00:00,MLB,KXMLBGAME-26SEP161315SFSTL-STL,St. Louis,no,1358.41,NO,HIT
2026-09-16T21:34:09+00:00,MLB,KXMLBGAME-26SEP161315SFSTL-STL,St. Louis,no,1587.05,NO,HIT
2026-09-16T21:34:09+00:00,MLB,KXMLBGAME-26SEP161315SFSTL-STL,St. Louis,no,3098.96,NO,HIT
2026-09-16T21:34:09+00:00,MLB,KXMLBGAME-26SEP161315SFSTL-STL,St. Louis,no,5626.74,NO,HIT
2026-09-16T21:34:09+00:00,MLB,KXMLBGAME-26SEP161315SFSTL-STL,St. Louis,no,164999.53,NO,HIT
2026-09-16T21:34:09+00:00,TENNIS,KXWTAMATCH-26SEP16FREDOL-FRE,Magdalena Frech,yes,2436.22,YES,HIT
2026-09-16T21:34:09+00:00,TENNIS,KXWTAMATCH-26SEP16FREDOL-FRE,Magdalena Frech,yes,48466.06,YES,HIT
2026-09-16T21:34:09+00:00,TENNIS,KXWTAMATCH-26SEP16FREDOL-FRE,Magdalena Frech,no,1003.68,YES,MISS
2026-09-16T21:34:09+00:00,TENNIS,KXWTAMATCH-26SEP16FREDOL-FRE,Magdalena Frech,no,1024.28,YES,MISS
2026-09-16T21:34:09+00:00,TENNIS,KXWTAMATCH-26SEP16FREDOL-DOL,Caroline Dolehide,yes,1056.91,NO,MISS
2026-09-16T21:34:09+00:00,TENNIS,KXWTAMATCH-26SEP16FREDOL-DOL,Caroline Dolehide,yes,2917.26,NO,MISS
2026-09-16T21:34:09+00:00,TENNIS,KXWTAMATCH-26SEP16FREDOL-DOL,Caroline Dolehide,yes,41850.63,NO,MISS
2026-09-16T21:34:09+00:00,TENNIS,KXWTAMATCH-26SEP16FREDOL-DOL,Caroline Dolehide,no,1203.11,NO,HIT
2026-09-16T21:34:09+00:00,TENNIS,KXWTAMATCH-26SEP16FREDOL-DOL,Caroline Dolehide,no,8105.92,NO,HIT
2026-09-16T21:34:09+00:00,TENNIS,KXWTAMATCH-26SEP16SEMKOS-SEM,Darja Semenistaja,yes,2151.15,NO,MISS
2026-09-16T21:34:09+00:00,TENNIS,KXWTAMATCH-26SEP16SEMKOS-KOS,Teodora Kostovic,yes,4827.2,YES,HIT
2026-09-16T21:34:09+00:00,TENNIS,KXWTAMATCH-26SEP16SEMKOS-KOS,Teodora Kostovic,yes,1040.83,YES,HIT
2026-09-16T22:17:10+00:00,MLB,KXMLBGAME-26SEP161507DETTOR-TOR,Toronto,yes,3856.56,YES,HIT
2026-09-16T22:17:10+00:00,MLB,KXMLBGAME-26SEP161507DETTOR-TOR,Toronto,yes,3856.56,YES,HIT
2026-09-16T22:17:10+00:00,MLB,KXMLBGAME-26SEP161507DETTOR-TOR,Toronto,yes,1968.31,YES,HIT
2026-09-16T22:17:10+00:00,MLB,KXMLBGAME-26SEP161507DETTOR-TOR,Toronto,yes,76215.81,YES,HIT
2026-09-16T22:17:10+00:00,MLB,KXMLBGAME-26SEP161507DETTOR-TOR,Toronto,yes,1845.12,YES,HIT
2026-09-16T22:17:10+00:00,MLB,KXMLBGAME-26SEP161507DETTOR-TOR,Toronto,yes,1203.95,YES,HIT
2026-09-16T22:17:10+00:00,MLB,KXMLBGAME-26SEP161507DETTOR-TOR,Toronto,yes,1969.67,YES,HIT
2026-09-16T22:17:10+00:00,MLB,KXMLBGAME-26SEP161507DETTOR-TOR,Toronto,yes,1773.29,YES,HIT
2026-09-16T22:17:10+00:00,MLB,KXMLBGAME-26SEP161507DETTOR-TOR,Toronto,yes,2373.25,YES,HIT
2026-09-16T22:17:10+00:00,MLB,KXMLBGAME-26SEP161507DETTOR-TOR,Toronto,no,2700.0,YES,MISS
2026-09-16T22:17:10+00:00,MLB,KXMLBGAME-26SEP161507DETTOR-TOR,Toronto,no,8530.67,YES,MISS
2026-09-16T22:17:10+00:00,MLB,KXMLBGAME-26SEP161507DETTOR-TOR,Toronto,yes,167717.68,YES,HIT
2026-09-16T22:17:10+00:00,MLB,KXMLBGAME-26SEP161507DETTOR-TOR,Toronto,no,21662.53,YES,MISS
2026-09-16T22:17:10+00:00,MLB,KXMLBGAME-26SEP161507DETTOR-TOR,Toronto,no,2700.5,YES,MISS
2026-09-16T22:17:10+00:00,MLB,KXMLBGAME-26SEP161507DETTOR-TOR,Toronto,no,2840.9,YES,MISS
2026-09-16T22:17:10+00:00,MLB,KXMLBGAME-26SEP161507DETTOR-TOR,Toronto,no,1465.08,YES,MISS
2026-09-16T22:17:10+00:00,MLB,KXMLBGAME-26SEP161507DETTOR-TOR,Toronto,no,3971.35,YES,MISS
2026-09-16T22:17:10+00:00,MLB,KXMLBGAME-26SEP161507DETTOR-TOR,Toronto,no,2315.81,YES,MISS
2026-09-16T22:17:10+00:00,MLB,KXMLBGAME-26SEP161507DETTOR-TOR,Toronto,no,1397.6,YES,MISS
2026-09-16T22:17:10+00:00,MLB,KXMLBGAME-26SEP161507DETTOR-TOR,Toronto,no,34965.5,YES,MISS
2026-09-16T22:17:10+00:00,MLB,KXMLBGAME-26SEP161340NYYMIN-NYY,New York Y,yes,1292.83,NO,MISS
2026-09-16T22:17:10+00:00,MLB,KXMLBGAME-26SEP161340NYYMIN-NYY,New York Y,yes,1254.56,NO,MISS
2026-09-16T22:17:10+00:00,MLB,KXMLBGAME-26SEP161340NYYMIN-NYY,New York Y,yes,1970.34,NO,MISS
2026-09-16T22:17:10+00:00,MLB,KXMLBGAME-26SEP161340NYYMIN-NYY,New York Y,yes,1323.05,NO,MISS
2026-09-16T22:17:10+00:00,MLB,KXMLBGAME-26SEP161340NYYMIN-NYY,New York Y,yes,3375.24,NO,MISS
2026-09-16T22:17:10+00:00,MLB,KXMLBGAME-26SEP161340NYYMIN-NYY,New York Y,yes,3708.89,NO,MISS
2026-09-16T22:17:10+00:00,MLB,KXMLBGAME-26SEP161340NYYMIN-NYY,New York Y,yes,12564.44,NO,MISS
2026-09-16T22:17:10+00:00,MLB,KXMLBGAME-26SEP161340NYYMIN-NYY,New York Y,yes,1460.68,NO,MISS
2026-09-16T22:17:10+00:00,MLB,KXMLBGAME-26SEP161340NYYMIN-NYY,New York Y,yes,2229.04,NO,MISS
2026-09-16T22:17:10+00:00,MLB,KXMLBGAME-26SEP161340NYYMIN-NYY,New York Y,yes,1503.75,NO,MISS
2026-09-16T22:17:10+00:00,MLB,KXMLBGAME-26SEP161340NYYMIN-NYY,New York Y,yes,11033.66,NO,MISS
2026-09-16T22:17:10+00:00,MLB,KXMLBGAME-26SEP161340NYYMIN-NYY,New York Y,yes,1938.06,NO,MISS
2026-09-16T22:17:10+00:00,MLB,KXMLBGAME-26SEP161340NYYMIN-NYY,New York Y,yes,2512.88,NO,MISS
2026-09-16T22:17:10+00:00,MLB,KXMLBGAME-26SEP161340NYYMIN-NYY,New York Y,yes,1971.03,NO,MISS
2026-09-16T22:17:10+00:00,MLB,KXMLBGAME-26SEP161340NYYMIN-NYY,New York Y,yes,1740.72,NO,MISS
2026-09-16T22:17:10+00:00,MLB,KXMLBGAME-26SEP161340NYYMIN-NYY,New York Y,yes,2291.82,NO,MISS
2026-09-16T22:17:10+00:00,MLB,KXMLBGAME-26SEP161340NYYMIN-NYY,New York Y,yes,1016.15,NO,MISS
2026-09-16T22:17:10+00:00,MLB,KXMLBGAME-26SEP161340NYYMIN-NYY,New York Y,yes,7056.73,NO,MISS
2026-09-16T22:17:10+00:00,MLB,KXMLBGAME-26SEP161340NYYMIN-NYY,New York Y,yes,14153.35,NO,MISS
2026-09-16T22:17:10+00:00,MLB,KXMLBGAME-26SEP161340NYYMIN-NYY,New York Y,yes,4706.86,NO,MISS
2026-09-16T22:17:10+00:00,MLB,KXMLBGAME-26SEP161340NYYMIN-NYY,New York Y,yes,9293.93,NO,MISS
2026-09-16T22:17:10+00:00,MLB,KXMLBGAME-26SEP161340NYYMIN-NYY,New York Y,no,19836.51,NO,HIT
2026-09-16T22:17:10+00:00,MLB,KXMLBGAME-26SEP161340NYYMIN-NYY,New York Y,no,1963.26,NO,HIT
2026-09-16T22:17:10+00:00,MLB,KXMLBGAME-26SEP161340NYYMIN-NYY,New York Y,yes,339364.23,NO,MISS
2026-09-16T22:17:10+00:00,MLB,KXMLBGAME-26SEP161340NYYMIN-NYY,New York Y,no,195262.79,NO,HIT
2026-09-16T22:17:10+00:00,MLB,KXMLBGAME-26SEP161340NYYMIN-NYY,New York Y,yes,248851.81,NO,MISS
2026-09-16T22:17:10+00:00,MLB,KXMLBGAME-26SEP161340NYYMIN-NYY,New York Y,no,260657.91,NO,HIT
2026-09-16T22:17:10+00:00,MLB,KXMLBGAME-26SEP161507DETTOR-DET,Detroit,yes,1982.9,NO,MISS
2026-09-16T22:17:10+00:00,MLB,KXMLBGAME-26SEP161507DETTOR-DET,Detroit,yes,1990.21,NO,MISS
2026-09-16T22:17:10+00:00,MLB,KXMLBGAME-26SEP161507DETTOR-DET,Detroit,no,13600.55,NO,HIT
2026-09-16T22:17:10+00:00,MLB,KXMLBGAME-26SEP161507DETTOR-DET,Detroit,no,21498.34,NO,HIT
2026-09-16T22:17:10+00:00,MLB,KXMLBGAME-26SEP161507DETTOR-DET,Detroit,yes,4268.7,NO,MISS
2026-09-16T22:17:10+00:00,MLB,KXMLBGAME-26SEP161507DETTOR-DET,Detroit,yes,4625.19,NO,MISS
2026-09-16T22:17:10+00:00,MLB,KXMLBGAME-26SEP161507DETTOR-DET,Detroit,yes,1739.41,NO,MISS
2026-09-16T22:17:10+00:00,MLB,KXMLBGAME-26SEP161507DETTOR-DET,Detroit,yes,2025.72,NO,MISS
2026-09-16T22:17:10+00:00,MLB,KXMLBGAME-26SEP161507DETTOR-DET,Detroit,yes,1044.03,NO,MISS
2026-09-16T22:17:10+00:00,MLB,KXMLBGAME-26SEP161507DETTOR-DET,Detroit,yes,2746.77,NO,MISS
2026-09-16T22:17:10+00:00,MLB,KXMLBGAME-26SEP161507DETTOR-DET,Detroit,yes,154413.49,NO,MISS
2026-09-16T22:17:10+00:00,MLB,KXMLBGAME-26SEP161507DETTOR-DET,Detroit,no,6746.84,NO,HIT
2026-09-16T22:17:10+00:00,MLB,KXMLBGAME-26SEP161507DETTOR-DET,Detroit,no,1511.65,NO,HIT
2026-09-16T22:17:10+00:00,MLB,KXMLBGAME-26SEP161507DETTOR-DET,Detroit,yes,2798.14,NO,MISS
2026-09-16T22:17:10+00:00,MLB,KXMLBGAME-26SEP161507DETTOR-DET,Detroit,no,1344.31,NO,HIT
2026-09-16T22:17:10+00:00,MLB,KXMLBGAME-26SEP161507DETTOR-DET,Detroit,no,1201.32,NO,HIT
2026-09-16T22:17:10+00:00,MLB,KXMLBGAME-26SEP161507DETTOR-DET,Detroit,no,1223.7,NO,HIT
2026-09-16T22:17:10+00:00,MLB,KXMLBGAME-26SEP161507DETTOR-DET,Detroit,no,269695.03,NO,HIT
2026-09-16T22:17:10+00:00,MLB,KXMLBGAME-26SEP161340NYYMIN-MIN,Minnesota,no,1376.81,YES,MISS
2026-09-16T22:17:10+00:00,MLB,KXMLBGAME-26SEP161340NYYMIN-MIN,Minnesota,yes,26341.53,YES,HIT
2026-09-16T22:17:10+00:00,MLB,KXMLBGAME-26SEP161340NYYMIN-MIN,Minnesota,yes,1523.27,YES,HIT
2026-09-16T22:17:10+00:00,MLB,KXMLBGAME-26SEP161340NYYMIN-MIN,Minnesota,yes,6094.39,YES,HIT
2026-09-16T22:17:10+00:00,MLB,KXMLBGAME-26SEP161340NYYMIN-MIN,Minnesota,no,3612.9,YES,MISS
2026-09-16T22:17:10+00:00,MLB,KXMLBGAME-26SEP161340NYYMIN-MIN,Minnesota,no,2239.09,YES,MISS
2026-09-16T22:17:10+00:00,MLB,KXMLBGAME-26SEP161340NYYMIN-MIN,Minnesota,no,4536.22,YES,MISS
2026-09-16T22:17:10+00:00,MLB,KXMLBGAME-26SEP161340NYYMIN-MIN,Minnesota,no,1130.31,YES,MISS
2026-09-16T22:17:10+00:00,MLB,KXMLBGAME-26SEP161340NYYMIN-MIN,Minnesota,no,1682.65,YES,MISS
2026-09-16T22:17:10+00:00,MLB,KXMLBGAME-26SEP161340NYYMIN-MIN,Minnesota,no,1578.36,YES,MISS
2026-09-16T22:17:10+00:00,MLB,KXMLBGAME-26SEP161340NYYMIN-MIN,Minnesota,no,1561.53,YES,MISS
2026-09-16T22:17:10+00:00,MLB,KXMLBGAME-26SEP161340NYYMIN-MIN,Minnesota,no,1547.35,YES,MISS
2026-09-16T22:17:10+00:00,MLB,KXMLBGAME-26SEP161340NYYMIN-MIN,Minnesota,no,4573.07,YES,MISS
2026-09-16T22:17:10+00:00,MLB,KXMLBGAME-26SEP161340NYYMIN-MIN,Minnesota,yes,457522.65,YES,HIT
2026-09-16T22:17:10+00:00,MLB,KXMLBGAME-26SEP161340NYYMIN-MIN,Minnesota,no,168815.45,YES,MISS
2026-09-16T23:34:06+00:00,TENNIS,KXWTAMATCH-26SEP14VALPIG-VAL,Vendula Valdmannova,no,1002.88,YES,MISS
2026-09-16T23:34:06+00:00,TENNIS,KXWTAMATCH-26SEP14VALPIG-VAL,Vendula Valdmannova,yes,29993.8,YES,HIT
2026-09-16T23:34:06+00:00,TENNIS,KXWTAMATCH-26SEP14VALPIG-VAL,Vendula Valdmannova,yes,2711.39,YES,HIT
2026-09-16T23:34:06+00:00,TENNIS,KXWTAMATCH-26SEP14VALPIG-VAL,Vendula Valdmannova,yes,1111.8,YES,HIT
2026-09-16T23:34:06+00:00,TENNIS,KXWTAMATCH-26SEP14VALPIG-VAL,Vendula Valdmannova,yes,1965.36,YES,HIT
2026-09-16T23:34:06+00:00,TENNIS,KXWTAMATCH-26SEP14VALPIG-VAL,Vendula Valdmannova,yes,8726.4,YES,HIT
2026-09-16T23:34:06+00:00,TENNIS,KXWTAMATCH-26SEP14VALPIG-VAL,Vendula Valdmannova,yes,1092.86,YES,HIT
2026-09-16T23:34:06+00:00,TENNIS,KXWTAMATCH-26SEP14VALPIG-VAL,Vendula Valdmannova,yes,454674.95,YES,HIT
2026-09-16T23:34:06+00:00,TENNIS,KXWTAMATCH-26SEP14VALPIG-VAL,Vendula Valdmannova,no,1004.35,YES,MISS
2026-09-16T23:34:06+00:00,TENNIS,KXWTAMATCH-26SEP14VALPIG-VAL,Vendula Valdmannova,no,47204.81,YES,MISS
2026-09-16T23:34:06+00:00,TENNIS,KXWTAMATCH-26SEP16SONJOV-JOV,Iva Jovic,yes,28976.0,YES,HIT
2026-09-16T23:34:06+00:00,TENNIS,KXWTAMATCH-26SEP16SONJOV-JOV,Iva Jovic,yes,1896.12,YES,HIT
2026-09-16T23:34:06+00:00,TENNIS,KXWTAMATCH-26SEP16SONJOV-JOV,Iva Jovic,yes,2611.93,YES,HIT
2026-09-16T23:34:06+00:00,TENNIS,KXWTAMATCH-26SEP16SONJOV-JOV,Iva Jovic,yes,9537.17,YES,HIT
2026-09-16T23:34:06+00:00,TENNIS,KXWTAMATCH-26SEP16SONJOV-JOV,Iva Jovic,yes,1653.88,YES,HIT
2026-09-16T23:34:06+00:00,TENNIS,KXWTAMATCH-26SEP16SONJOV-JOV,Iva Jovic,yes,3910.59,YES,HIT
2026-09-16T23:34:06+00:00,TENNIS,KXWTAMATCH-26SEP16SONJOV-JOV,Iva Jovic,yes,35122.15,YES,HIT
2026-09-16T23:34:06+00:00,TENNIS,KXWTAMATCH-26SEP16SONJOV-JOV,Iva Jovic,yes,394003.35,YES,HIT
2026-09-16T23:34:06+00:00,TENNIS,KXWTAMATCH-26SEP16SONJOV-JOV,Iva Jovic,no,3271.08,YES,MISS
2026-09-16T23:34:06+00:00,TENNIS,KXWTAMATCH-26SEP16SONJOV-JOV,Iva Jovic,no,2171.78,YES,MISS
2026-09-16T23:34:06+00:00,TENNIS,KXWTAMATCH-26SEP16SONJOV-JOV,Iva Jovic,no,8330.69,YES,MISS
2026-09-16T23:34:06+00:00,TENNIS,KXWTAMATCH-26SEP16SONJOV-JOV,Iva Jovic,no,74975.13,YES,MISS
2026-09-16T23:34:06+00:00,TENNIS,KXWTAMATCH-26SEP14VALPIG-PIG,Laura Pigossi,yes,9297.63,NO,MISS
2026-09-16T23:34:06+00:00,TENNIS,KXWTAMATCH-26SEP14VALPIG-PIG,Laura Pigossi,yes,2789.74,NO,MISS
2026-09-16T23:34:06+00:00,TENNIS,KXWTAMATCH-26SEP14VALPIG-PIG,Laura Pigossi,yes,260300.86,NO,MISS
2026-09-16T23:34:06+00:00,TENNIS,KXWTAMATCH-26SEP14VALPIG-PIG,Laura Pigossi,no,2248.56,NO,HIT
2026-09-16T23:34:06+00:00,TENNIS,KXWTAMATCH-26SEP14VALPIG-PIG,Laura Pigossi,no,6544.65,NO,HIT
2026-09-16T23:34:06+00:00,TENNIS,KXWTAMATCH-26SEP14VALPIG-PIG,Laura Pigossi,no,51937.78,NO,HIT
2026-09-16T23:34:06+00:00,TENNIS,KXWTAMATCH-26SEP16SONJOV-SON,Zeynep Sonmez,yes,1466.37,NO,MISS
2026-09-16T23:34:06+00:00,TENNIS,KXWTAMATCH-26SEP16SONJOV-SON,Zeynep Sonmez,yes,21563.3,NO,MISS
2026-09-16T23:34:06+00:00,TENNIS,KXWTAMATCH-26SEP16SONJOV-SON,Zeynep Sonmez,no,1971.03,NO,HIT
2026-09-16T23:34:06+00:00,TENNIS,KXWTAMATCH-26SEP16SONJOV-SON,Zeynep Sonmez,no,4502.71,NO,HIT
2026-09-16T23:34:06+00:00,TENNIS,KXWTAMATCH-26SEP16SONJOV-SON,Zeynep Sonmez,no,24754.67,NO,HIT
2026-09-16T23:34:06+00:00,TENNIS,KXWTAMATCH-26SEP16SONJOV-SON,Zeynep Sonmez,no,12271.77,NO,HIT
2026-09-16T23:34:06+00:00,TENNIS,KXWTAMATCH-26SEP16SONJOV-SON,Zeynep Sonmez,no,172750.25,NO,HIT
2026-09-17T01:34:05+00:00,TENNIS,KXWTAMATCH-26SEP14MIKBAD-MIK,Justina Mikulskyte,no,2820.0,NO,HIT
2026-09-17T01:34:05+00:00,TENNIS,KXWTAMATCH-26SEP14MIKBAD-MIK,Justina Mikulskyte,no,2820.0,NO,HIT
2026-09-17T01:34:05+00:00,TENNIS,KXWTAMATCH-26SEP14MIKBAD-MIK,Justina Mikulskyte,yes,4886.23,NO,MISS
2026-09-17T01:34:05+00:00,TENNIS,KXWTAMATCH-26SEP14MIKBAD-MIK,Justina Mikulskyte,yes,4118.77,NO,MISS
2026-09-17T01:34:05+00:00,TENNIS,KXWTAMATCH-26SEP14MIKBAD-MIK,Justina Mikulskyte,yes,1488.78,NO,MISS
2026-09-17T01:34:05+00:00,TENNIS,KXWTAMATCH-26SEP14MIKBAD-MIK,Justina Mikulskyte,no,1092.41,NO,HIT
2026-09-17T01:34:05+00:00,TENNIS,KXWTAMATCH-26SEP14MIKBAD-MIK,Justina Mikulskyte,yes,3054.82,NO,MISS
2026-09-17T01:34:05+00:00,TENNIS,KXWTAMATCH-26SEP14MIKBAD-MIK,Justina Mikulskyte,yes,1049.08,NO,MISS
2026-09-17T01:34:05+00:00,TENNIS,KXWTAMATCH-26SEP14MIKBAD-MIK,Justina Mikulskyte,yes,45570.66,NO,MISS
2026-09-17T01:34:05+00:00,TENNIS,KXWTAMATCH-26SEP14MIKBAD-MIK,Justina Mikulskyte,no,131520.94,NO,HIT
2026-09-17T01:34:05+00:00,MLB,KXMLBGAME-26SEP161840ATHTB-TB,Tampa Bay,yes,2155.08,YES,HIT
2026-09-17T01:34:05+00:00,MLB,KXMLBGAME-26SEP161840ATHTB-TB,Tampa Bay,yes,1028.92,YES,HIT
2026-09-17T01:34:05+00:00,MLB,KXMLBGAME-26SEP161840ATHTB-TB,Tampa Bay,no,1240.63,YES,MISS
2026-09-17T01:34:05+00:00,MLB,KXMLBGAME-26SEP161840ATHTB-TB,Tampa Bay,yes,1227.12,YES,HIT
2026-09-17T01:34:05+00:00,MLB,KXMLBGAME-26SEP161840ATHTB-TB,Tampa Bay,yes,1174.39,YES,HIT
2026-09-17T01:34:05+00:00,MLB,KXMLBGAME-26SEP161840ATHTB-TB,Tampa Bay,yes,1503.0,YES,HIT
2026-09-17T01:34:05+00:00,MLB,KXMLBGAME-26SEP161840ATHTB-TB,Tampa Bay,yes,3803.51,YES,HIT
2026-09-17T01:34:05+00:00,MLB,KXMLBGAME-26SEP161840ATHTB-TB,Tampa Bay,yes,1774.85,YES,HIT
2026-09-17T01:34:05+00:00,MLB,KXMLBGAME-26SEP161840ATHTB-TB,Tampa Bay,yes,1138.95,YES,HIT
2026-09-17T01:34:05+00:00,MLB,KXMLBGAME-26SEP161840ATHTB-TB,Tampa Bay,yes,3531.91,YES,HIT
2026-09-17T01:34:05+00:00,MLB,KXMLBGAME-26SEP161840ATHTB-TB,Tampa Bay,yes,6492.52,YES,HIT
2026-09-17T01:34:05+00:00,MLB,KXMLBGAME-26SEP161840ATHTB-TB,Tampa Bay,yes,1007.53,YES,HIT
2026-09-17T01:34:05+00:00,MLB,KXMLBGAME-26SEP161840ATHTB-TB,Tampa Bay,yes,4868.26,YES,HIT
2026-09-17T01:34:05+00:00,MLB,KXMLBGAME-26SEP161840ATHTB-TB,Tampa Bay,yes,16075.48,YES,HIT
2026-09-17T01:34:05+00:00,MLB,KXMLBGAME-26SEP161840ATHTB-TB,Tampa Bay,yes,4934.2,YES,HIT
2026-09-17T01:34:05+00:00,MLB,KXMLBGAME-26SEP161840ATHTB-TB,Tampa Bay,no,23899.08,YES,MISS
2026-09-17T01:34:05+00:00,MLB,KXMLBGAME-26SEP161840ATHTB-TB,Tampa Bay,no,7892.78,YES,MISS
2026-09-17T01:34:05+00:00,MLB,KXMLBGAME-26SEP161840ATHTB-TB,Tampa Bay,no,1817.24,YES,MISS
2026-09-17T01:34:05+00:00,MLB,KXMLBGAME-26SEP161840ATHTB-TB,Tampa Bay,no,13429.06,YES,MISS
2026-09-17T01:34:05+00:00,MLB,KXMLBGAME-26SEP161840ATHTB-ATH,A's,yes,10074.73,NO,MISS
2026-09-17T01:34:05+00:00,MLB,KXMLBGAME-26SEP161840ATHTB-ATH,A's,no,16226.82,NO,HIT
2026-09-17T01:34:05+00:00,MLB,KXMLBGAME-26SEP161840ATHTB-ATH,A's,yes,1322.8,NO,MISS
2026-09-17T01:34:05+00:00,MLB,KXMLBGAME-26SEP161840ATHTB-ATH,A's,yes,1471.04,NO,MISS
2026-09-17T01:34:05+00:00,MLB,KXMLBGAME-26SEP161840ATHTB-ATH,A's,yes,2922.04,NO,MISS
2026-09-17T01:34:05+00:00,MLB,KXMLBGAME-26SEP161840ATHTB-ATH,A's,no,1622.68,NO,HIT
2026-09-17T01:34:05+00:00,MLB,KXMLBGAME-26SEP161840ATHTB-ATH,A's,no,1690.66,NO,HIT
2026-09-17T01:34:05+00:00,MLB,KXMLBGAME-26SEP161840ATHTB-ATH,A's,no,106807.41,NO,HIT
2026-09-17T01:34:05+00:00,MLB,KXMLBGAME-26SEP161840ATHTB-ATH,A's,no,34771.36,NO,HIT
2026-09-17T01:34:05+00:00,MLB,KXMLBGAME-26SEP161840ATHTB-ATH,A's,no,17548.37,NO,HIT
2026-09-17T01:34:05+00:00,MLB,KXMLBGAME-26SEP161840ATHTB-ATH,A's,no,3146.46,NO,HIT
2026-09-17T01:34:05+00:00,MLB,KXMLBGAME-26SEP161840ATHTB-ATH,A's,yes,76571.86,NO,MISS
2026-09-17T01:34:05+00:00,TENNIS,KXWTAMATCH-26SEP14MIKBAD-BAD,Paula Badosa,yes,13846.38,YES,HIT
2026-09-17T01:34:05+00:00,TENNIS,KXWTAMATCH-26SEP14MIKBAD-BAD,Paula Badosa,yes,4485.68,YES,HIT
2026-09-17T01:34:05+00:00,TENNIS,KXWTAMATCH-26SEP14MIKBAD-BAD,Paula Badosa,yes,2166.87,YES,HIT
2026-09-17T01:34:05+00:00,TENNIS,KXWTAMATCH-26SEP14MIKBAD-BAD,Paula Badosa,yes,2841.82,YES,HIT
2026-09-17T01:34:05+00:00,TENNIS,KXWTAMATCH-26SEP14MIKBAD-BAD,Paula Badosa,yes,1686.36,YES,HIT
2026-09-17T01:34:05+00:00,TENNIS,KXWTAMATCH-26SEP14MIKBAD-BAD,Paula Badosa,yes,8640.34,YES,HIT
2026-09-17T01:34:05+00:00,TENNIS,KXWTAMATCH-26SEP14MIKBAD-BAD,Paula Badosa,yes,213008.28,YES,HIT
2026-09-17T01:34:05+00:00,TENNIS,KXWTAMATCH-26SEP14MIKBAD-BAD,Paula Badosa,no,2542.28,YES,MISS
