seen_utc,sector,series,ticker,event,bet_on,bet_type,side,contracts,avg_price_cents,dollars,n_fills,first_trade_utc,last_trade_utc,close_time_utc,hours_before_close,expert_pct,agrees
2026-09-12T12:23:50+00:00,CFB,KXNCAAFGAME,KXNCAAFGAME-26SEP19UNCCLEM-CLEM,KXNCAAFGAME-26SEP19UNCCLEM,Clemson,,yes,1694.01,73.0,1236.63,2,2026-09-11T14:00:00+00:00,2026-09-11T14:00:00+00:00,2026-09-21T16:00:00+00:00,242.0,,
2026-09-12T12:23:50+00:00,CFB,KXNCAAFGAME,KXNCAAFGAME-26SEP12ULLUSC-USC,KXNCAAFGAME-26SEP12ULLUSC,USC,,yes,15187.29,98.7,14986.12,5,2026-09-12T03:22:43+00:00,2026-09-12T03:22:43+00:00,2026-09-15T03:00:00+00:00,71.6,,
2026-09-12T12:23:50+00:00,CFB,KXNCAAFGAME,KXNCAAFGAME-26SEP12ARKUTAH-UTAH,KXNCAAFGAME-26SEP12ARKUTAH,Utah,,yes,24103.75,82.0,19765.08,6,2026-09-12T03:15:42+00:00,2026-09-12T03:15:59+00:00,2026-09-15T02:15:00+00:00,71.0,80.1,yes
2026-09-12T12:23:50+00:00,CFB,KXNCAAFGAME,KXNCAAFGAME-26SEP12NDSUAFA-NDSU,KXNCAAFGAME-26SEP12NDSUAFA,North Dakota St.,,yes,2259.6,54.0,1220.35,3,2026-09-11T18:52:49+00:00,2026-09-11T18:53:44+00:00,2026-09-15T02:00:00+00:00,79.1,,
2026-09-12T12:23:50+00:00,CFB,KXNCAAFGAME,KXNCAAFGAME-26SEP12GRAMTCU-GRAM,KXNCAAFGAME-26SEP12GRAMTCU,Grambling St.,,no,3788.74,99.0,3750.85,6,2026-09-12T02:13:15+00:00,2026-09-12T02:13:15+00:00,2026-09-15T00:00:00+00:00,69.8,,
2026-09-12T12:23:50+00:00,CFB,KXNCAAFGAME,KXNCAAFGAME-26SEP12PVBAY-PV,KXNCAAFGAME-26SEP12PVBAY,Prairie View A&M,,no,3942.83,99.0,3903.4,5,2026-09-12T02:13:33+00:00,2026-09-12T02:13:33+00:00,2026-09-15T00:00:00+00:00,69.8,,
2026-09-12T12:23:50+00:00,CFB,KXNCAAFGAME,KXNCAAFGAME-26SEP12FORCCAR-CCAR,KXNCAAFGAME-26SEP12FORCCAR,Coastal Carolina,,yes,1222.77,98.0,1198.31,1,2026-09-12T05:22:22+00:00,2026-09-12T05:22:22+00:00,2026-09-14T23:30:00+00:00,66.1,,
2026-09-12T12:23:50+00:00,CFB,KXNCAAFGAME,KXNCAAFGAME-26SEP12LTLSU-LT,KXNCAAFGAME-26SEP12LTLSU,Louisiana Tech,,no,1336.93,99.0,1323.56,6,2026-09-11T18:22:45+00:00,2026-09-11T18:22:45+00:00,2026-09-14T23:30:00+00:00,77.1,,
2026-09-12T12:23:50+00:00,CFB,KXNCAAFGAME,KXNCAAFGAME-26SEP12LTLSU-LT,KXNCAAFGAME-26SEP12LTLSU,Louisiana Tech,,no,1514.09,99.0,1498.95,1,2026-09-11T22:19:42+00:00,2026-09-11T22:19:42+00:00,2026-09-14T23:30:00+00:00,73.2,,
2026-09-12T12:23:50+00:00,CFB,KXNCAAFGAME,KXNCAAFGAME-26SEP12LTLSU-LT,KXNCAAFGAME-26SEP12LTLSU,Louisiana Tech,,no,2726.58,99.0,2699.31,7,2026-09-12T05:21:26+00:00,2026-09-12T05:21:26+00:00,2026-09-14T23:30:00+00:00,66.1,,
2026-09-12T12:23:50+00:00,CFB,KXNCAAFGAME,KXNCAAFGAME-26SEP12SDSUUCLA-UCLA,KXNCAAFGAME-26SEP12SDSUUCLA,UCLA,,yes,1228.13,82.0,1007.07,3,2026-09-12T02:19:39+00:00,2026-09-12T02:20:33+00:00,2026-09-14T23:15:00+00:00,68.9,80.1,yes
2026-09-12T12:23:50+00:00,CFB,KXNCAAFGAME,KXNCAAFGAME-26SEP12WIUWIS-WIU,KXNCAAFGAME-26SEP12WIUWIS,Western Illinois,,no,2554.52,99.0,2528.97,4,2026-09-11T17:18:12+00:00,2026-09-11T17:18:12+00:00,2026-09-14T23:15:00+00:00,77.9,,
2026-09-12T12:23:50+00:00,CFB,KXNCAAFGAME,KXNCAAFGAME-26SEP12WIUWIS-WIU,KXNCAAFGAME-26SEP12WIUWIS,Western Illinois,,no,4154.9,99.0,4113.35,5,2026-09-12T02:12:59+00:00,2026-09-12T02:12:59+00:00,2026-09-14T23:15:00+00:00,69.0,,
2026-09-12T12:23:50+00:00,CFB,KXNCAAFGAME,KXNCAAFGAME-26SEP12WIUWIS-WIS,KXNCAAFGAME-26SEP12WIUWIS,Wisconsin,,yes,12215.69,99.0,12093.53,6,2026-09-12T02:13:05+00:00,2026-09-12T02:13:05+00:00,2026-09-14T23:15:00+00:00,69.0,,
2026-09-12T12:23:50+00:00,CFB,KXNCAAFGAME,KXNCAAFGAME-26SEP12VALPMURR-MURR,KXNCAAFGAME-26SEP12VALPMURR,Murray St.,,yes,2106.0,81.5,1716.29,13,2026-09-11T23:31:07+00:00,2026-09-11T23:31:22+00:00,2026-09-14T23:00:00+00:00,71.5,,
2026-09-12T12:23:50+00:00,CFB,KXNCAAFGAME,KXNCAAFGAME-26SEP12LINWMOSU-MOSU,KXNCAAFGAME-26SEP12LINWMOSU,Missouri St.,,yes,1140.35,90.0,1026.31,3,2026-09-11T17:28:30+00:00,2026-09-11T17:28:30+00:00,2026-09-14T23:00:00+00:00,77.5,86.4,yes
2026-09-12T12:23:50+00:00,CFB,KXNCAAFGAME,KXNCAAFGAME-26SEP12LINWMOSU-MOSU,KXNCAAFGAME-26SEP12LINWMOSU,Missouri St.,,yes,3366.0,89.0,2995.74,1,2026-09-11T20:16:54+00:00,2026-09-11T20:16:54+00:00,2026-09-14T23:00:00+00:00,74.7,86.4,yes
2026-09-12T12:23:50+00:00,CFB,KXNCAAFGAME,KXNCAAFGAME-26SEP12WCUCIN-CIN,KXNCAAFGAME-26SEP12WCUCIN,Cincinnati,,yes,1615.6,98.0,1583.29,5,2026-09-12T02:15:00+00:00,2026-09-12T02:15:00+00:00,2026-09-14T23:00:00+00:00,68.7,,
2026-09-12T12:23:50+00:00,CFB,KXNCAAFGAME,KXNCAAFGAME-26SEP12NHCSDST-SDST,KXNCAAFGAME-26SEP12NHCSDST,South Dakota St.,,yes,12247.78,99.0,12125.3,12,2026-09-12T02:14:10+00:00,2026-09-12T02:14:10+00:00,2026-09-14T23:00:00+00:00,68.8,,
2026-09-12T12:23:50+00:00,CFB,KXNCAAFGAME,KXNCAAFGAME-26SEP12NHCSDST-NHC,KXNCAAFGAME-26SEP12NHCSDST,New Haven,,no,15380.92,99.0,15227.11,13,2026-09-12T02:14:03+00:00,2026-09-12T02:14:03+00:00,2026-09-14T23:00:00+00:00,68.8,,
2026-09-12T12:23:50+00:00,CFB,KXNCAAFGAME,KXNCAAFGAME-26SEP12NCATNCCU-NCCU,KXNCAAFGAME-26SEP12NCATNCCU,North Carolina Central,,yes,1180.23,93.0,1097.61,4,2026-09-12T05:08:46+00:00,2026-09-12T05:08:46+00:00,2026-09-14T22:00:00+00:00,64.9,,
2026-09-12T12:23:50+00:00,CFB,KXNCAAFGAME,KXNCAAFGAME-26SEP12MEMBSU-BSU,KXNCAAFGAME-26SEP12MEMBSU,Boise St.,,yes,3035.83,76.0,2307.23,2,2026-09-11T14:45:08+00:00,2026-09-11T14:45:08+00:00,2026-09-14T22:00:00+00:00,79.2,74.4,yes
2026-09-12T12:23:50+00:00,CFB,KXNCAAFGAME,KXNCAAFGAME-26SEP12MEMBSU-BSU,KXNCAAFGAME-26SEP12MEMBSU,Boise St.,,yes,2070.47,76.0,1573.56,1,2026-09-12T02:53:48+00:00,2026-09-12T02:53:48+00:00,2026-09-14T22:00:00+00:00,67.1,74.4,yes
2026-09-12T12:23:50+00:00,CFB,KXNCAAFGAME,KXNCAAFGAME-26SEP12MOREPEAY-PEAY,KXNCAAFGAME-26SEP12MOREPEAY,Austin Peay,,yes,1443.52,98.0,1414.65,4,2026-09-12T02:15:20+00:00,2026-09-12T02:15:20+00:00,2026-09-14T21:00:00+00:00,66.7,,
2026-09-12T12:23:50+00:00,CFB,KXNCAAFGAME,KXNCAAFGAME-26SEP12MOREPEAY-PEAY,KXNCAAFGAME-26SEP12MOREPEAY,Austin Peay,,yes,2018.78,99.0,1998.59,1,2026-09-12T04:36:16+00:00,2026-09-12T04:36:16+00:00,2026-09-14T21:00:00+00:00,64.4,,
2026-09-12T12:23:50+00:00,CFB,KXNCAAFGAME,KXNCAAFGAME-26SEP12MOREPEAY-MORE,KXNCAAFGAME-26SEP12MOREPEAY,Morehead St.,,no,1938.06,98.0,1899.3,8,2026-09-11T20:23:14+00:00,2026-09-11T20:23:14+00:00,2026-09-14T21:00:00+00:00,72.6,,
2026-09-12T12:23:50+00:00,CFB,KXNCAAFGAME,KXNCAAFGAME-26SEP12DELVAN-DEL,KXNCAAFGAME-26SEP12DELVAN,Delaware,,no,1500.0,92.0,1380.0,5,2026-09-12T06:40:06+00:00,2026-09-12T06:40:11+00:00,2026-09-14T20:15:00+00:00,61.6,,
2026-09-12T12:23:50+00:00,CFB,KXNCAAFGAME,KXNCAAFGAME-26SEP12UCDSMU-UCD,KXNCAAFGAME-26SEP12UCDSMU,UC Davis,,no,2500.0,97.0,2425.0,8,2026-09-12T06:40:19+00:00,2026-09-12T06:40:22+00:00,2026-09-14T20:00:00+00:00,61.3,,
2026-09-12T12:23:50+00:00,CFB,KXNCAAFGAME,KXNCAAFGAME-26SEP12ULMUAB-UAB,KXNCAAFGAME-26SEP12ULMUAB,UAB,,no,23107.31,24.0,5545.75,6,2026-09-12T01:29:18+00:00,2026-09-12T01:29:18+00:00,2026-09-14T19:30:00+00:00,66.0,,
2026-09-12T12:23:50+00:00,CFB,KXNCAAFGAME,KXNCAAFGAME-26SEP12USUWASH-WASH,KXNCAAFGAME-26SEP12USUWASH,Washington,,yes,4476.0,96.0,4296.96,2,2026-09-11T16:07:30+00:00,2026-09-11T16:07:30+00:00,2026-09-14T19:30:00+00:00,75.4,,
2026-09-12T12:23:50+00:00,CFB,KXNCAAFGAME,KXNCAAFGAME-26SEP12USUWASH-WASH,KXNCAAFGAME-26SEP12USUWASH,Washington,,yes,2537.99,96.0,2436.47,6,2026-09-11T21:06:15+00:00,2026-09-11T21:07:38+00:00,2026-09-14T19:30:00+00:00,70.4,,
2026-09-12T12:23:50+00:00,CFB,KXNCAAFGAME,KXNCAAFGAME-26SEP12RMUAKR-RMU,KXNCAAFGAME-26SEP12RMUAKR,Robert Morris,,no,1222.0,97.0,1185.34,12,2026-09-12T05:55:04+00:00,2026-09-12T05:55:04+00:00,2026-09-14T19:30:00+00:00,61.6,,
2026-09-12T12:23:50+00:00,CFB,KXNCAAFGAME,KXNCAAFGAME-26SEP12CALSYR-CAL,KXNCAAFGAME-26SEP12CALSYR,California,,yes,4684.56,39.0,1826.98,2,2026-09-12T11:58:59+00:00,2026-09-12T12:00:14+00:00,2026-09-14T19:30:00+00:00,55.5,,
2026-09-12T12:23:50+00:00,CFB,KXNCAAFGAME,KXNCAAFGAME-26SEP12CALSYR-CAL,KXNCAAFGAME-26SEP12CALSYR,California,,no,2563.2,61.0,1563.55,7,2026-09-11T14:31:32+00:00,2026-09-11T14:31:32+00:00,2026-09-14T19:30:00+00:00,77.0,,
2026-09-12T12:23:50+00:00,CFB,KXNCAAFGAME,KXNCAAFGAME-26SEP12CCSUTOL-TOL,KXNCAAFGAME-26SEP12CCSUTOL,Toledo,,yes,2838.48,98.0,2781.71,6,2026-09-11T11:45:16+00:00,2026-09-11T11:45:16+00:00,2026-09-14T19:30:00+00:00,79.7,,
2026-09-12T12:23:50+00:00,CFB,KXNCAAFGAME,KXNCAAFGAME-26SEP12CCSUTOL-TOL,KXNCAAFGAME-26SEP12CCSUTOL,Toledo,,yes,2018.78,99.0,1998.59,1,2026-09-12T05:00:24+00:00,2026-09-12T05:00:24+00:00,2026-09-14T19:30:00+00:00,62.5,,
2026-09-12T12:23:50+00:00,CFB,KXNCAAFGAME,KXNCAAFGAME-26SEP12CCSUTOL-CCSU,KXNCAAFGAME-26SEP12CCSUTOL,Central Connecticut St.,,no,3333.0,99.0,3299.67,2,2026-09-12T05:54:39+00:00,2026-09-12T05:54:39+00:00,2026-09-14T19:30:00+00:00,61.6,,
2026-09-12T12:23:50+00:00,CFB,KXNCAAFGAME,KXNCAAFGAME-26SEP12ARIZBYU-BYU,KXNCAAFGAME-26SEP12ARIZBYU,BYU,,yes,2067.44,73.0,1509.23,2,2026-09-12T07:05:26+00:00,2026-09-12T07:05:31+00:00,2026-09-14T19:30:00+00:00,60.4,71.9,yes
2026-09-12T12:23:50+00:00,CFB,KXNCAAFGAME,KXNCAAFGAME-26SEP12MSSTMINN-MSST,KXNCAAFGAME-26SEP12MSSTMINN,Mississippi St.,,yes,7169.0,51.0,3656.19,1,2026-09-11T16:59:43+00:00,2026-09-11T16:59:43+00:00,2026-09-14T19:30:00+00:00,74.5,,
2026-09-12T12:23:50+00:00,CFB,KXNCAAFGAME,KXNCAAFGAME-26SEP12MSSTMINN-MSST,KXNCAAFGAME-26SEP12MSSTMINN,Mississippi St.,,yes,2161.16,51.0,1102.19,6,2026-09-11T17:23:04+00:00,2026-09-11T17:24:03+00:00,2026-09-14T19:30:00+00:00,74.1,,
2026-09-12T12:23:50+00:00,CFB,KXNCAAFGAME,KXNCAAFGAME-26SEP12MSSTMINN-MSST,KXNCAAFGAME-26SEP12MSSTMINN,Mississippi St.,,yes,4001.91,51.0,2040.97,13,2026-09-11T22:30:24+00:00,2026-09-11T22:37:49+00:00,2026-09-14T19:30:00+00:00,69.0,,
2026-09-12T12:23:50+00:00,CFB,KXNCAAFGAME,KXNCAAFGAME-26SEP12MSSTMINN-MSST,KXNCAAFGAME-26SEP12MSSTMINN,Mississippi St.,,yes,3090.71,51.0,1576.26,24,2026-09-12T03:43:36+00:00,2026-09-12T03:52:58+00:00,2026-09-14T19:30:00+00:00,63.8,,
2026-09-12T12:23:50+00:00,CFB,KXNCAAFGAME,KXNCAAFGAME-26SEP12MSSTMINN-MSST,KXNCAAFGAME-26SEP12MSSTMINN,Mississippi St.,,yes,1967.78,51.0,1003.57,3,2026-09-12T05:33:11+00:00,2026-09-12T05:35:19+00:00,2026-09-14T19:30:00+00:00,61.9,,
2026-09-12T12:23:50+00:00,CFB,KXNCAAFGAME,KXNCAAFGAME-26SEP12MSSTMINN-MSST,KXNCAAFGAME-26SEP12MSSTMINN,Mississippi St.,,yes,2043.62,51.0,1042.25,1,2026-09-12T07:50:44+00:00,2026-09-12T07:50:44+00:00,2026-09-14T19:30:00+00:00,59.7,,
2026-09-12T12:23:50+00:00,CFB,KXNCAAFGAME,KXNCAAFGAME-26SEP12MSSTMINN-MSST,KXNCAAFGAME-26SEP12MSSTMINN,Mississippi St.,,yes,3865.51,51.0,1971.41,2,2026-09-12T08:25:21+00:00,2026-09-12T08:26:46+00:00,2026-09-14T19:30:00+00:00,59.1,,
2026-09-12T12:23:50+00:00,CFB,KXNCAAFGAME,KXNCAAFGAME-26SEP12MSSTMINN-MINN,KXNCAAFGAME-26SEP12MSSTMINN,Minnesota,,yes,3188.4,50.0,1594.2,3,2026-09-11T22:22:06+00:00,2026-09-11T22:22:06+00:00,2026-09-14T19:30:00+00:00,69.1,,
2026-09-12T12:23:50+00:00,CFB,KXNCAAFGAME,KXNCAAFGAME-26SEP12MSSTMINN-MINN,KXNCAAFGAME-26SEP12MSSTMINN,Minnesota,,yes,5806.1,50.0,2903.05,2,2026-09-12T00:43:23+00:00,2026-09-12T00:44:26+00:00,2026-09-14T19:30:00+00:00,66.8,,
2026-09-12T12:23:50+00:00,CFB,KXNCAAFGAME,KXNCAAFGAME-26SEP12MSSTMINN-MINN,KXNCAAFGAME-26SEP12MSSTMINN,Minnesota,,yes,6218.32,50.0,3109.16,8,2026-09-12T03:03:43+00:00,2026-09-12T03:07:48+00:00,2026-09-14T19:30:00+00:00,64.4,,
2026-09-12T12:23:50+00:00,CFB,KXNCAAFGAME,KXNCAAFGAME-26SEP12EMUMSU-MSU,KXNCAAFGAME-26SEP12EMUMSU,Michigan St.,,yes,2000.0,89.0,1780.0,2,2026-09-12T07:56:55+00:00,2026-09-12T07:56:59+00:00,2026-09-14T19:30:00+00:00,59.6,86.7,yes
2026-09-12T12:23:50+00:00,CFB,KXNCAAFGAME,KXNCAAFGAME-26SEP12ALAUK-ALA,KXNCAAFGAME-26SEP12ALAUK,Alabama,,yes,4031.18,78.0,3144.32,5,2026-09-11T18:02:45+00:00,2026-09-11T18:04:43+00:00,2026-09-14T19:30:00+00:00,73.5,76.5,yes
2026-09-12T12:23:50+00:00,CFB,KXNCAAFGAME,KXNCAAFGAME-26SEP12ALAUK-ALA,KXNCAAFGAME-26SEP12ALAUK,Alabama,,yes,1322.3,78.0,1031.39,4,2026-09-11T23:52:16+00:00,2026-09-11T23:54:03+00:00,2026-09-14T19:30:00+00:00,67.6,76.5,yes
2026-09-12T12:23:50+00:00,CFB,KXNCAAFGAME,KXNCAAFGAME-26SEP12ALAUK-ALA,KXNCAAFGAME-26SEP12ALAUK,Alabama,,yes,2002.72,78.0,1562.12,16,2026-09-12T05:37:26+00:00,2026-09-12T05:45:56+00:00,2026-09-14T19:30:00+00:00,61.9,76.5,yes
2026-09-12T12:23:50+00:00,CFB,KXNCAAFGAME,KXNCAAFGAME-26SEP12ALAUK-ALA,KXNCAAFGAME-26SEP12ALAUK,Alabama,,yes,2014.42,78.0,1571.25,72,2026-09-12T11:59:00+00:00,2026-09-12T12:23:13+00:00,2026-09-14T19:30:00+00:00,55.5,76.5,yes
2026-09-12T12:23:50+00:00,CFB,KXNCAAFGAME,KXNCAAFGAME-26SEP12WEBCOLO-WEB,KXNCAAFGAME-26SEP12WEBCOLO,Weber St.,,no,3333.0,99.0,3299.67,2,2026-09-12T05:54:08+00:00,2026-09-12T05:54:08+00:00,2026-09-14T19:30:00+00:00,61.6,,
2026-09-12T12:23:50+00:00,CFB,KXNCAAFGAME,KXNCAAFGAME-26SEP12UTUMONT-UTU,KXNCAAFGAME-26SEP12UTUMONT,Utah Tech,,no,8382.43,99.0,8298.61,11,2026-09-12T05:26:25+00:00,2026-09-12T05:26:25+00:00,2026-09-14T19:00:00+00:00,61.6,,
2026-09-12T12:23:50+00:00,CFB,KXNCAAFGAME,KXNCAAFGAME-26SEP12UTUMONT-UTU,KXNCAAFGAME-26SEP12UTUMONT,Utah Tech,,no,2486.07,99.0,2461.21,3,2026-09-12T07:16:53+00:00,2026-09-12T07:16:53+00:00,2026-09-14T19:00:00+00:00,59.7,,
2026-09-12T12:23:50+00:00,CFB,KXNCAAFGAME,KXNCAAFGAME-26SEP12UTUMONT-MONT,KXNCAAFGAME-26SEP12UTUMONT,Montana,,yes,1305.69,98.0,1279.58,2,2026-09-12T00:51:45+00:00,2026-09-12T00:51:45+00:00,2026-09-14T19:00:00+00:00,66.1,,
2026-09-12T12:23:50+00:00,CFB,KXNCAAFGAME,KXNCAAFGAME-26SEP12UTUMONT-MONT,KXNCAAFGAME-26SEP12UTUMONT,Montana,,yes,6056.36,99.0,5995.8,6,2026-09-12T04:33:27+00:00,2026-09-12T04:33:27+00:00,2026-09-14T19:00:00+00:00,62.4,,
2026-09-12T12:23:50+00:00,CFB,KXNCAAFGAME,KXNCAAFGAME-26SEP12UTUMONT-MONT,KXNCAAFGAME-26SEP12UTUMONT,Montana,,yes,2485.0,99.0,2460.15,4,2026-09-12T05:26:29+00:00,2026-09-12T05:26:29+00:00,2026-09-14T19:00:00+00:00,61.6,,
2026-09-12T12:23:50+00:00,CFB,KXNCAAFGAME,KXNCAAFGAME-26SEP12DRKEUNI-UNI,KXNCAAFGAME-26SEP12DRKEUNI,Northern Iowa,,yes,4832.0,81.0,3913.92,2,2026-09-12T03:30:44+00:00,2026-09-12T03:30:44+00:00,2026-09-14T18:00:00+00:00,62.5,,
2026-09-12T12:23:50+00:00,CFB,KXNCAAFGAME,KXNCAAFGAME-26SEP12BUCKVMI-BUCK,KXNCAAFGAME-26SEP12BUCKVMI,Bucknell,,yes,1845.0,74.0,1365.3,7,2026-09-11T15:36:42+00:00,2026-09-11T15:36:42+00:00,2026-09-14T17:30:00+00:00,73.9,,
2026-09-12T12:23:50+00:00,CFB,KXNCAAFGAME,KXNCAAFGAME-26SEP12HCMOH-HC,KXNCAAFGAME-26SEP12HCMOH,Holy Cross,,no,5555.0,98.0,5443.9,4,2026-09-12T05:53:37+00:00,2026-09-12T05:53:37+00:00,2026-09-14T17:00:00+00:00,59.1,,
2026-09-12T12:23:50+00:00,CFB,KXNCAAFGAME,KXNCAAFGAME-26SEP12COLGCMU-COLG,KXNCAAFGAME-26SEP12COLGCMU,Colgate,,yes,18837.5,7.7,1445.12,13,2026-09-11T16:01:45+00:00,2026-09-11T16:01:45+00:00,2026-09-14T17:00:00+00:00,73.0,,
2026-09-12T12:23:50+00:00,CFB,KXNCAAFGAME,KXNCAAFGAME-26SEP12COLGCMU-CMU,KXNCAAFGAME-26SEP12COLGCMU,Central Michigan,,yes,3750.0,94.0,3525.0,4,2026-09-11T15:22:52+00:00,2026-09-11T15:22:52+00:00,2026-09-14T17:00:00+00:00,73.6,,
2026-09-12T12:23:50+00:00,CFB,KXNCAAFGAME,KXNCAAFGAME-26SEP12APPECU-ECU,KXNCAAFGAME-26SEP12APPECU,East Carolina,,yes,4231.36,69.0,2919.64,1,2026-09-12T11:35:03+00:00,2026-09-12T11:35:03+00:00,2026-09-14T16:00:00+00:00,52.4,68.2,yes
2026-09-12T12:23:50+00:00,CFB,KXNCAAFGAME,KXNCAAFGAME-26SEP12WSUKSU-KSU,KXNCAAFGAME-26SEP12WSUKSU,Kansas St.,,yes,2620.27,89.0,2332.04,1,2026-09-12T04:21:47+00:00,2026-09-12T04:21:47+00:00,2026-09-14T16:00:00+00:00,59.6,87.2,yes
2026-09-12T12:23:50+00:00,CFB,KXNCAAFGAME,KXNCAAFGAME-26SEP12ASUTXAM-TXAM,KXNCAAFGAME-26SEP12ASUTXAM,Texas A&M,,yes,14709.23,87.0,12797.03,4,2026-09-11T21:16:33+00:00,2026-09-11T21:17:01+00:00,2026-09-14T16:00:00+00:00,66.7,84.1,yes
2026-09-12T12:23:50+00:00,CFB,KXNCAAFGAME,KXNCAAFGAME-26SEP12ASUTXAM-TXAM,KXNCAAFGAME-26SEP12ASUTXAM,Texas A&M,,yes,2149.99,86.0,1848.99,24,2026-09-12T03:18:19+00:00,2026-09-12T03:29:22+00:00,2026-09-14T16:00:00+00:00,60.7,84.1,yes
2026-09-12T12:23:50+00:00,CFB,KXNCAAFGAME,KXNCAAFGAME-26SEP12ASUTXAM-TXAM,KXNCAAFGAME-26SEP12ASUTXAM,Texas A&M,,yes,1937.18,86.0,1665.97,17,2026-09-12T04:36:47+00:00,2026-09-12T04:44:19+00:00,2026-09-14T16:00:00+00:00,59.4,84.1,yes
2026-09-12T12:23:50+00:00,CFB,KXNCAAFGAME,KXNCAAFGAME-26SEP12ASUTXAM-TXAM,KXNCAAFGAME-26SEP12ASUTXAM,Texas A&M,,yes,1185.73,86.0,1019.73,4,2026-09-12T05:38:51+00:00,2026-09-12T05:40:15+00:00,2026-09-14T16:00:00+00:00,58.4,84.1,yes
2026-09-12T12:23:50+00:00,CFB,KXNCAAFGAME,KXNCAAFGAME-26SEP12ASUTXAM-TXAM,KXNCAAFGAME-26SEP12ASUTXAM,Texas A&M,,yes,1602.55,86.0,1378.19,11,2026-09-12T05:45:54+00:00,2026-09-12T05:50:06+00:00,2026-09-14T16:00:00+00:00,58.2,84.1,yes
2026-09-12T12:23:50+00:00,CFB,KXNCAAFGAME,KXNCAAFGAME-26SEP12ASUTXAM-TXAM,KXNCAAFGAME-26SEP12ASUTXAM,Texas A&M,,yes,2032.82,86.0,1748.23,2,2026-09-12T06:40:41+00:00,2026-09-12T06:41:14+00:00,2026-09-14T16:00:00+00:00,57.3,84.1,yes
2026-09-12T12:23:50+00:00,CFB,KXNCAAFGAME,KXNCAAFGAME-26SEP12ASUTXAM-TXAM,KXNCAAFGAME-26SEP12ASUTXAM,Texas A&M,,yes,1181.79,86.0,1016.34,3,2026-09-12T10:25:43+00:00,2026-09-12T10:26:45+00:00,2026-09-14T16:00:00+00:00,53.6,84.1,yes
2026-09-12T12:23:50+00:00,CFB,KXNCAAFGAME,KXNCAAFGAME-26SEP12ASUTXAM-TXAM,KXNCAAFGAME-26SEP12ASUTXAM,Texas A&M,,yes,2172.36,86.0,1868.23,5,2026-09-12T11:34:26+00:00,2026-09-12T11:36:07+00:00,2026-09-14T16:00:00+00:00,52.4,84.1,yes
2026-09-12T12:23:50+00:00,CFB,KXNCAAFGAME,KXNCAAFGAME-26SEP12ASUTXAM-ASU,KXNCAAFGAME-26SEP12ASUTXAM,Arizona St.,,yes,6751.61,15.0,1012.74,2,2026-09-12T06:39:30+00:00,2026-09-12T06:39:43+00:00,2026-09-14T16:00:00+00:00,57.3,,
2026-09-12T12:23:50+00:00,CFB,KXNCAAFGAME,KXNCAAFGAME-26SEP12ASUTXAM-ASU,KXNCAAFGAME-26SEP12ASUTXAM,Arizona St.,,yes,19210.31,15.0,2881.55,3,2026-09-12T07:25:41+00:00,2026-09-12T07:26:13+00:00,2026-09-14T16:00:00+00:00,56.6,,
2026-09-12T12:23:50+00:00,CFB,KXNCAAFGAME,KXNCAAFGAME-26SEP12ASUTXAM-ASU,KXNCAAFGAME-26SEP12ASUTXAM,Arizona St.,,no,2000.0,86.0,1720.0,4,2026-09-12T06:03:24+00:00,2026-09-12T06:03:26+00:00,2026-09-14T16:00:00+00:00,57.9,,
2026-09-12T12:23:50+00:00,CFB,KXNCAAFGAME,KXNCAAFGAME-26SEP12OREOKST-ORE,KXNCAAFGAME-26SEP12OREOKST,Oregon,,yes,2495.3,94.0,2345.58,3,2026-09-12T02:37:15+00:00,2026-09-12T02:38:51+00:00,2026-09-14T16:00:00+00:00,61.4,,
2026-09-12T12:23:50+00:00,CFB,KXNCAAFGAME,KXNCAAFGAME-26SEP12OREOKST-ORE,KXNCAAFGAME-26SEP12OREOKST,Oregon,,yes,6410.29,94.0,6025.67,3,2026-09-12T03:08:54+00:00,2026-09-12T03:10:42+00:00,2026-09-14T16:00:00+00:00,60.9,,
2026-09-12T12:23:50+00:00,CFB,KXNCAAFGAME,KXNCAAFGAME-26SEP12OREOKST-ORE,KXNCAAFGAME-26SEP12OREOKST,Oregon,,yes,1212.45,94.0,1139.7,14,2026-09-12T03:53:41+00:00,2026-09-12T03:59:00+00:00,2026-09-14T16:00:00+00:00,60.1,,
2026-09-12T12:23:50+00:00,CFB,KXNCAAFGAME,KXNCAAFGAME-26SEP12OREOKST-ORE,KXNCAAFGAME-26SEP12OREOKST,Oregon,,yes,1083.33,94.0,1018.33,4,2026-09-12T04:04:25+00:00,2026-09-12T04:07:02+00:00,2026-09-14T16:00:00+00:00,59.9,,
2026-09-12T12:23:50+00:00,CFB,KXNCAAFGAME,KXNCAAFGAME-26SEP12OREOKST-ORE,KXNCAAFGAME-26SEP12OREOKST,Oregon,,yes,173646.19,94.0,163227.42,16,2026-09-12T04:11:21+00:00,2026-09-12T04:12:27+00:00,2026-09-14T16:00:00+00:00,59.8,,
2026-09-12T12:23:50+00:00,CFB,KXNCAAFGAME,KXNCAAFGAME-26SEP12OREOKST-ORE,KXNCAAFGAME-26SEP12OREOKST,Oregon,,yes,1100.66,94.0,1034.62,7,2026-09-12T04:28:26+00:00,2026-09-12T04:32:59+00:00,2026-09-14T16:00:00+00:00,59.5,,
2026-09-12T12:23:50+00:00,CFB,KXNCAAFGAME,KXNCAAFGAME-26SEP12OREOKST-ORE,KXNCAAFGAME-26SEP12OREOKST,Oregon,,yes,4852.01,94.0,4560.89,14,2026-09-12T05:21:26+00:00,2026-09-12T05:26:20+00:00,2026-09-14T16:00:00+00:00,58.6,,
2026-09-12T12:23:50+00:00,CFB,KXNCAAFGAME,KXNCAAFGAME-26SEP12OREOKST-ORE,KXNCAAFGAME-26SEP12OREOKST,Oregon,,yes,14317.39,94.0,13458.35,11,2026-09-12T05:28:52+00:00,2026-09-12T05:32:24+00:00,2026-09-14T16:00:00+00:00,58.5,,
2026-09-12T12:23:50+00:00,CFB,KXNCAAFGAME,KXNCAAFGAME-26SEP12OREOKST-ORE,KXNCAAFGAME-26SEP12OREOKST,Oregon,,yes,1578.36,94.0,1483.66,5,2026-09-12T06:37:05+00:00,2026-09-12T06:39:37+00:00,2026-09-14T16:00:00+00:00,57.4,,
2026-09-12T12:23:50+00:00,CFB,KXNCAAFGAME,KXNCAAFGAME-26SEP12OREOKST-ORE,KXNCAAFGAME-26SEP12OREOKST,Oregon,,yes,5296.9,94.0,4979.09,3,2026-09-12T07:47:59+00:00,2026-09-12T07:47:59+00:00,2026-09-14T16:00:00+00:00,56.2,,
2026-09-12T12:23:50+00:00,CFB,KXNCAAFGAME,KXNCAAFGAME-26SEP12OREOKST-ORE,KXNCAAFGAME-26SEP12OREOKST,Oregon,,yes,1875.29,94.0,1762.77,7,2026-09-12T08:29:13+00:00,2026-09-12T08:32:37+00:00,2026-09-14T16:00:00+00:00,55.5,,
2026-09-12T12:23:50+00:00,CFB,KXNCAAFGAME,KXNCAAFGAME-26SEP12OREOKST-ORE,KXNCAAFGAME-26SEP12OREOKST,Oregon,,yes,21234.91,94.0,19960.82,5,2026-09-12T10:29:38+00:00,2026-09-12T10:31:44+00:00,2026-09-14T16:00:00+00:00,53.5,,
2026-09-12T12:23:50+00:00,CFB,KXNCAAFGAME,KXNCAAFGAME-26SEP12OREOKST-ORE,KXNCAAFGAME-26SEP12OREOKST,Oregon,,yes,12295.47,94.0,11557.74,12,2026-09-12T10:36:12+00:00,2026-09-12T10:40:11+00:00,2026-09-14T16:00:00+00:00,53.4,,
2026-09-12T12:23:50+00:00,CFB,KXNCAAFGAME,KXNCAAFGAME-26SEP12OREOKST-ORE,KXNCAAFGAME-26SEP12OREOKST,Oregon,,yes,6291.79,94.0,5914.28,49,2026-09-12T11:58:20+00:00,2026-09-12T12:09:53+00:00,2026-09-14T16:00:00+00:00,52.0,,
2026-09-12T12:23:50+00:00,CFB,KXNCAAFGAME,KXNCAAFGAME-26SEP12OREOKST-OKST,KXNCAAFGAME-26SEP12OREOKST,Oklahoma St.,,no,3500.0,94.0,3290.0,8,2026-09-12T06:02:34+00:00,2026-09-12T06:02:42+00:00,2026-09-14T16:00:00+00:00,58.0,,
2026-09-12T12:23:50+00:00,CFB,KXNCAAFGAME,KXNCAAFGAME-26SEP12OREOKST-OKST,KXNCAAFGAME-26SEP12OREOKST,Oklahoma St.,,no,1500.0,94.0,1410.0,3,2026-09-12T06:35:22+00:00,2026-09-12T06:35:23+00:00,2026-09-14T16:00:00+00:00,57.4,,
2026-09-12T12:23:50+00:00,CFB,KXNCAAFGAME,KXNCAAFGAME-26SEP12ETSUUNC-UNC,KXNCAAFGAME-26SEP12ETSUUNC,North Carolina,,yes,11108.37,99.0,10997.29,2,2026-09-12T04:32:02+00:00,2026-09-12T04:32:35+00:00,2026-09-14T16:00:00+00:00,59.5,,
2026-09-12T12:23:50+00:00,CFB,KXNCAAFGAME,KXNCAAFGAME-26SEP12ETSUUNC-UNC,KXNCAAFGAME-26SEP12ETSUUNC,North Carolina,,yes,5555.0,99.0,5499.45,1,2026-09-12T05:52:44+00:00,2026-09-12T05:52:44+00:00,2026-09-14T16:00:00+00:00,58.1,,
2026-09-12T12:23:50+00:00,CFB,KXNCAAFGAME,KXNCAAFGAME-26SEP12PSUTEM-TEM,KXNCAAFGAME-26SEP12PSUTEM,Temple,,no,3500.0,95.0,3325.0,7,2026-09-12T06:03:46+00:00,2026-09-12T06:03:49+00:00,2026-09-14T16:00:00+00:00,57.9,,
2026-09-12T12:23:50+00:00,CFB,KXNCAAFGAME,KXNCAAFGAME-26SEP12PSUTEM-PSU,KXNCAAFGAME-26SEP12PSUTEM,Penn St.,,yes,8917.16,95.0,8471.3,10,2026-09-12T01:05:53+00:00,2026-09-12T01:06:33+00:00,2026-09-14T16:00:00+00:00,62.9,,
2026-09-12T12:23:50+00:00,CFB,KXNCAAFGAME,KXNCAAFGAME-26SEP12PSUTEM-PSU,KXNCAAFGAME-26SEP12PSUTEM,Penn St.,,yes,1488.15,95.0,1413.74,7,2026-09-12T04:07:44+00:00,2026-09-12T04:13:20+00:00,2026-09-14T16:00:00+00:00,59.9,,
2026-09-12T12:23:50+00:00,CFB,KXNCAAFGAME,KXNCAAFGAME-26SEP12PSUTEM-PSU,KXNCAAFGAME-26SEP12PSUTEM,Penn St.,,yes,4796.88,95.0,4557.04,5,2026-09-12T05:28:50+00:00,2026-09-12T05:30:14+00:00,2026-09-14T16:00:00+00:00,58.5,,
2026-09-12T12:23:50+00:00,CFB,KXNCAAFGAME,KXNCAAFGAME-26SEP12PSUTEM-PSU,KXNCAAFGAME-26SEP12PSUTEM,Penn St.,,yes,22028.16,95.0,20926.75,1,2026-09-12T10:28:36+00:00,2026-09-12T10:28:36+00:00,2026-09-14T16:00:00+00:00,53.5,,
2026-09-12T12:23:50+00:00,CFB,KXNCAAFGAME,KXNCAAFGAME-26SEP12PSUTEM-PSU,KXNCAAFGAME-26SEP12PSUTEM,Penn St.,,yes,20979.2,95.0,19930.24,5,2026-09-12T10:36:55+00:00,2026-09-12T10:36:55+00:00,2026-09-14T16:00:00+00:00,53.4,,
2026-09-12T12:23:50+00:00,CFB,KXNCAAFGAME,KXNCAAFGAME-26SEP12PSUTEM-PSU,KXNCAAFGAME-26SEP12PSUTEM,Penn St.,,yes,1766.07,95.0,1677.77,3,2026-09-12T10:43:37+00:00,2026-09-12T10:43:37+00:00,2026-09-14T16:00:00+00:00,53.3,,
2026-09-12T12:23:50+00:00,CFB,KXNCAAFGAME,KXNCAAFGAME-26SEP12ODUVT-VT,KXNCAAFGAME-26SEP12ODUVT,Virginia Tech,,yes,215158.67,91.0,195696.82,31,2026-09-11T22:23:56+00:00,2026-09-11T22:23:56+00:00,2026-09-14T16:00:00+00:00,65.6,88.7,yes
2026-09-12T12:23:50+00:00,CFB,KXNCAAFGAME,KXNCAAFGAME-26SEP12ODUVT-VT,KXNCAAFGAME-26SEP12ODUVT,Virginia Tech,,yes,3276.06,91.0,2981.21,2,2026-09-12T04:29:35+00:00,2026-09-12T04:29:35+00:00,2026-09-14T16:00:00+00:00,59.5,88.7,yes
2026-09-12T12:23:50+00:00,CFB,KXNCAAFGAME,KXNCAAFGAME-26SEP12ODUVT-VT,KXNCAAFGAME-26SEP12ODUVT,Virginia Tech,,yes,3016.08,91.0,2744.63,3,2026-09-12T06:35:21+00:00,2026-09-12T06:36:06+00:00,2026-09-14T16:00:00+00:00,57.4,88.7,yes
2026-09-12T12:23:50+00:00,CFB,KXNCAAFGAME,KXNCAAFGAME-26SEP12ODUVT-VT,KXNCAAFGAME-26SEP12ODUVT,Virginia Tech,,yes,1496.27,91.0,1361.61,8,2026-09-12T12:13:03+00:00,2026-09-12T12:15:39+00:00,2026-09-14T16:00:00+00:00,51.8,88.7,yes
2026-09-12T12:23:50+00:00,CFB,KXNCAAFGAME,KXNCAAFGAME-26SEP12ODUVT-ODU,KXNCAAFGAME-26SEP12ODUVT,Old Dominion,,no,2746.44,90.0,2471.8,2,2026-09-11T22:24:35+00:00,2026-09-11T22:24:35+00:00,2026-09-14T16:00:00+00:00,65.6,,
2026-09-12T12:23:50+00:00,CFB,KXNCAAFGAME,KXNCAAFGAME-26SEP12ODUVT-ODU,KXNCAAFGAME-26SEP12ODUVT,Old Dominion,,no,9407.33,91.0,8560.67,3,2026-09-12T06:40:31+00:00,2026-09-12T06:40:31+00:00,2026-09-14T16:00:00+00:00,57.3,,
2026-09-12T12:23:50+00:00,CFB,KXNCAAFGAME,KXNCAAFGAME-26SEP12USFARMY-ARMY,KXNCAAFGAME-26SEP12USFARMY,Army,,yes,2050.9,60.0,1230.54,1,2026-09-12T03:06:56+00:00,2026-09-12T03:06:56+00:00,2026-09-14T16:00:00+00:00,60.9,60.0,yes
2026-09-12T12:23:50+00:00,CFB,KXNCAAFGAME,KXNCAAFGAME-26SEP12WAKEPUR-PUR,KXNCAAFGAME-26SEP12WAKEPUR,Purdue,,yes,3432.08,42.0,1441.47,3,2026-09-12T09:55:47+00:00,2026-09-12T09:55:47+00:00,2026-09-14T16:00:00+00:00,54.1,,
2026-09-12T12:23:50+00:00,CFB,KXNCAAFGAME,KXNCAAFGAME-26SEP12OSUTEX-TEX,KXNCAAFGAME-26SEP12OSUTEX,Texas,,yes,3001.0,54.0,1620.54,1,2026-09-11T12:05:43+00:00,2026-09-11T12:05:43+00:00,2026-09-14T23:30:00+00:00,83.4,,
2026-09-12T12:23:50+00:00,CFB,KXNCAAFGAME,KXNCAAFGAME-26SEP12OSUTEX-TEX,KXNCAAFGAME-26SEP12OSUTEX,Texas,,yes,2614.06,54.0,1411.59,9,2026-09-11T16:02:59+00:00,2026-09-11T16:07:49+00:00,2026-09-14T23:30:00+00:00,79.5,,
2026-09-12T12:23:50+00:00,CFB,KXNCAAFGAME,KXNCAAFGAME-26SEP12OSUTEX-TEX,KXNCAAFGAME-26SEP12OSUTEX,Texas,,yes,2700.8,54.0,1458.43,6,2026-09-11T16:09:50+00:00,2026-09-11T16:11:34+00:00,2026-09-14T23:30:00+00:00,79.3,,
2026-09-12T12:23:50+00:00,CFB,KXNCAAFGAME,KXNCAAFGAME-26SEP12OSUTEX-TEX,KXNCAAFGAME-26SEP12OSUTEX,Texas,,yes,2929.3,54.0,1581.82,30,2026-09-11T16:13:13+00:00,2026-09-11T16:26:39+00:00,2026-09-14T23:30:00+00:00,79.3,,
2026-09-12T12:23:50+00:00,CFB,KXNCAAFGAME,KXNCAAFGAME-26SEP12OSUTEX-TEX,KXNCAAFGAME-26SEP12OSUTEX,Texas,,yes,2710.12,54.0,1463.46,23,2026-09-11T17:07:07+00:00,2026-09-11T17:20:43+00:00,2026-09-14T23:30:00+00:00,78.4,,
2026-09-12T12:23:50+00:00,CFB,KXNCAAFGAME,KXNCAAFGAME-26SEP12OSUTEX-TEX,KXNCAAFGAME-26SEP12OSUTEX,Texas,,yes,9653.8,54.0,5213.05,27,2026-09-11T18:21:26+00:00,2026-09-11T18:35:28+00:00,2026-09-14T23:30:00+00:00,77.1,,
2026-09-12T12:23:50+00:00,CFB,KXNCAAFGAME,KXNCAAFGAME-26SEP12OSUTEX-TEX,KXNCAAFGAME-26SEP12OSUTEX,Texas,,yes,1870.53,54.0,1010.09,41,2026-09-11T19:11:46+00:00,2026-09-11T19:28:34+00:00,2026-09-14T23:30:00+00:00,76.3,,
2026-09-12T12:23:50+00:00,CFB,KXNCAAFGAME,KXNCAAFGAME-26SEP12OSUTEX-TEX,KXNCAAFGAME-26SEP12OSUTEX,Texas,,yes,3845.17,53.0,2037.94,3,2026-09-11T20:35:34+00:00,2026-09-11T20:36:20+00:00,2026-09-14T23:30:00+00:00,74.9,,
2026-09-12T12:23:50+00:00,CFB,KXNCAAFGAME,KXNCAAFGAME-26SEP12OSUTEX-TEX,KXNCAAFGAME-26SEP12OSUTEX,Texas,,yes,2327.31,53.0,1233.47,13,2026-09-11T20:40:02+00:00,2026-09-11T20:48:05+00:00,2026-09-14T23:30:00+00:00,74.8,,
2026-09-12T12:23:50+00:00,CFB,KXNCAAFGAME,KXNCAAFGAME-26SEP12OSUTEX-TEX,KXNCAAFGAME-26SEP12OSUTEX,Texas,,yes,4645.42,53.0,2462.07,11,2026-09-11T21:12:03+00:00,2026-09-11T21:16:27+00:00,2026-09-14T23:30:00+00:00,74.3,,
2026-09-12T12:23:50+00:00,CFB,KXNCAAFGAME,KXNCAAFGAME-26SEP12OSUTEX-TEX,KXNCAAFGAME-26SEP12OSUTEX,Texas,,yes,3081.71,53.0,1633.31,8,2026-09-11T21:22:04+00:00,2026-09-11T21:25:31+00:00,2026-09-14T23:30:00+00:00,74.1,,
2026-09-12T12:23:50+00:00,CFB,KXNCAAFGAME,KXNCAAFGAME-26SEP12OSUTEX-TEX,KXNCAAFGAME-26SEP12OSUTEX,Texas,,yes,2197.75,53.0,1164.81,34,2026-09-11T21:37:33+00:00,2026-09-11T21:51:34+00:00,2026-09-14T23:30:00+00:00,73.9,,
2026-09-12T12:23:50+00:00,CFB,KXNCAAFGAME,KXNCAAFGAME-26SEP12OSUTEX-TEX,KXNCAAFGAME-26SEP12OSUTEX,Texas,,yes,5073.06,53.0,2688.72,3,2026-09-11T22:17:48+00:00,2026-09-11T22:18:32+00:00,2026-09-14T23:30:00+00:00,73.2,,
2026-09-12T12:23:50+00:00,CFB,KXNCAAFGAME,KXNCAAFGAME-26SEP12OSUTEX-TEX,KXNCAAFGAME-26SEP12OSUTEX,Texas,,yes,2800.48,53.0,1484.25,40,2026-09-11T22:20:07+00:00,2026-09-11T22:33:57+00:00,2026-09-14T23:30:00+00:00,73.2,,
2026-09-12T12:23:50+00:00,CFB,KXNCAAFGAME,KXNCAAFGAME-26SEP12OSUTEX-TEX,KXNCAAFGAME-26SEP12OSUTEX,Texas,,yes,6908.71,53.0,3661.62,74,2026-09-11T22:35:36+00:00,2026-09-11T23:05:45+00:00,2026-09-14T23:30:00+00:00,72.9,,
2026-09-12T12:23:50+00:00,CFB,KXNCAAFGAME,KXNCAAFGAME-26SEP12OSUTEX-TEX,KXNCAAFGAME-26SEP12OSUTEX,Texas,,yes,4492.86,53.0,2381.22,16,2026-09-11T23:18:37+00:00,2026-09-11T23:25:00+00:00,2026-09-14T23:30:00+00:00,72.2,,
2026-09-12T12:23:50+00:00,CFB,KXNCAAFGAME,KXNCAAFGAME-26SEP12OSUTEX-TEX,KXNCAAFGAME-26SEP12OSUTEX,Texas,,yes,3454.84,53.0,1831.07,52,2026-09-11T23:26:57+00:00,2026-09-11T23:43:03+00:00,2026-09-14T23:30:00+00:00,72.1,,
2026-09-12T12:23:50+00:00,CFB,KXNCAAFGAME,KXNCAAFGAME-26SEP12OSUTEX-TEX,KXNCAAFGAME-26SEP12OSUTEX,Texas,,yes,8581.53,53.0,4548.21,67,2026-09-11T23:59:00+00:00,2026-09-12T00:30:16+00:00,2026-09-14T23:30:00+00:00,71.5,,
2026-09-12T12:23:50+00:00,CFB,KXNCAAFGAME,KXNCAAFGAME-26SEP12OSUTEX-TEX,KXNCAAFGAME-26SEP12OSUTEX,Texas,,yes,2249.54,53.0,1192.26,25,2026-09-12T00:32:13+00:00,2026-09-12T00:39:58+00:00,2026-09-14T23:30:00+00:00,71.0,,
2026-09-12T12:23:50+00:00,CFB,KXNCAAFGAME,KXNCAAFGAME-26SEP12OSUTEX-TEX,KXNCAAFGAME-26SEP12OSUTEX,Texas,,yes,6928.19,53.0,3671.94,23,2026-09-12T00:50:10+00:00,2026-09-12T00:57:03+00:00,2026-09-14T23:30:00+00:00,70.7,,
2026-09-12T12:23:50+00:00,CFB,KXNCAAFGAME,KXNCAAFGAME-26SEP12OSUTEX-TEX,KXNCAAFGAME-26SEP12OSUTEX,Texas,,yes,3317.39,53.0,1758.22,36,2026-09-12T00:59:02+00:00,2026-09-12T01:11:17+00:00,2026-09-14T23:30:00+00:00,70.5,,
2026-09-12T12:23:50+00:00,CFB,KXNCAAFGAME,KXNCAAFGAME-26SEP12OSUTEX-TEX,KXNCAAFGAME-26SEP12OSUTEX,Texas,,yes,29519.62,53.0,15645.4,174,2026-09-12T01:13:19+00:00,2026-09-12T02:19:43+00:00,2026-09-14T23:30:00+00:00,70.3,,
2026-09-12T12:23:50+00:00,CFB,KXNCAAFGAME,KXNCAAFGAME-26SEP12OSUTEX-TEX,KXNCAAFGAME-26SEP12OSUTEX,Texas,,yes,48074.76,53.0,25479.62,367,2026-09-12T02:21:28+00:00,2026-09-12T04:12:12+00:00,2026-09-14T23:30:00+00:00,69.1,,
2026-09-12T12:23:50+00:00,CFB,KXNCAAFGAME,KXNCAAFGAME-26SEP12OSUTEX-TEX,KXNCAAFGAME-26SEP12OSUTEX,Texas,,yes,81080.39,53.0,42972.61,284,2026-09-12T04:14:26+00:00,2026-09-12T05:14:51+00:00,2026-09-14T23:30:00+00:00,67.3,,
2026-09-12T12:23:50+00:00,CFB,KXNCAAFGAME,KXNCAAFGAME-26SEP12OSUTEX-TEX,KXNCAAFGAME-26SEP12OSUTEX,Texas,,yes,7019.44,53.0,3720.3,66,2026-09-12T05:16:30+00:00,2026-09-12T05:31:41+00:00,2026-09-14T23:30:00+00:00,66.2,,
2026-09-12T12:23:50+00:00,CFB,KXNCAAFGAME,KXNCAAFGAME-26SEP12OSUTEX-TEX,KXNCAAFGAME-26SEP12OSUTEX,Texas,,yes,8590.6,53.0,4553.02,10,2026-09-12T05:33:13+00:00,2026-09-12T05:35:50+00:00,2026-09-14T23:30:00+00:00,65.9,,
2026-09-12T12:23:50+00:00,CFB,KXNCAAFGAME,KXNCAAFGAME-26SEP12OSUTEX-TEX,KXNCAAFGAME-26SEP12OSUTEX,Texas,,yes,5646.44,53.0,2992.61,58,2026-09-12T05:38:04+00:00,2026-09-12T05:55:47+00:00,2026-09-14T23:30:00+00:00,65.9,,
2026-09-12T12:23:50+00:00,CFB,KXNCAAFGAME,KXNCAAFGAME-26SEP12OSUTEX-TEX,KXNCAAFGAME-26SEP12OSUTEX,Texas,,yes,5579.06,53.0,2956.9,34,2026-09-12T05:57:38+00:00,2026-09-12T06:05:52+00:00,2026-09-14T23:30:00+00:00,65.5,,
2026-09-12T12:23:50+00:00,CFB,KXNCAAFGAME,KXNCAAFGAME-26SEP12OSUTEX-TEX,KXNCAAFGAME-26SEP12OSUTEX,Texas,,yes,5454.66,53.0,2890.97,48,2026-09-12T06:08:16+00:00,2026-09-12T06:25:57+00:00,2026-09-14T23:30:00+00:00,65.4,,
2026-09-12T12:23:50+00:00,CFB,KXNCAAFGAME,KXNCAAFGAME-26SEP12OSUTEX-TEX,KXNCAAFGAME-26SEP12OSUTEX,Texas,,yes,9760.5,53.0,5173.06,13,2026-09-12T07:08:54+00:00,2026-09-12T07:14:51+00:00,2026-09-14T23:30:00+00:00,64.4,,
2026-09-12T12:23:50+00:00,CFB,KXNCAAFGAME,KXNCAAFGAME-26SEP12OSUTEX-TEX,KXNCAAFGAME-26SEP12OSUTEX,Texas,,yes,3574.98,53.0,1894.74,30,2026-09-12T07:16:38+00:00,2026-09-12T07:27:08+00:00,2026-09-14T23:30:00+00:00,64.2,,
2026-09-12T12:23:50+00:00,CFB,KXNCAAFGAME,KXNCAAFGAME-26SEP12OSUTEX-TEX,KXNCAAFGAME-26SEP12OSUTEX,Texas,,yes,2239.74,53.0,1187.06,8,2026-09-12T08:11:42+00:00,2026-09-12T08:15:27+00:00,2026-09-14T23:30:00+00:00,63.3,,
2026-09-12T12:23:50+00:00,CFB,KXNCAAFGAME,KXNCAAFGAME-26SEP12OSUTEX-TEX,KXNCAAFGAME-26SEP12OSUTEX,Texas,,yes,3686.04,53.0,1953.6,17,2026-09-12T08:47:27+00:00,2026-09-12T08:59:25+00:00,2026-09-14T23:30:00+00:00,62.7,,
2026-09-12T12:23:50+00:00,CFB,KXNCAAFGAME,KXNCAAFGAME-26SEP12OSUTEX-TEX,KXNCAAFGAME-26SEP12OSUTEX,Texas,,yes,2410.83,53.0,1277.74,10,2026-09-12T09:08:24+00:00,2026-09-12T09:12:56+00:00,2026-09-14T23:30:00+00:00,62.4,,
2026-09-12T12:23:50+00:00,CFB,KXNCAAFGAME,KXNCAAFGAME-26SEP12OSUTEX-TEX,KXNCAAFGAME-26SEP12OSUTEX,Texas,,yes,3336.75,53.0,1768.48,25,2026-09-12T09:35:07+00:00,2026-09-12T09:47:43+00:00,2026-09-14T23:30:00+00:00,61.9,,
2026-09-12T12:23:50+00:00,CFB,KXNCAAFGAME,KXNCAAFGAME-26SEP12OSUTEX-TEX,KXNCAAFGAME-26SEP12OSUTEX,Texas,,yes,2340.54,53.0,1240.49,21,2026-09-12T10:07:50+00:00,2026-09-12T10:18:47+00:00,2026-09-14T23:30:00+00:00,61.4,,
2026-09-12T12:23:50+00:00,CFB,KXNCAAFGAME,KXNCAAFGAME-26SEP12OSUTEX-TEX,KXNCAAFGAME-26SEP12OSUTEX,Texas,,yes,9688.26,53.0,5134.78,16,2026-09-12T10:40:18+00:00,2026-09-12T10:49:16+00:00,2026-09-14T23:30:00+00:00,60.8,,
2026-09-12T12:23:50+00:00,CFB,KXNCAAFGAME,KXNCAAFGAME-26SEP12OSUTEX-TEX,KXNCAAFGAME-26SEP12OSUTEX,Texas,,yes,3681.28,53.0,1951.08,41,2026-09-12T10:56:01+00:00,2026-09-12T11:15:53+00:00,2026-09-14T23:30:00+00:00,60.6,,
2026-09-12T12:23:50+00:00,CFB,KXNCAAFGAME,KXNCAAFGAME-26SEP12OSUTEX-TEX,KXNCAAFGAME-26SEP12OSUTEX,Texas,,yes,2132.67,53.0,1130.32,28,2026-09-12T11:21:03+00:00,2026-09-12T11:31:09+00:00,2026-09-14T23:30:00+00:00,60.1,,
2026-09-12T12:23:50+00:00,CFB,KXNCAAFGAME,KXNCAAFGAME-26SEP12OSUTEX-TEX,KXNCAAFGAME-26SEP12OSUTEX,Texas,,yes,10104.04,53.0,5355.14,86,2026-09-12T12:02:20+00:00,2026-09-12T12:24:40+00:00,2026-09-14T23:30:00+00:00,59.5,,
2026-09-12T12:23:50+00:00,CFB,KXNCAAFGAME,KXNCAAFGAME-26SEP12OSUTEX-TEX,KXNCAAFGAME-26SEP12OSUTEX,Texas,,no,7176.32,47.0,3372.87,2,2026-09-11T17:10:44+00:00,2026-09-11T17:10:44+00:00,2026-09-14T23:30:00+00:00,78.3,,
2026-09-12T12:23:50+00:00,CFB,KXNCAAFGAME,KXNCAAFGAME-26SEP12OSUTEX-TEX,KXNCAAFGAME-26SEP12OSUTEX,Texas,,no,8771.0,47.0,4122.37,1,2026-09-11T18:29:31+00:00,2026-09-11T18:29:31+00:00,2026-09-14T23:30:00+00:00,77.0,,
2026-09-12T12:23:50+00:00,CFB,KXNCAAFGAME,KXNCAAFGAME-26SEP12OSUTEX-TEX,KXNCAAFGAME-26SEP12OSUTEX,Texas,,no,9100.47,47.0,4277.22,9,2026-09-11T19:31:17+00:00,2026-09-11T19:31:17+00:00,2026-09-14T23:30:00+00:00,76.0,,
2026-09-12T12:23:50+00:00,CFB,KXNCAAFGAME,KXNCAAFGAME-26SEP12OSUTEX-TEX,KXNCAAFGAME-26SEP12OSUTEX,Texas,,no,12558.59,48.0,6028.12,4,2026-09-11T22:49:17+00:00,2026-09-11T22:49:17+00:00,2026-09-14T23:30:00+00:00,72.7,,
2026-09-12T12:23:50+00:00,CFB,KXNCAAFGAME,KXNCAAFGAME-26SEP12OSUTEX-OSU,KXNCAAFGAME-26SEP12OSUTEX,Ohio St.,,yes,2594.31,48.0,1245.27,26,2026-09-11T14:09:31+00:00,2026-09-11T14:19:27+00:00,2026-09-14T23:30:00+00:00,81.3,,
2026-09-12T12:23:50+00:00,CFB,KXNCAAFGAME,KXNCAAFGAME-26SEP12OSUTEX-OSU,KXNCAAFGAME-26SEP12OSUTEX,Ohio St.,,yes,3585.18,48.0,1720.89,45,2026-09-11T14:42:03+00:00,2026-09-11T15:01:23+00:00,2026-09-14T23:30:00+00:00,80.8,,
2026-09-12T12:23:50+00:00,CFB,KXNCAAFGAME,KXNCAAFGAME-26SEP12OSUTEX-OSU,KXNCAAFGAME-26SEP12OSUTEX,Ohio St.,,yes,4927.0,48.0,2364.96,18,2026-09-11T15:33:07+00:00,2026-09-11T15:38:06+00:00,2026-09-14T23:30:00+00:00,79.9,,
2026-09-12T12:23:50+00:00,CFB,KXNCAAFGAME,KXNCAAFGAME-26SEP12OSUTEX-OSU,KXNCAAFGAME-26SEP12OSUTEX,Ohio St.,,yes,5092.74,48.0,2444.52,52,2026-09-11T15:45:42+00:00,2026-09-11T16:09:43+00:00,2026-09-14T23:30:00+00:00,79.7,,
2026-09-12T12:23:50+00:00,CFB,KXNCAAFGAME,KXNCAAFGAME-26SEP12OSUTEX-OSU,KXNCAAFGAME-26SEP12OSUTEX,Ohio St.,,yes,4479.53,48.0,2150.17,44,2026-09-11T16:13:50+00:00,2026-09-11T16:30:23+00:00,2026-09-14T23:30:00+00:00,79.3,,
2026-09-12T12:23:50+00:00,CFB,KXNCAAFGAME,KXNCAAFGAME-26SEP12OSUTEX-OSU,KXNCAAFGAME-26SEP12OSUTEX,Ohio St.,,yes,3155.87,48.0,1514.82,53,2026-09-11T16:40:18+00:00,2026-09-11T16:59:04+00:00,2026-09-14T23:30:00+00:00,78.8,,
2026-09-12T12:23:50+00:00,CFB,KXNCAAFGAME,KXNCAAFGAME-26SEP12OSUTEX-OSU,KXNCAAFGAME-26SEP12OSUTEX,Ohio St.,,yes,4329.46,48.0,2078.14,75,2026-09-11T17:01:06+00:00,2026-09-11T17:28:48+00:00,2026-09-14T23:30:00+00:00,78.5,,
2026-09-12T12:23:50+00:00,CFB,KXNCAAFGAME,KXNCAAFGAME-26SEP12OSUTEX-OSU,KXNCAAFGAME-26SEP12OSUTEX,Ohio St.,,yes,2580.94,48.0,1238.85,40,2026-09-11T17:46:59+00:00,2026-09-11T18:00:34+00:00,2026-09-14T23:30:00+00:00,77.7,,
2026-09-12T12:23:50+00:00,CFB,KXNCAAFGAME,KXNCAAFGAME-26SEP12OSUTEX-OSU,KXNCAAFGAME-26SEP12OSUTEX,Ohio St.,,yes,2506.81,48.0,1203.27,52,2026-09-11T18:02:25+00:00,2026-09-11T18:20:59+00:00,2026-09-14T23:30:00+00:00,77.5,,
2026-09-12T12:23:50+00:00,CFB,KXNCAAFGAME,KXNCAAFGAME-26SEP12OSUTEX-OSU,KXNCAAFGAME-26SEP12OSUTEX,Ohio St.,,yes,2112.42,48.0,1013.96,42,2026-09-11T18:28:49+00:00,2026-09-11T18:44:10+00:00,2026-09-14T23:30:00+00:00,77.0,,
2026-09-12T12:23:50+00:00,CFB,KXNCAAFGAME,KXNCAAFGAME-26SEP12OSUTEX-OSU,KXNCAAFGAME-26SEP12OSUTEX,Ohio St.,,yes,3522.09,48.0,1690.6,40,2026-09-11T19:11:08+00:00,2026-09-11T19:26:28+00:00,2026-09-14T23:30:00+00:00,76.3,,
2026-09-12T12:23:50+00:00,CFB,KXNCAAFGAME,KXNCAAFGAME-26SEP12OSUTEX-OSU,KXNCAAFGAME-26SEP12OSUTEX,Ohio St.,,yes,2874.44,48.0,1379.73,69,2026-09-11T19:28:03+00:00,2026-09-11T19:52:43+00:00,2026-09-14T23:30:00+00:00,76.0,,
2026-09-12T12:23:50+00:00,CFB,KXNCAAFGAME,KXNCAAFGAME-26SEP12OSUTEX-OSU,KXNCAAFGAME-26SEP12OSUTEX,Ohio St.,,yes,5670.83,48.0,2722.0,69,2026-09-11T19:56:59+00:00,2026-09-11T20:24:08+00:00,2026-09-14T23:30:00+00:00,75.6,,
2026-09-12T12:23:50+00:00,CFB,KXNCAAFGAME,KXNCAAFGAME-26SEP12OSUTEX-OSU,KXNCAAFGAME-26SEP12OSUTEX,Ohio St.,,yes,5790.24,48.0,2779.32,84,2026-09-11T20:25:53+00:00,2026-09-11T20:57:16+00:00,2026-09-14T23:30:00+00:00,75.1,,
2026-09-12T12:23:50+00:00,CFB,KXNCAAFGAME,KXNCAAFGAME-26SEP12OSUTEX-OSU,KXNCAAFGAME-26SEP12OSUTEX,Ohio St.,,yes,6083.78,48.0,2920.21,70,2026-09-11T20:59:31+00:00,2026-09-11T21:20:54+00:00,2026-09-14T23:30:00+00:00,74.5,,
2026-09-12T12:23:50+00:00,CFB,KXNCAAFGAME,KXNCAAFGAME-26SEP12OSUTEX-OSU,KXNCAAFGAME-26SEP12OSUTEX,Ohio St.,,yes,2205.14,48.0,1058.47,60,2026-09-11T21:22:56+00:00,2026-09-11T21:42:19+00:00,2026-09-14T23:30:00+00:00,74.1,,
2026-09-12T12:23:50+00:00,CFB,KXNCAAFGAME,KXNCAAFGAME-26SEP12OSUTEX-OSU,KXNCAAFGAME-26SEP12OSUTEX,Ohio St.,,yes,2761.54,48.0,1325.54,46,2026-09-11T21:43:55+00:00,2026-09-11T21:58:13+00:00,2026-09-14T23:30:00+00:00,73.8,,
2026-09-12T12:23:50+00:00,CFB,KXNCAAFGAME,KXNCAAFGAME-26SEP12OSUTEX-OSU,KXNCAAFGAME-26SEP12OSUTEX,Ohio St.,,yes,9066.74,48.0,4352.04,155,2026-09-11T22:16:23+00:00,2026-09-11T23:00:05+00:00,2026-09-14T23:30:00+00:00,73.2,,
2026-09-12T12:23:50+00:00,CFB,KXNCAAFGAME,KXNCAAFGAME-26SEP12OSUTEX-OSU,KXNCAAFGAME-26SEP12OSUTEX,Ohio St.,,yes,7718.41,48.0,3704.84,91,2026-09-11T23:01:35+00:00,2026-09-11T23:27:26+00:00,2026-09-14T23:30:00+00:00,72.5,,
2026-09-12T12:23:50+00:00,CFB,KXNCAAFGAME,KXNCAAFGAME-26SEP12OSUTEX-OSU,KXNCAAFGAME-26SEP12OSUTEX,Ohio St.,,yes,18091.34,48.0,8683.84,194,2026-09-11T23:29:00+00:00,2026-09-12T00:24:48+00:00,2026-09-14T23:30:00+00:00,72.0,,
2026-09-12T12:23:50+00:00,CFB,KXNCAAFGAME,KXNCAAFGAME-26SEP12OSUTEX-OSU,KXNCAAFGAME-26SEP12OSUTEX,Ohio St.,,yes,16246.08,48.0,7798.12,266,2026-09-12T00:35:36+00:00,2026-09-12T01:43:48+00:00,2026-09-14T23:30:00+00:00,70.9,,
2026-09-12T12:23:50+00:00,CFB,KXNCAAFGAME,KXNCAAFGAME-26SEP12OSUTEX-OSU,KXNCAAFGAME-26SEP12OSUTEX,Ohio St.,,yes,150383.29,48.0,72183.98,1318,2026-09-12T01:45:42+00:00,2026-09-12T06:12:05+00:00,2026-09-14T23:30:00+00:00,69.7,,
2026-09-12T12:23:50+00:00,CFB,KXNCAAFGAME,KXNCAAFGAME-26SEP12OSUTEX-OSU,KXNCAAFGAME-26SEP12OSUTEX,Ohio St.,,yes,5123.48,48.0,2459.27,42,2026-09-12T06:13:35+00:00,2026-09-12T06:29:55+00:00,2026-09-14T23:30:00+00:00,65.3,,
2026-09-12T12:23:50+00:00,CFB,KXNCAAFGAME,KXNCAAFGAME-26SEP12OSUTEX-OSU,KXNCAAFGAME-26SEP12OSUTEX,Ohio St.,,yes,3663.86,48.0,1758.65,29,2026-09-12T06:31:39+00:00,2026-09-12T06:40:41+00:00,2026-09-14T23:30:00+00:00,65.0,,
2026-09-12T12:23:50+00:00,CFB,KXNCAAFGAME,KXNCAAFGAME-26SEP12OSUTEX-OSU,KXNCAAFGAME-26SEP12OSUTEX,Ohio St.,,yes,9514.82,48.0,4567.11,98,2026-09-12T06:43:52+00:00,2026-09-12T07:23:54+00:00,2026-09-14T23:30:00+00:00,64.8,,
2026-09-12T12:23:50+00:00,CFB,KXNCAAFGAME,KXNCAAFGAME-26SEP12OSUTEX-OSU,KXNCAAFGAME-26SEP12OSUTEX,Ohio St.,,yes,2121.63,48.0,1018.38,26,2026-09-12T08:09:29+00:00,2026-09-12T08:24:17+00:00,2026-09-14T23:30:00+00:00,63.3,,
2026-09-12T12:23:50+00:00,CFB,KXNCAAFGAME,KXNCAAFGAME-26SEP12OSUTEX-OSU,KXNCAAFGAME-26SEP12OSUTEX,Ohio St.,,yes,2714.09,48.0,1302.76,43,2026-09-12T09:34:42+00:00,2026-09-12T09:59:46+00:00,2026-09-14T23:30:00+00:00,61.9,,
2026-09-12T12:23:50+00:00,CFB,KXNCAAFGAME,KXNCAAFGAME-26SEP12OSUTEX-OSU,KXNCAAFGAME-26SEP12OSUTEX,Ohio St.,,yes,3622.38,48.0,1738.74,52,2026-09-12T10:45:25+00:00,2026-09-12T11:04:44+00:00,2026-09-14T23:30:00+00:00,60.7,,
2026-09-12T12:23:50+00:00,CFB,KXNCAAFGAME,KXNCAAFGAME-26SEP12OSUTEX-OSU,KXNCAAFGAME-26SEP12OSUTEX,Ohio St.,,yes,3191.45,48.0,1531.9,42,2026-09-12T11:06:37+00:00,2026-09-12T11:20:01+00:00,2026-09-14T23:30:00+00:00,60.4,,
2026-09-12T12:23:50+00:00,CFB,KXNCAAFGAME,KXNCAAFGAME-26SEP12OSUTEX-OSU,KXNCAAFGAME-26SEP12OSUTEX,Ohio St.,,yes,18234.91,48.0,8752.76,267,2026-09-12T11:22:14+00:00,2026-09-12T12:24:53+00:00,2026-09-14T23:30:00+00:00,60.1,,
2026-09-12T12:23:50+00:00,CFB,KXNCAAFGAME,KXNCAAFGAME-26SEP12OSUTEX-OSU,KXNCAAFGAME-26SEP12OSUTEX,Ohio St.,,no,9133.47,53.0,4840.74,1,2026-09-12T01:12:49+00:00,2026-09-12T01:12:49+00:00,2026-09-14T23:30:00+00:00,70.3,,
2026-09-12T12:23:50+00:00,CFB,KXNCAAFGAME,KXNCAAFGAME-26SEP12OSUTEX-OSU,KXNCAAFGAME-26SEP12OSUTEX,Ohio St.,,no,2373.73,53.0,1258.08,2,2026-09-12T01:45:27+00:00,2026-09-12T01:46:26+00:00,2026-09-14T23:30:00+00:00,69.7,,
2026-09-12T12:23:50+00:00,CFB,KXNCAAFGAME,KXNCAAFGAME-26SEP12OKLAMICH-OKLA,KXNCAAFGAME-26SEP12OKLAMICH,Oklahoma,,yes,3000.0,66.0,1980.0,1,2026-09-11T12:09:07+00:00,2026-09-11T12:09:07+00:00,2026-09-14T16:00:00+00:00,75.8,65.2,yes
2026-09-12T12:23:50+00:00,CFB,KXNCAAFGAME,KXNCAAFGAME-26SEP12OKLAMICH-OKLA,KXNCAAFGAME-26SEP12OKLAMICH,Oklahoma,,yes,2476.35,66.0,1634.39,17,2026-09-11T13:05:41+00:00,2026-09-11T13:12:59+00:00,2026-09-14T16:00:00+00:00,74.9,65.2,yes
2026-09-12T12:23:50+00:00,CFB,KXNCAAFGAME,KXNCAAFGAME-26SEP12OKLAMICH-OKLA,KXNCAAFGAME-26SEP12OKLAMICH,Oklahoma,,yes,2460.23,66.0,1623.75,31,2026-09-11T14:04:17+00:00,2026-09-11T14:19:00+00:00,2026-09-14T16:00:00+00:00,73.9,65.2,yes
2026-09-12T12:23:50+00:00,CFB,KXNCAAFGAME,KXNCAAFGAME-26SEP12OKLAMICH-OKLA,KXNCAAFGAME-26SEP12OKLAMICH,Oklahoma,,yes,2992.19,66.0,1974.85,3,2026-09-11T15:09:17+00:00,2026-09-11T15:10:22+00:00,2026-09-14T16:00:00+00:00,72.8,65.2,yes
2026-09-12T12:23:50+00:00,CFB,KXNCAAFGAME,KXNCAAFGAME-26SEP12OKLAMICH-OKLA,KXNCAAFGAME-26SEP12OKLAMICH,Oklahoma,,yes,1517.03,66.0,1001.24,43,2026-09-11T16:15:28+00:00,2026-09-11T16:33:49+00:00,2026-09-14T16:00:00+00:00,71.7,65.2,yes
2026-09-12T12:23:50+00:00,CFB,KXNCAAFGAME,KXNCAAFGAME-26SEP12OKLAMICH-OKLA,KXNCAAFGAME-26SEP12OKLAMICH,Oklahoma,,yes,2845.8,66.0,1878.23,16,2026-09-11T17:23:30+00:00,2026-09-11T17:30:17+00:00,2026-09-14T16:00:00+00:00,70.6,65.2,yes
2026-09-12T12:23:50+00:00,CFB,KXNCAAFGAME,KXNCAAFGAME-26SEP12OKLAMICH-OKLA,KXNCAAFGAME-26SEP12OKLAMICH,Oklahoma,,yes,10716.21,66.0,7072.7,8,2026-09-11T17:57:07+00:00,2026-09-11T18:00:22+00:00,2026-09-14T16:00:00+00:00,70.0,65.2,yes
2026-09-12T12:23:50+00:00,CFB,KXNCAAFGAME,KXNCAAFGAME-26SEP12OKLAMICH-OKLA,KXNCAAFGAME-26SEP12OKLAMICH,Oklahoma,,yes,3700.79,66.0,2442.52,39,2026-09-11T20:34:08+00:00,2026-09-11T20:49:44+00:00,2026-09-14T16:00:00+00:00,67.4,65.2,yes
2026-09-12T12:23:50+00:00,CFB,KXNCAAFGAME,KXNCAAFGAME-26SEP12OKLAMICH-OKLA,KXNCAAFGAME-26SEP12OKLAMICH,Oklahoma,,yes,5504.37,66.0,3632.88,65,2026-09-11T20:51:32+00:00,2026-09-11T21:15:56+00:00,2026-09-14T16:00:00+00:00,67.1,65.2,yes
2026-09-12T12:23:50+00:00,CFB,KXNCAAFGAME,KXNCAAFGAME-26SEP12OKLAMICH-OKLA,KXNCAAFGAME-26SEP12OKLAMICH,Oklahoma,,yes,2140.62,66.0,1412.81,5,2026-09-11T21:17:47+00:00,2026-09-11T21:19:00+00:00,2026-09-14T16:00:00+00:00,66.7,65.2,yes
2026-09-12T12:23:50+00:00,CFB,KXNCAAFGAME,KXNCAAFGAME-26SEP12OKLAMICH-OKLA,KXNCAAFGAME-26SEP12OKLAMICH,Oklahoma,,yes,8945.05,66.0,5903.73,151,2026-09-11T21:48:44+00:00,2026-09-11T22:40:13+00:00,2026-09-14T16:00:00+00:00,66.2,65.2,yes
2026-09-12T12:23:50+00:00,CFB,KXNCAAFGAME,KXNCAAFGAME-26SEP12OKLAMICH-OKLA,KXNCAAFGAME-26SEP12OKLAMICH,Oklahoma,,yes,2802.72,66.0,1849.8,76,2026-09-11T22:41:56+00:00,2026-09-11T23:12:41+00:00,2026-09-14T16:00:00+00:00,65.3,65.2,yes
2026-09-12T12:23:50+00:00,CFB,KXNCAAFGAME,KXNCAAFGAME-26SEP12OKLAMICH-OKLA,KXNCAAFGAME-26SEP12OKLAMICH,Oklahoma,,yes,2315.43,66.0,1528.18,50,2026-09-11T23:16:06+00:00,2026-09-11T23:31:26+00:00,2026-09-14T16:00:00+00:00,64.7,65.2,yes
2026-09-12T12:23:50+00:00,CFB,KXNCAAFGAME,KXNCAAFGAME-26SEP12OKLAMICH-OKLA,KXNCAAFGAME-26SEP12OKLAMICH,Oklahoma,,yes,13436.78,66.0,8868.27,183,2026-09-11T23:33:14+00:00,2026-09-12T00:42:07+00:00,2026-09-14T16:00:00+00:00,64.4,65.2,yes
2026-09-12T12:23:50+00:00,CFB,KXNCAAFGAME,KXNCAAFGAME-26SEP12OKLAMICH-OKLA,KXNCAAFGAME-26SEP12OKLAMICH,Oklahoma,,yes,4134.8,66.0,2728.97,11,2026-09-12T00:43:46+00:00,2026-09-12T00:45:16+00:00,2026-09-14T16:00:00+00:00,63.3,65.2,yes
2026-09-12T12:23:50+00:00,CFB,KXNCAAFGAME,KXNCAAFGAME-26SEP12OKLAMICH-OKLA,KXNCAAFGAME-26SEP12OKLAMICH,Oklahoma,,yes,267747.99,66.0,176713.67,1903,2026-09-12T00:46:49+00:00,2026-09-12T06:40:46+00:00,2026-09-14T16:00:00+00:00,63.2,65.2,yes
2026-09-12T12:23:50+00:00,CFB,KXNCAAFGAME,KXNCAAFGAME-26SEP12OKLAMICH-OKLA,KXNCAAFGAME-26SEP12OKLAMICH,Oklahoma,,yes,6523.73,66.0,4305.66,53,2026-09-12T06:42:16+00:00,2026-09-12T06:57:20+00:00,2026-09-14T16:00:00+00:00,57.3,65.2,yes
2026-09-12T12:23:50+00:00,CFB,KXNCAAFGAME,KXNCAAFGAME-26SEP12OKLAMICH-OKLA,KXNCAAFGAME-26SEP12OKLAMICH,Oklahoma,,yes,7250.21,66.0,4785.14,82,2026-09-12T06:58:51+00:00,2026-09-12T07:21:47+00:00,2026-09-14T16:00:00+00:00,57.0,65.2,yes
2026-09-12T12:23:50+00:00,CFB,KXNCAAFGAME,KXNCAAFGAME-26SEP12OKLAMICH-OKLA,KXNCAAFGAME-26SEP12OKLAMICH,Oklahoma,,yes,14908.95,65.2,9722.22,98,2026-09-12T07:23:51+00:00,2026-09-12T07:54:37+00:00,2026-09-14T16:00:00+00:00,56.6,65.2,yes
2026-09-12T12:23:50+00:00,CFB,KXNCAAFGAME,KXNCAAFGAME-26SEP12OKLAMICH-OKLA,KXNCAAFGAME-26SEP12OKLAMICH,Oklahoma,,yes,16511.32,65.0,10732.36,74,2026-09-12T07:56:33+00:00,2026-09-12T08:24:08+00:00,2026-09-14T16:00:00+00:00,56.1,65.2,yes
2026-09-12T12:23:50+00:00,CFB,KXNCAAFGAME,KXNCAAFGAME-26SEP12OKLAMICH-OKLA,KXNCAAFGAME-26SEP12OKLAMICH,Oklahoma,,yes,7104.52,65.0,4617.94,47,2026-09-12T08:43:26+00:00,2026-09-12T08:57:02+00:00,2026-09-14T16:00:00+00:00,55.3,65.2,yes
2026-09-12T12:23:50+00:00,CFB,KXNCAAFGAME,KXNCAAFGAME-26SEP12OKLAMICH-OKLA,KXNCAAFGAME-26SEP12OKLAMICH,Oklahoma,,yes,3345.24,65.0,2174.41,37,2026-09-12T09:16:39+00:00,2026-09-12T09:28:38+00:00,2026-09-14T16:00:00+00:00,54.7,65.2,yes
2026-09-12T12:23:50+00:00,CFB,KXNCAAFGAME,KXNCAAFGAME-26SEP12OKLAMICH-OKLA,KXNCAAFGAME-26SEP12OKLAMICH,Oklahoma,,yes,4920.63,65.0,3198.41,66,2026-09-12T09:30:43+00:00,2026-09-12T09:51:05+00:00,2026-09-14T16:00:00+00:00,54.5,65.2,yes
2026-09-12T12:23:50+00:00,CFB,KXNCAAFGAME,KXNCAAFGAME-26SEP12OKLAMICH-OKLA,KXNCAAFGAME-26SEP12OKLAMICH,Oklahoma,,yes,2592.67,65.0,1685.24,56,2026-09-12T09:52:45+00:00,2026-09-12T10:09:15+00:00,2026-09-14T16:00:00+00:00,54.1,65.2,yes
2026-09-12T12:23:50+00:00,CFB,KXNCAAFGAME,KXNCAAFGAME-26SEP12OKLAMICH-OKLA,KXNCAAFGAME-26SEP12OKLAMICH,Oklahoma,,yes,23934.05,65.0,15557.13,129,2026-09-12T10:11:14+00:00,2026-09-12T10:44:17+00:00,2026-09-14T16:00:00+00:00,53.8,65.2,yes
2026-09-12T12:23:50+00:00,CFB,KXNCAAFGAME,KXNCAAFGAME-26SEP12OKLAMICH-OKLA,KXNCAAFGAME-26SEP12OKLAMICH,Oklahoma,,yes,72293.53,66.0,47698.59,725,2026-09-12T10:45:48+00:00,2026-09-12T12:24:56+00:00,2026-09-14T16:00:00+00:00,53.2,65.2,yes
2026-09-12T12:23:50+00:00,CFB,KXNCAAFGAME,KXNCAAFGAME-26SEP12OKLAMICH-OKLA,KXNCAAFGAME-26SEP12OKLAMICH,Oklahoma,,no,12429.56,35.0,4350.35,2,2026-09-12T04:55:08+00:00,2026-09-12T04:55:12+00:00,2026-09-14T16:00:00+00:00,59.1,34.8,no
2026-09-12T12:23:50+00:00,CFB,KXNCAAFGAME,KXNCAAFGAME-26SEP12OKLAMICH-OKLA,KXNCAAFGAME-26SEP12OKLAMICH,Oklahoma,,no,2959.85,35.0,1035.95,1,2026-09-12T07:24:03+00:00,2026-09-12T07:24:03+00:00,2026-09-14T16:00:00+00:00,56.6,34.8,no
2026-09-12T12:23:50+00:00,CFB,KXNCAAFGAME,KXNCAAFGAME-26SEP12OKLAMICH-OKLA,KXNCAAFGAME-26SEP12OKLAMICH,Oklahoma,,no,99515.63,35.0,34831.31,30,2026-09-12T07:25:55+00:00,2026-09-12T07:25:58+00:00,2026-09-14T16:00:00+00:00,56.6,34.8,no
2026-09-12T12:23:50+00:00,CFB,KXNCAAFGAME,KXNCAAFGAME-26SEP12OKLAMICH-MICH,KXNCAAFGAME-26SEP12OKLAMICH,Michigan,,no,3789.5,66.0,2501.07,2,2026-09-12T05:28:26+00:00,2026-09-12T05:29:51+00:00,2026-09-14T16:00:00+00:00,58.5,,
2026-09-12T12:23:50+00:00,CFB,KXNCAAFGAME,KXNCAAFGAME-26SEP12OKLAMICH-MICH,KXNCAAFGAME-26SEP12OKLAMICH,Michigan,,no,2216.0,66.0,1462.56,5,2026-09-12T06:00:53+00:00,2026-09-12T06:02:09+00:00,2026-09-14T16:00:00+00:00,58.0,,
2026-09-12T12:23:50+00:00,CFB,KXNCAAFGAME,KXNCAAFGAME-26SEP12OKLAMICH-MICH,KXNCAAFGAME-26SEP12OKLAMICH,Michigan,,no,2114.45,66.0,1395.54,2,2026-09-12T06:39:19+00:00,2026-09-12T06:39:26+00:00,2026-09-14T16:00:00+00:00,57.3,,
2026-09-12T12:23:50+00:00,CFB,KXNCAAFGAME,KXNCAAFGAME-26SEP12OKLAMICH-MICH,KXNCAAFGAME-26SEP12OKLAMICH,Michigan,,no,2732.8,66.0,1803.65,1,2026-09-12T07:43:59+00:00,2026-09-12T07:43:59+00:00,2026-09-14T16:00:00+00:00,56.3,,
2026-09-12T12:23:50+00:00,CFB,KXNCAAFGAME,KXNCAAFGAME-26SEP12OKLAMICH-MICH,KXNCAAFGAME-26SEP12OKLAMICH,Michigan,,yes,3092.42,34.0,1051.42,10,2026-09-11T12:15:44+00:00,2026-09-11T12:15:44+00:00,2026-09-14T16:00:00+00:00,75.7,,
2026-09-12T12:23:50+00:00,CFB,KXNCAAFGAME,KXNCAAFGAME-26SEP12OKLAMICH-MICH,KXNCAAFGAME-26SEP12OKLAMICH,Michigan,,yes,7943.99,35.0,2780.4,62,2026-09-12T03:23:01+00:00,2026-09-12T03:46:15+00:00,2026-09-14T16:00:00+00:00,60.6,,
2026-09-12T12:23:50+00:00,CFB,KXNCAAFGAME,KXNCAAFGAME-26SEP12OKLAMICH-MICH,KXNCAAFGAME-26SEP12OKLAMICH,Michigan,,yes,4354.17,35.0,1523.96,30,2026-09-12T03:47:55+00:00,2026-09-12T03:59:37+00:00,2026-09-14T16:00:00+00:00,60.2,,
2026-09-12T12:23:50+00:00,CFB,KXNCAAFGAME,KXNCAAFGAME-26SEP12OKLAMICH-MICH,KXNCAAFGAME-26SEP12OKLAMICH,Michigan,,yes,8246.54,35.0,2886.29,69,2026-09-12T04:01:22+00:00,2026-09-12T04:23:45+00:00,2026-09-14T16:00:00+00:00,60.0,,
2026-09-12T12:23:50+00:00,CFB,KXNCAAFGAME,KXNCAAFGAME-26SEP12OKLAMICH-MICH,KXNCAAFGAME-26SEP12OKLAMICH,Michigan,,yes,3319.35,35.0,1161.77,41,2026-09-12T04:47:20+00:00,2026-09-12T05:04:04+00:00,2026-09-14T16:00:00+00:00,59.2,,
2026-09-12T12:23:50+00:00,CFB,KXNCAAFGAME,KXNCAAFGAME-26SEP12OKLAMICH-MICH,KXNCAAFGAME-26SEP12OKLAMICH,Michigan,,yes,7021.11,35.0,2457.39,37,2026-09-12T05:06:06+00:00,2026-09-12T05:24:56+00:00,2026-09-14T16:00:00+00:00,58.9,,
2026-09-12T12:23:50+00:00,CFB,KXNCAAFGAME,KXNCAAFGAME-26SEP12OKLAMICH-MICH,KXNCAAFGAME-26SEP12OKLAMICH,Michigan,,yes,3710.74,35.0,1298.76,8,2026-09-12T08:19:50+00:00,2026-09-12T08:23:04+00:00,2026-09-14T16:00:00+00:00,55.7,,
2026-09-12T12:23:50+00:00,CFB,KXNCAAFGAME,KXNCAAFGAME-26SEP12OKLAMICH-MICH,KXNCAAFGAME-26SEP12OKLAMICH,Michigan,,yes,10406.22,35.0,3642.18,9,2026-09-12T10:50:37+00:00,2026-09-12T10:56:29+00:00,2026-09-14T16:00:00+00:00,53.2,,
2026-09-12T12:23:50+00:00,CFB,KXNCAAFGAME,KXNCAAFGAME-26SEP12OKLAMICH-MICH,KXNCAAFGAME-26SEP12OKLAMICH,Michigan,,yes,2928.04,35.0,1024.81,17,2026-09-12T10:58:24+00:00,2026-09-12T11:07:26+00:00,2026-09-14T16:00:00+00:00,53.0,,
2026-09-12T12:23:50+00:00,CFB,KXNCAAFGAME,KXNCAAFGAME-26SEP12OKLAMICH-MICH,KXNCAAFGAME-26SEP12OKLAMICH,Michigan,,yes,3541.84,35.0,1239.64,29,2026-09-12T11:09:15+00:00,2026-09-12T11:22:51+00:00,2026-09-14T16:00:00+00:00,52.8,,
2026-09-12T12:23:50+00:00,CFB,KXNCAAFGAME,KXNCAAFGAME-26SEP12OKLAMICH-MICH,KXNCAAFGAME-26SEP12OKLAMICH,Michigan,,yes,35356.9,35.0,12374.92,36,2026-09-12T11:33:41+00:00,2026-09-12T11:48:44+00:00,2026-09-14T16:00:00+00:00,52.4,,
2026-09-12T12:23:50+00:00,CFB,KXNCAAFGAME,KXNCAAFGAME-26SEP12OKLAMICH-MICH,KXNCAAFGAME-26SEP12OKLAMICH,Michigan,,yes,13087.04,35.0,4580.46,122,2026-09-12T11:50:53+00:00,2026-09-12T12:24:14+00:00,2026-09-14T16:00:00+00:00,52.2,,
2026-09-12T12:23:50+00:00,NFL,KXNFLGAME,KXNFLGAME-26SEP20CLETB-TB,KXNFLGAME-26SEP20CLETB,Tampa Bay,,yes,5267.02,73.0,3844.92,3,2026-09-11T13:46:42+00:00,2026-09-11T13:46:42+00:00,2026-09-22T17:00:00+00:00,267.2,,
2026-09-12T12:23:50+00:00,NFL,KXNFLGAME,KXNFLGAME-26SEP14DENKC-KC,KXNFLGAME-26SEP14DENKC,Kansas City,,yes,10394.14,56.0,5820.72,1,2026-09-12T07:41:55+00:00,2026-09-12T07:41:55+00:00,2026-09-17T00:15:00+00:00,112.6,,
2026-09-12T12:23:50+00:00,NFL,KXNFLGAME,KXNFLGAME-26SEP14DENKC-DEN,KXNFLGAME-26SEP14DENKC,Denver,,yes,2802.57,44.1,1237.06,18,2026-09-11T20:08:08+00:00,2026-09-11T20:15:06+00:00,2026-09-17T00:15:00+00:00,124.1,,
2026-09-12T12:23:50+00:00,NFL,KXNFLGAME,KXNFLGAME-26SEP13DALNYG-NYG,KXNFLGAME-26SEP13DALNYG,New York G,,yes,5088.94,40.0,2035.58,13,2026-09-11T15:08:54+00:00,2026-09-11T15:16:01+00:00,2026-09-16T00:20:00+00:00,105.2,,
2026-09-12T12:23:50+00:00,NFL,KXNFLGAME,KXNFLGAME-26SEP13DALNYG-NYG,KXNFLGAME-26SEP13DALNYG,New York G,,yes,12499.97,40.0,4999.99,6,2026-09-11T20:53:56+00:00,2026-09-11T20:57:07+00:00,2026-09-16T00:20:00+00:00,99.4,,
2026-09-12T12:23:50+00:00,NFL,KXNFLGAME,KXNFLGAME-26SEP13DALNYG-NYG,KXNFLGAME-26SEP13DALNYG,New York G,,yes,2856.45,40.0,1142.58,9,2026-09-11T22:00:56+00:00,2026-09-11T22:05:21+00:00,2026-09-16T00:20:00+00:00,98.3,,
2026-09-12T12:23:50+00:00,NFL,KXNFLGAME,KXNFLGAME-26SEP13DALNYG-NYG,KXNFLGAME-26SEP13DALNYG,New York G,,yes,5753.41,40.0,2301.36,17,2026-09-12T03:56:53+00:00,2026-09-12T04:06:52+00:00,2026-09-16T00:20:00+00:00,92.4,,
2026-09-12T12:23:50+00:00,NFL,KXNFLGAME,KXNFLGAME-26SEP13DALNYG-NYG,KXNFLGAME-26SEP13DALNYG,New York G,,no,2380.94,61.0,1452.37,1,2026-09-12T09:24:07+00:00,2026-09-12T09:24:07+00:00,2026-09-16T00:20:00+00:00,86.9,,
2026-09-12T12:23:50+00:00,NFL,KXNFLGAME,KXNFLGAME-26SEP13DALNYG-DAL,KXNFLGAME-26SEP13DALNYG,Dallas,,yes,3222.55,61.0,1965.76,2,2026-09-11T14:10:01+00:00,2026-09-11T14:10:14+00:00,2026-09-16T00:20:00+00:00,106.2,,
2026-09-12T12:23:50+00:00,NFL,KXNFLGAME,KXNFLGAME-26SEP13DALNYG-DAL,KXNFLGAME-26SEP13DALNYG,Dallas,,yes,1759.44,61.0,1073.26,18,2026-09-11T14:12:15+00:00,2026-09-11T14:20:38+00:00,2026-09-16T00:20:00+00:00,106.1,,
2026-09-12T12:23:50+00:00,NFL,KXNFLGAME,KXNFLGAME-26SEP13DALNYG-DAL,KXNFLGAME-26SEP13DALNYG,Dallas,,yes,1890.11,61.0,1152.97,17,2026-09-11T14:54:23+00:00,2026-09-11T15:00:08+00:00,2026-09-16T00:20:00+00:00,105.4,,
2026-09-12T12:23:50+00:00,NFL,KXNFLGAME,KXNFLGAME-26SEP13DALNYG-DAL,KXNFLGAME-26SEP13DALNYG,Dallas,,yes,2155.82,61.0,1315.05,64,2026-09-11T16:04:08+00:00,2026-09-11T16:34:23+00:00,2026-09-16T00:20:00+00:00,104.3,,
2026-09-12T12:23:50+00:00,NFL,KXNFLGAME,KXNFLGAME-26SEP13DALNYG-DAL,KXNFLGAME-26SEP13DALNYG,Dallas,,yes,1937.99,61.0,1182.17,39,2026-09-11T16:36:01+00:00,2026-09-11T16:53:21+00:00,2026-09-16T00:20:00+00:00,103.7,,
2026-09-12T12:23:50+00:00,NFL,KXNFLGAME,KXNFLGAME-26SEP13DALNYG-DAL,KXNFLGAME-26SEP13DALNYG,Dallas,,yes,2134.07,61.0,1301.78,20,2026-09-11T17:22:34+00:00,2026-09-11T17:31:00+00:00,2026-09-16T00:20:00+00:00,103.0,,
2026-09-12T12:23:50+00:00,NFL,KXNFLGAME,KXNFLGAME-26SEP13DALNYG-DAL,KXNFLGAME-26SEP13DALNYG,Dallas,,yes,2177.97,61.0,1328.56,18,2026-09-11T17:38:18+00:00,2026-09-11T17:46:28+00:00,2026-09-16T00:20:00+00:00,102.7,,
2026-09-12T12:23:50+00:00,NFL,KXNFLGAME,KXNFLGAME-26SEP13DALNYG-DAL,KXNFLGAME-26SEP13DALNYG,Dallas,,yes,6473.1,61.0,3948.59,40,2026-09-11T20:03:33+00:00,2026-09-11T20:26:00+00:00,2026-09-16T00:20:00+00:00,100.3,,
2026-09-12T12:23:50+00:00,NFL,KXNFLGAME,KXNFLGAME-26SEP13DALNYG-DAL,KXNFLGAME-26SEP13DALNYG,Dallas,,yes,1690.35,61.0,1031.11,6,2026-09-11T22:04:58+00:00,2026-09-11T22:07:40+00:00,2026-09-16T00:20:00+00:00,98.3,,
2026-09-12T12:23:50+00:00,NFL,KXNFLGAME,KXNFLGAME-26SEP13DALNYG-DAL,KXNFLGAME-26SEP13DALNYG,Dallas,,yes,2437.55,61.0,1486.91,11,2026-09-11T22:19:07+00:00,2026-09-11T22:23:24+00:00,2026-09-16T00:20:00+00:00,98.0,,
2026-09-12T12:23:50+00:00,NFL,KXNFLGAME,KXNFLGAME-26SEP13DALNYG-DAL,KXNFLGAME-26SEP13DALNYG,Dallas,,yes,2929.36,61.0,1786.91,43,2026-09-11T22:54:08+00:00,2026-09-11T23:11:49+00:00,2026-09-16T00:20:00+00:00,97.4,,
2026-09-12T12:23:50+00:00,NFL,KXNFLGAME,KXNFLGAME-26SEP13DALNYG-DAL,KXNFLGAME-26SEP13DALNYG,Dallas,,yes,3197.14,61.0,1950.26,30,2026-09-11T23:17:19+00:00,2026-09-11T23:32:17+00:00,2026-09-16T00:20:00+00:00,97.0,,
2026-09-12T12:23:50+00:00,NFL,KXNFLGAME,KXNFLGAME-26SEP13DALNYG-DAL,KXNFLGAME-26SEP13DALNYG,Dallas,,yes,2174.63,61.0,1326.52,23,2026-09-11T23:37:02+00:00,2026-09-11T23:47:04+00:00,2026-09-16T00:20:00+00:00,96.7,,
2026-09-12T12:23:50+00:00,NFL,KXNFLGAME,KXNFLGAME-26SEP13DALNYG-DAL,KXNFLGAME-26SEP13DALNYG,Dallas,,yes,3569.7,61.0,2177.52,12,2026-09-12T01:47:17+00:00,2026-09-12T01:53:26+00:00,2026-09-16T00:20:00+00:00,94.5,,
2026-09-12T12:23:50+00:00,NFL,KXNFLGAME,KXNFLGAME-26SEP13DALNYG-DAL,KXNFLGAME-26SEP13DALNYG,Dallas,,yes,3215.59,61.0,1961.51,20,2026-09-12T03:10:50+00:00,2026-09-12T03:19:34+00:00,2026-09-16T00:20:00+00:00,93.2,,
2026-09-12T12:23:50+00:00,NFL,KXNFLGAME,KXNFLGAME-26SEP13DALNYG-DAL,KXNFLGAME-26SEP13DALNYG,Dallas,,yes,2598.66,61.0,1585.18,51,2026-09-12T04:22:58+00:00,2026-09-12T04:44:04+00:00,2026-09-16T00:20:00+00:00,92.0,,
2026-09-12T12:23:50+00:00,NFL,KXNFLGAME,KXNFLGAME-26SEP13DALNYG-DAL,KXNFLGAME-26SEP13DALNYG,Dallas,,yes,4842.74,61.0,2954.07,12,2026-09-12T05:22:44+00:00,2026-09-12T05:31:48+00:00,2026-09-16T00:20:00+00:00,91.0,,
2026-09-12T12:23:50+00:00,NFL,KXNFLGAME,KXNFLGAME-26SEP13DALNYG-DAL,KXNFLGAME-26SEP13DALNYG,Dallas,,yes,2413.41,61.0,1472.18,27,2026-09-12T05:33:42+00:00,2026-09-12T05:50:04+00:00,2026-09-16T00:20:00+00:00,90.8,,
2026-09-12T12:23:50+00:00,NFL,KXNFLGAME,KXNFLGAME-26SEP13MIALV-LV,KXNFLGAME-26SEP13MIALV,Las Vegas,,yes,2829.9,60.0,1697.94,10,2026-09-12T04:57:48+00:00,2026-09-12T05:01:56+00:00,2026-09-15T20:25:00+00:00,87.5,,
2026-09-12T12:23:50+00:00,NFL,KXNFLGAME,KXNFLGAME-26SEP13GBMIN-GB,KXNFLGAME-26SEP13GBMIN,Green Bay,,yes,2215.66,46.0,1019.2,7,2026-09-11T20:06:19+00:00,2026-09-11T20:09:39+00:00,2026-09-15T20:25:00+00:00,96.3,,
2026-09-12T12:23:50+00:00,NFL,KXNFLGAME,KXNFLGAME-26SEP13GBMIN-GB,KXNFLGAME-26SEP13GBMIN,Green Bay,,yes,4237.11,46.0,1949.07,4,2026-09-12T03:37:53+00:00,2026-09-12T03:40:08+00:00,2026-09-15T20:25:00+00:00,88.8,,
2026-09-12T12:23:50+00:00,NFL,KXNFLGAME,KXNFLGAME-26SEP13ARILAC-LAC,KXNFLGAME-26SEP13ARILAC,Los Angeles C,,yes,1906.78,81.0,1544.49,2,2026-09-11T11:09:38+00:00,2026-09-11T11:10:25+00:00,2026-09-15T20:25:00+00:00,105.3,,
2026-09-12T12:23:50+00:00,NFL,KXNFLGAME,KXNFLGAME-26SEP13ARILAC-LAC,KXNFLGAME-26SEP13ARILAC,Los Angeles C,,yes,1252.46,81.0,1014.49,3,2026-09-11T14:20:06+00:00,2026-09-11T14:20:59+00:00,2026-09-15T20:25:00+00:00,102.1,,
2026-09-12T12:23:50+00:00,NFL,KXNFLGAME,KXNFLGAME-26SEP13ARILAC-LAC,KXNFLGAME-26SEP13ARILAC,Los Angeles C,,yes,1948.16,81.0,1578.01,3,2026-09-11T16:31:28+00:00,2026-09-11T16:32:07+00:00,2026-09-15T20:25:00+00:00,99.9,,
2026-09-12T12:23:50+00:00,NFL,KXNFLGAME,KXNFLGAME-26SEP13ARILAC-LAC,KXNFLGAME-26SEP13ARILAC,Los Angeles C,,yes,1252.17,81.0,1014.26,4,2026-09-12T05:35:51+00:00,2026-09-12T05:37:58+00:00,2026-09-15T20:25:00+00:00,86.8,,
2026-09-12T12:23:50+00:00,NFL,KXNFLGAME,KXNFLGAME-26SEP13BUFHOU-HOU,KXNFLGAME-26SEP13BUFHOU,Houston,,yes,2369.58,49.0,1161.09,14,2026-09-11T19:57:17+00:00,2026-09-11T20:02:01+00:00,2026-09-15T17:00:00+00:00,93.0,,
2026-09-12T12:23:50+00:00,NFL,KXNFLGAME,KXNFLGAME-26SEP13BUFHOU-HOU,KXNFLGAME-26SEP13BUFHOU,Houston,,yes,4258.69,49.0,2086.76,23,2026-09-11T20:08:33+00:00,2026-09-11T20:17:56+00:00,2026-09-15T17:00:00+00:00,92.9,,
2026-09-12T12:23:50+00:00,NFL,KXNFLGAME,KXNFLGAME-26SEP13BUFHOU-HOU,KXNFLGAME-26SEP13BUFHOU,Houston,,yes,2178.51,49.0,1067.47,43,2026-09-11T22:47:30+00:00,2026-09-11T23:07:31+00:00,2026-09-15T17:00:00+00:00,90.2,,
2026-09-12T12:23:50+00:00,NFL,KXNFLGAME,KXNFLGAME-26SEP13BUFHOU-HOU,KXNFLGAME-26SEP13BUFHOU,Houston,,yes,6563.74,48.0,3150.6,13,2026-09-12T03:23:35+00:00,2026-09-12T03:28:35+00:00,2026-09-15T17:00:00+00:00,85.6,,
2026-09-12T12:23:50+00:00,NFL,KXNFLGAME,KXNFLGAME-26SEP13BUFHOU-HOU,KXNFLGAME-26SEP13BUFHOU,Houston,,yes,3235.2,48.0,1552.9,35,2026-09-12T03:30:05+00:00,2026-09-12T03:48:01+00:00,2026-09-15T17:00:00+00:00,85.5,,
2026-09-12T12:23:50+00:00,NFL,KXNFLGAME,KXNFLGAME-26SEP13BUFHOU-HOU,KXNFLGAME-26SEP13BUFHOU,Houston,,yes,2090.56,48.0,1003.47,4,2026-09-12T06:26:57+00:00,2026-09-12T06:28:25+00:00,2026-09-15T17:00:00+00:00,82.6,,
2026-09-12T12:23:50+00:00,NFL,KXNFLGAME,KXNFLGAME-26SEP13BUFHOU-HOU,KXNFLGAME-26SEP13BUFHOU,Houston,,no,4043.88,52.0,2102.82,10,2026-09-11T20:08:03+00:00,2026-09-11T20:15:19+00:00,2026-09-15T17:00:00+00:00,92.9,,
2026-09-12T12:23:50+00:00,NFL,KXNFLGAME,KXNFLGAME-26SEP13BUFHOU-HOU,KXNFLGAME-26SEP13BUFHOU,Houston,,no,25174.71,52.0,13090.85,4,2026-09-12T00:03:29+00:00,2026-09-12T00:03:31+00:00,2026-09-15T17:00:00+00:00,88.9,,
2026-09-12T12:23:50+00:00,NFL,KXNFLGAME,KXNFLGAME-26SEP13BUFHOU-HOU,KXNFLGAME-26SEP13BUFHOU,Houston,,no,25000.0,53.0,13250.0,9,2026-09-12T00:28:10+00:00,2026-09-12T00:28:10+00:00,2026-09-15T17:00:00+00:00,88.5,,
2026-09-12T12:23:50+00:00,NFL,KXNFLGAME,KXNFLGAME-26SEP13BUFHOU-HOU,KXNFLGAME-26SEP13BUFHOU,Houston,,no,5200.69,53.0,2756.37,2,2026-09-12T03:54:45+00:00,2026-09-12T03:54:58+00:00,2026-09-15T17:00:00+00:00,85.1,,
2026-09-12T12:23:50+00:00,NFL,KXNFLGAME,KXNFLGAME-26SEP13BUFHOU-BUF,KXNFLGAME-26SEP13BUFHOU,Buffalo,,yes,2460.08,52.0,1279.24,44,2026-09-11T12:57:09+00:00,2026-09-11T13:18:50+00:00,2026-09-15T17:00:00+00:00,100.0,,
2026-09-12T12:23:50+00:00,NFL,KXNFLGAME,KXNFLGAME-26SEP13BUFHOU-BUF,KXNFLGAME-26SEP13BUFHOU,Buffalo,,yes,6813.41,52.0,3542.97,23,2026-09-11T14:02:52+00:00,2026-09-11T14:10:24+00:00,2026-09-15T17:00:00+00:00,99.0,,
2026-09-12T12:23:50+00:00,NFL,KXNFLGAME,KXNFLGAME-26SEP13BUFHOU-BUF,KXNFLGAME-26SEP13BUFHOU,Buffalo,,yes,2034.12,52.0,1057.74,66,2026-09-11T14:30:00+00:00,2026-09-11T14:53:43+00:00,2026-09-15T17:00:00+00:00,98.5,,
2026-09-12T12:23:50+00:00,NFL,KXNFLGAME,KXNFLGAME-26SEP13BUFHOU-BUF,KXNFLGAME-26SEP13BUFHOU,Buffalo,,yes,2380.94,52.0,1238.09,23,2026-09-11T15:49:25+00:00,2026-09-11T15:59:51+00:00,2026-09-15T17:00:00+00:00,97.2,,
2026-09-12T12:23:50+00:00,NFL,KXNFLGAME,KXNFLGAME-26SEP13BUFHOU-BUF,KXNFLGAME-26SEP13BUFHOU,Buffalo,,yes,8554.23,52.0,4448.2,19,2026-09-11T16:54:00+00:00,2026-09-11T16:58:09+00:00,2026-09-15T17:00:00+00:00,96.1,,
2026-09-12T12:23:50+00:00,NFL,KXNFLGAME,KXNFLGAME-26SEP13BUFHOU-BUF,KXNFLGAME-26SEP13BUFHOU,Buffalo,,yes,5218.35,52.0,2713.54,10,2026-09-11T20:10:12+00:00,2026-09-11T20:14:01+00:00,2026-09-15T17:00:00+00:00,92.8,,
2026-09-12T12:23:50+00:00,NFL,KXNFLGAME,KXNFLGAME-26SEP13BUFHOU-BUF,KXNFLGAME-26SEP13BUFHOU,Buffalo,,yes,1952.49,52.0,1015.29,35,2026-09-11T20:15:57+00:00,2026-09-11T20:30:35+00:00,2026-09-15T17:00:00+00:00,92.7,,
2026-09-12T12:23:50+00:00,NFL,KXNFLGAME,KXNFLGAME-26SEP13BUFHOU-BUF,KXNFLGAME-26SEP13BUFHOU,Buffalo,,yes,2444.23,52.0,1271.0,27,2026-09-11T22:00:37+00:00,2026-09-11T22:12:09+00:00,2026-09-15T17:00:00+00:00,91.0,,
2026-09-12T12:23:50+00:00,NFL,KXNFLGAME,KXNFLGAME-26SEP13BUFHOU-BUF,KXNFLGAME-26SEP13BUFHOU,Buffalo,,yes,2493.88,52.0,1296.82,50,2026-09-12T00:30:59+00:00,2026-09-12T00:57:38+00:00,2026-09-15T17:00:00+00:00,88.5,,
2026-09-12T12:23:50+00:00,NFL,KXNFLGAME,KXNFLGAME-26SEP13BUFHOU-BUF,KXNFLGAME-26SEP13BUFHOU,Buffalo,,yes,2812.02,52.0,1462.25,17,2026-09-12T01:44:25+00:00,2026-09-12T01:50:35+00:00,2026-09-15T17:00:00+00:00,87.3,,
2026-09-12T12:23:50+00:00,NFL,KXNFLGAME,KXNFLGAME-26SEP13BUFHOU-BUF,KXNFLGAME-26SEP13BUFHOU,Buffalo,,yes,4248.35,52.0,2209.14,76,2026-09-12T03:12:22+00:00,2026-09-12T03:42:18+00:00,2026-09-15T17:00:00+00:00,85.8,,
2026-09-12T12:23:50+00:00,NFL,KXNFLGAME,KXNFLGAME-26SEP13BUFHOU-BUF,KXNFLGAME-26SEP13BUFHOU,Buffalo,,yes,7790.48,52.0,4051.05,86,2026-09-12T04:34:58+00:00,2026-09-12T05:01:10+00:00,2026-09-15T17:00:00+00:00,84.4,,
2026-09-12T12:23:50+00:00,NFL,KXNFLGAME,KXNFLGAME-26SEP13NODET-NO,KXNFLGAME-26SEP13NODET,New Orleans,,yes,4998.38,26.0,1299.58,6,2026-09-11T18:25:46+00:00,2026-09-11T18:28:03+00:00,2026-09-15T17:00:00+00:00,94.6,,
2026-09-12T12:23:50+00:00,NFL,KXNFLGAME,KXNFLGAME-26SEP13NODET-DET,KXNFLGAME-26SEP13NODET,Detroit,,yes,1694.04,75.0,1270.53,24,2026-09-11T16:19:30+00:00,2026-09-11T16:31:02+00:00,2026-09-15T17:00:00+00:00,96.7,,
2026-09-12T12:23:50+00:00,NFL,KXNFLGAME,KXNFLGAME-26SEP13NODET-DET,KXNFLGAME-26SEP13NODET,Detroit,,yes,9203.95,75.0,6902.96,63,2026-09-11T17:07:54+00:00,2026-09-11T17:29:34+00:00,2026-09-15T17:00:00+00:00,95.9,,
2026-09-12T12:23:50+00:00,NFL,KXNFLGAME,KXNFLGAME-26SEP13NODET-DET,KXNFLGAME-26SEP13NODET,Detroit,,yes,2195.38,75.0,1646.54,7,2026-09-11T21:23:53+00:00,2026-09-11T21:25:56+00:00,2026-09-15T17:00:00+00:00,91.6,,
2026-09-12T12:23:50+00:00,NFL,KXNFLGAME,KXNFLGAME-26SEP13NODET-DET,KXNFLGAME-26SEP13NODET,Detroit,,yes,1631.21,75.0,1223.41,7,2026-09-12T02:15:53+00:00,2026-09-12T02:17:22+00:00,2026-09-15T17:00:00+00:00,86.7,,
2026-09-12T12:23:50+00:00,NFL,KXNFLGAME,KXNFLGAME-26SEP13NODET-DET,KXNFLGAME-26SEP13NODET,Detroit,,yes,6975.42,75.0,5231.56,6,2026-09-12T03:31:58+00:00,2026-09-12T03:33:28+00:00,2026-09-15T17:00:00+00:00,85.5,,
2026-09-12T12:23:50+00:00,NFL,KXNFLGAME,KXNFLGAME-26SEP13NODET-DET,KXNFLGAME-26SEP13NODET,Detroit,,yes,3283.12,75.0,2462.34,5,2026-09-12T04:54:38+00:00,2026-09-12T04:57:07+00:00,2026-09-15T17:00:00+00:00,84.1,,
2026-09-12T12:23:50+00:00,NFL,KXNFLGAME,KXNFLGAME-26SEP13NYJTEN-NYJ,KXNFLGAME-26SEP13NYJTEN,New York J,,yes,7053.24,48.0,3385.56,11,2026-09-11T21:55:14+00:00,2026-09-11T21:58:30+00:00,2026-09-15T17:00:00+00:00,91.1,,
2026-09-12T12:23:50+00:00,NFL,KXNFLGAME,KXNFLGAME-26SEP13TBCIN-TB,KXNFLGAME-26SEP13TBCIN,Tampa Bay,,yes,2779.79,37.0,1028.52,5,2026-09-11T20:07:05+00:00,2026-09-11T20:08:51+00:00,2026-09-15T17:00:00+00:00,92.9,,
2026-09-12T12:23:50+00:00,NFL,KXNFLGAME,KXNFLGAME-26SEP13TBCIN-CIN,KXNFLGAME-26SEP13TBCIN,Cincinnati,,yes,2652.26,64.0,1697.45,2,2026-09-12T04:57:07+00:00,2026-09-12T04:57:10+00:00,2026-09-15T17:00:00+00:00,84.0,,
2026-09-12T12:23:50+00:00,NFL,KXNFLGAME,KXNFLGAME-26SEP13CLEJAC-JAC,KXNFLGAME-26SEP13CLEJAC,Jacksonville,,yes,3750.94,79.0,2963.24,3,2026-09-11T19:57:42+00:00,2026-09-11T19:58:34+00:00,2026-09-15T17:00:00+00:00,93.0,,
2026-09-12T12:23:50+00:00,NFL,KXNFLGAME,KXNFLGAME-26SEP13CLEJAC-JAC,KXNFLGAME-26SEP13CLEJAC,Jacksonville,,yes,9256.72,79.0,7312.81,11,2026-09-11T21:00:30+00:00,2026-09-11T21:04:05+00:00,2026-09-15T17:00:00+00:00,92.0,,
2026-09-12T12:23:50+00:00,NFL,KXNFLGAME,KXNFLGAME-26SEP13CLEJAC-JAC,KXNFLGAME-26SEP13CLEJAC,Jacksonville,,yes,1276.65,79.0,1008.55,5,2026-09-11T22:43:56+00:00,2026-09-11T22:47:07+00:00,2026-09-15T17:00:00+00:00,90.3,,
2026-09-12T12:23:50+00:00,NFL,KXNFLGAME,KXNFLGAME-26SEP13ATLPIT-PIT,KXNFLGAME-26SEP13ATLPIT,Pittsburgh,,yes,1760.63,68.0,1197.23,36,2026-09-11T14:01:24+00:00,2026-09-11T14:13:24+00:00,2026-09-15T17:00:00+00:00,99.0,,
2026-09-12T12:23:50+00:00,NFL,KXNFLGAME,KXNFLGAME-26SEP13ATLPIT-PIT,KXNFLGAME-26SEP13ATLPIT,Pittsburgh,,yes,1588.18,68.0,1079.96,21,2026-09-11T15:44:13+00:00,2026-09-11T15:53:03+00:00,2026-09-15T17:00:00+00:00,97.3,,
2026-09-12T12:23:50+00:00,NFL,KXNFLGAME,KXNFLGAME-26SEP13ATLPIT-PIT,KXNFLGAME-26SEP13ATLPIT,Pittsburgh,,yes,1888.54,68.0,1284.21,27,2026-09-11T16:19:35+00:00,2026-09-11T16:31:23+00:00,2026-09-15T17:00:00+00:00,96.7,,
2026-09-12T12:23:50+00:00,NFL,KXNFLGAME,KXNFLGAME-26SEP13ATLPIT-PIT,KXNFLGAME-26SEP13ATLPIT,Pittsburgh,,yes,3601.41,69.0,2484.97,13,2026-09-11T17:10:08+00:00,2026-09-11T17:14:58+00:00,2026-09-15T17:00:00+00:00,95.8,,
2026-09-12T12:23:50+00:00,NFL,KXNFLGAME,KXNFLGAME-26SEP13ATLPIT-PIT,KXNFLGAME-26SEP13ATLPIT,Pittsburgh,,yes,6079.4,69.0,4194.79,65,2026-09-11T17:17:01+00:00,2026-09-11T17:30:55+00:00,2026-09-15T17:00:00+00:00,95.7,,
2026-09-12T12:23:50+00:00,NFL,KXNFLGAME,KXNFLGAME-26SEP13ATLPIT-PIT,KXNFLGAME-26SEP13ATLPIT,Pittsburgh,,yes,10536.4,69.0,7270.12,155,2026-09-11T17:32:30+00:00,2026-09-11T18:21:53+00:00,2026-09-15T17:00:00+00:00,95.5,,
2026-09-12T12:23:50+00:00,NFL,KXNFLGAME,KXNFLGAME-26SEP13ATLPIT-PIT,KXNFLGAME-26SEP13ATLPIT,Pittsburgh,,yes,2521.18,69.0,1739.61,17,2026-09-11T18:23:28+00:00,2026-09-11T18:28:32+00:00,2026-09-15T17:00:00+00:00,94.6,,
2026-09-12T12:23:50+00:00,NFL,KXNFLGAME,KXNFLGAME-26SEP13ATLPIT-PIT,KXNFLGAME-26SEP13ATLPIT,Pittsburgh,,yes,1870.84,69.0,1290.88,33,2026-09-11T20:03:14+00:00,2026-09-11T20:14:38+00:00,2026-09-15T17:00:00+00:00,92.9,,
2026-09-12T12:23:50+00:00,NFL,KXNFLGAME,KXNFLGAME-26SEP13ATLPIT-PIT,KXNFLGAME-26SEP13ATLPIT,Pittsburgh,,yes,1774.08,69.0,1224.12,21,2026-09-11T20:17:47+00:00,2026-09-11T20:26:05+00:00,2026-09-15T17:00:00+00:00,92.7,,
2026-09-12T12:23:50+00:00,NFL,KXNFLGAME,KXNFLGAME-26SEP13ATLPIT-PIT,KXNFLGAME-26SEP13ATLPIT,Pittsburgh,,yes,16578.67,70.0,11605.07,63,2026-09-11T21:16:45+00:00,2026-09-11T21:36:00+00:00,2026-09-15T17:00:00+00:00,91.7,,
2026-09-12T12:23:50+00:00,NFL,KXNFLGAME,KXNFLGAME-26SEP13ATLPIT-PIT,KXNFLGAME-26SEP13ATLPIT,Pittsburgh,,yes,1890.7,71.0,1342.4,36,2026-09-11T22:28:58+00:00,2026-09-11T22:44:51+00:00,2026-09-15T17:00:00+00:00,90.5,,
2026-09-12T12:23:50+00:00,NFL,KXNFLGAME,KXNFLGAME-26SEP13ATLPIT-PIT,KXNFLGAME-26SEP13ATLPIT,Pittsburgh,,yes,3015.44,71.0,2140.96,31,2026-09-11T22:47:00+00:00,2026-09-11T22:57:47+00:00,2026-09-15T17:00:00+00:00,90.2,,
2026-09-12T12:23:50+00:00,NFL,KXNFLGAME,KXNFLGAME-26SEP13ATLPIT-PIT,KXNFLGAME-26SEP13ATLPIT,Pittsburgh,,yes,7160.29,71.0,5083.81,7,2026-09-11T23:27:59+00:00,2026-09-11T23:30:06+00:00,2026-09-15T17:00:00+00:00,89.5,,
2026-09-12T12:23:50+00:00,NFL,KXNFLGAME,KXNFLGAME-26SEP13ATLPIT-PIT,KXNFLGAME-26SEP13ATLPIT,Pittsburgh,,yes,2480.74,71.0,1761.33,39,2026-09-12T00:06:56+00:00,2026-09-12T00:25:26+00:00,2026-09-15T17:00:00+00:00,88.9,,
2026-09-12T12:23:50+00:00,NFL,KXNFLGAME,KXNFLGAME-26SEP13ATLPIT-PIT,KXNFLGAME-26SEP13ATLPIT,Pittsburgh,,yes,2005.52,71.0,1423.92,18,2026-09-12T03:32:38+00:00,2026-09-12T03:41:37+00:00,2026-09-15T17:00:00+00:00,85.5,,
2026-09-12T12:23:50+00:00,NFL,KXNFLGAME,KXNFLGAME-26SEP13ATLPIT-PIT,KXNFLGAME-26SEP13ATLPIT,Pittsburgh,,yes,1968.54,71.0,1397.66,19,2026-09-12T04:17:34+00:00,2026-09-12T04:26:16+00:00,2026-09-15T17:00:00+00:00,84.7,,
2026-09-12T12:23:50+00:00,NFL,KXNFLGAME,KXNFLGAME-26SEP13ATLPIT-PIT,KXNFLGAME-26SEP13ATLPIT,Pittsburgh,,yes,4423.75,71.0,3140.86,18,2026-09-12T04:55:58+00:00,2026-09-12T05:04:45+00:00,2026-09-15T17:00:00+00:00,84.1,,
2026-09-12T12:23:50+00:00,NFL,KXNFLGAME,KXNFLGAME-26SEP13ATLPIT-ATL,KXNFLGAME-26SEP13ATLPIT,Atlanta,,yes,50134.48,30.0,15040.34,6,2026-09-11T23:59:54+00:00,2026-09-12T00:02:47+00:00,2026-09-15T17:00:00+00:00,89.0,,
2026-09-12T12:23:50+00:00,NFL,KXNFLGAME,KXNFLGAME-26SEP13ATLPIT-ATL,KXNFLGAME-26SEP13ATLPIT,Atlanta,,no,9564.99,69.0,6599.84,8,2026-09-11T17:34:14+00:00,2026-09-11T17:34:14+00:00,2026-09-15T17:00:00+00:00,95.4,,
2026-09-12T12:23:50+00:00,NFL,KXNFLGAME,KXNFLGAME-26SEP13ATLPIT-ATL,KXNFLGAME-26SEP13ATLPIT,Atlanta,,no,60099.37,70.0,42070.47,8,2026-09-11T22:24:47+00:00,2026-09-11T22:27:27+00:00,2026-09-15T17:00:00+00:00,90.6,,
2026-09-12T12:23:50+00:00,NFL,KXNFLGAME,KXNFLGAME-26SEP13BALIND-BAL,KXNFLGAME-26SEP13BALIND,Baltimore,,yes,1661.5,61.0,1013.51,3,2026-09-11T16:12:09+00:00,2026-09-11T16:12:47+00:00,2026-09-15T17:00:00+00:00,96.8,,
2026-09-12T12:23:50+00:00,NFL,KXNFLGAME,KXNFLGAME-26SEP13BALIND-BAL,KXNFLGAME-26SEP13BALIND,Baltimore,,yes,2885.93,61.0,1760.42,3,2026-09-11T19:57:15+00:00,2026-09-11T19:57:19+00:00,2026-09-15T17:00:00+00:00,93.0,,
2026-09-12T12:23:50+00:00,NFL,KXNFLGAME,KXNFLGAME-26SEP13BALIND-BAL,KXNFLGAME-26SEP13BALIND,Baltimore,,yes,2444.78,61.0,1491.32,8,2026-09-12T05:03:32+00:00,2026-09-12T05:08:09+00:00,2026-09-15T17:00:00+00:00,83.9,,
2026-09-12T12:23:50+00:00,NFL,KXNFLGAME,KXNFLGAME-26SEP13CHICAR-CHI,KXNFLGAME-26SEP13CHICAR,Chicago,,yes,1700.02,60.0,1020.01,16,2026-09-12T00:06:51+00:00,2026-09-12T00:11:42+00:00,2026-09-15T17:00:00+00:00,88.9,,
2026-09-12T12:23:50+00:00,NFL,KXNFLGAME,KXNFLGAME-26SEP13CHICAR-CHI,KXNFLGAME-26SEP13CHICAR,Chicago,,no,2640.14,41.0,1082.46,4,2026-09-11T21:19:23+00:00,2026-09-11T21:19:23+00:00,2026-09-15T17:00:00+00:00,91.7,,
2026-09-12T12:23:50+00:00,MLB,KXMLBGAME,KXMLBGAME-26SEP131335NYMNYY-NYY,KXMLBGAME-26SEP131335NYMNYY,New York Y,,yes,2416.05,61.3,1479.92,4,2026-09-12T11:56:05+00:00,2026-09-12T11:56:05+00:00,2026-09-16T17:35:00+00:00,101.6,,
2026-09-12T12:23:50+00:00,MLB,KXMLBGAME,KXMLBGAME-26SEP122140SEAATH-ATH,KXMLBGAME-26SEP122140SEAATH,A's,,no,2510.5,62.0,1556.51,1,2026-09-12T07:14:55+00:00,2026-09-12T07:14:55+00:00,2026-09-16T01:40:00+00:00,90.4,,
2026-09-12T12:23:50+00:00,MLB,KXMLBGAME,KXMLBGAME-26SEP121915CWSSTL-STL,KXMLBGAME-26SEP121915CWSSTL,St. Louis,,yes,2118.91,50.7,1073.31,10,2026-09-11T18:31:18+00:00,2026-09-11T18:32:11+00:00,2026-09-15T23:15:00+00:00,100.7,,
2026-09-12T12:23:50+00:00,MLB,KXMLBGAME,KXMLBGAME-26SEP121915CWSSTL-CWS,KXMLBGAME-26SEP121915CWSSTL,Chicago WS,,yes,2090.01,51.0,1065.91,2,2026-09-11T18:30:12+00:00,2026-09-11T18:30:12+00:00,2026-09-15T23:15:00+00:00,100.7,,
2026-09-12T12:23:50+00:00,MLB,KXMLBGAME,KXMLBGAME-26SEP121915CWSSTL-CWS,KXMLBGAME-26SEP121915CWSSTL,Chicago WS,,no,2090.01,51.7,1081.09,9,2026-09-11T18:41:48+00:00,2026-09-11T18:41:48+00:00,2026-09-15T23:15:00+00:00,100.6,,
2026-09-12T12:23:50+00:00,MLB,KXMLBGAME,KXMLBGAME-26SEP121910CINMIL-MIL,KXMLBGAME-26SEP121910CINMIL,Milwaukee,,yes,1558.07,64.5,1005.4,9,2026-09-12T03:18:38+00:00,2026-09-12T03:18:54+00:00,2026-09-15T23:10:00+00:00,91.9,63.1,yes
2026-09-12T12:23:50+00:00,MLB,KXMLBGAME,KXMLBGAME-26SEP121910CINMIL-MIL,KXMLBGAME-26SEP121910CINMIL,Milwaukee,,yes,3234.39,64.9,2099.0,7,2026-09-12T03:42:28+00:00,2026-09-12T03:45:13+00:00,2026-09-15T23:10:00+00:00,91.5,63.1,yes
2026-09-12T12:23:50+00:00,MLB,KXMLBGAME,KXMLBGAME-26SEP121910CINMIL-MIL,KXMLBGAME-26SEP121910CINMIL,Milwaukee,,yes,2373.66,65.0,1542.88,13,2026-09-12T03:49:26+00:00,2026-09-12T03:55:39+00:00,2026-09-15T23:10:00+00:00,91.3,63.1,yes
2026-09-12T12:23:50+00:00,MLB,KXMLBGAME,KXMLBGAME-26SEP121910CINMIL-MIL,KXMLBGAME-26SEP121910CINMIL,Milwaukee,,yes,1966.25,64.0,1258.4,5,2026-09-12T05:55:10+00:00,2026-09-12T05:56:32+00:00,2026-09-15T23:10:00+00:00,89.2,63.1,yes
2026-09-12T12:23:50+00:00,MLB,KXMLBGAME,KXMLBGAME-26SEP121910CINMIL-MIL,KXMLBGAME-26SEP121910CINMIL,Milwaukee,,yes,3092.92,64.7,2001.45,10,2026-09-12T06:10:11+00:00,2026-09-12T06:11:06+00:00,2026-09-15T23:10:00+00:00,89.0,63.1,yes
2026-09-12T12:23:50+00:00,MLB,KXMLBGAME,KXMLBGAME-26SEP121915PHIATL-PHI,KXMLBGAME-26SEP121915PHIATL,Philadelphia,,no,16536.16,47.4,7841.15,29,2026-09-12T03:40:26+00:00,2026-09-12T03:44:48+00:00,2026-09-15T23:15:00+00:00,91.6,,
2026-09-12T12:23:50+00:00,MLB,KXMLBGAME,KXMLBGAME-26SEP121915PHIATL-PHI,KXMLBGAME-26SEP121915PHIATL,Philadelphia,,no,2715.64,52.0,1412.13,9,2026-09-12T03:47:07+00:00,2026-09-12T03:47:07+00:00,2026-09-15T23:15:00+00:00,91.5,,
2026-09-12T12:23:50+00:00,MLB,KXMLBGAME,KXMLBGAME-26SEP121915PHIATL-PHI,KXMLBGAME-26SEP121915PHIATL,Philadelphia,,no,5851.38,53.7,3141.29,12,2026-09-12T07:09:06+00:00,2026-09-12T07:09:57+00:00,2026-09-15T23:15:00+00:00,88.1,,
2026-09-12T12:23:50+00:00,MLB,KXMLBGAME,KXMLBGAME-26SEP121915PHIATL-ATL,KXMLBGAME-26SEP121915PHIATL,Atlanta,,yes,49275.29,46.7,23012.6,26,2026-09-12T03:33:09+00:00,2026-09-12T03:36:53+00:00,2026-09-15T23:15:00+00:00,91.7,,
2026-09-12T12:23:50+00:00,MLB,KXMLBGAME,KXMLBGAME-26SEP121915PHIATL-ATL,KXMLBGAME-26SEP121915PHIATL,Atlanta,,yes,299391.53,47.2,141279.94,111,2026-09-12T03:38:44+00:00,2026-09-12T03:43:15+00:00,2026-09-15T23:15:00+00:00,91.6,,
2026-09-12T12:23:50+00:00,MLB,KXMLBGAME,KXMLBGAME-26SEP121915PHIATL-ATL,KXMLBGAME-26SEP121915PHIATL,Atlanta,,yes,314116.82,52.0,163344.9,36,2026-09-12T03:45:31+00:00,2026-09-12T03:54:51+00:00,2026-09-15T23:15:00+00:00,91.5,,
2026-09-12T12:23:50+00:00,MLB,KXMLBGAME,KXMLBGAME-26SEP121915PHIATL-ATL,KXMLBGAME-26SEP121915PHIATL,Atlanta,,yes,2185.91,53.0,1158.53,5,2026-09-12T04:13:44+00:00,2026-09-12T04:16:15+00:00,2026-09-15T23:15:00+00:00,91.0,,
2026-09-12T12:23:50+00:00,MLB,KXMLBGAME,KXMLBGAME-26SEP121915PHIATL-ATL,KXMLBGAME-26SEP121915PHIATL,Atlanta,,yes,61713.48,54.8,33805.27,43,2026-09-12T07:09:15+00:00,2026-09-12T07:10:09+00:00,2026-09-15T23:15:00+00:00,88.1,,
2026-09-12T12:23:50+00:00,MLB,KXMLBGAME,KXMLBGAME-26SEP121610LADMIA-LAD,KXMLBGAME-26SEP121610LADMIA,Los Angeles D,,yes,2155.63,64.0,1379.6,17,2026-09-12T02:15:19+00:00,2026-09-12T02:23:07+00:00,2026-09-15T20:10:00+00:00,89.9,63.5,yes
2026-09-12T12:23:50+00:00,MLB,KXMLBGAME,KXMLBGAME-26SEP121610LADMIA-LAD,KXMLBGAME-26SEP121610LADMIA,Los Angeles D,,yes,3095.41,65.0,2012.02,26,2026-09-12T03:24:50+00:00,2026-09-12T03:37:32+00:00,2026-09-15T20:10:00+00:00,88.8,63.5,yes
2026-09-12T12:23:50+00:00,MLB,KXMLBGAME,KXMLBGAME-26SEP121610LADMIA-LAD,KXMLBGAME-26SEP121610LADMIA,Los Angeles D,,yes,3063.93,65.0,1991.55,4,2026-09-12T03:39:46+00:00,2026-09-12T03:41:45+00:00,2026-09-15T20:10:00+00:00,88.5,63.5,yes
2026-09-12T12:23:50+00:00,MLB,KXMLBGAME,KXMLBGAME-26SEP121610LADMIA-LAD,KXMLBGAME-26SEP121610LADMIA,Los Angeles D,,yes,2759.55,65.0,1793.71,20,2026-09-12T03:48:50+00:00,2026-09-12T03:55:24+00:00,2026-09-15T20:10:00+00:00,88.4,63.5,yes
2026-09-12T12:23:50+00:00,MLB,KXMLBGAME,KXMLBGAME-26SEP121610LADMIA-LAD,KXMLBGAME-26SEP121610LADMIA,Los Angeles D,,yes,1581.45,65.0,1027.94,8,2026-09-12T03:57:26+00:00,2026-09-12T03:59:14+00:00,2026-09-15T20:10:00+00:00,88.2,63.5,yes
2026-09-12T12:23:50+00:00,MLB,KXMLBGAME,KXMLBGAME-26SEP121610LADMIA-LAD,KXMLBGAME-26SEP121610LADMIA,Los Angeles D,,yes,2276.09,65.0,1479.46,39,2026-09-12T04:48:17+00:00,2026-09-12T05:03:48+00:00,2026-09-15T20:10:00+00:00,87.4,63.5,yes
2026-09-12T12:23:50+00:00,MLB,KXMLBGAME,KXMLBGAME-26SEP121610LADMIA-LAD,KXMLBGAME-26SEP121610LADMIA,Los Angeles D,,yes,6438.22,65.0,4184.84,52,2026-09-12T05:11:51+00:00,2026-09-12T05:31:30+00:00,2026-09-15T20:10:00+00:00,87.0,63.5,yes
2026-09-12T12:23:50+00:00,MLB,KXMLBGAME,KXMLBGAME-26SEP121610CLEMIN-CLE,KXMLBGAME-26SEP121610CLEMIN,Cleveland,,yes,2836.95,52.0,1475.21,1,2026-09-12T05:55:50+00:00,2026-09-12T05:55:50+00:00,2026-09-15T20:10:00+00:00,86.2,,
2026-09-12T12:23:50+00:00,MLB,KXMLBGAME,KXMLBGAME-26SEP121605SDSF-SF,KXMLBGAME-26SEP121605SDSF,San Francisco,,yes,6213.16,41.0,2547.4,4,2026-09-12T07:33:20+00:00,2026-09-12T07:33:20+00:00,2026-09-15T20:05:00+00:00,84.5,,
2026-09-12T12:23:50+00:00,MLB,KXMLBGAME,KXMLBGAME-26SEP121605LAAWSH-WSH,KXMLBGAME-26SEP121605LAAWSH,Washington,,no,7680.0,49.0,3763.2,6,2026-09-12T02:23:37+00:00,2026-09-12T02:23:37+00:00,2026-09-15T20:05:00+00:00,89.7,,
2026-09-12T12:23:50+00:00,MLB,KXMLBGAME,KXMLBGAME-26SEP121605LAAWSH-WSH,KXMLBGAME-26SEP121605LAAWSH,Washington,,yes,7680.0,53.0,4070.4,4,2026-09-11T22:39:14+00:00,2026-09-11T22:39:14+00:00,2026-09-15T20:05:00+00:00,93.4,,
2026-09-12T12:23:50+00:00,MLB,KXMLBGAME,KXMLBGAME-26SEP121610KCBOS-BOS,KXMLBGAME-26SEP121610KCBOS,Boston,,yes,2496.56,64.0,1597.8,5,2026-09-12T02:09:24+00:00,2026-09-12T02:10:59+00:00,2026-09-15T20:10:00+00:00,90.0,63.5,yes
2026-09-12T12:23:50+00:00,MLB,KXMLBGAME,KXMLBGAME-26SEP121610KCBOS-BOS,KXMLBGAME-26SEP121610KCBOS,Boston,,yes,1853.21,64.0,1186.05,1,2026-09-12T03:15:50+00:00,2026-09-12T03:15:50+00:00,2026-09-15T20:10:00+00:00,88.9,63.5,yes
2026-09-12T12:23:50+00:00,MLB,KXMLBGAME,KXMLBGAME-26SEP121610KCBOS-BOS,KXMLBGAME-26SEP121610KCBOS,Boston,,yes,3454.44,65.0,2245.39,8,2026-09-12T12:08:19+00:00,2026-09-12T12:12:00+00:00,2026-09-15T20:10:00+00:00,80.0,63.5,yes
2026-09-12T12:23:50+00:00,MLB,KXMLBGAME,KXMLBGAME-26SEP121507BALTOR-BAL,KXMLBGAME-26SEP121507BALTOR,Baltimore,,yes,8864.01,44.8,3970.45,12,2026-09-11T21:15:49+00:00,2026-09-11T21:15:49+00:00,2026-09-15T19:07:00+00:00,93.9,,
2026-09-12T12:23:50+00:00,MLB,KXMLBGAME,KXMLBGAME-26SEP121507BALTOR-BAL,KXMLBGAME-26SEP121507BALTOR,Baltimore,,yes,8845.2,50.0,4422.6,8,2026-09-12T04:54:01+00:00,2026-09-12T04:54:01+00:00,2026-09-15T19:07:00+00:00,86.2,,
2026-09-12T12:23:50+00:00,MLB,KXMLBGAME,KXMLBGAME-26SEP121507BALTOR-BAL,KXMLBGAME-26SEP121507BALTOR,Baltimore,,no,1965.6,51.0,1002.46,1,2026-09-12T03:47:40+00:00,2026-09-12T03:47:40+00:00,2026-09-15T19:07:00+00:00,87.3,,
2026-09-12T12:23:50+00:00,MLB,KXMLBGAME,KXMLBGAME-26SEP121507BALTOR-BAL,KXMLBGAME-26SEP121507BALTOR,Baltimore,,no,8845.2,51.0,4511.05,2,2026-09-12T05:37:08+00:00,2026-09-12T05:37:08+00:00,2026-09-15T19:07:00+00:00,85.5,,
2026-09-12T12:23:50+00:00,MLB,KXMLBGAME,KXMLBGAME-26SEP121420PITCHC-PIT,KXMLBGAME-26SEP121420PITCHC,Pittsburgh,,yes,6189.2,48.0,2970.82,7,2026-09-12T05:00:47+00:00,2026-09-12T05:01:43+00:00,2026-09-15T18:20:00+00:00,85.3,,
2026-09-12T12:23:50+00:00,MLB,KXMLBGAME,KXMLBGAME-26SEP121420PITCHC-CHC,KXMLBGAME-26SEP121420PITCHC,Chicago C,,yes,3236.17,54.0,1747.53,2,2026-09-12T05:54:31+00:00,2026-09-12T05:55:14+00:00,2026-09-15T18:20:00+00:00,84.4,,
2026-09-12T12:23:50+00:00,MLB,KXMLBGAME,KXMLBGAME-26SEP121420PITCHC-CHC,KXMLBGAME-26SEP121420PITCHC,Chicago C,,yes,30982.66,54.0,16730.64,1,2026-09-12T06:14:25+00:00,2026-09-12T06:14:25+00:00,2026-09-15T18:20:00+00:00,84.1,,
2026-09-12T12:23:50+00:00,MLB,KXMLBGAME,KXMLBGAME-26SEP121420PITCHC-CHC,KXMLBGAME-26SEP121420PITCHC,Chicago C,,yes,36485.13,54.0,19701.97,13,2026-09-12T06:17:13+00:00,2026-09-12T06:20:51+00:00,2026-09-15T18:20:00+00:00,84.0,,
2026-09-12T12:23:50+00:00,MLB,KXMLBGAME,KXMLBGAME-26SEP121420PITCHC-CHC,KXMLBGAME-26SEP121420PITCHC,Chicago C,,yes,2551.51,54.0,1377.82,2,2026-09-12T07:27:19+00:00,2026-09-12T07:27:19+00:00,2026-09-15T18:20:00+00:00,82.9,,
2026-09-12T12:23:50+00:00,MLB,KXMLBGAME,KXMLBGAME-26SEP121420PITCHC-CHC,KXMLBGAME-26SEP121420PITCHC,Chicago C,,yes,3841.55,54.0,2074.44,9,2026-09-12T12:05:59+00:00,2026-09-12T12:10:09+00:00,2026-09-15T18:20:00+00:00,78.2,,
2026-09-12T12:23:50+00:00,MLB,KXMLBGAME,KXMLBGAME-26SEP121335NYMNYY-NYY,KXMLBGAME-26SEP121335NYMNYY,New York Y,,yes,4043.03,63.0,2547.11,15,2026-09-12T05:23:08+00:00,2026-09-12T05:30:21+00:00,2026-09-15T17:35:00+00:00,84.2,62.3,yes
2026-09-12T12:23:50+00:00,MLB,KXMLBGAME,KXMLBGAME-26SEP121335NYMNYY-NYY,KXMLBGAME-26SEP121335NYMNYY,New York Y,,yes,2857.76,63.0,1800.39,26,2026-09-12T05:36:43+00:00,2026-09-12T05:47:48+00:00,2026-09-15T17:35:00+00:00,84.0,62.3,yes
2026-09-12T12:23:50+00:00,MLB,KXMLBGAME,KXMLBGAME-26SEP121335NYMNYY-NYY,KXMLBGAME-26SEP121335NYMNYY,New York Y,,yes,1723.26,63.0,1085.65,2,2026-09-12T07:54:10+00:00,2026-09-12T07:54:50+00:00,2026-09-15T17:35:00+00:00,81.7,62.3,yes
2026-09-12T12:23:50+00:00,MLB,KXMLBGAME,KXMLBGAME-26SEP121335NYMNYY-NYY,KXMLBGAME-26SEP121335NYMNYY,New York Y,,yes,3830.21,63.0,2413.03,39,2026-09-12T11:57:46+00:00,2026-09-12T12:13:30+00:00,2026-09-15T17:35:00+00:00,77.6,62.3,yes
2026-09-12T12:23:50+00:00,MLB,KXMLBGAME,KXMLBGAME-26SEP121335NYMNYY-NYY,KXMLBGAME-26SEP121335NYMNYY,New York Y,,yes,1768.61,63.0,1114.22,25,2026-09-12T12:15:39+00:00,2026-09-12T12:25:07+00:00,2026-09-15T17:35:00+00:00,77.3,62.3,yes
2026-09-12T12:23:50+00:00,MLB,KXMLBGAME,KXMLBGAME-26SEP121310COLDET-DET,KXMLBGAME-26SEP121310COLDET,Detroit,,yes,1752.8,61.0,1069.21,10,2026-09-12T05:47:39+00:00,2026-09-12T05:51:26+00:00,2026-09-15T17:10:00+00:00,83.4,60.9,yes
2026-09-12T12:23:50+00:00,MLB,KXMLBGAME,KXMLBGAME-26SEP121310COLDET-DET,KXMLBGAME-26SEP121310COLDET,Detroit,,yes,2694.8,62.0,1670.78,2,2026-09-12T08:15:45+00:00,2026-09-12T08:15:45+00:00,2026-09-15T17:10:00+00:00,80.9,60.9,yes
2026-09-12T12:23:50+00:00,MLB,KXMLBGAME,KXMLBGAME-26SEP121310COLDET-DET,KXMLBGAME-26SEP121310COLDET,Detroit,,yes,3256.66,62.0,2019.13,5,2026-09-12T12:07:38+00:00,2026-09-12T12:08:42+00:00,2026-09-15T17:10:00+00:00,77.0,60.9,yes
2026-09-12T12:23:50+00:00,MLB,KXMLBGAME,KXMLBGAME-26SEP121310COLDET-COL,KXMLBGAME-26SEP121310COLDET,Colorado,,yes,2599.0,40.0,1039.6,3,2026-09-12T04:25:31+00:00,2026-09-12T04:25:43+00:00,2026-09-15T17:10:00+00:00,84.7,,
2026-09-12T12:23:50+00:00,MLB,KXMLBGAME,KXMLBGAME-26SEP121310COLDET-COL,KXMLBGAME-26SEP121310COLDET,Colorado,,yes,11916.97,40.0,4766.78,3,2026-09-12T05:31:26+00:00,2026-09-12T05:31:44+00:00,2026-09-15T17:10:00+00:00,83.6,,
2026-09-12T12:23:50+00:00,WEATHER,KXHIGHAUS,KXHIGHAUS-26SEP12-T99,KXHIGHAUS-26SEP12,Austin 98° or below,,no,773.71,98.6,762.94,10,2026-09-11T14:29:28+00:00,2026-09-11T14:30:23+00:00,2026-09-13T06:00:00+00:00,39.5,95.1,no
2026-09-12T12:23:50+00:00,WEATHER,KXHIGHAUS,KXHIGHAUS-26SEP12-T99,KXHIGHAUS-26SEP12,Austin 98° or below,,no,328.75,99.0,325.46,6,2026-09-11T22:40:06+00:00,2026-09-11T22:40:06+00:00,2026-09-13T06:00:00+00:00,31.3,95.1,no
2026-09-12T12:23:50+00:00,WEATHER,KXHIGHAUS,KXHIGHAUS-26SEP12-T106,KXHIGHAUS-26SEP12,Austin 107° or above,,no,312.98,99.0,309.85,5,2026-09-11T15:51:45+00:00,2026-09-11T15:51:45+00:00,2026-09-13T06:00:00+00:00,38.1,87.8,no
2026-09-12T12:23:50+00:00,WEATHER,KXHIGHAUS,KXHIGHAUS-26SEP12-B103.5,KXHIGHAUS-26SEP12,Austin 103° to 104°,,yes,587.23,49.4,289.93,37,2026-09-12T00:22:25+00:00,2026-09-12T00:23:30+00:00,2026-09-13T06:00:00+00:00,29.6,41.5,yes
2026-09-12T12:23:50+00:00,WEATHER,KXHIGHAUS,KXHIGHAUS-26SEP12-B103.5,KXHIGHAUS-26SEP12,Austin 103° to 104°,,yes,455.92,64.3,292.97,30,2026-09-12T03:17:14+00:00,2026-09-12T03:18:16+00:00,2026-09-13T06:00:00+00:00,26.7,41.5,yes
2026-09-12T12:23:50+00:00,WEATHER,KXHIGHCHI,KXHIGHCHI-26SEP12-T91,KXHIGHCHI-26SEP12,Chicago 92° or above,,no,279.0,98.1,273.71,10,2026-09-11T14:05:30+00:00,2026-09-11T14:07:05+00:00,2026-09-13T06:00:00+00:00,39.9,96.3,no
2026-09-12T12:23:50+00:00,WEATHER,KXHIGHCHI,KXHIGHCHI-26SEP12-T91,KXHIGHCHI-26SEP12,Chicago 92° or above,,no,308.04,99.0,304.96,2,2026-09-11T14:22:48+00:00,2026-09-11T14:22:48+00:00,2026-09-13T06:00:00+00:00,39.6,96.3,no
2026-09-12T12:23:50+00:00,WEATHER,KXHIGHCHI,KXHIGHCHI-26SEP12-B90.5,KXHIGHCHI-26SEP12,Chicago 90° to 91°,,no,306.81,98.7,302.88,8,2026-09-12T09:00:58+00:00,2026-09-12T09:00:58+00:00,2026-09-13T06:00:00+00:00,21.0,92.7,no
2026-09-12T12:23:50+00:00,WEATHER,KXHIGHCHI,KXHIGHCHI-26SEP12-B88.5,KXHIGHCHI-26SEP12,Chicago 88° to 89°,,no,409.0,79.2,323.94,7,2026-09-12T06:49:22+00:00,2026-09-12T06:50:48+00:00,2026-09-13T06:00:00+00:00,23.2,85.4,no
2026-09-12T12:23:50+00:00,WEATHER,KXHIGHCHI,KXHIGHCHI-26SEP12-B88.5,KXHIGHCHI-26SEP12,Chicago 88° to 89°,,no,1310.0,76.1,996.52,10,2026-09-12T07:04:41+00:00,2026-09-12T07:04:41+00:00,2026-09-13T06:00:00+00:00,22.9,85.4,no
2026-09-12T12:23:50+00:00,WEATHER,KXHIGHDEN,KXHIGHDEN-26SEP12-T87,KXHIGHDEN-26SEP12,Denver 88° or above,,no,308.02,99.0,304.94,4,2026-09-12T03:40:28+00:00,2026-09-12T03:40:28+00:00,2026-09-13T07:00:00+00:00,27.3,69.5,no
2026-09-12T12:23:50+00:00,WEATHER,KXHIGHLAX,KXHIGHLAX-26SEP12-T84,KXHIGHLAX-26SEP12,Los Angeles 85° or above,,yes,1671.79,41.5,693.57,43,2026-09-11T16:13:38+00:00,2026-09-11T16:16:55+00:00,2026-09-13T08:00:00+00:00,39.8,41.5,yes
2026-09-12T12:23:50+00:00,WEATHER,KXHIGHLAX,KXHIGHLAX-26SEP12-T84,KXHIGHLAX-26SEP12,Los Angeles 85° or above,,yes,2023.24,23.8,482.27,41,2026-09-12T07:10:24+00:00,2026-09-12T07:11:37+00:00,2026-09-13T08:00:00+00:00,24.8,41.5,yes
2026-09-12T12:23:50+00:00,WEATHER,KXHIGHLAX,KXHIGHLAX-26SEP12-T84,KXHIGHLAX-26SEP12,Los Angeles 85° or above,,yes,1451.73,20.0,289.88,7,2026-09-12T11:01:00+00:00,2026-09-12T11:01:54+00:00,2026-09-13T08:00:00+00:00,21.0,41.5,yes
2026-09-12T12:23:50+00:00,WEATHER,KXHIGHLAX,KXHIGHLAX-26SEP12-T84,KXHIGHLAX-26SEP12,Los Angeles 85° or above,,yes,1886.76,20.0,377.35,8,2026-09-12T11:03:53+00:00,2026-09-12T11:06:10+00:00,2026-09-13T08:00:00+00:00,20.9,41.5,yes
2026-09-12T12:23:50+00:00,WEATHER,KXHIGHLAX,KXHIGHLAX-26SEP12-T84,KXHIGHLAX-26SEP12,Los Angeles 85° or above,,no,425.01,79.0,335.76,14,2026-09-11T15:06:31+00:00,2026-09-11T15:06:31+00:00,2026-09-13T08:00:00+00:00,40.9,58.5,no
2026-09-12T12:23:50+00:00,WEATHER,KXHIGHLAX,KXHIGHLAX-26SEP12-T84,KXHIGHLAX-26SEP12,Los Angeles 85° or above,,no,923.38,87.6,808.88,59,2026-09-11T21:17:07+00:00,2026-09-11T21:18:17+00:00,2026-09-13T08:00:00+00:00,34.7,58.5,no
2026-09-12T12:23:50+00:00,WEATHER,KXHIGHLAX,KXHIGHLAX-26SEP12-T84,KXHIGHLAX-26SEP12,Los Angeles 85° or above,,no,961.1,85.3,819.56,23,2026-09-12T09:33:08+00:00,2026-09-12T09:34:06+00:00,2026-09-13T08:00:00+00:00,22.4,58.5,no
2026-09-12T12:23:50+00:00,WEATHER,KXHIGHLAX,KXHIGHLAX-26SEP12-T84,KXHIGHLAX-26SEP12,Los Angeles 85° or above,,no,620.0,88.8,550.37,30,2026-09-12T09:39:25+00:00,2026-09-12T09:39:39+00:00,2026-09-13T08:00:00+00:00,22.3,58.5,no
2026-09-12T12:23:50+00:00,WEATHER,KXHIGHLAX,KXHIGHLAX-26SEP12-T77,KXHIGHLAX-26SEP12,Los Angeles 76° or below,,no,1452.0,99.0,1437.48,6,2026-09-11T14:14:52+00:00,2026-09-11T14:14:52+00:00,2026-09-13T08:00:00+00:00,41.8,62.2,no
2026-09-12T12:23:50+00:00,WEATHER,KXHIGHLAX,KXHIGHLAX-26SEP12-B83.5,KXHIGHLAX-26SEP12,Los Angeles 83° to 84°,,yes,769.5,42.8,329.21,45,2026-09-11T23:01:50+00:00,2026-09-11T23:02:57+00:00,2026-09-13T08:00:00+00:00,33.0,34.1,no
2026-09-12T12:23:50+00:00,WEATHER,KXHIGHLAX,KXHIGHLAX-26SEP12-B83.5,KXHIGHLAX-26SEP12,Los Angeles 83° to 84°,,yes,615.35,47.1,289.74,34,2026-09-12T01:28:54+00:00,2026-09-12T01:30:16+00:00,2026-09-13T08:00:00+00:00,30.5,34.1,no
2026-09-12T12:23:50+00:00,WEATHER,KXHIGHLAX,KXHIGHLAX-26SEP12-B81.5,KXHIGHLAX-26SEP12,Los Angeles 81° to 82°,,no,525.39,73.8,387.61,9,2026-09-12T07:35:19+00:00,2026-09-12T07:36:21+00:00,2026-09-13T08:00:00+00:00,24.4,93.9,no
2026-09-12T12:23:50+00:00,WEATHER,KXHIGHLAX,KXHIGHLAX-26SEP12-B79.5,KXHIGHLAX-26SEP12,Los Angeles 79° to 80°,,no,575.0,93.1,535.24,12,2026-09-11T15:04:55+00:00,2026-09-11T15:05:18+00:00,2026-09-13T08:00:00+00:00,40.9,98.8,no
2026-09-12T12:23:50+00:00,WEATHER,KXHIGHLAX,KXHIGHLAX-26SEP12-B79.5,KXHIGHLAX-26SEP12,Los Angeles 79° to 80°,,no,418.62,90.0,376.76,2,2026-09-12T02:50:01+00:00,2026-09-12T02:50:01+00:00,2026-09-13T08:00:00+00:00,29.2,98.8,no
2026-09-12T12:23:50+00:00,WEATHER,KXHIGHLAX,KXHIGHLAX-26SEP12-B77.5,KXHIGHLAX-26SEP12,Los Angeles 77° to 78°,,no,344.0,93.0,319.92,7,2026-09-11T14:59:33+00:00,2026-09-11T14:59:58+00:00,2026-09-13T08:00:00+00:00,41.0,86.6,no
2026-09-12T12:23:50+00:00,WEATHER,KXHIGHLAX,KXHIGHLAX-26SEP12-B77.5,KXHIGHLAX-26SEP12,Los Angeles 77° to 78°,,no,1017.42,98.2,998.71,5,2026-09-12T03:22:28+00:00,2026-09-12T03:22:28+00:00,2026-09-13T08:00:00+00:00,28.6,86.6,no
2026-09-12T12:23:50+00:00,WEATHER,KXHIGHMIA,KXHIGHMIA-26SEP12-T93,KXHIGHMIA-26SEP12,Miami 94° or above,,no,2995.0,91.0,2725.45,2,2026-09-12T07:04:23+00:00,2026-09-12T07:04:37+00:00,2026-09-13T05:00:00+00:00,21.9,75.6,no
2026-09-12T12:23:50+00:00,WEATHER,KXHIGHMIA,KXHIGHMIA-26SEP12-T93,KXHIGHMIA-26SEP12,Miami 94° or above,,no,374.0,97.3,363.75,7,2026-09-12T09:33:53+00:00,2026-09-12T09:33:53+00:00,2026-09-13T05:00:00+00:00,19.4,75.6,no
2026-09-12T12:23:50+00:00,WEATHER,KXHIGHNY,KXHIGHNY-26SEP12-T82,KXHIGHNY-26SEP12,New York City 83° or above,,no,411.26,99.0,407.15,7,2026-09-11T17:35:25+00:00,2026-09-11T17:35:25+00:00,2026-09-13T05:00:00+00:00,35.4,97.6,no
2026-09-12T12:23:50+00:00,WEATHER,KXHIGHNY,KXHIGHNY-26SEP12-T75,KXHIGHNY-26SEP12,New York City 74° or below,,no,1259.79,98.3,1237.9,11,2026-09-12T04:10:46+00:00,2026-09-12T04:11:16+00:00,2026-09-13T05:00:00+00:00,24.8,47.6,no
2026-09-12T12:23:50+00:00,WEATHER,KXHIGHNY,KXHIGHNY-26SEP12-T75,KXHIGHNY-26SEP12,New York City 74° or below,,no,299.1,99.0,296.11,3,2026-09-12T08:00:33+00:00,2026-09-12T08:00:33+00:00,2026-09-13T05:00:00+00:00,21.0,47.6,no
2026-09-12T12:23:50+00:00,WEATHER,KXHIGHNY,KXHIGHNY-26SEP12-B81.5,KXHIGHNY-26SEP12,New York City 81° to 82°,,no,1000.0,97.5,975.43,11,2026-09-12T09:33:55+00:00,2026-09-12T09:33:55+00:00,2026-09-13T05:00:00+00:00,19.4,95.1,no
2026-09-12T12:23:50+00:00,WEATHER,KXHIGHNY,KXHIGHNY-26SEP12-B79.5,KXHIGHNY-26SEP12,New York City 79° to 80°,,no,695.0,81.9,568.94,22,2026-09-12T09:33:51+00:00,2026-09-12T09:34:01+00:00,2026-09-13T05:00:00+00:00,19.4,89.0,no
2026-09-12T12:23:50+00:00,WEATHER,KXHIGHNY,KXHIGHNY-26SEP12-B79.5,KXHIGHNY-26SEP12,New York City 79° to 80°,,no,358.11,86.5,309.59,21,2026-09-12T10:33:37+00:00,2026-09-12T10:34:06+00:00,2026-09-13T05:00:00+00:00,18.4,89.0,no
2026-09-12T12:23:50+00:00,WEATHER,KXHIGHNY,KXHIGHNY-26SEP12-B79.5,KXHIGHNY-26SEP12,New York City 79° to 80°,,no,853.0,91.0,776.23,4,2026-09-12T10:50:05+00:00,2026-09-12T10:50:05+00:00,2026-09-13T05:00:00+00:00,18.2,89.0,no
2026-09-12T12:23:50+00:00,WEATHER,KXHIGHPHIL,KXHIGHPHIL-26SEP12-T79,KXHIGHPHIL-26SEP12,Philadelphia 78° or below,,no,388.0,97.8,379.61,11,2026-09-11T16:12:50+00:00,2026-09-11T16:13:54+00:00,2026-09-13T05:00:00+00:00,36.8,100.0,no
2026-09-12T12:23:50+00:00,WEATHER,KXHIGHPHIL,KXHIGHPHIL-26SEP12-B85.5,KXHIGHPHIL-26SEP12,Philadelphia 85° to 86°,,no,383.0,79.7,305.07,14,2026-09-12T07:38:53+00:00,2026-09-12T07:38:53+00:00,2026-09-13T05:00:00+00:00,21.4,62.2,no
2026-09-12T12:23:50+00:00,WEATHER,KXHIGHTATL,KXHIGHTATL-26SEP12-T89,KXHIGHTATL-26SEP12,Atlanta 90° or above,,no,491.0,98.6,484.3,6,2026-09-11T14:17:05+00:00,2026-09-11T14:17:05+00:00,2026-09-13T05:00:00+00:00,38.7,98.8,no
2026-09-12T12:23:50+00:00,WEATHER,KXHIGHTBOS,KXHIGHTBOS-26SEP12-T80,KXHIGHTBOS-26SEP12,Boston 81° or above,,no,308.04,99.0,304.96,4,2026-09-11T14:22:48+00:00,2026-09-11T14:22:48+00:00,2026-09-13T05:00:00+00:00,38.6,84.1,no
2026-09-12T12:23:50+00:00,WEATHER,KXHIGHTBOS,KXHIGHTBOS-26SEP12-B75.5,KXHIGHTBOS-26SEP12,Boston 75° to 76°,,no,2000.0,85.0,1700.0,1,2026-09-12T08:34:01+00:00,2026-09-12T08:34:01+00:00,2026-09-13T05:00:00+00:00,20.4,75.6,no
2026-09-12T12:23:50+00:00,WEATHER,KXHIGHTBOS,KXHIGHTBOS-26SEP12-B75.5,KXHIGHTBOS-26SEP12,Boston 75° to 76°,,no,578.0,85.0,491.31,3,2026-09-12T08:39:44+00:00,2026-09-12T08:39:44+00:00,2026-09-13T05:00:00+00:00,20.3,75.6,no
2026-09-12T12:23:50+00:00,WEATHER,KXHIGHTDAL,KXHIGHTDAL-26SEP12-B99.5,KXHIGHTDAL-26SEP12,Dallas 99° to 100°,,yes,2671.81,19.4,518.04,22,2026-09-12T07:01:58+00:00,2026-09-12T07:01:58+00:00,2026-09-13T06:00:00+00:00,23.0,20.7,no
2026-09-12T12:23:50+00:00,WEATHER,KXHIGHTDAL,KXHIGHTDAL-26SEP12-B105.5,KXHIGHTDAL-26SEP12,Dallas 105° to 106°,,no,269.0,97.8,263.03,3,2026-09-12T08:49:40+00:00,2026-09-12T08:49:40+00:00,2026-09-13T06:00:00+00:00,21.2,82.9,no
2026-09-12T12:23:50+00:00,WEATHER,KXHIGHTDAL,KXHIGHTDAL-26SEP12-B103.5,KXHIGHTDAL-26SEP12,Dallas 103° to 104°,,no,951.0,96.1,913.58,10,2026-09-12T08:39:34+00:00,2026-09-12T08:39:34+00:00,2026-09-13T06:00:00+00:00,21.3,81.7,no
2026-09-12T12:23:50+00:00,WEATHER,KXHIGHTDAL,KXHIGHTDAL-26SEP12-B103.5,KXHIGHTDAL-26SEP12,Dallas 103° to 104°,,no,1000.0,96.0,960.0,1,2026-09-12T10:59:36+00:00,2026-09-12T10:59:36+00:00,2026-09-13T06:00:00+00:00,19.0,81.7,no
2026-09-12T12:23:50+00:00,WEATHER,KXHIGHTHOU,KXHIGHTHOU-26SEP12-T91,KXHIGHTHOU-26SEP12,Houston 90° or below,,no,400.57,98.0,392.44,5,2026-09-11T16:41:23+00:00,2026-09-11T16:41:33+00:00,2026-09-13T06:00:00+00:00,37.3,65.9,no
2026-09-12T12:23:50+00:00,WEATHER,KXHIGHTHOU,KXHIGHTHOU-26SEP12-B91.5,KXHIGHTHOU-26SEP12,Houston 91° to 92°,,no,276.0,96.0,264.96,2,2026-09-12T06:38:41+00:00,2026-09-12T06:38:41+00:00,2026-09-13T06:00:00+00:00,23.4,67.1,no
2026-09-12T12:23:50+00:00,WEATHER,KXHIGHTLV,KXHIGHTLV-26SEP12-T99,KXHIGHTLV-26SEP12,Las Vegas 98° or below,,no,474.0,99.0,469.23,8,2026-09-11T15:50:21+00:00,2026-09-11T15:50:32+00:00,2026-09-13T08:00:00+00:00,40.2,90.2,no
2026-09-12T12:23:50+00:00,WEATHER,KXHIGHTMIN,KXHIGHTMIN-26SEP12-T73,KXHIGHTMIN-26SEP12,Minneapolis 72° or below,,no,300.0,98.4,295.31,17,2026-09-12T05:56:57+00:00,2026-09-12T05:56:57+00:00,2026-09-13T06:00:00+00:00,24.1,64.6,no
2026-09-12T12:23:50+00:00,WEATHER,KXHIGHTMIN,KXHIGHTMIN-26SEP12-T73,KXHIGHTMIN-26SEP12,Minneapolis 72° or below,,no,867.0,98.5,854.34,4,2026-09-12T06:01:03+00:00,2026-09-12T06:01:03+00:00,2026-09-13T06:00:00+00:00,24.0,64.6,no
2026-09-12T12:23:50+00:00,WEATHER,KXHIGHTMIN,KXHIGHTMIN-26SEP12-B73.5,KXHIGHTMIN-26SEP12,Minneapolis 73° to 74°,,no,1833.73,95.6,1753.19,50,2026-09-12T05:58:38+00:00,2026-09-12T06:02:15+00:00,2026-09-13T06:00:00+00:00,24.0,68.3,no
2026-09-12T12:23:50+00:00,WEATHER,KXHIGHTOKC,KXHIGHTOKC-26SEP12-T94,KXHIGHTOKC-26SEP12,Oklahoma City 93° or below,,no,275.9,99.0,273.14,8,2026-09-12T01:27:36+00:00,2026-09-12T01:27:36+00:00,2026-09-13T06:00:00+00:00,28.5,70.7,no
2026-09-12T12:23:50+00:00,WEATHER,KXHIGHTSATX,KXHIGHTSATX-26SEP12-B99.5,KXHIGHTSATX-26SEP12,San Antonio 99° to 100°,,no,1305.0,51.4,670.24,12,2026-09-12T07:04:19+00:00,2026-09-12T07:04:19+00:00,2026-09-13T06:00:00+00:00,22.9,64.6,no
2026-09-12T12:23:50+00:00,WEATHER,KXHIGHTSEA,KXHIGHTSEA-26SEP12-T66,KXHIGHTSEA-26SEP12,Seattle 65° or below,,no,305.07,85.9,262.03,15,2026-09-11T19:30:27+00:00,2026-09-11T19:31:52+00:00,2026-09-13T08:00:00+00:00,36.5,98.8,no
2026-09-12T12:23:50+00:00,WEATHER,KXHIGHTSFO,KXHIGHTSFO-26SEP12-T74,KXHIGHTSFO-26SEP12,San Francisco 75° or above,,no,283.58,99.0,280.74,5,2026-09-12T11:01:25+00:00,2026-09-12T11:01:25+00:00,2026-09-13T08:00:00+00:00,21.0,87.8,no
2026-09-12T12:23:50+00:00,WEATHER,KXHIGHTSFO,KXHIGHTSFO-26SEP12-T67,KXHIGHTSFO-26SEP12,San Francisco 66° or below,,no,308.03,99.0,304.95,6,2026-09-11T20:32:16+00:00,2026-09-11T20:32:16+00:00,2026-09-13T08:00:00+00:00,35.5,98.8,no
2026-09-12T12:23:50+00:00,WEATHER,KXHIGHTSFO,KXHIGHTSFO-26SEP12-B73.5,KXHIGHTSFO-26SEP12,San Francisco 73° to 74°,,no,2668.0,86.0,2295.29,7,2026-09-12T10:33:47+00:00,2026-09-12T10:34:04+00:00,2026-09-13T08:00:00+00:00,21.4,86.6,no
2026-09-12T12:23:50+00:00,TENNIS,KXATPMATCH,KXATPMATCH-26SEP13ZVESHE-ZVE,KXATPMATCH-26SEP13ZVESHE,Alexander Zverev,,yes,4662.73,59.6,2778.81,37,2026-09-12T03:27:37+00:00,2026-09-12T03:36:17+00:00,2026-09-27T18:00:00+00:00,374.5,57.4,yes
2026-09-12T12:23:50+00:00,TENNIS,KXATPMATCH,KXATPMATCH-26SEP13ZVESHE-ZVE,KXATPMATCH-26SEP13ZVESHE,Alexander Zverev,,yes,3658.07,58.1,2125.16,13,2026-09-12T03:37:52+00:00,2026-09-12T03:45:56+00:00,2026-09-27T18:00:00+00:00,374.4,57.4,yes
2026-09-12T12:23:50+00:00,TENNIS,KXATPMATCH,KXATPMATCH-26SEP13ZVESHE-ZVE,KXATPMATCH-26SEP13ZVESHE,Alexander Zverev,,yes,6259.34,58.0,3630.42,17,2026-09-12T03:47:31+00:00,2026-09-12T03:54:26+00:00,2026-09-27T18:00:00+00:00,374.2,57.4,yes
2026-09-12T12:23:50+00:00,TENNIS,KXATPMATCH,KXATPMATCH-26SEP13ZVESHE-ZVE,KXATPMATCH-26SEP13ZVESHE,Alexander Zverev,,yes,2318.51,58.0,1344.74,7,2026-09-12T04:00:01+00:00,2026-09-12T04:03:00+00:00,2026-09-27T18:00:00+00:00,374.0,57.4,yes
2026-09-12T12:23:50+00:00,TENNIS,KXATPMATCH,KXATPMATCH-26SEP13ZVESHE-ZVE,KXATPMATCH-26SEP13ZVESHE,Alexander Zverev,,yes,7664.47,58.0,4445.39,25,2026-09-12T04:17:41+00:00,2026-09-12T04:31:08+00:00,2026-09-27T18:00:00+00:00,373.7,57.4,yes
2026-09-12T12:23:50+00:00,TENNIS,KXATPMATCH,KXATPMATCH-26SEP13ZVESHE-ZVE,KXATPMATCH-26SEP13ZVESHE,Alexander Zverev,,yes,2415.16,58.0,1400.79,9,2026-09-12T04:37:24+00:00,2026-09-12T04:40:03+00:00,2026-09-27T18:00:00+00:00,373.4,57.4,yes
2026-09-12T12:23:50+00:00,TENNIS,KXATPMATCH,KXATPMATCH-26SEP13ZVESHE-ZVE,KXATPMATCH-26SEP13ZVESHE,Alexander Zverev,,yes,3919.13,58.0,2273.1,7,2026-09-12T04:42:55+00:00,2026-09-12T04:44:15+00:00,2026-09-27T18:00:00+00:00,373.3,57.4,yes
2026-09-12T12:23:50+00:00,TENNIS,KXATPMATCH,KXATPMATCH-26SEP13ZVESHE-ZVE,KXATPMATCH-26SEP13ZVESHE,Alexander Zverev,,yes,2017.7,58.0,1170.27,8,2026-09-12T05:27:21+00:00,2026-09-12T05:31:30+00:00,2026-09-27T18:00:00+00:00,372.5,57.4,yes
2026-09-12T12:23:50+00:00,TENNIS,KXATPMATCH,KXATPMATCH-26SEP13ZVESHE-ZVE,KXATPMATCH-26SEP13ZVESHE,Alexander Zverev,,yes,8564.69,57.0,4881.87,4,2026-09-12T05:46:10+00:00,2026-09-12T05:47:56+00:00,2026-09-27T18:00:00+00:00,372.2,57.4,yes
2026-09-12T12:23:50+00:00,TENNIS,KXATPMATCH,KXATPMATCH-26SEP13ZVESHE-ZVE,KXATPMATCH-26SEP13ZVESHE,Alexander Zverev,,yes,4784.46,57.0,2727.14,11,2026-09-12T05:56:17+00:00,2026-09-12T06:01:19+00:00,2026-09-27T18:00:00+00:00,372.1,57.4,yes
2026-09-12T12:23:50+00:00,TENNIS,KXATPMATCH,KXATPMATCH-26SEP13ZVESHE-ZVE,KXATPMATCH-26SEP13ZVESHE,Alexander Zverev,,yes,1861.72,57.0,1061.18,4,2026-09-12T11:32:47+00:00,2026-09-12T11:35:11+00:00,2026-09-27T18:00:00+00:00,366.5,57.4,yes
2026-09-12T12:23:50+00:00,TENNIS,KXATPMATCH,KXATPMATCH-26SEP13ZVESHE-ZVE,KXATPMATCH-26SEP13ZVESHE,Alexander Zverev,,yes,2868.03,57.0,1634.78,10,2026-09-12T11:44:09+00:00,2026-09-12T11:47:25+00:00,2026-09-27T18:00:00+00:00,366.3,57.4,yes
2026-09-12T12:23:50+00:00,TENNIS,KXATPMATCH,KXATPMATCH-26SEP13ZVESHE-ZVE,KXATPMATCH-26SEP13ZVESHE,Alexander Zverev,,yes,2024.65,57.0,1154.05,4,2026-09-12T12:20:08+00:00,2026-09-12T12:23:12+00:00,2026-09-27T18:00:00+00:00,365.7,57.4,yes
2026-09-12T12:23:50+00:00,TENNIS,KXATPMATCH,KXATPMATCH-26SEP13ZVESHE-ZVE,KXATPMATCH-26SEP13ZVESHE,Alexander Zverev,,no,2668.46,43.0,1147.44,7,2026-09-12T05:44:31+00:00,2026-09-12T05:44:31+00:00,2026-09-27T18:00:00+00:00,372.3,42.6,no
2026-09-12T12:23:50+00:00,TENNIS,KXATPMATCH,KXATPMATCH-26SEP13ZVESHE-SHE,KXATPMATCH-26SEP13ZVESHE,Ben Shelton,,yes,35119.43,44.3,15553.45,247,2026-09-12T03:26:40+00:00,2026-09-12T04:30:25+00:00,2026-09-27T18:00:00+00:00,374.6,,
2026-09-12T12:23:50+00:00,TENNIS,KXATPMATCH,KXATPMATCH-26SEP13ZVESHE-SHE,KXATPMATCH-26SEP13ZVESHE,Ben Shelton,,yes,9917.69,43.2,4285.12,63,2026-09-12T04:32:06+00:00,2026-09-12T04:52:54+00:00,2026-09-27T18:00:00+00:00,373.5,,
2026-09-12T12:23:50+00:00,TENNIS,KXATPMATCH,KXATPMATCH-26SEP13ZVESHE-SHE,KXATPMATCH-26SEP13ZVESHE,Ben Shelton,,yes,5148.76,43.0,2213.97,62,2026-09-12T04:54:56+00:00,2026-09-12T05:16:29+00:00,2026-09-27T18:00:00+00:00,373.1,,
2026-09-12T12:23:50+00:00,TENNIS,KXATPMATCH,KXATPMATCH-26SEP13ZVESHE-SHE,KXATPMATCH-26SEP13ZVESHE,Ben Shelton,,yes,365281.22,43.5,158960.07,151,2026-09-12T05:18:23+00:00,2026-09-12T05:54:14+00:00,2026-09-27T18:00:00+00:00,372.7,,
2026-09-12T12:23:50+00:00,TENNIS,KXATPMATCH,KXATPMATCH-26SEP13ZVESHE-SHE,KXATPMATCH-26SEP13ZVESHE,Ben Shelton,,yes,8641.7,44.0,3802.35,50,2026-09-12T05:57:01+00:00,2026-09-12T06:11:48+00:00,2026-09-27T18:00:00+00:00,372.0,,
2026-09-12T12:23:50+00:00,TENNIS,KXATPMATCH,KXATPMATCH-26SEP13ZVESHE-SHE,KXATPMATCH-26SEP13ZVESHE,Ben Shelton,,yes,2523.45,44.0,1110.32,18,2026-09-12T06:32:11+00:00,2026-09-12T06:40:33+00:00,2026-09-27T18:00:00+00:00,371.5,,
2026-09-12T12:23:50+00:00,TENNIS,KXATPMATCH,KXATPMATCH-26SEP13ZVESHE-SHE,KXATPMATCH-26SEP13ZVESHE,Ben Shelton,,yes,50956.19,44.9,22872.32,17,2026-09-12T07:17:36+00:00,2026-09-12T07:19:50+00:00,2026-09-27T18:00:00+00:00,370.7,,
2026-09-12T12:23:50+00:00,TENNIS,KXATPMATCH,KXATPMATCH-26SEP13ZVESHE-SHE,KXATPMATCH-26SEP13ZVESHE,Ben Shelton,,yes,4241.33,44.0,1866.19,3,2026-09-12T10:19:07+00:00,2026-09-12T10:21:00+00:00,2026-09-27T18:00:00+00:00,367.7,,
2026-09-12T12:23:50+00:00,TENNIS,KXATPMATCH,KXATPMATCH-26SEP13ZVESHE-SHE,KXATPMATCH-26SEP13ZVESHE,Ben Shelton,,yes,2461.31,44.0,1082.98,25,2026-09-12T12:15:17+00:00,2026-09-12T12:26:00+00:00,2026-09-27T18:00:00+00:00,365.7,,
2026-09-12T12:23:50+00:00,TENNIS,KXWTAMATCH,KXWTAMATCH-26SEP12SHYSAN-SHY,KXWTAMATCH-26SEP12SHYSAN,Iryna Shymanovich,,yes,4461.49,66.5,2966.53,10,2026-09-12T07:58:11+00:00,2026-09-12T07:58:41+00:00,2026-09-26T16:00:00+00:00,344.0,,
2026-09-12T12:23:50+00:00,TENNIS,KXWTAMATCH,KXWTAMATCH-26SEP12MONGAR-MON,KXWTAMATCH-26SEP12MONGAR,Carole Monnet,,yes,1422.0,76.0,1080.72,1,2026-09-12T08:57:56+00:00,2026-09-12T08:57:56+00:00,2026-09-26T16:00:00+00:00,343.0,,
2026-09-12T12:23:50+00:00,TENNIS,KXWTAMATCH,KXWTAMATCH-26SEP12MONGAR-GAR,KXWTAMATCH-26SEP12MONGAR,Julia Garcia,,yes,12214.0,28.0,3419.92,7,2026-09-12T10:08:28+00:00,2026-09-12T10:09:19+00:00,2026-09-26T16:00:00+00:00,341.9,,
2026-09-12T12:23:50+00:00,TENNIS,KXWTAMATCH,KXWTAMATCH-26SEP12CANBRA-BRA,KXWTAMATCH-26SEP12CANBRA,Cadence Brace,,yes,3855.0,90.0,3469.5,8,2026-09-12T07:27:22+00:00,2026-09-12T07:27:22+00:00,2026-09-26T14:10:00+00:00,342.7,,
2026-09-12T12:23:50+00:00,TENNIS,KXWTAMATCH,KXWTAMATCH-26SEP12YOUFUL-FUL,KXWTAMATCH-26SEP12YOUFUL,Luiza Fullana,,yes,5066.09,25.0,1266.63,3,2026-09-12T12:16:44+00:00,2026-09-12T12:17:47+00:00,2026-09-26T13:00:00+00:00,336.7,,
2026-09-12T12:23:50+00:00,TENNIS,KXWTAMATCH,KXWTAMATCH-26SEP12YOUFUL-FUL,KXWTAMATCH-26SEP12YOUFUL,Luiza Fullana,,no,1903.4,75.0,1427.55,5,2026-09-12T07:24:23+00:00,2026-09-12T07:24:23+00:00,2026-09-26T13:00:00+00:00,341.6,,
2026-09-12T12:23:50+00:00,TENNIS,KXWTAMATCH,KXWTAMATCH-26SEP12SABRYB-SAB,KXWTAMATCH-26SEP12SABRYB,Aryna Sabalenka,,yes,6501.04,58.0,3770.6,3,2026-09-11T16:01:16+00:00,2026-09-11T16:02:48+00:00,2026-09-26T20:00:00+00:00,364.0,56.4,yes
2026-09-12T12:23:50+00:00,TENNIS,KXWTAMATCH,KXWTAMATCH-26SEP12SABRYB-SAB,KXWTAMATCH-26SEP12SABRYB,Aryna Sabalenka,,yes,1871.99,58.0,1085.75,4,2026-09-11T17:42:35+00:00,2026-09-11T17:44:12+00:00,2026-09-26T20:00:00+00:00,362.3,56.4,yes
2026-09-12T12:23:50+00:00,TENNIS,KXWTAMATCH,KXWTAMATCH-26SEP12SABRYB-SAB,KXWTAMATCH-26SEP12SABRYB,Aryna Sabalenka,,yes,2088.73,58.0,1211.46,7,2026-09-11T21:46:44+00:00,2026-09-11T21:48:27+00:00,2026-09-26T20:00:00+00:00,358.2,56.4,yes
2026-09-12T12:23:50+00:00,TENNIS,KXWTAMATCH,KXWTAMATCH-26SEP12SABRYB-SAB,KXWTAMATCH-26SEP12SABRYB,Aryna Sabalenka,,yes,3769.06,58.0,2186.05,62,2026-09-12T01:42:20+00:00,2026-09-12T02:06:52+00:00,2026-09-26T20:00:00+00:00,354.3,56.4,yes
2026-09-12T12:23:50+00:00,TENNIS,KXWTAMATCH,KXWTAMATCH-26SEP12SABRYB-SAB,KXWTAMATCH-26SEP12SABRYB,Aryna Sabalenka,,yes,2972.69,58.0,1724.16,9,2026-09-12T02:16:20+00:00,2026-09-12T02:21:37+00:00,2026-09-26T20:00:00+00:00,353.7,56.4,yes
2026-09-12T12:23:50+00:00,TENNIS,KXWTAMATCH,KXWTAMATCH-26SEP12SABRYB-SAB,KXWTAMATCH-26SEP12SABRYB,Aryna Sabalenka,,yes,26853.37,58.0,15572.63,184,2026-09-12T02:58:52+00:00,2026-09-12T03:39:18+00:00,2026-09-26T20:00:00+00:00,353.0,56.4,yes
2026-09-12T12:23:50+00:00,TENNIS,KXWTAMATCH,KXWTAMATCH-26SEP12SABRYB-SAB,KXWTAMATCH-26SEP12SABRYB,Aryna Sabalenka,,yes,15136.79,57.0,8631.09,119,2026-09-12T03:41:05+00:00,2026-09-12T04:11:48+00:00,2026-09-26T20:00:00+00:00,352.3,56.4,yes
2026-09-12T12:23:50+00:00,TENNIS,KXWTAMATCH,KXWTAMATCH-26SEP12SABRYB-SAB,KXWTAMATCH-26SEP12SABRYB,Aryna Sabalenka,,yes,14507.62,57.0,8273.19,64,2026-09-12T04:13:23+00:00,2026-09-12T04:34:26+00:00,2026-09-26T20:00:00+00:00,351.8,56.4,yes
2026-09-12T12:23:50+00:00,TENNIS,KXWTAMATCH,KXWTAMATCH-26SEP12SABRYB-SAB,KXWTAMATCH-26SEP12SABRYB,Aryna Sabalenka,,yes,3799.84,57.0,2165.95,34,2026-09-12T04:53:18+00:00,2026-09-12T05:04:40+00:00,2026-09-26T20:00:00+00:00,351.1,56.4,yes
2026-09-12T12:23:50+00:00,TENNIS,KXWTAMATCH,KXWTAMATCH-26SEP12SABRYB-SAB,KXWTAMATCH-26SEP12SABRYB,Aryna Sabalenka,,yes,3176.6,57.0,1810.66,16,2026-09-12T05:08:47+00:00,2026-09-12T05:12:08+00:00,2026-09-26T20:00:00+00:00,350.9,56.4,yes
2026-09-12T12:23:50+00:00,TENNIS,KXWTAMATCH,KXWTAMATCH-26SEP12SABRYB-SAB,KXWTAMATCH-26SEP12SABRYB,Aryna Sabalenka,,yes,5705.65,57.2,3262.12,28,2026-09-12T05:13:54+00:00,2026-09-12T05:22:55+00:00,2026-09-26T20:00:00+00:00,350.8,56.4,yes
2026-09-12T12:23:50+00:00,TENNIS,KXWTAMATCH,KXWTAMATCH-26SEP12SABRYB-SAB,KXWTAMATCH-26SEP12SABRYB,Aryna Sabalenka,,yes,3331.69,58.0,1931.3,21,2026-09-12T05:24:59+00:00,2026-09-12T05:32:22+00:00,2026-09-26T20:00:00+00:00,350.6,56.4,yes
2026-09-12T12:23:50+00:00,TENNIS,KXWTAMATCH,KXWTAMATCH-26SEP12SABRYB-SAB,KXWTAMATCH-26SEP12SABRYB,Aryna Sabalenka,,yes,2286.71,58.0,1326.29,19,2026-09-12T05:39:45+00:00,2026-09-12T05:48:23+00:00,2026-09-26T20:00:00+00:00,350.3,56.4,yes
2026-09-12T12:23:50+00:00,TENNIS,KXWTAMATCH,KXWTAMATCH-26SEP12SABRYB-SAB,KXWTAMATCH-26SEP12SABRYB,Aryna Sabalenka,,yes,2786.16,58.0,1615.97,9,2026-09-12T05:50:07+00:00,2026-09-12T05:52:24+00:00,2026-09-26T20:00:00+00:00,350.2,56.4,yes
2026-09-12T12:23:50+00:00,TENNIS,KXWTAMATCH,KXWTAMATCH-26SEP12SABRYB-SAB,KXWTAMATCH-26SEP12SABRYB,Aryna Sabalenka,,yes,1781.83,58.0,1033.46,6,2026-09-12T06:39:05+00:00,2026-09-12T06:41:43+00:00,2026-09-26T20:00:00+00:00,349.3,56.4,yes
2026-09-12T12:23:50+00:00,TENNIS,KXWTAMATCH,KXWTAMATCH-26SEP12SABRYB-SAB,KXWTAMATCH-26SEP12SABRYB,Aryna Sabalenka,,yes,118916.24,58.0,68971.42,2,2026-09-12T07:02:12+00:00,2026-09-12T07:02:22+00:00,2026-09-26T20:00:00+00:00,349.0,56.4,yes
2026-09-12T12:23:50+00:00,TENNIS,KXWTAMATCH,KXWTAMATCH-26SEP12SABRYB-SAB,KXWTAMATCH-26SEP12SABRYB,Aryna Sabalenka,,yes,3969.61,58.0,2302.37,12,2026-09-12T11:45:35+00:00,2026-09-12T11:49:35+00:00,2026-09-26T20:00:00+00:00,344.2,56.4,yes
2026-09-12T12:23:50+00:00,TENNIS,KXWTAMATCH,KXWTAMATCH-26SEP12SABRYB-SAB,KXWTAMATCH-26SEP12SABRYB,Aryna Sabalenka,,yes,1747.78,58.0,1013.71,21,2026-09-12T12:12:36+00:00,2026-09-12T12:18:14+00:00,2026-09-26T20:00:00+00:00,343.8,56.4,yes
2026-09-12T12:23:50+00:00,TENNIS,KXWTAMATCH,KXWTAMATCH-26SEP12SABRYB-SAB,KXWTAMATCH-26SEP12SABRYB,Aryna Sabalenka,,no,2799.93,44.0,1231.97,4,2026-09-12T04:24:38+00:00,2026-09-12T04:24:38+00:00,2026-09-26T20:00:00+00:00,351.6,43.6,no
2026-09-12T12:23:50+00:00,TENNIS,KXWTAMATCH,KXWTAMATCH-26SEP12SABRYB-RYB,KXWTAMATCH-26SEP12SABRYB,Elena Rybakina,,yes,7555.39,44.0,3324.37,2,2026-09-11T19:53:37+00:00,2026-09-11T19:54:36+00:00,2026-09-26T20:00:00+00:00,360.1,,
2026-09-12T12:23:50+00:00,TENNIS,KXWTAMATCH,KXWTAMATCH-26SEP12SABRYB-RYB,KXWTAMATCH-26SEP12SABRYB,Elena Rybakina,,yes,7501.39,44.0,3300.61,3,2026-09-11T20:10:03+00:00,2026-09-11T20:10:03+00:00,2026-09-26T20:00:00+00:00,359.8,,
2026-09-12T12:23:50+00:00,TENNIS,KXWTAMATCH,KXWTAMATCH-26SEP12SABRYB-RYB,KXWTAMATCH-26SEP12SABRYB,Elena Rybakina,,yes,2309.44,44.0,1016.15,4,2026-09-11T23:38:12+00:00,2026-09-11T23:41:04+00:00,2026-09-26T20:00:00+00:00,356.4,,
2026-09-12T12:23:50+00:00,TENNIS,KXWTAMATCH,KXWTAMATCH-26SEP12SABRYB-RYB,KXWTAMATCH-26SEP12SABRYB,Elena Rybakina,,yes,3695.25,44.0,1625.91,41,2026-09-12T03:04:26+00:00,2026-09-12T03:17:38+00:00,2026-09-26T20:00:00+00:00,352.9,,
2026-09-12T12:23:50+00:00,TENNIS,KXWTAMATCH,KXWTAMATCH-26SEP12SABRYB-RYB,KXWTAMATCH-26SEP12SABRYB,Elena Rybakina,,yes,5539.76,44.0,2437.49,3,2026-09-12T03:39:56+00:00,2026-09-12T03:40:40+00:00,2026-09-26T20:00:00+00:00,352.3,,
2026-09-12T12:23:50+00:00,TENNIS,KXWTAMATCH,KXWTAMATCH-26SEP12SABRYB-RYB,KXWTAMATCH-26SEP12SABRYB,Elena Rybakina,,yes,4636.77,44.0,2040.18,8,2026-09-12T04:42:46+00:00,2026-09-12T04:46:02+00:00,2026-09-26T20:00:00+00:00,351.3,,
2026-09-12T12:23:50+00:00,TENNIS,KXWTAMATCH,KXWTAMATCH-26SEP12SABRYB-RYB,KXWTAMATCH-26SEP12SABRYB,Elena Rybakina,,yes,11229.58,44.0,4941.02,5,2026-09-12T05:23:02+00:00,2026-09-12T05:25:41+00:00,2026-09-26T20:00:00+00:00,350.6,,
2026-09-12T12:23:50+00:00,TENNIS,KXWTAMATCH,KXWTAMATCH-26SEP12SABRYB-RYB,KXWTAMATCH-26SEP12SABRYB,Elena Rybakina,,yes,4889.81,43.0,2102.62,2,2026-09-12T11:55:38+00:00,2026-09-12T11:57:02+00:00,2026-09-26T20:00:00+00:00,344.1,,
2026-09-12T12:23:50+00:00,TENNIS,KXWTAMATCH,KXWTAMATCH-26SEP12SABRYB-RYB,KXWTAMATCH-26SEP12SABRYB,Elena Rybakina,,no,1792.29,57.0,1021.61,7,2026-09-12T06:25:29+00:00,2026-09-12T06:25:29+00:00,2026-09-26T20:00:00+00:00,349.6,,
2026-09-12T13:34:12+00:00,CFB,KXNCAAFGAME,KXNCAAFGAME-26SEP12NDSUAFA-AFA,KXNCAAFGAME-26SEP12NDSUAFA,Air Force,MONEYLINE,yes,2110.14,48.0,1012.87,2,2026-09-12T13:09:26+00:00,2026-09-12T13:09:53+00:00,2026-09-15T02:00:00+00:00,60.8,,
2026-09-12T13:34:12+00:00,CFB,KXNCAAFGAME,KXNCAAFGAME-26SEP12INSTEIU-INST,KXNCAAFGAME-26SEP12INSTEIU,Indiana St.,MONEYLINE,yes,2152.89,54.0,1162.56,4,2026-09-12T13:05:46+00:00,2026-09-12T13:05:46+00:00,2026-09-14T23:00:00+00:00,57.9,,
2026-09-12T13:34:12+00:00,CFB,KXNCAAFGAME,KXNCAAFGAME-26SEP12UNCOWYO-WYO,KXNCAAFGAME-26SEP12UNCOWYO,Wyoming,MONEYLINE,yes,2000.0,94.0,1880.0,1,2026-09-12T12:51:17+00:00,2026-09-12T12:51:17+00:00,2026-09-14T20:00:00+00:00,55.1,,
2026-09-12T13:34:12+00:00,CFB,KXNCAAFGAME,KXNCAAFGAME-26SEP12DUKEILL-DUKE,KXNCAAFGAME-26SEP12DUKEILL,Duke,MONEYLINE,no,38655.73,67.0,25899.34,5,2026-09-12T12:33:07+00:00,2026-09-12T12:33:07+00:00,2026-09-14T19:30:00+00:00,54.9,,
2026-09-12T13:34:12+00:00,CFB,KXNCAAFGAME,KXNCAAFGAME-26SEP12ARIZBYU-BYU,KXNCAAFGAME-26SEP12ARIZBYU,BYU,MONEYLINE,no,27879.42,28.0,7806.24,8,2026-09-12T13:21:59+00:00,2026-09-12T13:21:59+00:00,2026-09-14T19:30:00+00:00,54.1,28.1,no
2026-09-12T13:34:12+00:00,CFB,KXNCAAFGAME,KXNCAAFGAME-26SEP12MSSTMINN-MSST,KXNCAAFGAME-26SEP12MSSTMINN,Mississippi St.,MONEYLINE,yes,2019.64,51.0,1030.02,44,2026-09-12T12:53:35+00:00,2026-09-12T13:11:35+00:00,2026-09-14T19:30:00+00:00,54.6,,
2026-09-12T13:34:12+00:00,CFB,KXNCAAFGAME,KXNCAAFGAME-26SEP12MSSTMINN-MSST,KXNCAAFGAME-26SEP12MSSTMINN,Mississippi St.,MONEYLINE,yes,2756.91,51.0,1406.02,34,2026-09-12T13:25:40+00:00,2026-09-12T13:35:01+00:00,2026-09-14T19:30:00+00:00,54.1,,
2026-09-12T13:34:12+00:00,CFB,KXNCAAFGAME,KXNCAAFGAME-26SEP12ALAUK-ALA,KXNCAAFGAME-26SEP12ALAUK,Alabama,MONEYLINE,yes,4744.22,78.0,3700.49,91,2026-09-12T12:25:10+00:00,2026-09-12T12:59:43+00:00,2026-09-14T19:30:00+00:00,55.1,76.4,yes
2026-09-12T13:34:12+00:00,CFB,KXNCAAFGAME,KXNCAAFGAME-26SEP12ALAUK-ALA,KXNCAAFGAME-26SEP12ALAUK,Alabama,MONEYLINE,yes,4201.92,78.0,3277.5,122,2026-09-12T13:01:23+00:00,2026-09-12T13:35:00+00:00,2026-09-14T19:30:00+00:00,54.5,76.4,yes
2026-09-12T13:34:12+00:00,CFB,KXNCAAFGAME,KXNCAAFGAME-26SEP12HOWIND-HOW,KXNCAAFGAME-26SEP12HOWIND,Howard,MONEYLINE,yes,101018.5,1.0,1010.18,9,2026-09-12T13:06:55+00:00,2026-09-12T13:11:31+00:00,2026-09-14T16:00:00+00:00,50.9,,
2026-09-12T13:34:12+00:00,CFB,KXNCAAFGAME,KXNCAAFGAME-26SEP12ASUTXAM-TXAM,KXNCAAFGAME-26SEP12ASUTXAM,Texas A&M,MONEYLINE,yes,2396.25,86.0,2060.78,61,2026-09-12T12:11:59+00:00,2026-09-12T12:42:24+00:00,2026-09-14T16:00:00+00:00,51.8,84.1,yes
2026-09-12T13:34:12+00:00,CFB,KXNCAAFGAME,KXNCAAFGAME-26SEP12ASUTXAM-TXAM,KXNCAAFGAME-26SEP12ASUTXAM,Texas A&M,MONEYLINE,yes,6694.14,86.0,5756.96,146,2026-09-12T12:46:49+00:00,2026-09-12T13:35:18+00:00,2026-09-14T16:00:00+00:00,51.2,84.1,yes
2026-09-12T13:34:12+00:00,CFB,KXNCAAFGAME,KXNCAAFGAME-26SEP12ASUTXAM-ASU,KXNCAAFGAME-26SEP12ASUTXAM,Arizona St.,MONEYLINE,yes,10037.68,15.0,1505.65,76,2026-09-12T13:03:28+00:00,2026-09-12T13:34:41+00:00,2026-09-14T16:00:00+00:00,50.9,,
2026-09-12T13:34:12+00:00,CFB,KXNCAAFGAME,KXNCAAFGAME-26SEP12OREOKST-ORE,KXNCAAFGAME-26SEP12OREOKST,Oregon,MONEYLINE,yes,2348.94,94.0,2208.0,26,2026-09-12T12:24:39+00:00,2026-09-12T12:33:09+00:00,2026-09-14T16:00:00+00:00,51.6,,
2026-09-12T13:34:12+00:00,CFB,KXNCAAFGAME,KXNCAAFGAME-26SEP12OREOKST-ORE,KXNCAAFGAME-26SEP12OREOKST,Oregon,MONEYLINE,yes,4578.47,94.0,4303.76,89,2026-09-12T12:57:51+00:00,2026-09-12T13:23:58+00:00,2026-09-14T16:00:00+00:00,51.0,,
2026-09-12T13:34:12+00:00,CFB,KXNCAAFGAME,KXNCAAFGAME-26SEP12OREOKST-OKST,KXNCAAFGAME-26SEP12OREOKST,Oklahoma St.,MONEYLINE,yes,112241.24,7.0,7856.89,19,2026-09-12T12:33:23+00:00,2026-09-12T12:39:51+00:00,2026-09-14T16:00:00+00:00,51.4,,
2026-09-12T13:34:12+00:00,CFB,KXNCAAFGAME,KXNCAAFGAME-26SEP12OREOKST-OKST,KXNCAAFGAME-26SEP12OREOKST,Oklahoma St.,MONEYLINE,yes,33333.11,7.0,2333.32,2,2026-09-12T12:59:57+00:00,2026-09-12T13:00:12+00:00,2026-09-14T16:00:00+00:00,51.0,,
2026-09-12T13:34:12+00:00,CFB,KXNCAAFGAME,KXNCAAFGAME-26SEP12OREOKST-OKST,KXNCAAFGAME-26SEP12OREOKST,Oklahoma St.,MONEYLINE,yes,60210.81,7.0,4214.76,35,2026-09-12T13:23:56+00:00,2026-09-12T13:35:21+00:00,2026-09-14T16:00:00+00:00,50.6,,
2026-09-12T13:34:12+00:00,CFB,KXNCAAFGAME,KXNCAAFGAME-26SEP12ODUVT-VT,KXNCAAFGAME-26SEP12ODUVT,Virginia Tech,MONEYLINE,yes,2249.86,91.0,2047.37,5,2026-09-12T12:54:38+00:00,2026-09-12T12:56:42+00:00,2026-09-14T16:00:00+00:00,51.1,88.7,yes
2026-09-12T13:34:12+00:00,CFB,KXNCAAFGAME,KXNCAAFGAME-26SEP12WAKEPUR-WAKE,KXNCAAFGAME-26SEP12WAKEPUR,Wake Forest,MONEYLINE,yes,1778.79,59.0,1049.49,5,2026-09-12T13:19:45+00:00,2026-09-12T13:20:48+00:00,2026-09-14T16:00:00+00:00,50.7,57.4,yes
2026-09-12T13:34:12+00:00,MLB,KXMLBGAME,KXMLBGAME-26SEP122010TEXAZ-AZ,KXMLBGAME-26SEP122010TEXAZ,Arizona,MONEYLINE,yes,8521.21,57.0,4857.09,4,2026-09-12T13:01:13+00:00,2026-09-12T13:02:22+00:00,2026-09-16T00:10:00+00:00,83.1,56.5,yes
2026-09-12T13:34:12+00:00,MLB,KXMLBGAME,KXMLBGAME-26SEP121915PHIATL-ATL,KXMLBGAME-26SEP121915PHIATL,Atlanta,MONEYLINE,yes,2684.98,55.0,1476.74,3,2026-09-12T12:28:12+00:00,2026-09-12T12:28:12+00:00,2026-09-15T23:15:00+00:00,82.8,,
2026-09-12T13:34:12+00:00,MLB,KXMLBGAME,KXMLBGAME-26SEP121915PHIATL-ATL,KXMLBGAME-26SEP121915PHIATL,Atlanta,MONEYLINE,yes,10847.75,55.0,5966.26,9,2026-09-12T12:56:45+00:00,2026-09-12T13:00:17+00:00,2026-09-15T23:15:00+00:00,82.3,,
2026-09-12T13:34:12+00:00,MLB,KXMLBGAME,KXMLBGAME-26SEP121915PHIATL-ATL,KXMLBGAME-26SEP121915PHIATL,Atlanta,MONEYLINE,yes,1938.65,55.0,1066.26,5,2026-09-12T13:16:19+00:00,2026-09-12T13:18:44+00:00,2026-09-15T23:15:00+00:00,82.0,,
2026-09-12T13:34:12+00:00,MLB,KXMLBGAME,KXMLBGAME-26SEP121810HOUTB-HOU,KXMLBGAME-26SEP121810HOUTB,Houston,MONEYLINE,yes,10980.99,44.0,4831.64,4,2026-09-12T13:00:57+00:00,2026-09-12T13:02:00+00:00,2026-09-15T22:10:00+00:00,81.2,,
2026-09-12T13:34:12+00:00,MLB,KXMLBGAME,KXMLBGAME-26SEP121610LADMIA-LAD,KXMLBGAME-26SEP121610LADMIA,Los Angeles D,MONEYLINE,yes,1678.46,65.0,1091.0,25,2026-09-12T13:14:09+00:00,2026-09-12T13:25:07+00:00,2026-09-15T20:10:00+00:00,78.9,63.5,yes
2026-09-12T13:34:12+00:00,MLB,KXMLBGAME,KXMLBGAME-26SEP121610CLEMIN-MIN,KXMLBGAME-26SEP121610CLEMIN,Minnesota,MONEYLINE,yes,5384.41,49.0,2638.46,4,2026-09-12T13:10:45+00:00,2026-09-12T13:10:52+00:00,2026-09-15T20:10:00+00:00,79.0,,
2026-09-12T13:34:12+00:00,MLB,KXMLBGAME,KXMLBGAME-26SEP121610CLEMIN-CLE,KXMLBGAME-26SEP121610CLEMIN,Cleveland,MONEYLINE,yes,9448.95,51.0,4818.96,12,2026-09-12T13:00:01+00:00,2026-09-12T13:00:49+00:00,2026-09-15T20:10:00+00:00,79.2,,
2026-09-12T13:34:12+00:00,MLB,KXMLBGAME,KXMLBGAME-26SEP121605SDSF-SD,KXMLBGAME-26SEP121605SDSF,San Diego,MONEYLINE,yes,8879.17,60.0,5327.5,3,2026-09-12T13:00:38+00:00,2026-09-12T13:01:58+00:00,2026-09-15T20:05:00+00:00,79.1,59.4,yes
2026-09-12T13:34:12+00:00,MLB,KXMLBGAME,KXMLBGAME-26SEP121605LAAWSH-WSH,KXMLBGAME-26SEP121605LAAWSH,Washington,MONEYLINE,yes,9353.83,52.0,4863.99,6,2026-09-12T12:59:21+00:00,2026-09-12T13:00:28+00:00,2026-09-15T20:05:00+00:00,79.1,,
2026-09-12T13:34:12+00:00,MLB,KXMLBGAME,KXMLBGAME-26SEP121610KCBOS-KC,KXMLBGAME-26SEP121610KCBOS,Kansas City,MONEYLINE,no,40687.92,65.0,26447.15,6,2026-09-12T13:34:10+00:00,2026-09-12T13:34:10+00:00,2026-09-15T20:10:00+00:00,78.6,,
2026-09-12T13:34:12+00:00,MLB,KXMLBGAME,KXMLBGAME-26SEP121610KCBOS-BOS,KXMLBGAME-26SEP121610KCBOS,Boston,MONEYLINE,yes,2570.97,65.0,1671.16,9,2026-09-12T13:34:30+00:00,2026-09-12T13:34:32+00:00,2026-09-15T20:10:00+00:00,78.6,63.7,yes
2026-09-12T13:34:12+00:00,MLB,KXMLBGAME,KXMLBGAME-26SEP121420PITCHC-PIT,KXMLBGAME-26SEP121420PITCHC,Pittsburgh,MONEYLINE,yes,8296.43,47.0,3899.32,6,2026-09-12T12:59:20+00:00,2026-09-12T13:02:24+00:00,2026-09-15T18:20:00+00:00,77.3,,
2026-09-12T13:34:12+00:00,MLB,KXMLBGAME,KXMLBGAME-26SEP121420PITCHC-CHC,KXMLBGAME-26SEP121420PITCHC,Chicago C,MONEYLINE,yes,3265.02,54.0,1763.11,11,2026-09-12T13:18:36+00:00,2026-09-12T13:25:12+00:00,2026-09-15T18:20:00+00:00,77.0,,
2026-09-12T13:34:12+00:00,MLB,KXMLBGAME,KXMLBGAME-26SEP121420PITCHC-CHC,KXMLBGAME-26SEP121420PITCHC,Chicago C,MONEYLINE,yes,12745.9,54.0,6882.79,5,2026-09-12T13:27:22+00:00,2026-09-12T13:29:10+00:00,2026-09-15T18:20:00+00:00,76.9,,
2026-09-12T13:34:12+00:00,MLB,KXMLBGAME,KXMLBGAME-26SEP121335NYMNYY-NYY,KXMLBGAME-26SEP121335NYMNYY,New York Y,MONEYLINE,yes,2101.78,62.0,1303.1,21,2026-09-12T13:23:32+00:00,2026-09-12T13:32:15+00:00,2026-09-15T17:35:00+00:00,76.2,62.3,yes
2026-09-12T13:34:12+00:00,MLB,KXMLBGAME,KXMLBGAME-26SEP121335NYMNYY-NYY,KXMLBGAME-26SEP121335NYMNYY,New York Y,MONEYLINE,no,23303.18,38.0,8855.21,11,2026-09-12T13:21:13+00:00,2026-09-12T13:21:13+00:00,2026-09-15T17:35:00+00:00,76.2,37.7,no
2026-09-12T13:34:12+00:00,MLB,KXMLBGAME,KXMLBGAME-26SEP121335NYMNYY-NYM,KXMLBGAME-26SEP121335NYMNYY,New York M,MONEYLINE,yes,10837.04,38.0,4118.18,14,2026-09-12T13:19:29+00:00,2026-09-12T13:23:22+00:00,2026-09-15T17:35:00+00:00,76.3,,
2026-09-12T13:34:12+00:00,WEATHER,KXHIGHLAX,KXHIGHLAX-26SEP12-T84,KXHIGHLAX-26SEP12,Los Angeles 85° or above,,yes,1617.47,21.8,353.09,96,2026-09-12T12:33:40+00:00,2026-09-12T12:47:36+00:00,2026-09-13T08:00:00+00:00,19.4,41.5,yes
2026-09-12T13:34:12+00:00,WEATHER,KXHIGHLAX,KXHIGHLAX-26SEP12-T84,KXHIGHLAX-26SEP12,Los Angeles 85° or above,,yes,1204.08,24.3,292.47,52,2026-09-12T12:59:05+00:00,2026-09-12T13:10:27+00:00,2026-09-13T08:00:00+00:00,19.0,41.5,yes
2026-09-12T13:34:12+00:00,WEATHER,KXHIGHLAX,KXHIGHLAX-26SEP12-T84,KXHIGHLAX-26SEP12,Los Angeles 85° or above,,no,565.09,82.8,467.73,27,2026-09-12T13:12:41+00:00,2026-09-12T13:13:18+00:00,2026-09-13T08:00:00+00:00,18.8,58.5,no
2026-09-12T13:34:12+00:00,WEATHER,KXHIGHLAX,KXHIGHLAX-26SEP12-T84,KXHIGHLAX-26SEP12,Los Angeles 85° or above,,no,702.77,83.3,585.7,24,2026-09-12T13:28:55+00:00,2026-09-12T13:30:49+00:00,2026-09-13T08:00:00+00:00,18.5,58.5,no
2026-09-12T13:34:12+00:00,WEATHER,KXHIGHTATL,KXHIGHTATL-26SEP12-T82,KXHIGHTATL-26SEP12,Atlanta 81° or below,,no,528.76,93.4,494.07,9,2026-09-12T12:52:21+00:00,2026-09-12T12:52:21+00:00,2026-09-13T05:00:00+00:00,16.1,47.6,no
2026-09-12T13:34:12+00:00,WEATHER,KXHIGHTBOS,KXHIGHTBOS-26SEP12-B75.5,KXHIGHTBOS-26SEP12,Boston 75° to 76°,,no,303.0,97.4,295.15,11,2026-09-12T12:44:34+00:00,2026-09-12T12:44:34+00:00,2026-09-13T05:00:00+00:00,16.3,75.6,no
2026-09-12T13:34:12+00:00,WEATHER,KXHIGHTSEA,KXHIGHTSEA-26SEP12-T66,KXHIGHTSEA-26SEP12,Seattle 65° or below,,no,293.0,86.0,251.98,6,2026-09-12T13:05:49+00:00,2026-09-12T13:05:52+00:00,2026-09-13T08:00:00+00:00,18.9,98.8,no
2026-09-12T13:34:12+00:00,WEATHER,KXHIGHTSEA,KXHIGHTSEA-26SEP12-B66.5,KXHIGHTSEA-26SEP12,Seattle 66° to 67°,,no,368.0,86.9,319.71,6,2026-09-12T13:24:36+00:00,2026-09-12T13:24:36+00:00,2026-09-13T08:00:00+00:00,18.6,95.1,no
2026-09-12T13:34:12+00:00,TENNIS,KXATPMATCH,KXATPMATCH-26SEP13ZVESHE-ZVE,KXATPMATCH-26SEP13ZVESHE,Alexander Zverev,MONEYLINE,yes,3412.65,57.0,1945.21,10,2026-09-12T13:20:39+00:00,2026-09-12T13:28:49+00:00,2026-09-27T18:00:00+00:00,364.7,57.0,yes
2026-09-12T13:34:12+00:00,TENNIS,KXWTAMATCH,KXWTAMATCH-26SEP12SHYSAN-SAN,KXWTAMATCH-26SEP12SHYSAN,Ana Sofia Sanchez,MONEYLINE,yes,15673.5,29.9,4692.35,15,2026-09-12T12:33:09+00:00,2026-09-12T12:33:09+00:00,2026-09-26T16:00:00+00:00,339.4,,
2026-09-12T13:34:12+00:00,TENNIS,KXWTAMATCH,KXWTAMATCH-26SEP12SABRYB-SAB,KXWTAMATCH-26SEP12SABRYB,Aryna Sabalenka,MONEYLINE,yes,31684.44,58.0,18376.98,19,2026-09-12T12:56:44+00:00,2026-09-12T13:03:00+00:00,2026-09-26T20:00:00+00:00,343.1,56.4,yes
2026-09-12T13:34:12+00:00,TENNIS,KXWTAMATCH,KXWTAMATCH-26SEP12SABRYB-SAB,KXWTAMATCH-26SEP12SABRYB,Aryna Sabalenka,MONEYLINE,yes,11307.8,58.0,6558.52,20,2026-09-12T13:15:36+00:00,2026-09-12T13:23:36+00:00,2026-09-26T20:00:00+00:00,342.7,56.4,yes
2026-09-12T13:34:12+00:00,TENNIS,KXWTAMATCH,KXWTAMATCH-26SEP12SABRYB-SAB,KXWTAMATCH-26SEP12SABRYB,Aryna Sabalenka,MONEYLINE,yes,2119.97,58.0,1229.58,32,2026-09-12T13:25:13+00:00,2026-09-12T13:35:34+00:00,2026-09-26T20:00:00+00:00,342.6,56.4,yes
2026-09-12T13:34:12+00:00,TENNIS,KXWTAMATCH,KXWTAMATCH-26SEP12SABRYB-RYB,KXWTAMATCH-26SEP12SABRYB,Elena Rybakina,MONEYLINE,yes,49647.16,43.0,21348.28,34,2026-09-12T13:01:07+00:00,2026-09-12T13:04:31+00:00,2026-09-26T20:00:00+00:00,343.0,,
2026-09-12T13:34:12+00:00,TENNIS,KXWTAMATCH,KXWTAMATCH-26SEP12SABRYB-RYB,KXWTAMATCH-26SEP12SABRYB,Elena Rybakina,MONEYLINE,yes,5724.73,43.0,2461.63,5,2026-09-12T13:24:59+00:00,2026-09-12T13:27:04+00:00,2026-09-26T20:00:00+00:00,342.6,,
2026-09-12T13:34:12+00:00,TENNIS,KXWTAMATCH,KXWTAMATCH-26SEP12SABRYB-RYB,KXWTAMATCH-26SEP12SABRYB,Elena Rybakina,MONEYLINE,no,48888.9,58.0,28355.56,9,2026-09-12T13:09:57+00:00,2026-09-12T13:09:57+00:00,2026-09-26T20:00:00+00:00,342.8,,
